address,date,neighborhood,lon,lat
11395 Mettetal St,2019-01-02,Joy Community,-83.206274,42.371685
11411 Steel St,2019-01-02,Barton-McFarland,-83.170951,42.372456
12062 Marlowe St,2019-01-02,Plymouth-Hubbell,-83.188647,42.375915
13147 Chelsea Ave,2019-01-02,Outer Drive-Hayes,-82.975135,42.410477
15464 Virgil St,2019-01-02,Brightmoor,-83.270966,42.402922
15707 Riverdale Ave,2019-01-02,Brightmoor,-83.270565,42.403995
18804 Hayes St,2019-01-02,Mapleridge,-82.965028,42.43329
2221 Monterey St,2019-01-02,Dexter-Linwood,-83.110398,42.387319
2233 Monterey St,2019-01-02,Dexter-Linwood,-83.110597,42.387246
2251 Monterey St,2019-01-02,Dexter-Linwood,-83.110894,42.387135
2406 Wendell St,2019-01-02,Springwells,-83.131806,42.311345
2468 Tuxedo St,2019-01-02,Dexter-Linwood,-83.113659,42.384685
3023 Monterey St,2019-01-02,Dexter-Linwood,-83.121541,42.383261
3217 S Edsel St,2019-01-02,Boynton,-83.1633,42.264605
3474 S Edsel St,2019-01-02,Boynton,-83.165782,42.262448
4271 Allendale St,2019-01-02,Midwest,-83.115335,42.357453
4509 Cicotte St,2019-01-02,Claytown,-83.125702,42.33374
5545 Ivanhoe St,2019-01-02,Midwest,-83.129692,42.35607
5574 Radnor St,2019-01-02,Cornerstone Village,-82.921089,42.414607
6364 Linsdale St,2019-01-02,Midwest,-83.139561,42.356502
6406 Linsdale St,2019-01-02,Midwest,-83.140335,42.356493
7139 W Chicago St,2019-01-02,Midwest,-83.141464,42.366303
7431 W Warren Ave,2019-01-02,Claytown,-83.14337,42.344517
8036 Wykes St,2019-01-02,Midwest,-83.141505,42.352668
8060 Wykes St,2019-01-02,Midwest,-83.141524,42.352995
8061 Wykes St,2019-01-02,Midwest,-83.142076,42.352974
825 S Crossley St,2019-01-02,Delray,-83.110418,42.294201
8469 Minock St,2019-01-02,Warrendale,-83.232557,42.35501
9160 Norcross St,2019-01-02,Ravendale,-82.983164,42.401709
9960 Mettetal St,2019-01-02,Joy Community,-83.205488,42.368625
10010 Gratiot Ave,2019-01-03,Airport Sub,-83.004142,42.394185
10020 Gratiot Ave,2019-01-03,Airport Sub,-83.003976,42.394437
11415 Sorrento St,2019-01-03,Barton-McFarland,-83.172155,42.372426
19204 Langholm St,2019-01-03,Pulaski,-83.010928,42.43584
19427 Runyon St,2019-01-03,Pulaski,-83.007221,42.438218
19536 Joann St,2019-01-03,Pulaski,-82.989796,42.43905
19937 Strasburg St,2019-01-03,Conner Creek,-82.999256,42.442722
3414 Junction St,2019-01-03,Central Southwest,-83.109782,42.329376
5816 Cadillac Ave,2019-01-03,West End,-83.000884,42.389067
7435 Waldo St,2019-01-03,Claytown,-83.132975,42.32567
8175 Bryden St,2019-01-03,Midwest,-83.145398,42.354603
8327 Prairie St,2019-01-03,Midwest,-83.14337,42.355887
8505 Strathmoor St,2019-01-03,Joy-Schaefer,-83.186241,42.356162
8540 Hubbell St,2019-01-03,Joy-Schaefer,-83.186807,42.356617
8827 Lauder St,2019-01-03,We Care Community,-83.18973,42.358788
8866 Ward St,2019-01-03,Barton-McFarland,-83.172287,42.359683
9281 Schaefer Hwy,2019-01-03,We Care Community,-83.177999,42.363413
9407 Carlin St,2019-01-03,We Care Community,-83.179218,42.365095
11284 Maiden St,2019-01-04,Wade,-82.990375,42.400323
12012 Chelsea Ave,2019-01-04,Wade,-82.988106,42.405343
12741 Maiden St,2019-01-04,Wade,-82.977381,42.405308
12755 Evanston St,2019-01-04,Ravendale,-82.975347,42.402593
12763 Evanston St,2019-01-04,Ravendale,-82.975227,42.402629
12814 Corbett Ave,2019-01-04,Wade,-82.976327,42.406069
13047 Maiden St,2019-01-04,Outer Drive-Hayes,-82.974561,42.406281
13089 Maiden St,2019-01-04,Outer Drive-Hayes,-82.973853,42.40652
13120 Longview St,2019-01-04,Outer Drive-Hayes,-82.974607,42.408813
13151 Camden Ave,2019-01-04,Outer Drive-Hayes,-82.971906,42.40544
14253 Wilshire Dr,2019-01-04,Outer Drive-Hayes,-82.971789,42.412806
14431 Kilbourne Ave,2019-01-04,Outer Drive-Hayes,-82.97156,42.416948
14445 Kilbourne Ave,2019-01-04,Outer Drive-Hayes,-82.971255,42.416941
18912 Hickory St,2019-01-04,Franklin,-82.987156,42.433306
3450 S Edsel St,2019-01-04,Boynton,-83.165548,42.262727
3684 Zender Pl,2019-01-04,McDougall-Hunt,-83.023498,42.362129
4371 Lumley St,2019-01-04,Claytown,-83.138186,42.326652
5668 Seminole St,2019-01-04,Gratiot Town/Kettering,-83.013381999999993,42.382761
5674 Seminole St,2019-01-04,Gratiot Town/Kettering,-83.013435,42.382833
6300 Guilford St,2019-01-04,Cornerstone Village,-82.933307,42.417167
6313 30th St,2019-01-04,Midwest,-83.116855,42.350142
70 Kenilworth St,2019-01-04,North End,-83.081256,42.384578
8101 Alpine St,2019-01-04,Midwest,-83.147458,42.353586
8373 Military,2019-01-04,Midwest,-83.136339,42.355566
8456 Trinity St,2019-01-04,Warrendale,-83.24642,42.35464
9323 Bedford St,2019-01-04,Outer Drive-Hayes,-82.949059,42.411997
20426 Joy Rd,2019-01-05,Franklin Park,-83.240235,42.357744
10027 Maplelawn St,2019-01-07,Barton-McFarland,-83.159002,42.36959
10384 Aurora St,2019-01-07,Barton-McFarland,-83.163546,42.372117
11591 Rossiter St,2019-01-07,Denby,-82.949986,42.424792
12034 Fielding St,2019-01-07,Weatherby,-83.240942,42.374599
12622 Corbett Ave,2019-01-07,Wade,-82.978923,42.405192
15740 Prest St,2019-01-07,Belmont,-83.197404,42.406092
15753 Cloverlawn St,2019-01-07,Fitzgerald/Marygrove,-83.152807,42.406997
18491 Stout St,2019-01-07,Holcomb Community,-83.243246,42.425712
18981 Heyden St,2019-01-07,Holcomb Community,-83.241008,42.428323
19013 Plainview Ave,2019-01-07,Evergreen-Outer Drive,-83.23803,42.428772
19414 Saint Aubin St,2019-01-07,Nolan,-83.08143,42.437061
19428 Stout St,2019-01-07,Evergreen Lahser 7/8,-83.243016,42.433551
19467 Stout St,2019-01-07,Evergreen Lahser 7/8,-83.243664,42.434073
19552 Sawyer St,2019-01-07,Warrendale,-83.232911,42.347065
19601 Saint Aubin St,2019-01-07,Nolan,-83.082177,42.437844
19616 Mackay St,2019-01-07,Pershing,-83.075751,42.438159
20043 Avon Ave,2019-01-07,O'Hair Park,-83.227393,42.439454
20529 Strasburg St,2019-01-07,Conner Creek,-82.999479,42.447776
20701 Pickford St,2019-01-07,Holcomb Community,-83.246109,42.424161
2250 S Edsel St,2019-01-07,Boynton,-83.156645,42.273292
2527 McGraw St,2019-01-07,NW Goldberg,-83.095415,42.356278
2700 Monterey St,2019-01-07,Dexter-Linwood,-83.118819,42.384865
2717 Monterey St,2019-01-07,Dexter-Linwood,-83.118683,42.384323
3526 25th St,2019-01-07,Chadsey Condon,-83.095218,42.33511
4766 McDougall St,2019-01-07,McDougall-Hunt,-83.034774,42.366447
5566 Vancouver St,2019-01-07,Midwest,-83.12989,42.355539
8215 Grandville Ave,2019-01-07,Warrendale,-83.230022,42.352465
8453 Minock St,2019-01-07,Warrendale,-83.232549,42.354785
8512 Piedmont St,2019-01-07,Warrendale,-83.228215,42.355718
11330 Steel St,2019-01-08,Barton-McFarland,-83.170236,42.371256
11336 Steel St,2019-01-08,Barton-McFarland,-83.170241,42.371366
11367 Sorrento St,2019-01-08,Barton-McFarland,-83.172134,42.371768
11421 Evergreen Rd,2019-01-08,Franklin Park,-83.236646,42.371329
11729 Evergreen Rd,2019-01-08,Weatherby,-83.236679,42.373805
12024 Stoepel St,2019-01-08,Oakman Blvd Community,-83.139856,42.376602
12034 Stout St,2019-01-08,Weatherby,-83.239707,42.374603
12053 Maiden St,2019-01-08,Wade,-82.98552,42.402501
12055 Prairie St,2019-01-08,Oakman Blvd Community,-83.143781,42.376898
12121 Strathmoor St,2019-01-08,Plymouth-Hubbell,-83.18702,42.376736
12123 Pierson St,2019-01-08,Weatherby,-83.245398,42.375733
12300 Stoepel St,2019-01-08,Oakman Blvd Community,-83.140001,42.379404
12301 Stoepel St,2019-01-08,Oakman Blvd Community,-83.140605,42.379408
12516 Hampshire St,2019-01-08,Ravendale,-82.978891,42.401847
13642 Justine St,2019-01-08,Davison,-83.057607,42.418303
13775 Buffalo St,2019-01-08,Davison,-83.047954,42.418233
13961 Steel St,2019-01-08,Happy Homes,-83.171275,42.389106
14120 Lamphere St,2019-01-08,Eliza Howell,-83.261009,42.388601
1464 Helen St,2019-01-08,Islandview,-83.00668,42.352623
14716 Lamphere St,2019-01-08,Brightmoor,-83.261212,42.39498
1478 Canton St,2019-01-08,Islandview,-83.007797,42.352496
15346 Tuller St,2019-01-08,Fitzgerald/Marygrove,-83.146934,42.403368
15550 Inverness St,2019-01-08,Pilgrim Village,-83.122196,42.406244
16176 Tuller Ave,2019-01-08,Fitzgerald/Marygrove,-83.147619,42.41097
16540 Plymouth Rd,2019-01-08,Plymouth-I96,-83.209279,42.372675
16633 Stoepel St,2019-01-08,Fitzgerald/Marygrove,-83.142099,42.414216
17240 Bloom St,2019-01-08,Davison,-83.048419,42.421
18626 Bloom St,2019-01-08,Krainz Woods,-83.048792,42.430311
19129 Syracuse St,2019-01-08,Farwell,-83.046263,42.433996
19141 Syracuse St,2019-01-08,Farwell,-83.046268,42.434133
19146 Syracuse St,2019-01-08,Farwell,-83.045686,42.43428
19163 Syracuse St,2019-01-08,Farwell,-83.046294,42.434514
19202 Syracuse St,2019-01-08,Farwell,-83.045694,42.435055
19218 Syracuse St,2019-01-08,Farwell,-83.045702,42.435282
19226 Syracuse St,2019-01-08,Farwell,-83.045705,42.435405
19236 Syracuse St,2019-01-08,Farwell,-83.045708,42.435509
19240 Healy St,2019-01-08,Farwell,-83.0556,42.435342
19527 Sawyer St,2019-01-08,Warrendale,-83.232467,42.346614
19535 Sawyer St,2019-01-08,Warrendale,-83.232615,42.346612
2046 Kendall St,2019-01-08,Oakman Blvd Community,-83.118787,42.399829
20507 Omira St,2019-01-08,Nolan,-83.096714,42.446253
2160 Canton St,2019-01-08,Islandview,-83.009966,42.3558
2201 Kendall St,2019-01-08,Oakman Blvd Community,-83.118976,42.399303
2523 Monterey St,2019-01-08,Dexter-Linwood,-83.115333,42.385474
2546 Monterey St,2019-01-08,Dexter-Linwood,-83.115969,42.385686
2666 Monterey St,2019-01-08,Dexter-Linwood,-83.118211,42.385092
3535 Buchanan St,2019-01-08,Chadsey Condon,-83.098701,42.340536
4168 Helen St,2019-01-08,Gratiot-Grand,-83.017086,42.368575
5533 Allendale St,2019-01-08,Midwest,-83.127184,42.35292
5551 Linsdale St,2019-01-08,Midwest,-83.131438,42.35834
5577 Linsdale St,2019-01-08,Midwest,-83.131885,42.35817
6000 Woodhall St,2019-01-08,Cornerstone Village,-82.930988,42.41549
7348 Dexter Ave,2019-01-08,Wildemere Park,-83.10889,42.357959
7709 Colfax St,2019-01-08,Midwest,-83.129683,42.353495
8043 Central St,2019-01-08,Midwest,-83.146338,42.352596
8049 Central St,2019-01-08,Midwest,-83.146347,42.352695
8111 Alpine St,2019-01-08,Midwest,-83.147463,42.353694
8119 Alpine St,2019-01-08,Midwest,-83.147472,42.353793
8132 Central St,2019-01-08,Midwest,-83.14582,42.354018
8138 Central St,2019-01-08,Midwest,-83.145825,42.354117
8146 Central St,2019-01-08,Midwest,-83.145834,42.354216
8168 Central St,2019-01-08,Midwest,-83.145852,42.354504
8216 Central St,2019-01-08,Midwest,-83.145892,42.355179
8224 Central St,2019-01-08,Midwest,-83.145897,42.355287
9101 Vaughan St,2019-01-08,Franklin Park,-83.23757,42.360763
9203 Stout St,2019-01-08,Franklin Park,-83.239983,42.361162
9214 Heyden St,2019-01-08,Franklin Park,-83.238066,42.361419
9270 Bedford St,2019-01-08,Outer Drive-Hayes,-82.947927,42.41209
9363 Plainview Ave,2019-01-08,Franklin Park,-83.235135,42.363829
9577 Mettetal St,2019-01-08,Joy Community,-83.206078,42.366405
9989 Plainview Ave,2019-01-08,Franklin Park,-83.235261,42.368584
10020 Somerset Ave,2019-01-09,Outer Drive-Hayes,-82.950848,42.413076
10054 Mansfield St,2019-01-09,Joy Community,-83.203116,42.36997
10240 Goodwin St,2019-01-09,North End,-83.07556,42.392459
10264 Cameron St,2019-01-09,North End,-83.074878,42.393076
10275 Goodwin St,2019-01-09,North End,-83.076391,42.392775
10621 Somerset Ave,2019-01-09,Yorkshire Woods,-82.947454,42.419236
11324 Woodmont Ave,2019-01-09,Joy Community,-83.207993,42.370449
11727 Stout St,2019-01-09,Weatherby,-83.240407,42.373789
11737 Wayburn St,2019-01-09,Denby,-82.950618,42.425745
13953 Steel St,2019-01-09,Happy Homes,-83.17127,42.38901
14452 Linnhurst St,2019-01-09,Mapleridge,-82.97407,42.43113
14875 Parkside St,2019-01-09,Dexter-Fenkell,-83.13107,42.400071
15007 Lannette St,2019-01-09,Outer Drive-Hayes,-82.965114,42.417783
15642 Tacoma St,2019-01-09,Regent Park,-82.959899,42.441567
15660 Tacoma St,2019-01-09,Regent Park,-82.959602,42.441572
15677 Coram St,2019-01-09,Regent Park,-82.959204,42.438522
15801 Tacoma St,2019-01-09,Regent Park,-82.958224,42.442139
15816 Muirland St,2019-01-09,Pilgrim Village,-83.133271,42.408122
15871 Novara St,2019-01-09,Regent Park,-82.956843,42.439464
15887 Novara St,2019-01-09,Regent Park,-82.956551,42.439464
16045 Maddelein St,2019-01-09,Regent Park,-82.954847,42.436775
16060 Tacoma St,2019-01-09,Regent Park,-82.954679,42.441677
16128 Tuller Ave,2019-01-09,Fitzgerald/Marygrove,-83.147596,42.410312
16153 Turner St,2019-01-09,Fitzgerald/Marygrove,-83.149133,42.41063
16236 Novara St,2019-01-09,Regent Park,-82.952641,42.438994
16566 Turner St,2019-01-09,Fitzgerald/Marygrove,-83.148672,42.41323
16602 Santa Rosa Dr,2019-01-09,Fitzgerald/Marygrove,-83.142583,42.413802
16643 Turner St,2019-01-09,Fitzgerald/Marygrove,-83.149261,42.414251
16657 Stoepel St,2019-01-09,Fitzgerald/Marygrove,-83.142111,42.414552
16778 Tuller Ave,2019-01-09,Fitzgerald/Marygrove,-83.147802,42.416155
16922 Monica St,2019-01-09,Fitzgerald/Marygrove,-83.143751,42.416458
22209 Ulster St,2019-01-09,Riverdale,-83.261296,42.409943
4310 Vicksburg St,2019-01-09,Petoskey-Otsego,-83.117263,42.360947
5538 Allendale St,2019-01-09,Midwest,-83.127602,42.353316
5538 Ivanhoe St,2019-01-09,Midwest,-83.129886,42.356538
5564 Maplewood St,2019-01-09,Midwest,-83.131425,42.357933
5577 S Clarendon St,2019-01-09,Midwest,-83.132401,42.358888
5638 Kopernick St,2019-01-09,Central Southwest,-83.11137,42.329723
572 Harmon St,2019-01-09,Gateway Community,-83.079274,42.392781
581 Holbrook St,2019-01-09,North End,-83.07349,42.384078
5821 2nd Ave,2019-01-09,Tech Town,-83.073064,42.361821
5929 Saint Hedwig St,2019-01-09,Central Southwest,-83.112988,42.326433
615 Mount Vernon St,2019-01-09,North End,-83.069222,42.378777
6183 16th St,2019-01-09,NW Goldberg,-83.096168,42.359419
63 Woodland St,2019-01-09,Gateway Community,-83.08732,42.393393
7121 Mackenzie St,2019-01-09,Midwest,-83.141516,42.356805
7177 Mackenzie St,2019-01-09,Midwest,-83.142551,42.356784
7195 Linsdale St,2019-01-09,Midwest,-83.142914,42.356034
7538 E Robinwood St,2019-01-09,Grant,-83.026652,42.431838
7561 Milton St,2019-01-09,Airport Sub,-83.02504,42.407586
7901 Burdeno St,2019-01-09,Delray,-83.113276,42.293241
8049 Alpine St,2019-01-09,Midwest,-83.147404,42.352677
8052 Mandalay St,2019-01-09,Midwest,-83.137118,42.35292
8055 Alpine St,2019-01-09,Midwest,-83.147409,42.352767
8146 Bryden St,2019-01-09,Midwest,-83.144786,42.354234
8160 Bryden St,2019-01-09,Midwest,-83.144794,42.354423
8163 Central St,2019-01-09,Midwest,-83.14645,42.354396
8225 Central St,2019-01-09,Midwest,-83.146505,42.355269
8225 Harper Ave,2019-01-09,Airport Sub,-83.019213,42.389136
8317 American St,2019-01-09,Midwest,-83.144409,42.355765
8345 Colfax St,2019-01-09,Midwest,-83.13169,42.356322
851 Collingwood St,2019-01-09,Gateway Community,-83.093543,42.387467
881 Collingwood St,2019-01-09,Gateway Community,-83.094085,42.387265
8829 Colfax St,2019-01-09,Midwest,-83.134188,42.359833
887 Collingwood St,2019-01-09,Gateway Community,-83.094222,42.387214
9048 Pierson St,2019-01-09,Franklin Park,-83.244142,42.35992
9172 Norcross St,2019-01-09,Ravendale,-82.983254,42.401853
9195 Cameron St,2019-01-09,North End,-83.072067,42.387964
920 Melbourne St,2019-01-09,North End,-83.067862,42.379713
9200 Burt Rd,2019-01-09,Franklin Park,-83.245403,42.361061
9346 Plainview Ave,2019-01-09,Franklin Park,-83.234432,42.363661
963 E Euclid St,2019-01-09,North End,-83.067994,42.381177
9669 Cameron St,2019-01-09,North End,-83.074067,42.390972
9983 Stahelin Ave,2019-01-09,Franklin Park,-83.225598,42.368576
9992 Woodmont Ave,2019-01-09,Joy Community,-83.207943,42.369021
10039 Nottingham Rd,2019-01-10,Outer Drive-Hayes,-82.95309,42.412695
10100 Nottingham Rd,2019-01-10,Outer Drive-Hayes,-82.952006,42.413227
11311 Plainview Ave,2019-01-10,Franklin Park,-83.235288,42.369753
11321 Plainview Ave,2019-01-10,Franklin Park,-83.235292,42.369864
11652 Nottingham Rd,2019-01-10,Moross-Morang,-82.94159,42.42745
11715 Pierson St,2019-01-10,Weatherby,-83.245295,42.373084
11737 Vaughan St,2019-01-10,Weatherby,-83.237963,42.373901
11745 Pierson St,2019-01-10,Weatherby,-83.245333,42.373496
12203 Heyden St,2019-01-10,Weatherby,-83.239267,42.376481
12220 Fielding St,2019-01-10,Weatherby,-83.241009,42.376697
12835 E State Fair St,2019-01-10,Conner Creek,-82.99311,42.442239
12915 E State Fair St,2019-01-10,Conner Creek,-82.992255,42.442264
13006 Evanston St,2019-01-10,Outer Drive-Hayes,-82.973412,42.4027
13276 Caldwell St,2019-01-10,Buffalo Charles,-83.046332,42.415105
13370 Promenade Ave,2019-01-10,Outer Drive-Hayes,-82.974438,42.412382
13851 Mackay St,2019-01-10,North Campau,-83.0736,42.414771
15352 Princeton St,2019-01-10,Pilgrim Village,-83.128164,42.403823
15365 Princeton St,2019-01-10,Pilgrim Village,-83.128723,42.404102
16253 Novara St,2019-01-10,Regent Park,-82.952368,42.439528
1719 E Nevada St,2019-01-10,Hawthorne Park,-83.085672,42.42539
18111 Alcoy St,2019-01-10,Franklin,-82.988912,42.429181
18400 Alcoy St,2019-01-10,Franklin,-82.988225,42.429517
19015 McCormick St,2019-01-10,Moross-Morang,-82.94625,42.433101
19130 Rogge St,2019-01-10,Nortown,-83.029365,42.434387
19340 Fairport St,2019-01-10,Pulaski,-82.990935,42.437219
19505 Barlow St,2019-01-10,Pulaski,-82.996582,42.43843
19616 Waltham St,2019-01-10,Pulaski,-82.994749,42.440028
20737 S Pierson Ct,2019-01-10,Weatherby,-83.244527,42.372489
23501 Margareta St,2019-01-10,Seven Mile-Rouge,-83.271226,42.424713
4328 Parkinson St,2019-01-10,Claytown,-83.130116,42.329223
4555 Cooper St,2019-01-10,West End,-82.997243,42.378343
5108 Seyburn St,2019-01-10,Gratiot-Grand,-83.01438,42.377112
572 Conner St,2019-01-10,Jefferson Chalmers,-82.954328,42.363333
5759 Ogden St,2019-01-10,Claytown,-83.149592,42.334035
6114 Central St,2019-01-10,Claytown,-83.144061,42.340275
7727 Auburn St,2019-01-10,Warrendale,-83.233493,42.348633
7740 Auburn St,2019-01-10,Warrendale,-83.232784,42.348849
7741 Auburn St,2019-01-10,Warrendale,-83.233499,42.348825
9019 Stout St,2019-01-10,Franklin Park,-83.239963,42.359584
9023 Pierson St,2019-01-10,Franklin Park,-83.244842,42.359535
9028 Stout St,2019-01-10,Franklin Park,-83.239247,42.359742
9041 Pierson St,2019-01-10,Franklin Park,-83.244855,42.359782
9059 Stout St,2019-01-10,Franklin Park,-83.23997,42.360133
9401 Greensboro St,2019-01-10,Outer Drive-Hayes,-82.957365,42.40889
9551 Cameron St,2019-01-10,North End,-83.073097,42.389509
9931 Somerset Ave,2019-01-10,Outer Drive-Hayes,-82.952252,42.41223
9940 Roselawn St,2019-01-10,Barton-McFarland,-83.149384,42.370677
9959 Plainview Ave,2019-01-10,Franklin Park,-83.235272,42.36813
11393 Penrod St,2019-01-11,Franklin Park,-83.220767,42.371139
11635 Hubbell St,2019-01-11,Plymouth-Hubbell,-83.188095,42.373434
1296 Belvidere St,2019-01-11,East Village,-82.986079,42.359643
13411 Wade St,2019-01-11,Outer Drive-Hayes,-82.970187,42.406902
1427 Eastlawn St,2019-01-11,Riverbend,-82.951146,42.376956
14459 Kilbourne Ave,2019-01-11,Outer Drive-Hayes,-82.970996,42.416935
16715 Lahser Rd,2019-01-11,Riverdale,-83.257648,42.411591
17166 Fenton St,2019-01-11,The Eye,-83.282036,42.415397
17192 Patton St,2019-01-11,Holcomb Community,-83.244454,42.41636
17219 Beaverland St,2019-01-11,Oak Grove District 1,-83.267096,42.416453
17226 Fenton St,2019-01-11,The Eye,-83.282073,42.416288
1726 Victor St,2019-01-11,North Campau,-83.080892,42.412332
17384 Kentfield St,2019-01-11,Holcomb Community,-83.240981,42.418606
17399 Evergreen Rd,2019-01-11,Holcomb Community,-83.238656,42.418847
17517 Vaughan St,2019-01-11,Holcomb Community,-83.239632,42.419518
17639 Stout St,2019-01-11,Holcomb Community,-83.243001,42.421073
18492 Stout St,2019-01-11,Holcomb Community,-83.242523,42.425739
18945 Wormer St,2019-01-11,Five Points,-83.280827,42.427223
18961 Riverview St,2019-01-11,Seven Mile-Rouge,-83.275744,42.427541
18981 Riverview St,2019-01-11,Seven Mile-Rouge,-83.275754,42.427829
19134 Waltham St,2019-01-11,Pulaski,-82.994555,42.435286
19221 Winston St,2019-01-11,Five Points,-83.284034,42.430458
19252 Syracuse St,2019-01-11,Farwell,-83.045715,42.435737
2226 Taylor St,2019-01-11,Virginia Park Community,-83.103086,42.37433
2233 FAIRVIEW,2019-01-11,East Village,-82.975996,42.368864
2486 Monterey St,2019-01-11,Dexter-Linwood,-83.114977,42.386057
427 Marlborough St,2019-01-11,Jefferson Chalmers,-82.938782,42.365699
5532 Neff Ave,2019-01-11,Cornerstone Village,-82.927085,42.41178
5551 Hillsboro St,2019-01-11,Midwest,-83.132983,42.360506
5560 Vancouver St,2019-01-11,Midwest,-83.129778,42.355584
5577 Allendale St,2019-01-11,Midwest,-83.127944,42.35263
6357 Linsdale St,2019-01-11,Midwest,-83.13939,42.356088
6900 Evergreen Rd,2019-01-11,Warrendale,-83.234932,42.342333000000004
7844 Ashton Ave,2019-01-11,Warrendale,-83.217089,42.350467
8033 Burnette St,2019-01-11,Midwest,-83.141037,42.352596
8049 Burnette St,2019-01-11,Midwest,-83.14105,42.352839
8049 Wykes St,2019-01-11,Midwest,-83.142068,42.352803
8055 Burnette St,2019-01-11,Midwest,-83.14106,42.35292
8084 Burnette St,2019-01-11,Midwest,-83.14052,42.353334
8111 Evergreen Rd,2019-01-11,Warrendale,-83.236099,42.352
8140 Alpine St,2019-01-11,Midwest,-83.146892,42.354099
8150 Mandalay St,2019-01-11,Midwest,-83.137995,42.354135
8158 Mandalay St,2019-01-11,Midwest,-83.138045,42.354207
8169 Alpine St,2019-01-11,Midwest,-83.147512,42.354468
8170 Mandalay St,2019-01-11,Midwest,-83.138152,42.354351
8182 Mandalay St,2019-01-11,Midwest,-83.138256,42.354495
8217 Mandalay St,2019-01-11,Midwest,-83.139062,42.354729
8224 Carbondale St,2019-01-11,Midwest,-83.135349,42.353568
8351 Carbondale St,2019-01-11,Midwest,-83.136982,42.35499
8368 Carbondale St,2019-01-11,Midwest,-83.136604,42.355314
8832 Robson St,2019-01-11,We Care Community,-83.191276,42.358861
9092 Artesian St,2019-01-11,Franklin Park,-83.225896,42.360843
9134 Goodwin St,2019-01-11,North End,-83.071924,42.386996
9398 Schaefer Hwy,2019-01-11,We Care Community,-83.177313,42.364961
9502 Greensboro St,2019-01-11,Outer Drive-Hayes,-82.956715,42.410252
9626 Evergreen Rd,2019-01-11,Franklin Park,-83.235691,42.366563
10131 Nottingham Rd,2019-01-14,Outer Drive-Hayes,-82.952272,42.413786
10138 Nottingham Rd,2019-01-14,Outer Drive-Hayes,-82.95169,42.413647
10200 Nottingham Rd,2019-01-14,Outer Drive-Hayes,-82.95122,42.414304
12220 Glenfield Ave,2019-01-14,Eden Gardens,-82.988601,42.411851
12220 Stout St,2019-01-14,Weatherby,-83.239774,42.376696
12226 Stout St,2019-01-14,Weatherby,-83.239777,42.376806
12243 Stout St,2019-01-14,Weatherby,-83.240511,42.377034
13445 Wilfred St,2019-01-14,Eden Gardens,-82.976295,42.417642
14533 Ilene St,2019-01-14,Bethune Community,-83.161811,42.39571
15720 Princeton St,2019-01-14,Pilgrim Village,-83.128308,42.406875
15738 Linwood St,2019-01-14,Pilgrim Village,-83.127112,42.407091
15852 Linwood St,2019-01-14,Pilgrim Village,-83.127208,42.408572
18074 Alcoy St,2019-01-14,Franklin,-82.988165,42.428698
18458 Alcoy St,2019-01-14,Franklin,-82.988232,42.430302
18711 Alcoy St,2019-01-14,Franklin,-82.989041,42.432712
19403 Goulburn St,2019-01-14,Pulaski,-82.994161,42.438006
19740 Trinity St,2019-01-14,Evergreen Lahser 7/8,-83.249701,42.435373
19954 Lahser Rd,2019-01-14,Evergreen Lahser 7/8,-83.258205,42.437591
2714 Pingree St,2019-01-14,Jamison,-83.107664,42.368121
4342 Neff Ave,2019-01-14,Cornerstone Village,-82.921723,42.403627
5536 Stearns St,2019-01-14,Nardin Park,-83.138146,42.37306
5537 Stearns St,2019-01-14,Nardin Park,-83.13811,42.372641
5943 Guilford St,2019-01-14,Cornerstone Village,-82.931999,42.414093
7176 Linsdale St,2019-01-14,Midwest,-83.14253,42.356443
8024 Burnette St,2019-01-14,Midwest,-83.140461,42.352515
8027 Stout St,2019-01-14,Warrendale,-83.239705,42.350764
8030 Burnette St,2019-01-14,Midwest,-83.140466,42.352596
8055 American St,2019-01-14,Midwest,-83.144228,42.35283
8174 Alpine St,2019-01-14,Midwest,-83.146923,42.354576
8310 American St,2019-01-14,Midwest,-83.143813,42.355683
8931 Meyers Rd,2019-01-14,Barton-McFarland,-83.168115,42.360634
8935 Colfax St,2019-01-14,Midwest,-83.134757,42.360639
9036 Burt Rd,2019-01-14,Franklin Park,-83.245319,42.359745
9060 Trinity St,2019-01-14,Franklin Park,-83.246558,42.360078
9109 Meyers Rd,2019-01-14,Barton-McFarland,-83.168135,42.361225
9186 Sorrento St,2019-01-14,Barton-McFarland,-83.171162,42.362222
9200 Stoepel St,2019-01-14,Midwest,-83.139417,42.363765
9251 Vaughan St,2019-01-14,Franklin Park,-83.237588,42.36219
9276 Stout St,2019-01-14,Franklin Park,-83.239284,42.362709
9300 Trinity St,2019-01-14,Franklin Park,-83.246696,42.362813
9362 Auburn St,2019-01-14,Franklin Park,-83.233232,42.36386
9415 Stoepel St,2019-01-14,Midwest,-83.140106,42.365628
9434 Woodside,2019-01-14,Midwest,-83.13714,42.365754
9450 Monica St,2019-01-14,Midwest,-83.140614,42.366114
9593 Auburn St,2019-01-14,Franklin Park,-83.233994,42.366146
11024 Grand River Ave,2019-01-15,Littlefield Community,-83.152004,42.374286
12547 Pinehurst St,2019-01-15,Grand River-I96,-83.165768,42.38015
15714 Muirland St,2019-01-15,Pilgrim Village,-83.133216,42.406728
15758 Joslyn St,2019-01-15,Pilgrim Village,-83.116231,42.408929
19326 Bradford St,2019-01-15,Pulaski,-83.000743,42.436835
19617 Rowe St,2019-01-15,Pulaski,-83.004,42.439766
2966 Dickerson St,2019-01-15,Riverbend,-82.959155,42.380966
8120 Georgia St,2019-01-15,Airport Sub,-83.020309,42.393036
8210 Greenlawn St,2019-01-15,Barton-McFarland,-83.14848,42.354513
9529 Monica St,2019-01-15,Midwest,-83.14142,42.367077
9581 Burnette St,2019-01-15,Midwest,-83.142688,42.367707
11033 Findlay St,2019-01-16,Gratiot-Findlay,-83.005286,42.411908
12032 Monica St,2019-01-16,Oakman Blvd Community,-83.142035,42.376649
12061 Santa Rosa Dr,2019-01-16,Oakman Blvd Community,-83.141584,42.377044
1419 Collingwood St,2019-01-16,Gateway Community,-83.098869,42.385505
14621 Stansbury St,2019-01-16,Bethune Community,-83.182359,42.396499
17359 Hoover St,2019-01-16,Von Steuben,-83.00453,42.423075
18617 Teppert St,2019-01-16,Mount Olivet,-83.008625,42.431051
19310 Hoover St,2019-01-16,Pulaski,-83.004403,42.436518
1969 Monterey St,2019-01-16,Dexter-Linwood,-83.10893,42.387868
2350 Elmhurst St,2019-01-16,Dexter-Linwood,-83.112408,42.386183
2956 Tuxedo St,2019-01-16,Dexter-Linwood,-83.11962,42.382456
2967 Elmhurst St,2019-01-16,Dexter-Linwood,-83.120033,42.382736
3146 Military St,2019-01-16,Central Southwest,-83.114304,42.325544
3300 Trumbull St,2019-01-16,North Corktown,-83.071462,42.340437
3359 Monterey St,2019-01-16,Dexter-Linwood,-83.124814,42.382053
5532 Oregon St,2019-01-16,Midwest,-83.128621,42.35497
8112 Georgia St,2019-01-16,Airport Sub,-83.020438,42.393034
9035 Minock St,2019-01-16,Franklin Park,-83.232661,42.35993
9303 Pinehurst St,2019-01-16,Barton-McFarland,-83.1658,42.363981
9584 Burnette St,2019-01-16,Midwest,-83.142099,42.367959
10302 Ohio St,2019-01-17,Barton-McFarland,-83.153769,42.370552000000004
11192 Corbett Ave,2019-01-17,Wade,-82.990825,42.401052
12016 Santa Rosa Dr,2019-01-17,Oakman Blvd Community,-83.14094,42.376482
12019 Prairie St,2019-01-17,Oakman Blvd Community,-83.143762,42.376418
12024 Maiden St,2019-01-17,Wade,-82.985722,42.401934
12115 Prairie St,2019-01-17,Oakman Blvd Community,-83.143813,42.377697
12311 Santa Rosa Dr,2019-01-17,Oakman Blvd Community,-83.141703,42.379491
12412 Monica St,2019-01-17,Oakman Blvd Community,-83.142239,42.380887
12596 Corbett Ave,2019-01-17,Wade,-82.979325,42.405048
12614 Corbett Ave,2019-01-17,Wade,-82.979057,42.405145
13857 Mitchell St,2019-01-17,North Campau,-83.069677,42.416324
14571 Hubbell St,2019-01-17,Hubbell-Lyndon,-83.188954,42.395623
14835 Prest St,2019-01-17,Hubbell-Lyndon,-83.197703,42.397284
15651 La Salle Blvd,2019-01-17,Pilgrim Village,-83.125402,42.407551
15775 E WARREN,2019-01-17,Morningside,-82.945252,42.400486
16226 Inverness St,2019-01-17,Martin Park,-83.122466,42.412104
16930 Griggs St,2019-01-17,Fitzgerald/Marygrove,-83.163221,42.416348
18044 Norwood St,2019-01-17,Conant Gardens,-83.066013,42.42657
18600 Shields St,2019-01-17,Krainz Woods,-83.059398,42.429726
18616 Alcoy St,2019-01-17,Franklin,-82.988284,42.431533
18617 Alcoy St,2019-01-17,Franklin,-82.98899,42.431521
19149 Hubbell St,2019-01-17,Seven Mile Lodge,-83.190301,42.43151
19151 Lamont St,2019-01-17,Farwell,-83.055103,42.434103
19155 Stotter St,2019-01-17,Nortown,-83.025566,42.43479
19266 Syracuse St,2019-01-17,Farwell,-83.045736,42.435936
1933 S Beatrice St,2019-01-17,Boynton,-83.150985,42.272359
19392 Saint Aubin St,2019-01-17,Nolan,-83.081421,42.436737
19479 Packard St,2019-01-17,Nortown,-83.027875,42.438474
20801 N Pierson Ct,2019-01-17,Weatherby,-83.245583,42.374643
3830 Philip St,2019-01-17,Fox Creek,-82.9516,42.388578
4559 Bangor St,2019-01-17,Chadsey Condon,-83.106739,42.340486
5087 Garvin St,2019-01-17,Buffalo Charles,-83.050722,42.411141
5782 Drexel St,2019-01-17,Chandler Park,-82.968946,42.399451
5839 Chene St,2019-01-17,Poletown East,-83.04557,42.372423
6480 Burns St,2019-01-17,Airport Sub,-83.014915,42.390109
8882 Pinehurst St,2019-01-17,Barton-McFarland,-83.16499,42.36003
9350 Stoepel St,2019-01-17,Midwest,-83.139448,42.364764
9381 Stoepel St,2019-01-17,Midwest,-83.140083,42.365142
9409 Stoepel St,2019-01-17,Midwest,-83.140101,42.365529
9575 Stahelin Ave,2019-01-17,Franklin Park,-83.225523,42.366061
12144 Chelsea Ave,2019-01-18,Wade,-82.9859,42.406123
12198 Stoepel St,2019-01-18,Oakman Blvd Community,-83.139948,42.378973
13123 Montville Pl,2019-01-18,Dexter-Linwood,-83.116065,42.392896
1677 Monterey St,2019-01-18,Dexter-Linwood,-83.107039,42.389001
1687 Calvert St,2019-01-18,Dexter-Linwood,-83.102399,42.383184
1701 Lawrence St,2019-01-18,Dexter-Linwood,-83.103804,42.384731
1709 Lawrence St,2019-01-18,Dexter-Linwood,-83.103921,42.384689
19666 Carrie St,2019-01-18,Nortown,-83.030623,42.439704
19965 Carrie St,2019-01-18,Sherwood,-83.030979,42.442181
2494 Elmhurst St,2019-01-18,Dexter-Linwood,-83.114674,42.385331
2510 Elmhurst St,2019-01-18,Dexter-Linwood,-83.114927,42.385237
2994 Elmhurst St,2019-01-18,Dexter-Linwood,-83.120843,42.38308
3244 Elmhurst St,2019-01-18,Dexter-Linwood,-83.122713,42.38239
3272 Elmhurst St,2019-01-18,Dexter-Linwood,-83.123177,42.382219
3358 Elmhurst St,2019-01-18,Dexter-Linwood,-83.124579,42.381701
3790 Elmhurst St,2019-01-18,Nardin Park,-83.126743,42.380549
5254 Elmer St,2019-01-18,Claytown,-83.14317,42.332904
9399 Burnette St,2019-01-18,Midwest,-83.142295,42.365338
9426 Prairie St,2019-01-18,Midwest,-83.142803,42.365727
9585 Burnette St,2019-01-18,Midwest,-83.14269,42.367791
9611 Prairie St,2019-01-18,Midwest,-83.143813,42.36813
10281 Gratiot Ave,2019-01-22,Airport Sub,-83.002586,42.397704
10291 Gratiot Ave,2019-01-22,Airport Sub,-83.002486,42.397938
12049 Otsego St,2019-01-22,Nardin Park,-83.13182,42.379301
12135 Stoepel St,2019-01-22,Oakman Blvd Community,-83.140536,42.378099
12751 Corbett Ave,2019-01-22,Wade,-82.977674,42.406155
13074 Glenfield Ave,2019-01-22,Eden Gardens,-82.979486,42.415028
13843 Eastwood St,2019-01-22,Franklin,-82.981651,42.433444
14960 Livernois Ave,2019-01-22,Dexter-Fenkell,-83.139777,42.400431
15047 Littlefield St,2019-01-22,Bethune Community,-83.176078,42.400656
16886 Stahelin Ave,2019-01-22,North Rosedale Park,-83.226304,42.414901
18424 Hickory St,2019-01-22,Franklin,-82.987004,42.429846
18430 Hickory St,2019-01-22,Franklin,-82.987007,42.429937
18517 Hickory St,2019-01-22,Franklin,-82.987756,42.431099
18947 Hickory St,2019-01-22,Franklin,-82.987862,42.43378
19136 Runyon St,2019-01-22,Pulaski,-83.006523,42.434991
2512 Livernois Ave,2019-01-22,Central Southwest,-83.111903,42.320151
282 Iron St,2019-01-22,Rivertown,-83.00799,42.343119
3624 Martin St,2019-01-22,Michigan-Martin,-83.123235,42.325686
4266 Duane St,2019-01-22,Nardin Park,-83.131146,42.379704
4828 Rohns St,2019-01-22,Gratiot Woods,-83.002717,42.379257
5545 Cranshaw St,2019-01-22,Nardin Park,-83.138034,42.371919
6358 Majestic St,2019-01-22,Midwest,-83.135396,42.34968
6876 Clayton St,2019-01-22,Claytown,-83.125665,42.326253
8043 Wykes St,2019-01-22,Midwest,-83.142063,42.352722
9280 Stone St,2019-01-22,Carbon Works,-83.12944,42.294843
9643 Prairie St,2019-01-22,Midwest,-83.143832,42.368544
9684 American St,2019-01-22,Midwest,-83.144318,42.369111
9705 American St,2019-01-22,Midwest,-83.144907,42.369354
9718 Bryden St,2019-01-22,Midwest,-83.14538,42.369588
12146 N Martindale St,2019-01-23,Nardin Park,-83.133027,42.380325
1642 Burlingame St,2019-01-23,Dexter-Linwood,-83.103811,42.386578
1656 Collingwood St,2019-01-23,Dexter-Linwood,-83.102841,42.384672
19600 Carrie St,2019-01-23,Nortown,-83.030591,42.438839
19691 Carrie St,2019-01-23,Nortown,-83.031259,42.440042
2000 Monterey St,2019-01-23,Dexter-Linwood,-83.109721,42.388031
20127 Carrie St,2019-01-23,Sherwood,-83.031043,42.44397
2014 Monterey St,2019-01-23,Dexter-Linwood,-83.109993,42.38793
2023 Monterey St,2019-01-23,Dexter-Linwood,-83.109825,42.387534
2201 Monterey St,2019-01-23,Dexter-Linwood,-83.1101,42.38743
10903 Nottingham Rd,2019-01-24,Yorkshire Woods,-82.947146,42.420987
11040 Wayburn St,2019-01-24,Denby,-82.955119,42.418586
11536 Wayburn St,2019-01-24,Denby,-82.951647,42.423363
11627 Wayburn St,2019-01-24,Denby,-82.951618,42.424443
11640 Wayburn St,2019-01-24,Denby,-82.950863,42.424371
11645 Wayburn St,2019-01-24,Denby,-82.951475,42.424629
11734 Wayburn St,2019-01-24,Denby,-82.95,42.425495
12399 Duchess St,2019-01-24,Moross-Morang,-82.953424,42.429264
13618 Eastwood St,2019-01-24,Franklin,-82.984588,42.432856
1698 Calvert St,2019-01-24,Dexter-Linwood,-83.102936,42.383547
18600 Hickory St,2019-01-24,Franklin,-82.987073,42.431397
18610 Alcoy St,2019-01-24,Franklin,-82.98828,42.431437
18624 Hickory St,2019-01-24,Franklin,-82.987084,42.431651
18687 Hickory St,2019-01-24,Franklin,-82.987821,42.432506
20466 Carrie St,2019-01-24,Sherwood,-83.030484,42.446962
5573 Lenox St,2019-01-24,Chandler Park,-82.969186,42.397029
6143 W Vernor Hwy,2019-01-24,Central Southwest,-83.107958,42.315507
8410 Trinity St,2019-01-24,Warrendale,-83.246389,42.353981
8855 Heyden St,2019-01-24,Franklin Park,-83.238734,42.358393
1609 Livernois Ave,2019-01-25,Central Southwest,-83.108857,42.313376
18611 Hickory St,2019-01-25,Franklin,-82.98778,42.43145
18829 Fleming St,2019-01-25,Northeast Central District,-83.079562,42.43095
6929 Donald Pl,2019-01-25,Islandview,-83.006276,42.350769
8294 Trinity St,2019-01-25,Warrendale,-83.246357,42.353298
9226 Stone St,2019-01-25,Carbon Works,-83.128554,42.295185
438 Selden St,2019-01-26,Midtown,-83.06312,42.348177
9215 GREENFIELD,2019-01-27,Joy Community,-83.197251,42.362233
13444 Promenade Ave,2019-01-28,Outer Drive-Hayes,-82.973197,42.412815
14425 Kent St,2019-01-28,Outer Drive-Hayes,-82.965247,42.406934
14515 Troester St,2019-01-28,Mapleridge,-82.972786,42.42654
15779 Chapel St,2019-01-28,Brightmoor,-83.253735,42.405678
17200 Asbury Park,2019-01-28,College Park,-83.208722,42.417333
17305 Asbury Park,2019-01-28,College Park,-83.209397,42.417706
18235 Ferguson St,2019-01-28,College Park,-83.210643,42.423579
18236 Ferguson St,2019-01-28,College Park,-83.210049,42.423588
19374 Rogge St,2019-01-28,Nortown,-83.029476,42.437034
19377 Rogge St,2019-01-28,Nortown,-83.030092,42.43703
19383 Spencer St,2019-01-28,Nortown,-83.026665,42.437182
19404 Hull St,2019-01-28,Nolan,-83.088572,42.436719
19452 Archdale St,2019-01-28,Greenfield,-83.217069,42.434541
19658 Carrie St,2019-01-28,Nortown,-83.030619,42.439595
2363 Ferris St,2019-01-28,Springwells,-83.132728,42.310299
5555 McGraw St,2019-01-28,Chadsey Condon,-83.119545,42.342786
6782 W Warren Ave,2019-01-28,Midwest,-83.137608,42.345216
7672 Dix St,2019-01-28,Springwells,-83.127394,42.317321
8210 Vaughan St,2019-01-28,Warrendale,-83.236597,42.352358
9197 Kensington Ave,2019-01-28,Yorkshire Woods,-82.943657,42.414558
9244 Hayes St,2019-01-28,Outer Drive-Hayes,-82.964107,42.407679
9256 Stone St,2019-01-28,Carbon Works,-83.129049,42.294996
9522 Hayes St,2019-01-28,Outer Drive-Hayes,-82.964196,42.409789
18080 Alcoy St,2019-01-29,Franklin,-82.988169,42.428797
18096 Pelkey St,2019-01-29,Franklin,-82.985763,42.429066
18416 Alcoy St,2019-01-29,Franklin,-82.988231,42.429709
18684 Pelkey St,2019-01-29,Franklin,-82.985899,42.432539
18962 Pelkey St,2019-01-29,Franklin,-82.985946,42.434003
19167 Omira St,2019-01-29,Nolan,-83.096283,42.43346
4169 Saint Aubin St,2019-01-29,Forest Park,-83.040862,42.358698
5220 Radnor St,2019-01-29,Cornerstone Village,-82.919594,42.412339
5589 Marlborough St,2019-01-29,Chandler Park-Chalmers,-82.960807,42.400257
5769 Radnor St,2019-01-29,Cornerstone Village,-82.922716,42.415944
6191 Radnor St,2019-01-29,Cornerstone Village,-82.925042,42.419497
8074 Carbondale St,2019-01-29,Midwest,-83.134989,42.353055
8416 Carbondale St,2019-01-29,Midwest,-83.137032,42.35589
9219 Winthrop St,2019-01-29,Joy Community,-83.198531,42.363058
17101 Curtis St,2019-01-30,College Park,-83.211389,42.42269
19356 Carrie St,2019-01-30,Nortown,-83.03052,42.436741
9326 Hayes St,2019-01-30,Outer Drive-Hayes,-82.964135,42.408271
14440 Wilshire Dr,2019-01-31,Outer Drive-Hayes,-82.968902,42.412846
14444 Longview St,2019-01-31,Outer Drive-Hayes,-82.967611,42.41103
17560 Ferguson St,2019-01-31,College Park,-83.209887,42.420384
18252 Ferguson St,2019-01-31,College Park,-83.210058,42.423813
9227 Winthrop St,2019-01-31,Joy Community,-83.198538,42.363252
18670 Pelkey St,2019-02-01,Franklin,-82.985891,42.432347
9153 Abington Ave,2019-02-01,Joy Community,-83.210815,42.361449
9201 Abington Ave,2019-02-01,Joy Community,-83.210842,42.362485
2943 S Annabelle St,2019-02-04,Boynton,-83.157719,42.265776
8218 Edgewood Ave,2019-02-04,Airport Sub,-83.018672,42.39716
18629 Healy St,2019-02-05,Krainz Woods,-83.05555,42.430149
19685 Fleming St,2019-02-05,Nolan,-83.079761,42.439023
19820 Sawyer St,2019-02-05,Warrendale,-83.234761,42.347039
7414 Plainview Ave,2019-02-05,Warrendale,-83.23393,42.346242
8064 Vaughan St,2019-02-05,Warrendale,-83.23655,42.35133
8100 Braile St,2019-02-05,Warrendale,-83.242696,42.351777
8103 Evergreen Rd,2019-02-05,Warrendale,-83.236093,42.351878
8303 Plainview Ave,2019-02-05,Warrendale,-83.234896,42.353651
8444 Trinity St,2019-02-05,Warrendale,-83.246409,42.354421
8450 Trinity St,2019-02-05,Warrendale,-83.246415,42.35453
8474 Trinity St,2019-02-05,Warrendale,-83.246432,42.354855
8508 Vaughan St,2019-02-05,Warrendale,-83.23675,42.355495
8515 Heyden St,2019-02-05,Warrendale,-83.23866,42.35556
13338 Chelsea Ave,2019-02-06,Outer Drive-Hayes,-82.973796,42.410293
13848 Eastwood St,2019-02-06,Franklin,-82.981521,42.43293
17141 Harlow St,2019-02-06,College Park,-83.215971,42.416337
17151 Harlow St,2019-02-06,College Park,-83.215974,42.416447
18000 Gilchrist St,2019-02-06,College Park,-83.21192,42.421241
18001 Rutherford St,2019-02-06,College Park,-83.205228,42.42127
18073 Pelkey St,2019-02-06,Franklin,-82.986416,42.428714
18509 Winthrop St,2019-02-06,College Park,-83.201499,42.426497
18911 Mapleview St,2019-02-06,Franklin,-82.984171,42.433378
19201 Archdale St,2019-02-06,Greenfield,-83.217575,42.431557
19411 Archdale St,2019-02-06,Greenfield,-83.217681,42.433938
19515 Ashton Ave,2019-02-06,O'Hair Park,-83.221083,42.435252
19715 Ashton Ave,2019-02-06,O'Hair Park,-83.221132,42.435729
19788 Archdale St,2019-02-06,Greenfield,-83.217168,42.436726
19801 Fenmore St,2019-02-06,Greenfield,-83.218843,42.436876
19960 Archdale St,2019-02-06,Greenfield,-83.216751,42.438668
20108 Archdale St,2019-02-06,Greenfield,-83.216831,42.440619
4887 Marseilles St,2019-02-06,Cornerstone Village,-82.921311,42.408585
9670 American St,2019-02-06,Midwest,-83.144313,42.36894
1139 N Green St,2019-02-07,Central Southwest,-83.115788,42.305677
14260 Corbett Ave,2019-02-07,Outer Drive-Hayes,-82.968994,42.408601
14303 Wilshire Dr,2019-02-07,Outer Drive-Hayes,-82.970964,42.413092
14510 Wilshire Dr,2019-02-07,Outer Drive-Hayes,-82.967609,42.412787
18426 Saint Marys St,2019-02-07,College Park,-83.206911,42.425291
19329 Spencer St,2019-02-07,Nortown,-83.026634,42.436449
19464 Helen St,2019-02-07,Nortown,-83.03162,42.438196
19736 Archdale St,2019-02-07,Greenfield,-83.217139,42.436054
20026 Exeter St,2019-02-07,Nolan,-83.104767,42.441642
20032 EXETER,2019-02-07,Nolan,-83.104984,42.440382
20055 Exeter St,2019-02-07,Nolan,-83.105398,42.441716
20237 Hull St,2019-02-07,Nolan,-83.08942,42.444335
20245 Hull St,2019-02-07,Nolan,-83.089426,42.444432
20475 Concord St,2019-02-07,Sherwood,-83.033587,42.446986
20484 Concord St,2019-02-07,Sherwood,-83.032927,42.447131
3799 ALTER,2019-02-07,Fox Creek,-82.948699,42.388688
5531 Hillsboro St,2019-02-07,Midwest,-83.132648,42.360634
6534 Plainview Ave,2019-02-07,Warrendale,-83.233596,42.33919
7384 Evergreen Rd,2019-02-07,Warrendale,-83.235113,42.345793
7782 Plainview Ave,2019-02-07,Warrendale,-83.23401,42.349393
7788 Plainview Ave,2019-02-07,Warrendale,-83.234013,42.349489
8090 Plainview Ave,2019-02-07,Warrendale,-83.234114,42.351717
9746 Hayes St,2019-02-07,Outer Drive-Hayes,-82.964233,42.411132
12026 Minden St,2019-02-08,Gratiot-Findlay,-82.99605,42.416463
12034 Minden St,2019-02-08,Gratiot-Findlay,-82.995917,42.41651
12042 Minden St,2019-02-08,Gratiot-Findlay,-82.995783,42.416558
12050 Minden St,2019-02-08,Gratiot-Findlay,-82.99565,42.416605
12126 Minden St,2019-02-08,Gratiot-Findlay,-82.994134,42.417137
12134 Minden St,2019-02-08,Gratiot-Findlay,-82.994,42.417184
12137 Linwood St,2019-02-08,Dexter-Linwood,-83.117416,42.385671
19173 Harlow St,2019-02-08,Greenfield,-83.216513,42.431216
19376 Fenmore St,2019-02-08,Greenfield,-83.218077,42.433519
19480 Fenmore St,2019-02-08,Greenfield,-83.218145,42.434932
19913 Southfield Service Drive,2019-02-08,O'Hair Park,-83.220208,42.437613
19972 Fenmore St,2019-02-08,Greenfield,-83.21795,42.438877
20001 Oakfield St,2019-02-08,Greenfield,-83.216294,42.439206
20090 Fenmore St,2019-02-08,Greenfield,-83.218013,42.440369
20101 Forrer St,2019-02-08,Greenfield,-83.203533,42.440903
20101 Oakfield St,2019-02-08,Greenfield,-83.216346,42.440522
20200 Oakfield St,2019-02-08,Greenfield,-83.215671,42.441039
2209 Saint Clair St,2019-02-08,East Village,-82.9813,42.367586
5291 Beaconsfield St,2019-02-08,Morningside,-82.95201,42.401529
6165 Woodhall St,2019-02-08,Cornerstone Village,-82.93234,42.416411
6344 Woodhall St,2019-02-08,Cornerstone Village,-82.932617,42.41811
8087 Roselawn St,2019-02-08,Barton-McFarland,-83.149988,42.353208
8094 Roselawn St,2019-02-08,Barton-McFarland,-83.149416,42.353298
8100 Roselawn St,2019-02-08,Barton-McFarland,-83.14942,42.353397
8150 Roselawn St,2019-02-08,Barton-McFarland,-83.149466,42.354063
8238 Roselawn St,2019-02-08,Barton-McFarland,-83.149502,42.354882
8264 Roselawn St,2019-02-08,Barton-McFarland,-83.149524,42.355269
8341 Central St,2019-02-08,Midwest,-83.14655,42.356007
8349 Roselawn St,2019-02-08,Barton-McFarland,-83.150163,42.356412
8381 Central St,2019-02-08,Midwest,-83.146586,42.356583
8389 Central St,2019-02-08,Midwest,-83.146595,42.356682
929 Continental St,2019-02-08,Jefferson Chalmers,-82.954249,42.369169
7033 E JEFFERSON,2019-02-09,Islandview,-83.002948,42.346841
13326 Longview St,2019-02-11,Outer Drive-Hayes,-82.97338,42.409239
13425 Wade St,2019-02-11,Outer Drive-Hayes,-82.969952,42.406984
14292 Wade St,2019-02-11,Outer Drive-Hayes,-82.967528,42.407305
14469 Longview St,2019-02-11,Outer Drive-Hayes,-82.967277,42.411522
14480 Wilshire Dr,2019-02-11,Outer Drive-Hayes,-82.968126,42.41281
18661 Dwyer St,2019-02-11,Grant,-83.041822,42.430926
19360 Fenmore St,2019-02-11,Greenfield,-83.218063,42.43319
20041 Exeter St,2019-02-11,Nolan,-83.105388,42.44148
20164 Charleston St,2019-02-11,Nolan,-83.106832,42.44301
20190 Charleston St,2019-02-11,Nolan,-83.10685,42.44337
20196 Danbury St,2019-02-11,Nolan,-83.105883,42.443442
20256 Concord St,2019-02-11,Sherwood,-83.032872,42.445679
2968 S Beatrice St,2019-02-11,Boynton,-83.157555,42.265309
5507 Joy Rd,2019-02-11,Midwest,-83.132866,42.36155
5557 Hillsboro St,2019-02-11,Midwest,-83.133096,42.360464
5563 S Martindale St,2019-02-11,Midwest,-83.132691,42.359701
6850 Edgeton St,2019-02-11,Grant,-83.030767,42.42244
18600 Biltmore St,2019-02-12,College Park,-83.211213,42.42673
20201 Concord St,2019-02-12,Sherwood,-83.033542,42.444916
12610 Dresden St,2019-02-13,LaSalle College Park,-82.995829,42.419619
14139 Vaughan St,2019-02-13,Brightmoor,-83.238315,42.389248
15341 Beaverland St,2019-02-13,Brightmoor,-83.26588,42.401187
15751 Chatham St,2019-02-13,Brightmoor,-83.263618,42.405016
19180 Carrie St,2019-02-13,Nortown,-83.030473,42.435084
19324 Gilchrist St,2019-02-13,Greenfield,-83.212653,42.432585
19328 Gilchrist St,2019-02-13,Greenfield,-83.212657,42.432694
20569 Pelkey St,2019-02-13,Conner Creek,-82.987204,42.448612
8174 Central St,2019-02-13,Midwest,-83.145856,42.354594
8287 Roselawn St,2019-02-13,Barton-McFarland,-83.150109,42.355548
11047 Whithorn St,2019-02-14,Gratiot-Findlay,-83.004365,42.411319
11724 Whithorn St,2019-02-14,Gratiot-Findlay,-82.997909,42.413089
11729 Whithorn St,2019-02-14,Gratiot-Findlay,-82.998195,42.413491
11730 Whithorn St,2019-02-14,Gratiot-Findlay,-82.997791,42.41313
12037 Dresden St,2019-02-14,Gratiot-Findlay,-82.99347,42.417383
12101 Engleside St,2019-02-14,LaSalle College Park,-82.996753,42.419851
12135 Minden St,2019-02-14,LaSalle College Park,-82.994277,42.417633
18628 Hickory St,2019-02-14,Franklin,-82.987088,42.431755
18678 Pelkey St,2019-02-14,Franklin,-82.985895,42.432443
18920 Ferguson St,2019-02-14,College Park,-83.210236,42.428822
19355 Ashton Ave,2019-02-14,O'Hair Park,-83.221002,42.433011
7768 Auburn St,2019-02-14,Warrendale,-83.232798,42.349232
10831 Stratman St,2019-02-15,Outer Drive-Hayes,-82.957544,42.417372
12594 Filbert St,2019-02-15,Eden Gardens,-82.988165,42.416966
14280 Evanston St,2019-02-15,Outer Drive-Hayes,-82.966179,42.404816
19145 Rosemont Ave,2019-02-15,O'Hair Park,-83.222118,42.43068
19350 Ashton Ave,2019-02-15,O'Hair Park,-83.220286,42.432921
19425 Ashton Ave,2019-02-15,O'Hair Park,-83.221047,42.434037
19757 Rosemont Ave,2019-02-15,O'Hair Park,-83.222352,42.436251
2044 Seward St,2019-02-15,LaSalle Gardens,-83.097272,42.368268
50 W Nevada St,2019-02-15,Grixdale Farms,-83.103125,42.424812
7560 Tappan St,2019-02-15,Airport Sub,-83.025001,42.406355
13386 Chelsea Ave,2019-02-18,Outer Drive-Hayes,-82.972988,42.410569
13409 Hampshire St,2019-02-18,Outer Drive-Hayes,-82.969361,42.405242
13448 Syracuse St,2019-02-18,Davison,-83.044416,42.416194
14756 Kilbourne Ave,2019-02-18,Outer Drive-Hayes,-82.968834,42.416409
18622 Alcoy St,2019-02-18,Franklin,-82.988289,42.431635
19321 Stotter St,2019-02-18,Nortown,-83.025626,42.43635
19339 Rosemont Ave,2019-02-18,O'Hair Park,-83.222208,42.432651
19347 Spencer St,2019-02-18,Nortown,-83.026644,42.436695
19353 Stotter St,2019-02-18,Nortown,-83.025641,42.436785
19477 Concord St,2019-02-18,Nortown,-83.033326,42.438362
19773 Harlow St,2019-02-18,Greenfield,-83.21674,42.436527
19795 Harlow St,2019-02-18,Greenfield,-83.216753,42.436832
19801 Harlow St,2019-02-18,Greenfield,-83.216757,42.436928
20041 Helen St,2019-02-18,Sherwood,-83.032249,42.443112
20056 Helen St,2019-02-18,Sherwood,-83.031576,42.443358
20158 Hull St,2019-02-18,Nolan,-83.08881,42.443289
20208 Hull St,2019-02-18,Nolan,-83.088837,42.443964
20309 Lindsay St,2019-02-18,Greenfield,-83.215244,42.442479
20517 Concord St,2019-02-18,Sherwood,-83.033602,42.447562
20526 Fenmore St,2019-02-18,Greenfield,-83.218109,42.443099
8133 Prairie St,2019-02-18,Midwest,-83.143256,42.354072
8576 Alpine St,2019-02-18,Midwest,-83.147135,42.357933
8604 Alpine St,2019-02-18,Midwest,-83.147162,42.358392
8605 ALPINE,2019-02-18,Midwest,-83.147506,42.357716
11762 Findlay St,2019-02-19,Gratiot-Findlay,-82.997832,42.414013
12017 Longview St,2019-02-19,Wade,-82.987771,42.404922
12034 Saint Patrick St,2019-02-19,Gratiot-Findlay,-82.993585,42.412837
12040 Longview St,2019-02-19,Wade,-82.987043,42.40453
12067 Promenade Ave,2019-02-19,Wade,-82.988651,42.408004
12111 Longview St,2019-02-19,Wade,-82.986164,42.405481
12825 Rosemary Ave,2019-02-19,Eden Gardens,-82.980435,42.41309
13409 Syracuse St,2019-02-19,Davison,-83.044917,42.415628
13423 Chelsea Ave,2019-02-19,Outer Drive-Hayes,-82.972722,42.411306
13440 Chelsea Ave,2019-02-19,Outer Drive-Hayes,-82.972081,42.410879
14020 Tacoma St,2019-02-19,Franklin,-82.979726,42.441313
14505 Promenade Ave,2019-02-19,Outer Drive-Hayes,-82.968375,42.414099
14526 Wilshire Dr,2019-02-19,Outer Drive-Hayes,-82.967308,42.412779
14737 Rosemary Ave,2019-02-19,Outer Drive-Hayes,-82.968922,42.416063
14742 Rosemary Ave,2019-02-19,Outer Drive-Hayes,-82.968816,42.415584
14916 Elmdale St,2019-02-19,Outer Drive-Hayes,-82.966156,42.410066
18959 Mapleview St,2019-02-19,Franklin,-82.98419,42.434037
19373 Glastonbury Rd,2019-02-19,O'Hair Park,-83.22345,42.433281
19518 Alcoy St,2019-02-19,Pulaski,-82.988559,42.438805
20458 Danbury St,2019-02-19,Nolan,-83.105969,42.445344
20464 Danbury St,2019-02-19,Nolan,-83.105972,42.445431
20490 Danbury St,2019-02-19,Nolan,-83.105986,42.445791
17378 Ferguson St,2019-02-20,College Park,-83.209832,42.418745
19145 Spencer St,2019-02-20,Nortown,-83.026571,42.434674
19177 Glastonbury Rd,2019-02-20,O'Hair Park,-83.223356,42.431112
19394 Stotter St,2019-02-20,Nortown,-83.025113,42.437385
2632 Joseph Campau St,2019-02-20,McDougall-Hunt,-83.027936,42.352477
5556 Whitfield St,2019-02-20,Midwest,-83.134976,42.361668
81 Edgevale St,2019-02-20,Greenfield Park,-83.100195,42.418899
8409 W Jefferson Ave,2019-02-20,Delray,-83.116868,42.290469
9223 Winthrop St,2019-02-20,Joy Community,-83.198534,42.363153
11703 Westwood,2019-02-21,Weatherby,-83.231765,42.373551
11736 Nashville St,2019-02-21,LaSalle College Park,-83.000227,42.417001
12106 Promenade Ave,2019-02-21,Wade,-82.987695,42.407776
12323 Promenade Ave,2019-02-21,Wade,-82.984919,42.409313
12503 Promenade Ave,2019-02-21,Wade,-82.984109,42.409596
12519 Promenade Ave,2019-02-21,Wade,-82.983862,42.409682
12829 Chelsea Ave,2019-02-21,Wade,-82.978149,42.40943
13094 Wade St,2019-02-21,Outer Drive-Hayes,-82.972935,42.405446
13835 French Rd,2019-02-21,Airport Sub,-83.019179,42.418942
14297 Promenade Ave,2019-02-21,Outer Drive-Hayes,-82.971611,42.413934
14491 Wilshire Dr,2019-02-21,Outer Drive-Hayes,-82.968099,42.413269
14497 Linnhurst St,2019-02-21,Mapleridge,-82.973275,42.431563
14938 Elmdale St,2019-02-21,Outer Drive-Hayes,-82.965767,42.410067
18088 Pelkey St,2019-02-21,Franklin,-82.985757,42.428956
18679 Pelkey St,2019-02-21,Franklin,-82.986577,42.432434
18937 Mapleview St,2019-02-21,Franklin,-82.984181,42.433707
19158 Helen St,2019-02-21,Nortown,-83.031503,42.434769
19334 Archdale St,2019-02-21,Greenfield,-83.216998,42.432678
19334 Sussex St,2019-02-21,San Bernardo,-83.195888,42.433112
19339 Helen St,2019-02-21,Nortown,-83.032171,42.436448
19960 DERBY,2019-02-21,Nolan,-83.103751,42.441285
20159 Hull St,2019-02-21,Nolan,-83.089372,42.44328
20192 Fleming St,2019-02-21,Butler,-83.078516,42.44388
3962 Oakman Blvd,2019-02-21,Littlefield Community,-83.14986,42.376425
4608 Jos Campau,2019-02-21,McDougall-Hunt,-83.035536,42.363944
6208 Faust Ave,2019-02-21,Warrendale,-83.220097,42.334721
7160 Palmetto St,2019-02-21,Airport Sub,-83.026939,42.407916
7164 Palmetto St,2019-02-21,Airport Sub,-83.026828,42.407916
7681 Heyden St,2019-02-21,Warrendale,-83.238351,42.347982
8059 Westwood,2019-02-21,Warrendale,-83.23117,42.351333
8096 Minock St,2019-02-21,Warrendale,-83.231718,42.351857
8118 Bryden St,2019-02-21,Midwest,-83.144758,42.353847
8303 Auburn St,2019-02-21,Warrendale,-83.233713,42.353663
8309 Auburn St,2019-02-21,Warrendale,-83.233717,42.353759
8491 Westwood,2019-02-21,Warrendale,-83.231326,42.355345
8495 Auburn St,2019-02-21,Warrendale,-83.233786,42.35533
8629 Auburn St,2019-02-21,Warrendale,-83.233823,42.35622
8910 Auburn St,2019-02-21,Franklin Park,-83.233171,42.359257
9009 Auburn St,2019-02-21,Franklin Park,-83.233895,42.359575
9025 Minock St,2019-02-21,Franklin Park,-83.232659,42.359814
11836 Nashville St,2019-02-22,LaSalle College Park,-82.998466,42.417622
12300 Gratiot Ave,2019-02-22,Eden Gardens,-82.989728,42.415993
12388 Wade St,2019-02-22,Ravendale,-82.980255,42.402867
12448 Devon St,2019-02-22,LaSalle College Park,-82.99503,42.417964
12547 Maiden St,2019-02-22,Wade,-82.97999,42.40442
12569 Chelsea Ave,2019-02-22,Wade,-82.981863,42.408129
12636 Chelsea Ave,2019-02-22,Wade,-82.980455,42.408016
13539 Maine St,2019-02-22,North Campau,-83.071911,42.413933
14218 Promenade Ave,2019-02-22,Outer Drive-Hayes,-82.972657,42.413008
14275 Chelsea Ave,2019-02-22,Outer Drive-Hayes,-82.97082,42.411964
17185 Syracuse St,2019-02-22,Davison,-83.045727,42.420273
17357 Charest St,2019-02-22,Cadillac Heights,-83.07026,42.422009
18935 Schoenherr St,2019-02-22,Franklin,-82.985403,42.43363
19147 Stotter St,2019-02-22,Nortown,-83.025562,42.43469
19156 Healy St,2019-02-22,Farwell,-83.055532,42.434172
19225 Healy St,2019-02-22,Farwell,-83.056137,42.435088
19251 Hasse St,2019-02-22,Farwell,-83.057147,42.435448
19457 Helen St,2019-02-22,Nortown,-83.032237,42.438091
19706 Hull St,2019-02-22,Nolan,-83.088644,42.439116
19717 Hull St,2019-02-22,Nolan,-83.089192,42.439185
7512 Palmetto St,2019-02-22,Airport Sub,-83.025939,42.407934
20436 Schoolcraft St,2019-02-24,Brightmoor,-83.241513,42.386445
20440 Schoolcraft St,2019-02-24,Brightmoor,-83.241652,42.386436
11862 Christy St,2019-02-25,Gratiot-Findlay,-82.996532,42.415419
12131 Chelsea Ave,2019-02-25,Wade,-82.986425,42.40655
12366 Wade St,2019-02-25,Ravendale,-82.98064,42.40274
12590 Camden Ave,2019-02-25,Ravendale,-82.978033,42.402889
12729 Chelsea Ave,2019-02-25,Wade,-82.979833,42.408843
12830 Evanston St,2019-02-25,Ravendale,-82.973797,42.402581
13303 Rosemary Ave,2019-02-25,Eden Gardens,-82.977033,42.414266
19199 Carrie St,2019-02-25,Nortown,-83.031077,42.435295000000004
19222 Healy St,2019-02-25,Farwell,-83.055589,42.435135
19329 Hasse St,2019-02-25,Farwell,-83.057205,42.436344
19339 Hasse St,2019-02-25,Farwell,-83.057209,42.436426
19728 Hanna St,2019-02-25,Nolan,-83.089615,42.439368
2411 W Grand Blvd,2019-02-25,LaSalle Gardens,-83.09656,42.362085
3828 Bewick St,2019-02-25,West End,-82.989572,42.376278
3854 Bewick St,2019-02-25,West End,-82.989807,42.37663
4669 Alter Rd,2019-02-25,Fox Creek,-82.952928,42.394625
7172 Van Buren St,2019-02-25,Midwest,-83.142647,42.357961
7627 Heyden St,2019-02-25,Warrendale,-83.23832,42.347214
9349 Emmons St,2019-02-25,West End,-82.99398,42.373504
18457 Binder St,2019-02-26,Conant Gardens,-83.064308,42.428217
18638 Brinker St,2019-02-26,Northeast Central District,-83.073568,42.430263
18644 Goddard St,2019-02-26,Northeast Central District,-83.07783,42.430374
18866 Goddard St,2019-02-26,Northeast Central District,-83.077867,42.431493
19615 Lumpkin St,2019-02-26,Nolan,-83.080958,42.438024
20403 Omira St,2019-02-26,Nolan,-83.096662,42.44481
3359 16th St,2019-02-26,North Corktown,-83.082976,42.337682
7318 Cahalan St,2019-02-26,Springwells,-83.12097,42.309874
8117 Thaddeus St,2019-02-26,Delray,-83.115932,42.293241
18039 Norwood St,2019-02-27,Conant Gardens,-83.066688,42.426485
18421 Dean St,2019-02-27,Krainz Woods,-83.062045,42.42811
18869 Dean St,2019-02-27,Krainz Woods,-83.062296,42.43212
18885 Dean St,2019-02-27,Krainz Woods,-83.062306,42.432313
1941 Clairmount St,2019-02-27,Virginia Park Community,-83.100131,42.375868
200 W Nevada St,2019-02-27,Grixdale Farms,-83.1059,42.424756
12711 Promenade Ave,2019-02-28,Wade,-82.981272,42.410574
1401 Rivard St,2019-02-28,Lafayette Park,-83.038623,42.338871
16881 Ferguson St,2019-02-28,Crary/St Marys,-83.210281,42.415115
19405 Tireman St,2019-02-28,Warrendale,-83.230958,42.350171
15861 Northlawn St,2019-03-01,Fitzgerald/Marygrove,-83.153864,42.408822
19129 Havana St,2019-03-01,Penrose,-83.11046,42.432669
21180 Margareta St,2019-03-01,Holcomb Community,-83.251188,42.425541
5661 Addison St,2019-03-01,Claytown,-83.152549,42.33184
6022 Epworth St,2019-03-01,Midwest,-83.12532,42.346358
8368 Bryden St,2019-03-01,Midwest,-83.14492,42.35643
10326 Maplelawn St,2019-03-04,Barton-McFarland,-83.162376,42.369966
12209 Chelsea Ave,2019-03-04,Wade,-82.985704,42.406788
12291 Glenfield Ave,2019-03-04,Eden Gardens,-82.987772,42.412747
12305 Chelsea Ave,2019-03-04,Wade,-82.984097,42.40735
12312 Longview St,2019-03-04,Wade,-82.983007,42.405925
12320 Longview St,2019-03-04,Wade,-82.982873,42.405971
12345 Elmdale St,2019-03-04,Wade,-82.982206,42.405689
12513 Longview St,2019-03-04,Wade,-82.982253,42.406839
12624 Maiden St,2019-03-04,Wade,-82.978421,42.404433
12710 Promenade Ave,2019-03-04,Wade,-82.980972,42.410119
12711 Evanston St,2019-03-04,Ravendale,-82.976069,42.402378
12717 Wilshire Dr,2019-03-04,Wade,-82.980572,42.409755
12745 Promenade Ave,2019-03-04,Wade,-82.980685,42.410778
12749 Maiden St,2019-03-04,Wade,-82.977263,42.405349
12762 Kilbourne Ave,2019-03-04,Eden Gardens,-82.981792,42.413082
12822 Glenfield Ave,2019-03-04,Eden Gardens,-82.98132,42.414401
12837 Hampshire St,2019-03-04,Ravendale,-82.97438,42.403707
13018 Wade St,2019-03-04,Outer Drive-Hayes,-82.974246,42.405
13030 Maiden St,2019-03-04,Outer Drive-Hayes,-82.974526,42.405786
13335 Glenfield Ave,2019-03-04,Eden Gardens,-82.977678,42.416273
14562 Northlawn St,2019-03-04,Chalfonte,-83.152921,42.39628
14582 Cloverdale St,2019-03-04,Chalfonte,-83.148693,42.396573
14641 Prairie St,2019-03-04,Chalfonte,-83.144889,42.397416
14648 Turner St,2019-03-04,Chalfonte,-83.147658,42.397489
14684 Cloverlawn St,2019-03-04,Chalfonte,-83.151968,42.397916
14862 Cherrylawn St,2019-03-04,Chalfonte,-83.154087,42.398964
14870 Northlawn St,2019-03-04,Chalfonte,-83.153062,42.399069
14883 Cherrylawn St,2019-03-04,Chalfonte,-83.154663,42.399228
14904 Ohio St,2019-03-04,Chalfonte,-83.155131,42.399531
1694 Richton St,2019-03-04,Dexter-Linwood,-83.108084,42.389894
18462 Hickory St,2019-03-04,Franklin,-82.987024,42.430389
18508 Hickory St,2019-03-04,Franklin,-82.987048,42.431023
18650 Hickory St,2019-03-04,Franklin,-82.987101,42.432048
18933 Hickory St,2019-03-04,Franklin,-82.987852,42.433587
19132 Eureka St,2019-03-04,Farwell,-83.057499000000007,42.43382
19149 Eureka St,2019-03-04,Farwell,-83.058048,42.434019
19151 Shields St,2019-03-04,Farwell,-83.060116,42.434015
19157 Shields St,2019-03-04,Farwell,-83.060122,42.434125
19164 Packard St,2019-03-04,Nortown,-83.027033,42.43493
19207 Stotter St,2019-03-04,Nortown,-83.025593,42.43552
19220 Eureka St,2019-03-04,Farwell,-83.057562,42.434999
19328 Packard St,2019-03-04,Nortown,-83.02708,42.436433
19382 Healy St,2019-03-04,Farwell,-83.055706,42.43709
19423 Stotter St,2019-03-04,Nortown,-83.02571,42.437718
19424 Justine St,2019-03-04,Farwell,-83.058704,42.437594
19465 Stotter St,2019-03-04,Nortown,-83.025729,42.43831
19481 Stotter St,2019-03-04,Nortown,-83.025736,42.438507
19626 Eureka St,2019-03-04,Farwell,-83.057774,42.438618
19693 Justine St,2019-03-04,Farwell,-83.05941,42.439489
20134 Concord St,2019-03-04,Sherwood,-83.032806,42.444034
20148 Veach St,2019-03-04,Conner Creek,-83.021063,42.44449
20213 Veach St,2019-03-04,Conner Creek,-83.021691,42.445372
20251 Hull St,2019-03-04,Nolan,-83.089426,42.444531
20403 Hull St,2019-03-04,Nolan,-83.089454,42.444954
20473 Bramford St,2019-03-04,Conner Creek,-83.023868,42.447197
2517 Pasadena St,2019-03-04,Oakman Blvd Community,-83.122644,42.395434
3863 Buchanan St,2019-03-04,Chadsey Condon,-83.102068,42.33933
3938 Livernois Ave,2019-03-04,Central Southwest,-83.119154,42.330015
3944 Livernois Ave,2019-03-04,Central Southwest,-83.119208,42.330087
4227 Iroquois St,2019-03-04,Pingree Park,-83.005562,42.37271
4847 Saint Hedwig St,2019-03-04,Central Southwest,-83.108067,42.328414
5813 Chalmers St,2019-03-04,Chandler Park-Chalmers,-82.963428,42.401768
6633 Rohns St,2019-03-04,Airport Sub,-83.013278,42.392079
7607 Ellsworth St,2019-03-04,Chalfonte,-83.146959,42.401664
7613 Ellsworth St,2019-03-04,Chalfonte,-83.147072,42.401664
9184 Norcross St,2019-03-04,Ravendale,-82.983344,42.402006
9400 Cascade St,2019-03-04,Nardin Park,-83.128346,42.369263
9515 Greensboro St,2019-03-04,Outer Drive-Hayes,-82.957438,42.410432
10000 Hayes St,2019-03-05,Outer Drive-Hayes,-82.964403,42.412966
1118 Central St,2019-03-05,Central Southwest,-83.118372,42.304331
1126 Central St,2019-03-05,Central Southwest,-83.118443,42.304428
11742 Kenmoor St,2019-03-05,LaSalle College Park,-83.001132,42.418712
12120 Promenade Ave,2019-03-05,Wade,-82.987464,42.407862
12256 Longview St,2019-03-05,Wade,-82.983946,42.405599
12644 Glenfield Ave,2019-03-05,Eden Gardens,-82.983836,42.413514
12745 Tuller St,2019-03-05,Oakman Blvd Community,-83.146588,42.383121
13050 Promenade Ave,2019-03-05,Outer Drive-Hayes,-82.977607,42.411273
13651 Mapleridge St,2019-03-05,Franklin,-82.983773,42.429122
13661 Saratoga St,2019-03-05,Franklin,-82.98378,42.43248
13665 Stoepel St,2019-03-05,Oakman Blvd Community,-83.141019,42.388846
13669 Glenwood St,2019-03-05,Franklin,-82.983555,42.43077
13691 Glenwood St,2019-03-05,Franklin,-82.983113,42.430782
13692 Glenwood St,2019-03-05,Franklin,-82.983088,42.430297
13700 Park Grove St,2019-03-05,Franklin,-82.982909,42.429492
13802 Linnhurst St,2019-03-05,Franklin,-82.982354,42.431166
13803 Linnhurst St,2019-03-05,Franklin,-82.982376,42.431652
13803 Saratoga St,2019-03-05,Franklin,-82.98241,42.432528
13826 Linnhurst St,2019-03-05,Franklin,-82.981908,42.431162
14717 Lannette St,2019-03-05,Outer Drive-Hayes,-82.969928,42.417742
14841 Wilfred St,2019-03-05,Outer Drive-Hayes,-82.96835,42.419393
15023 Lamphere St,2019-03-05,Brightmoor,-83.262036,42.397977
18936 Mapleview St,2019-03-05,Franklin,-82.983464,42.43371
18952 Alcoy St,2019-03-05,Franklin,-82.988404,42.433792
19345 Hasse St,2019-03-05,Farwell,-83.057213,42.436509
19361 Hasse St,2019-03-05,Farwell,-83.057225,42.436714
19411 Binder St,2019-03-05,Pershing,-83.064653,42.437298
19734 Hanna St,2019-03-05,Nolan,-83.089617,42.439464
19744 Lamont St,2019-03-05,Farwell,-83.054885,42.440335
2935 Pasadena St,2019-03-05,Oakman Blvd Community,-83.126881,42.393869
1100 Saint Aubin St,2019-03-06,Elmwood Park,-83.030526,42.341355
11800 Duchess St,2019-03-06,Denby,-82.95744,42.422814
12758 Turner St,2019-03-06,Oakman Blvd Community,-83.147053,42.383212
14627 Prairie St,2019-03-06,Chalfonte,-83.144884,42.397227
14851 Prairie St,2019-03-06,Chalfonte,-83.144952,42.398865
14857 Prairie St,2019-03-06,Chalfonte,-83.144957,42.398946
18431 Pelkey St,2019-03-06,Franklin,-82.986469,42.429947
19312 Wexford St,2019-03-06,Pershing,-83.065004,42.435929
19344 Wexford St,2019-03-06,Pershing,-83.06503,42.436361
19353 Annott St,2019-03-06,Pulaski,-83.002671,42.437101
20241 Binder St,2019-03-06,Farwell,-83.065113,42.444689
20247 Binder St,2019-03-06,Farwell,-83.065119,42.444799
20500 Hawthorne St,2019-03-06,Nolan,-83.0928,42.446245
3654 Hunt St,2019-03-06,McDougall-Hunt,-83.019769,42.355605
3909 Dubois St,2019-03-06,McDougall-Hunt,-83.038383,42.357868
5274 Spokane St,2019-03-06,Midwest,-83.127351,42.358501
7510 Chalfonte St,2019-03-06,Chalfonte,-83.146095,42.400584
8049 Burt Rd,2019-03-06,Warrendale,-83.245752,42.350958
130 Hazelwood St,2019-03-07,Piety Hill,-83.08311,42.380615
13675 Saratoga St,2019-03-07,Franklin,-82.983521,42.432488
14216 LORETTO,2019-03-07,Eden Gardens,-82.976831,42.420343
145 W Nevada St,2019-03-07,Grixdale Farms,-83.104884,42.424262
14952 Kilbourne Ave,2019-03-07,Outer Drive-Hayes,-82.966091,42.416391
15617 Inverness St,2019-03-07,Pilgrim Village,-83.122924,42.407136
18623 Pelkey St,2019-03-07,Franklin,-82.98655,42.431668
19303 Binder St,2019-03-07,Pershing,-83.064554,42.435797
19643 Binder St,2019-03-07,Pershing,-83.064724,42.438727
19926 Greeley St,2019-03-07,Nolan,-83.087635,42.440439
19950 Greeley St,2019-03-07,Nolan,-83.087649,42.440767
20121 Veach St,2019-03-07,Conner Creek,-83.021644,42.44409
20149 Veach St,2019-03-07,Conner Creek,-83.021659,42.444484
20231 Revere St,2019-03-07,Farwell,-83.069197,42.444525
20236 Russell St,2019-03-07,Nolan,-83.090829,42.444313
20451 Hawthorne St,2019-03-07,Nolan,-83.093355,42.445557
5314 University Pl,2019-03-07,Cornerstone Village,-82.924196,42.412104
9533 McKinney Ave,2019-03-07,Outer Drive-Hayes,-82.949681,42.412157
12108 Plainview Ave,2019-03-08,Weatherby,-83.234794,42.375675
12640 Tuller St,2019-03-08,Oakman Blvd Community,-83.145898,42.381679
13002 Camden Ave,2019-03-08,Outer Drive-Hayes,-82.974205,42.404162
14643 Santa Rosa Dr,2019-03-08,Chalfonte,-83.142531,42.397434
14840 Santa Rosa Dr,2019-03-08,Chalfonte,-83.141964,42.398754
14865 Prairie St,2019-03-08,Chalfonte,-83.144961,42.399036
14932 Flanders St,2019-03-08,Outer Drive-Hayes,-82.96676,42.419735
15266 Eastburn St,2019-03-08,Regent Park,-82.964388,42.445194
16881 Lilac St,2019-03-08,Fitzgerald/Marygrove,-83.147366,42.41583
19200 Archdale St,2019-03-08,Greenfield,-83.216945,42.431532
19309 Helen St,2019-03-08,Nortown,-83.032157,42.436064
1976 Hancock St,2019-03-08,Forest Park,-83.044476,42.362856
19928 Russell St,2019-03-08,Nolan,-83.090642,42.440328
19965 Cameron St,2019-03-08,Nolan,-83.094169,42.440817
20206 Hawthorne St,2019-03-08,Nolan,-83.092689,42.443901
20515 Bramford St,2019-03-08,Conner Creek,-83.023892,42.447773
2124 Hancock St,2019-03-08,McDougall-Hunt,-83.042917,42.363274
10514 Foley St,2019-03-11,Grand River-I96,-83.165374,42.377861
10522 Foley St,2019-03-11,Grand River-I96,-83.165489,42.377933
12292 Meyers Rd,2019-03-11,Grand River-I96,-83.168113,42.378866
12742 E Canfield St,2019-03-11,Fox Creek,-82.967012,42.388079
14572 Birwood St,2019-03-11,Bethune Community,-83.163316,42.396274
15106 Faircrest St,2019-03-11,Mapleridge,-82.965725,42.432121
15622 Log Cabin St,2019-03-11,Pilgrim Village,-83.12103,42.407181
17353 Winthrop St,2019-03-11,College Park,-83.201231,42.418537
19146 Healy St,2019-03-11,Farwell,-83.055528,42.434045
20134 Carrie St,2019-03-11,Sherwood,-83.030369,42.444094
7752 Stout St,2019-03-11,Warrendale,-83.238876,42.348942
11428 Dickerson St,2019-03-12,Eden Gardens,-82.981683,42.416136
14536 Stoepel St,2019-03-12,Chalfonte,-83.140729,42.395998
14617 Stoepel St,2019-03-12,Chalfonte,-83.141398,42.397054
14877 Prairie St,2019-03-12,Chalfonte,-83.144966,42.399216
19385 Healy St,2019-03-12,Farwell,-83.056262,42.437097
20458 Concord St,2019-03-12,Sherwood,-83.032918,42.446802
3309 Superior St,2019-03-12,McDougall-Hunt,-83.030256,42.362514
3313 Superior St,2019-03-12,McDougall-Hunt,-83.030188,42.362595
4727 Baldwin St,2019-03-12,Gratiot-Grand,-83.013976,42.373402
5025 Whitfield St,2019-03-12,Midwest,-83.132683,42.363756
60 E Euclid St,2019-03-12,North End,-83.076647,42.377436
9310 Woodside,2019-03-12,Midwest,-83.137802,42.36408
1624 Glynn Ct,2019-03-13,Dexter-Linwood,-83.101122,42.383223
19930 Cameron St,2019-03-13,Nolan,-83.09357,42.440352
20209 Hawthorne St,2019-03-13,Nolan,-83.093281,42.443879
20522 Russell St,2019-03-13,Nolan,-83.09093,42.446592
2244 Monterey St,2019-03-13,Dexter-Linwood,-83.111024,42.387535
2823 Rosa Parks Blvd,2019-03-13,North Corktown,-83.074994,42.336132
14267 Flanders St,2019-03-14,Eden Gardens,-82.975464,42.418896
20153 Hawthorne St,2019-03-14,Nolan,-83.093247,42.443109
20167 Hawthorne St,2019-03-14,Nolan,-83.093256,42.443307
20223 Hanna St,2019-03-14,Nolan,-83.090391,42.444126
4750 Conner St,2019-03-14,Fox Creek,-82.972638,42.388299
14660 Cloverlawn St,2019-03-15,Chalfonte,-83.151957,42.397628
148 W Montana St,2019-03-15,Grixdale Farms,-83.10487,42.423855
19720 Greeley St,2019-03-15,Nolan,-83.087607,42.43936
19927 Greeley St,2019-03-15,Nolan,-83.088245,42.440409
20036 Hawthorne St,2019-03-15,Nolan,-83.092606,42.441822
20103 Russell St,2019-03-15,Nolan,-83.091303,42.44247
20131 Hawthorne St,2019-03-15,Nolan,-83.093234,42.442821
20194 Hawthorne St,2019-03-15,Nolan,-83.09268,42.443712
20215 Hanna St,2019-03-15,Nolan,-83.090385,42.444027
3588 S Annabelle St,2019-03-15,Boynton,-83.163105,42.260173
7733 Chalfonte St,2019-03-15,Chalfonte,-83.148797,42.400068
1623 Glynn Ct,2019-03-18,Dexter-Linwood,-83.100802,42.382737
18115 Greydale Ave,2019-03-18,Holcomb Community,-83.25684,42.421498
20044 Hawthorne St,2019-03-18,Nolan,-83.09261,42.441918
20050 Yacama Rd,2019-03-18,Nolan,-83.096975,42.441879
6455 Concord St,2019-03-18,Airport Sub,-83.030768,42.383789
6467 Concord St,2019-03-18,Airport Sub,-83.030947,42.383918
7657 Chalfonte St,2019-03-18,Chalfonte,-83.14779,42.40008
9316 Woodside,2019-03-18,Midwest,-83.137738,42.364161
2328 Elmhurst St,2019-03-19,Dexter-Linwood,-83.111994,42.386336
3582 S Beatrice St,2019-03-19,Boynton,-83.162235,42.259848
4100 Fenkell St,2019-03-19,Pilgrim Village,-83.139471,42.402942
5080 Dailey St,2019-03-19,Midwest,-83.131623,42.362568
15551 W Eight Mile,2019-03-20,Schaefer 7/8 Lodge,-83.20199,42.444369
20056 Hawthorne St,2019-03-20,Nolan,-83.092619,42.44211
20445 Hawthorne St,2019-03-20,Nolan,-83.09335,42.445458
2469 Monterey St,2019-03-20,Dexter-Linwood,-83.114466,42.385799
19132 Greeley St,2019-03-21,Nolan,-83.087427,42.433322
1923 Glynn Ct,2019-03-21,Dexter-Linwood,-83.103723,42.381689
19440 Hull St,2019-03-21,Nolan,-83.08859,42.437205
19454 Hull St,2019-03-21,Nolan,-83.08859,42.437292
20002 Hawthorne St,2019-03-21,Nolan,-83.092584,42.441342
3531 28th St,2019-03-21,Chadsey Condon,-83.105614,42.332228
19182 Greeley St,2019-03-22,Nolan,-83.087446,42.433979
19640 Russell St,2019-03-22,Nolan,-83.09053,42.438116
19644 Russell St,2019-03-22,Nolan,-83.090531,42.438198
2229 Erskine St,2019-03-22,Eastern Market,-83.034702,42.353594
2674 Monterey St,2019-03-22,Dexter-Linwood,-83.118327,42.385049
5000 Whitfield St,2019-03-22,Midwest,-83.133081,42.364256
8539 Colfax St,2019-03-22,Midwest,-83.132775,42.357798
18901 Cardoni St,2019-03-25,Hawthorne Park,-83.091732,42.431616
18905 Cardoni St,2019-03-25,Hawthorne Park,-83.091736,42.431709
19213 Hull St,2019-03-25,Nolan,-83.089069,42.434341
19219 Hull St,2019-03-25,Nolan,-83.089071,42.434423
19414 Russell St,2019-03-25,Nolan,-83.090506,42.43678
19626 Hull St,2019-03-25,Nolan,-83.088616,42.438005
20265 Cardoni St,2019-03-25,Nolan,-83.092298,42.444666
20525 CHARLESTON,2019-03-25,Nolan,-83.107307,42.445179
8047 Kercheval St,2019-03-25,Islandview,-82.999606,42.358878
16220 Plymouth Rd,2019-03-26,Plymouth-I96,-83.205266,42.372738
2001 Glynn Ct,2019-03-26,Dexter-Linwood,-83.105048,42.381198
2709 Monterey St,2019-03-26,Dexter-Linwood,-83.118567,42.384366
2921 S Edsel St,2019-03-26,Boynton,-83.160784,42.267588
2927 S Edsel St,2019-03-26,Boynton,-83.160843,42.267519
2962 S Electric St,2019-03-26,Boynton,-83.160821,42.266928
3408 S Beatrice St,2019-03-26,Boynton,-83.161008,42.261264
5009 Whitfield St,2019-03-26,Midwest,-83.132559,42.363925
5141 Hillsboro St,2019-03-26,Midwest,-83.131018,42.361248
8876 Coyle St,2019-03-26,We Care Community,-83.192467,42.359412
16210 Plymouth Rd,2019-03-27,Plymouth-I96,-83.205081,42.372738
19150 Hull St,2019-03-27,Nolan,-83.088489,42.433491
19242 Russell St,2019-03-27,Nolan,-83.090451,42.434695
19336 Russell St,2019-03-27,Nolan,-83.090477,42.435731
19362 Hull St,2019-03-27,Nolan,-83.088558,42.436143
19997 Cardoni St,2019-03-27,Nolan,-83.092154,42.441255
3847 Gilbert St,2019-03-27,Michigan-Martin,-83.120746,42.328935
9238 Stone St,2019-03-27,Carbon Works,-83.128752,42.295104
18839 Hull St,2019-03-28,Hawthorne Park,-83.089266,42.430863
19171 Hawthorne St,2019-03-28,Nolan,-83.092947,42.43366
19215 Russell St,2019-03-28,Nolan,-83.090966,42.434302
19357 Hull St,2019-03-28,Nolan,-83.08911,42.43604
19639 Cardoni St,2019-03-28,Nolan,-83.092046,42.438069
19716 Yacama Rd,2019-03-28,Nolan,-83.096878,42.438996
2292 Elmhurst St,2019-03-28,Dexter-Linwood,-83.111389,42.386558
2346 Elmhurst St,2019-03-28,Dexter-Linwood,-83.112293,42.386226
2531 Glynn Ct,2019-03-28,Dexter-Linwood,-83.111525,42.378799
2722 S Edsel St,2019-03-28,Boynton,-83.160593,42.26858
3139 S Ethel St,2019-03-28,Boynton,-83.156187,42.26253
3197 S Ethel St,2019-03-28,Boynton,-83.156787,42.261811
3631 S Deacon St,2019-03-28,Boynton,-83.160918,42.25851
3795 S Bassett St,2019-03-28,Boynton,-83.160188,42.256296
5062 Whitfield St,2019-03-28,Midwest,-83.133641,42.363499
5281 Cabot St,2019-03-28,Claytown,-83.150565,42.330807
5287 Cabot St,2019-03-28,Claytown,-83.150697,42.330843
717 S Green St,2019-03-28,Delray,-83.10821,42.296211
8435 E Saint Aubin Blvd,2019-03-28,Russell Industrial,-83.05992,42.386247
1211 S Patricia St,2019-03-29,Boynton,-83.148961,42.280717
13553 Dequindre St,2019-03-29,North Campau,-83.079133,42.411499
1816 Meldrum St,2019-03-29,Islandview,-83.013846,42.352629
1932 Elmhurst St,2019-03-29,Dexter-Linwood,-83.108127,42.387774
19342 Greeley St,2019-03-29,Nolan,-83.087496,42.435893
19363 Hanna St,2019-03-29,Nolan,-83.090086,42.436093
1938 Elmhurst St,2019-03-29,Dexter-Linwood,-83.108226,42.387737
1939 Elmhurst St,2019-03-29,Dexter-Linwood,-83.107896,42.38727
20004 Cameron St,2019-03-29,Nolan,-83.093612,42.441312
2662 Clairmount St,2019-03-29,Jamison,-83.109594,42.372594
2935 S Bassett St,2019-03-29,Boynton,-83.153731,42.264013
3141 S Deacon St,2019-03-29,Boynton,-83.157183,42.262948
3357 S Annabelle St,2019-03-29,Boynton,-83.160858,42.26204
3500 S Deacon St,2019-03-29,Boynton,-83.160356,42.260265
3602 Ludden St,2019-03-29,McDougall-Hunt,-83.023549,42.35971
1001 E Hollywood Ave,2019-04-01,Hawthorne Park,-83.092738,42.431202
19160 Russell St,2019-04-01,Nolan,-83.090418,42.433563
19392 Orleans St,2019-04-01,Nolan,-83.085066,42.436638
2474 Clairmount St,2019-04-01,Virginia Park Community,-83.107125,42.373845
3016 Glynn Ct,2019-04-01,Dexter-Linwood,-83.117341,42.37726
3942 Helen St,2019-04-01,Gratiot-Grand,-83.016003,42.366941
5309 McDougall St,2019-04-01,Poletown East,-83.037737,42.369808
5640 Tireman St,2019-04-01,Midwest,-83.127604,42.352155
7229 Warwick St,2019-04-01,Warrendale,-83.227202,42.343781
7325 Bryden St,2019-04-01,Midwest,-83.145213,42.346476
12601 Wilfred St,2019-04-02,Eden Gardens,-82.985247,42.414493
19138 Russell St,2019-04-02,Nolan,-83.090412,42.433317
19315 Hanna St,2019-04-02,Nolan,-83.090066,42.435432
220 Cedarhurst Pl,2019-04-02,Grixdale Farms,-83.105964,42.420897
3274 W Boston Blvd,2019-04-02,Dexter-Linwood,-83.118914,42.375872
329 King St,2019-04-02,North End,-83.075692,42.382188
8121 Woodlawn Ave,2019-04-02,Airport Sub,-83.020593,42.399409
8174 Woodlawn Ave,2019-04-02,Airport Sub,-83.019572,42.398935
10265 Cameron St,2019-04-03,North End,-83.075376,42.392894
18847 Hull St,2019-04-03,Hawthorne Park,-83.089271,42.430959
18880 Russell St,2019-04-03,Hawthorne Park,-83.089797,42.431417
19145 Hanna St,2019-04-03,Nolan,-83.090007,42.433365
19362 Hanna St,2019-04-03,Nolan,-83.089544,42.436116
3261 Taylor St,2019-04-03,Jamison,-83.114476,42.369496
3445 Devonshire Rd,2019-04-03,Morningside,-82.935089,42.390688
8220 Heyden St,2019-04-03,Warrendale,-83.237829,42.352445
9623 Cameron St,2019-04-03,North End,-83.073683,42.390392
19168 Orleans St,2019-04-04,Nolan,-83.084986,42.433887
6154 Rohns St,2019-04-04,Gratiot Town/Kettering,-83.010597,42.38929
6198 Huber St,2019-04-04,Airport Sub,-83.038396,42.397263
8024 Curt St,2019-04-04,Airport Sub,-83.021923,42.390597
951 E Brentwood St,2019-04-04,Hawthorne Park,-83.093835,42.431953
15326 Chapel St,2019-04-05,Brightmoor,-83.252869,42.401048
17311 Asbury Park,2019-04-05,College Park,-83.2094,42.417794
19138 Orleans St,2019-04-05,Nolan,-83.084973,42.433475
19204 Hanna St,2019-04-05,Nolan,-83.089501,42.434204
19225 Hull St,2019-04-05,Nolan,-83.089073,42.434505
19354 Riopelle St,2019-04-05,Nolan,-83.086289,42.43612
19404 Hanna St,2019-04-05,Nolan,-83.089562,42.436692
19603 Hanna St,2019-04-05,Nolan,-83.090125,42.437674
2038 Halleck St,2019-04-05,Campau/Banglatown,-83.071996,42.405737
20409 Hawthorne St,2019-04-05,Nolan,-83.093332,42.444981
6185 Huber St,2019-04-05,Airport Sub,-83.038635,42.397731
7436 Marcus Ave,2019-04-05,Airport Sub,-83.023719,42.39589
12000 Ward St,2019-04-08,Pride Area Community,-83.172811,42.37566
12047 Kennebec St,2019-04-08,LaSalle College Park,-82.998661,42.421166
16180 Bramell St,2019-04-08,Riverdale,-83.264409,42.409098
19165 Saint Aubin St,2019-04-08,Nolan,-83.082056,42.433893
19190 Wexford St,2019-04-08,Pershing,-83.064946,42.434487
19202 Cameron St,2019-04-08,Nolan,-83.093396,42.434056
19674 Hanna St,2019-04-08,Nolan,-83.089598,42.438641
20130 Hull St,2019-04-08,Nolan,-83.088792,42.442902
20131 Hull St,2019-04-08,Nolan,-83.089358,42.442895
5820 Linsdale St,2019-04-08,Midwest,-83.133135,42.358104
6151 Huber St,2019-04-08,Airport Sub,-83.039299,42.397714
6415 Iroquois St,2019-04-08,Airport Sub,-83.016847,42.388323
6421 Iroquois St,2019-04-08,Airport Sub,-83.0169,42.388395
11392 Camden Ave,2019-04-09,Ravendale,-82.988957,42.39901
12060 Yellowstone St,2019-04-09,Nardin Park,-83.135429,42.378036
1981 Gladstone St,2019-04-09,Virginia Park Community,-83.099194,42.373186
2003 Gladstone St,2019-04-09,Virginia Park Community,-83.09954,42.373056
2073 Clairmount St,2019-04-09,Virginia Park Community,-83.102331,42.375049
3547 Somerset Ave,2019-04-09,Morningside,-82.941305,42.389103
5819 Linsdale St,2019-04-09,Midwest,-83.132955,42.357861
6126 Iroquois St,2019-04-09,Gratiot Town/Kettering,-83.015203,42.38702
6321 Vaughan St,2019-04-09,Warrendale,-83.236693,42.336165
6427 Iroquois St,2019-04-09,Airport Sub,-83.016953,42.388468
6433 Iroquois St,2019-04-09,Airport Sub,-83.017006,42.38854
8500 Alpine St,2019-04-09,Midwest,-83.147076,42.357024
10981 Rossiter St,2019-04-10,Denby,-82.954326,42.418916
19100 W Chicago St,2019-04-10,Franklin Park,-83.227726,42.365111
20004 Saint Aubin St,2019-04-10,Nolan,-83.081602,42.441735
20011 Saint Aubin St,2019-04-10,Nolan,-83.082308,42.441813
20245 Derby St,2019-04-10,Nolan,-83.104322,42.444144
20403 Hawthorne St,2019-04-10,Nolan,-83.093328,42.444882
220 W Parkhurst Pl,2019-04-10,Grixdale Farms,-83.105766,42.419999
3023 W Euclid St,2019-04-10,Wildemere Park,-83.109474,42.365182
3028 W Euclid St,2019-04-10,Jamison,-83.109825,42.365564
3208 Montgomery St,2019-04-10,Wildemere Park,-83.109055,42.363105
3235 Blaine St,2019-04-10,Jamison,-83.112155,42.366825
3252 Pingree St,2019-04-10,Jamison,-83.112251,42.366403
5930 Huber St,2019-04-10,Airport Sub,-83.041879,42.3972
6005 Comstock St,2019-04-10,Airport Sub,-83.041119,42.398415
6133 Iroquois St,2019-04-10,Gratiot Town/Kettering,-83.015798,42.386875
6139 Iroquois St,2019-04-10,Gratiot Town/Kettering,-83.015851,42.386948
6432 Iroquois St,2019-04-10,Airport Sub,-83.016449,42.388748
11415 Camden Ave,2019-04-11,Ravendale,-82.988856,42.399539
12775 Evanston St,2019-04-11,Ravendale,-82.974987,42.402702
17800 Dequindre St,2019-04-11,Cadillac Heights,-83.082146,42.423408
18075 Hickory St,2019-04-11,Franklin,-82.987665,42.428711
1935 Clairmount St,2019-04-11,Virginia Park Community,-83.100015,42.375915
2029 Gladstone St,2019-04-11,Virginia Park Community,-83.100003,42.372883
21515 Fenkell St,2019-04-11,Brightmoor,-83.253568,42.400134
2262 Elmhurst St,2019-04-11,Dexter-Linwood,-83.110892,42.386741
3483 Seyburn St,2019-04-11,Islandview,-83.007413,42.365318
14434 Kilbourne Ave,2019-04-12,Outer Drive-Hayes,-82.971331,42.416503
17578 Dequindre St,2019-04-12,Cadillac Heights,-83.082134,42.423211
17707 Greenview Ave,2019-04-12,Evergreen-Outer Drive,-83.225318,42.422075
19699 Hanna St,2019-04-12,Nolan,-83.090151,42.438951
20051 Lumpkin St,2019-04-12,Nolan,-83.08112,42.442398
2283 Clairmount St,2019-04-12,Virginia Park Community,-83.104242,42.374325
2747 Pasadena St,2019-04-12,Oakman Blvd Community,-83.126006,42.394185
3200 W Euclid St,2019-04-12,Jamison,-83.110521,42.365315
8292 Greenlawn St,2019-04-12,Barton-McFarland,-83.148548,42.355665
8300 Greenlawn St,2019-04-12,Barton-McFarland,-83.148552,42.355764
8307 Greenlawn St,2019-04-12,Barton-McFarland,-83.149124,42.355854
8326 Greenlawn St,2019-04-12,Barton-McFarland,-83.148574,42.356151
9533 Hubbell St,2019-04-12,Plymouth-Hubbell,-83.187825,42.366044
11318 Wade St,2019-04-15,Ravendale,-82.989181,42.399829
15515 Inverness St,2019-04-15,Pilgrim Village,-83.122856,42.405735
15922 Muirland St,2019-04-15,Pilgrim Village,-83.133328,42.409593
16134 Tuller Ave,2019-04-15,Fitzgerald/Marygrove,-83.147599,42.410394
18037 Schoenherr St,2019-04-15,Franklin,-82.985188,42.428315
19342 Hasse St,2019-04-15,Farwell,-83.05663,42.436472
19381 Anglin St,2019-04-15,Pershing,-83.075202,42.43662
2038 Gladstone St,2019-04-15,Virginia Park Community,-83.100441,42.373314
2155 SCOTTEN,2019-04-15,Central Southwest,-83.095452,42.322948
2260 Gladstone St,2019-04-15,Virginia Park Community,-83.102591,42.372518
2496 Blaine St,2019-04-15,Virginia Park Community,-83.105143,42.370495
3022 Montgomery St,2019-04-15,Wildemere Park,-83.10827,42.363396
3227 W Euclid St,2019-04-15,Wildemere Park,-83.110629,42.364758
4844 Michigan Ave,2019-04-15,Chadsey Condon,-83.10922,42.331493
6195 Sheridan St,2019-04-15,Gratiot Town/Kettering,-83.02372,42.38425
6199 Sheridan St,2019-04-15,Gratiot Town/Kettering,-83.023769,42.384324
8053 Greenlawn St,2019-04-15,Barton-McFarland,-83.148944,42.35274
8550 Greenlawn St,2019-04-15,Barton-McFarland,-83.148656,42.357528
9622 Ward St,2019-04-15,Barton-McFarland,-83.172504,42.367692
11011 Wilshire Dr,2019-04-16,Wade,-82.994422,42.404931
11714 Wade St,2019-04-16,Ravendale,-82.98841,42.400098
14034 Southfield Service Drive,2019-04-16,Grandmont,-83.21708,42.388666
14967 Tracey St,2019-04-16,Bethune Community,-83.180388,42.399611
17405 Evergreen Rd,2019-04-16,Holcomb Community,-83.238661,42.418964
17524 Vaughan St,2019-04-16,Holcomb Community,-83.23907,42.419631
19408 Fleming St,2019-04-16,Nolan,-83.078974,42.436983
19961 Bloom St,2019-04-16,Farwell,-83.049792,42.442141
20050 Bloom St,2019-04-16,Farwell,-83.049245,42.443256
20723 Fenkell St,2019-04-16,Brightmoor,-83.245334,42.400323
20727 Fenkell St,2019-04-16,Brightmoor,-83.245406,42.400323
2482 W Philadelphia St,2019-04-16,Virginia Park Community,-83.10384,42.368919
2701 Pingree St,2019-04-16,Jamison,-83.107201,42.367799
2716 Montgomery St,2019-04-16,Wildemere Park,-83.105345,42.364518
2725 Virginia Park St,2019-04-16,Wildemere Park,-83.10614,42.365494
2730 Vicksburg St,2019-04-16,Wildemere Park,-83.106071,42.365136
2997 Virginia Park St,2019-04-16,Wildemere Park,-83.108485,42.364615
6039 Holcomb Ave,2019-04-16,Gratiot Town/Kettering,-83.009393,42.38836
6142 Norwalk St,2019-04-16,Airport Sub,-83.039922,42.399495
6156 Doremus St,2019-04-16,Airport Sub,-83.039792,42.398766
6174 Sheridan St,2019-04-16,Gratiot Town/Kettering,-83.023007,42.384234
6221 Norwalk St,2019-04-16,Airport Sub,-83.038504,42.399927
8355 Greenlawn St,2019-04-16,Barton-McFarland,-83.149164,42.356529
8509 Greenlawn St,2019-04-16,Barton-McFarland,-83.149186,42.356952
8544 Greenlawn St,2019-04-16,Barton-McFarland,-83.148651,42.357438
153 W Montana St,2019-04-17,Grixdale Farms,-83.104983,42.423345
18087 Alcoy St,2019-04-17,Franklin,-82.988901,42.428885
20229 Gallagher St,2019-04-17,Butler,-83.071197,42.444519
2501 Coplin St,2019-04-17,Riverbend,-82.954665,42.378597
3694 E Kirby St,2019-04-17,Poletown East,-83.03049,42.373017
3832 Garland St,2019-04-17,West End,-82.988514,42.376862
3906 Garland St,2019-04-17,West End,-82.989122,42.377742
4771 Garland St,2019-04-17,West End,-82.992994,42.382312
4781 Garland St,2019-04-17,West End,-82.993092,42.38246
6133 Maxwell Ave,2019-04-17,Gratiot Town/Kettering,-83.017743,42.386095
6408 Burns St,2019-04-17,Airport Sub,-83.014284,42.389239
7678 Plainview Ave,2019-04-17,Warrendale,-83.233963,42.347952
11719 Camden Ave,2019-04-18,Ravendale,-82.988205,42.399762
12506 Kelly Rd,2019-04-18,Denby,-82.961955,42.42222
14127 Dequindre St,2019-04-18,North Campau,-83.081166,42.414517
19128 Cliff St,2019-04-18,Nortown,-83.028199,42.434412
19370 Fenmore St,2019-04-18,Greenfield,-83.218072,42.43341
19663 Fleming St,2019-04-18,Nolan,-83.07975,42.438699
19681 Lumpkin St,2019-04-18,Nolan,-83.080984,42.438951
19689 Lumpkin St,2019-04-18,Nolan,-83.080989,42.439059
19956 Lumpkin St,2019-04-18,Nolan,-83.080382,42.441111
3401 E Warren Ave,2019-04-18,Poletown East,-83.032605,42.368928
3624 E Warren Ave,2019-04-18,McDougall-Hunt,-83.029616,42.369408
3784 Northwestern St,2019-04-18,Petoskey-Otsego,-83.111734,42.35851
6232 Concord St,2019-04-18,Gratiot Town/Kettering,-83.0291,42.382899
8343 Northlawn St,2019-04-18,Barton-McFarland,-83.152171,42.356273
8561 Greenlawn St,2019-04-18,Barton-McFarland,-83.149227,42.357618
8593 Greenlawn St,2019-04-18,Barton-McFarland,-83.149258,42.358104
11060 Gratiot Ave,2019-04-22,Eden Gardens,-82.995723,42.406893
11109 Wilshire Dr,2019-04-22,Wade,-82.992814,42.405492
14906 Winthrop St,2019-04-22,Grand River-St Marys,-83.199608,42.398216
18100 Shields St,2019-04-22,Krainz Woods,-83.059246,42.427538
18111 Sunset St,2019-04-22,Krainz Woods,-83.060946,42.427643
20932 Fenkell St,2019-04-22,Brightmoor,-83.247908,42.400728
20942 Fenkell St,2019-04-22,Brightmoor,-83.24806,42.400728
2525 N La Salle Gdns,2019-04-22,LaSalle Gardens,-83.102343,42.365105
2930 Northwestern St,2019-04-22,Wildemere Park,-83.104737,42.361116
2984 Lothrop St,2019-04-22,Wildemere Park,-83.105221,42.360004000000004
31 Woodland St,2019-04-22,Gateway Community,-83.087915,42.393203
3905 Garland St,2019-04-22,West End,-82.9898,42.377476
4363 W Davison St,2019-04-22,Russell Woods,-83.138114,42.386742
4486 Garland St,2019-04-22,West End,-82.991199,42.380775
4514 Garland St,2019-04-22,West End,-82.991444,42.38113
4517 Garland St,2019-04-22,West End,-82.992065,42.380908
4642 GRANDY,2019-04-22,McDougall-Hunt,-83.036989,42.36392
7521 Milton St,2019-04-22,Airport Sub,-83.025816,42.407578
7575 Milton St,2019-04-22,Airport Sub,-83.024816,42.407586
8607 Greenlawn St,2019-04-22,Barton-McFarland,-83.149267,42.358293
13996 Burt Rd,2019-04-23,Brightmoor,-83.246282,42.387495
1941 Gladstone St,2019-04-23,Virginia Park Community,-83.0985,42.373446
1997 Clairmount St,2019-04-23,Virginia Park Community,-83.101057,42.375523
3743 Northwestern St,2019-04-23,Petoskey-Otsego,-83.110772,42.358341
3778 Northwestern St,2019-04-23,Petoskey-Otsego,-83.111622,42.358552
3922 Garland St,2019-04-23,West End,-82.989271,42.377962
4443 Garland St,2019-04-23,West End,-82.99143,42.379946
4446 Garland St,2019-04-23,West End,-82.990853,42.380274
4797 Fischer Ave,2019-04-23,Gratiot Woods,-83.00543,42.377728
5545 Hillsboro St,2019-04-23,Midwest,-83.132872,42.360549
6334 Gladys St,2019-04-23,Claytown,-83.127732,42.339989
8022 Sarena St,2019-04-23,Claytown,-83.147778,42.342552
8028 Sarena St,2019-04-23,Claytown,-83.14789,42.342549
8256 Cloverlawn St,2019-04-23,Barton-McFarland,-83.150527,42.355155
1634 Elmhurst St,2019-04-24,Dexter-Linwood,-83.106133,42.388962
18889 Maine St,2019-04-24,Northeast Central District,-83.076242,42.431733
19627 Anglin St,2019-04-24,Pershing,-83.075251,42.438312
20021 Archdale St,2019-04-24,Greenfield,-83.217493,42.439395
20519 W Seven Mile Rd,2019-04-24,Holcomb Community,-83.244645,42.429137
2503 Coplin St,2019-04-24,Riverbend,-82.954706,42.378660000000004
2527 Lamothe St,2019-04-24,LaSalle Gardens,-83.10078,42.362687
2701 Monterey St,2019-04-24,Dexter-Linwood,-83.118451,42.384408
3458 Atkinson St,2019-04-24,Dexter-Linwood,-83.117472,42.371239
6175 Doremus St,2019-04-24,Airport Sub,-83.039355,42.39918
9980 Pinehurst St,2019-04-24,Barton-McFarland,-83.1653,42.370112
11237 Corbett Ave,2019-04-25,Wade,-82.990447,42.401737
11703 Wade St,2019-04-25,Wade,-82.988887,42.400437
19176 Lumpkin St,2019-04-25,Nolan,-83.080112,42.434046
3971 Garland St,2019-04-25,West End,-82.990343,42.378287
3983 Garland St,2019-04-25,West End,-82.990442,42.378434
4465 Garland St,2019-04-25,West End,-82.991625,42.380242
6000 Van Dyke St,2019-04-25,Gratiot Town/Kettering,-83.018318,42.384312
8207 Forestlawn St,2019-04-25,Airport Sub,-83.019993,42.415049
8211 Forestlawn St,2019-04-25,Airport Sub,-83.019898,42.415091
8217 Forestlawn St,2019-04-25,Airport Sub,-83.019803,42.415134
8243 Wisconsin St,2019-04-25,Barton-McFarland,-83.154489,42.354877
8247 Greenview Ave,2019-04-25,Warrendale,-83.222647,42.353043
14616 Harper Ave,2019-04-26,Outer Drive-Hayes,-82.96205,42.405138
18204 Greeley St,2019-04-26,Hawthorne Park,-83.087185,42.428011
1995 Hazelwood St,2019-04-26,Virginia Park Community,-83.099974,42.373926
2237 E Canfield St,2019-04-26,McDougall-Hunt,-83.039487,42.361336
2900 S Edsel St,2019-04-26,Boynton,-83.16108,42.268016
3044 Cortland St,2019-04-26,Dexter-Linwood,-83.12332,42.385239
5590 Vancouver St,2019-04-26,Midwest,-83.130228,42.355413
5629 Underwood St,2019-04-26,Midwest,-83.136038,42.361002
5873 Renville St,2019-04-26,Claytown,-83.149746,42.335748
7451 Prairie St,2019-04-26,Midwest,-83.143191,42.347939
8260 Carbondale St,2019-04-26,Midwest,-83.13566,42.354009
9237 Wildemere St,2019-04-26,Dexter-Linwood,-83.11551,42.371617
9619 Plainview Ave,2019-04-26,Franklin Park,-83.235231,42.366462
10990 Wilshire Dr,2019-04-29,Wade,-82.994346,42.404257
11117 Wilshire Dr,2019-04-29,Wade,-82.992681,42.405539
11406 Camden Ave,2019-04-29,Ravendale,-82.988721,42.399088
1731 E Nevada St,2019-04-29,Hawthorne Park,-83.08545,42.425397
17336 Edinborough Rd,2019-04-29,Evergreen-Outer Drive,-83.23371,42.418116
18024 Shields St,2019-04-29,Krainz Woods,-83.059198,42.426442
18100 Justine St,2019-04-29,Krainz Woods,-83.058158,42.42753
19609 John R St,2019-04-29,Nolan,-83.102846,42.437322
2528 W Euclid St,2019-04-29,Virginia Park Community,-83.104063,42.367794
264 Lenox St,2019-04-29,Jefferson Chalmers,-82.944075,42.359859
3279 Monterey St,2019-04-29,Dexter-Linwood,-83.1235,42.382539
3280 Monterey St,2019-04-29,Dexter-Linwood,-83.123878,42.382989
3615 E Nevada St,2019-04-29,Conant Gardens,-83.06716,42.42609
3747 Pennsylvania St,2019-04-29,West End,-82.992702,42.3736
3778 Monterey St,2019-04-29,Nardin Park,-83.127445,42.38194
3933 E Nevada St,2019-04-29,Conant Gardens,-83.064362,42.426114
4597 Harding St,2019-04-29,East Canfield,-82.9906,42.382596
5020 Cooper St,2019-04-29,West End,-82.998919,42.38185
5444 Holcomb Ave,2019-04-29,Gratiot Woods,-83.005166,42.384411
5606 Oregon St,2019-04-29,Midwest,-83.129854,42.354503
5801 Rohns St,2019-04-29,Gratiot Woods,-83.008289,42.385564
6189 Field St,2019-04-29,Gratiot Town/Kettering,-83.024736,42.383839
7166 Edward,2019-04-29,Claytown,-83.129849,42.326546
7420 Joy Rd,2019-04-29,Midwest,-83.143139,42.359373
8048 Carbondale St,2019-04-29,Midwest,-83.134782,42.352767
8188 Mandalay St,2019-04-29,Midwest,-83.13831,42.354567
8359 Carbondale St,2019-04-29,Midwest,-83.137036,42.355062
8526 Kenney St,2019-04-29,Airport Sub,-83.014384,42.411699
9297 Genessee St,2019-04-29,Dexter-Linwood,-83.114852,42.372704
9343 Ravenswood St,2019-04-29,Nardin Park,-83.131673,42.366623
9349 Ravenswood St,2019-04-29,Nardin Park,-83.131619,42.366694
10980 Wilshire Dr,2019-04-30,Wade,-82.99448,42.40421
10995 Wilshire Dr,2019-04-30,Wade,-82.99469,42.404837
14888 Greenlawn St,2019-04-30,Chalfonte,-83.14996,42.399345
16878 Monica St,2019-04-30,Fitzgerald/Marygrove,-83.143723,42.415821
18411 Binder St,2019-04-30,Conant Gardens,-83.064278,42.427574
20145 Derby St,2019-04-30,Nolan,-83.104268,42.442767
5000 McClellan St,2019-04-30,West End,-83.00021,42.381206
5779 McClellan St,2019-04-30,Gratiot Woods,-83.004989,42.38694
6407 Gratiot Ave,2019-04-30,Gratiot Town/Kettering,-83.023263,42.36651
11864 Chelsea Ave,2019-05-01,Wade,-82.988603,42.405163
14449 Promenade Ave,2019-05-01,Outer Drive-Hayes,-82.969391,42.414139
18014 Chalmers St,2019-05-01,Mapleridge,-82.974794,42.428187
18032 Chalmers St,2019-05-01,Mapleridge,-82.974802,42.428493
18042 Chalmers St,2019-05-01,Mapleridge,-82.974892,42.428745
18449 Dean St,2019-05-01,Krainz Woods,-83.062069,42.428521
18854 Greeley St,2019-05-01,Hawthorne Park,-83.087325,42.431128
19209 Harned St,2019-05-01,Pershing,-83.073909,42.434503
20417 Keating St,2019-05-01,Nolan,-83.100968,42.444908
5530 Stearns St,2019-05-01,Nardin Park,-83.138039,42.373061
6951 Parkwood St,2019-05-01,Claytown,-83.128799,42.328309
9528 Chalmers St,2019-05-01,Outer Drive-Hayes,-82.967427,42.409928
11715 Glenfield Ave,2019-05-02,Gratiot-Findlay,-82.996088,42.409805
11737 Camden Ave,2019-05-02,Ravendale,-82.987852,42.399883
11855 Kilbourne Ave,2019-05-02,Eden Gardens,-82.992056,42.410145
12554 Glenfield Ave,2019-05-02,Eden Gardens,-82.985304,42.412991
13103 La Salle Blvd,2019-05-02,Dexter-Linwood,-83.118136,42.392049
147 W Montana St,2019-05-02,Grixdale Farms,-83.104843,42.42335
17893 Mitchell St,2019-05-02,Cadillac Heights,-83.072278,42.424755
18625 Marx St,2019-05-02,Northeast Central District,-83.08431,42.430008
18633 Marx St,2019-05-02,Northeast Central District,-83.084315,42.430111
19945 Hanna St,2019-05-02,Nolan,-83.090236,42.440634
20209 Hanna St,2019-05-02,Nolan,-83.090385,42.443937
20231 Derby St,2019-05-02,Nolan,-83.104313,42.443964
6363 Gladys St,2019-05-02,Claytown,-83.127912,42.339374
6391 Linsdale St,2019-05-02,Midwest,-83.140037,42.356075
8326 Central St,2019-05-02,Midwest,-83.145933,42.355827
8549 Prairie St,2019-05-02,Midwest,-83.143472,42.357708
9208 American St,2019-05-02,Midwest,-83.143799,42.363678
9214 American St,2019-05-02,Midwest,-83.143803,42.363766
99 W Montana St,2019-05-02,Grixdale Farms,-83.103955,42.423376
11003 Wilshire Dr,2019-05-03,Wade,-82.994556,42.404884
11791 Elmdale St,2019-05-03,Wade,-82.988936,42.403361
1200 Calvert St,2019-05-03,Gateway Community,-83.09714,42.385644
13340 Promenade Ave,2019-05-03,Outer Drive-Hayes,-82.974941,42.412204
14201 Maiden St,2019-05-03,Outer Drive-Hayes,-82.969726,42.407944
14227 Corbett Ave,2019-05-03,Outer Drive-Hayes,-82.969806,42.408856
1428 Calvert St,2019-05-03,Gateway Community,-83.098763,42.385058
19170 Mitchell St,2019-05-03,Pershing,-83.071965,42.434038
19264 Marx St,2019-05-03,Nolan,-83.083791,42.435219
19265 Goddard St,2019-05-03,Nolan,-83.078416,42.435239
19409 Fleming St,2019-05-03,Nolan,-83.079698,42.437012
19416 Lumpkin St,2019-05-03,Nolan,-83.080205,42.437127
19651 Tireman St,2019-05-03,Warrendale,-83.2342,42.350117
2432 S Edsel St,2019-05-03,Boynton,-83.158098,42.271569
2448 Blaine St,2019-05-03,Virginia Park Community,-83.104323,42.370787
4532 Belvidere St,2019-05-03,Gratiot Woods,-82.99884,42.377371
627 Belmont St,2019-05-03,Gateway Community,-83.07754,42.39193
641 Westminster St,2019-05-03,North End,-83.075067,42.388711
7422 Evergreen Rd,2019-05-03,Warrendale,-83.235133,42.346342
8125 Greenlawn St,2019-05-03,Barton-McFarland,-83.148997,42.353703
8333 Alpine St,2019-05-03,Midwest,-83.147598,42.35589
8628 Kentucky St,2019-05-03,Barton-McFarland,-83.156389,42.358445
8985 Birwood St,2019-05-03,Barton-McFarland,-83.163254,42.360948
11375 Evanston St,2019-05-06,Ravendale,-82.988865,42.39864
11823 Chelsea Ave,2019-05-06,Wade,-82.989641,42.405422
12545 Chelsea Ave,2019-05-06,Wade,-82.982265,42.407988
13117 La Salle Blvd,2019-05-06,Dexter-Linwood,-83.118255,42.392227
13917 Ilene St,2019-05-06,Northwest Community,-83.161977,42.38876
16170 Prairie St,2019-05-06,Fitzgerald/Marygrove,-83.144596,42.410931
19148 Marx St,2019-05-06,Nolan,-83.083743,42.433676
19190 Lumpkin St,2019-05-06,Nolan,-83.080116,42.434232
19201 Harlow St,2019-05-06,Greenfield,-83.216527,42.431545
19314 Mitchell St,2019-05-06,Pershing,-83.072079,42.435825
19325 Klinger St,2019-05-06,Pershing,-83.069659,42.436028
19376 Revere St,2019-05-06,Pershing,-83.068109,42.43673
20250 Andover St,2019-05-06,Nolan,-83.099199,42.444336
7433 Dunedin St,2019-05-06,LaSalle Gardens,-83.094175,42.364601
8048 Stahelin Ave,2019-05-06,Warrendale,-83.224254,42.351304
8640 Ashton Ave,2019-05-06,Warrendale,-83.217345,42.356632
8664 Ashton Ave,2019-05-06,Warrendale,-83.217354,42.35692
8901 Penrod St,2019-05-06,Franklin Park,-83.220472,42.35929
9086 Bryden St,2019-05-06,Midwest,-83.144832,42.362089
10685 Meuse St,2019-05-07,Yorkshire Woods,-82.941201,42.421347
13703 Glenwood St,2019-05-07,Franklin,-82.982965,42.430786
15095 Wildemere St,2019-05-07,Dexter-Fenkell,-83.132392,42.402096
16201 Beaverland St,2019-05-07,Riverdale,-83.266236,42.409458
16507 Beaverland St,2019-05-07,Riverdale,-83.266236,42.409773
172 Worcester Pl,2019-05-07,Grixdale Farms,-83.105296,42.42294
5666 Wesson St,2019-05-07,Chadsey Condon,-83.123721,42.343389
8854 Stoepel St,2019-05-07,Midwest,-83.139242,42.360201000000004
13810 E Seven Mile Rd,2019-05-08,Franklin,-82.982325,42.434748
16901 Lawton St,2019-05-08,Martin Park,-83.130716,42.416347
17145 Kentfield St,2019-05-08,Holcomb Community,-83.241529,42.415789
17315 Greeley St,2019-05-08,Cadillac Heights,-83.087551,42.420359
18633 Gallagher St,2019-05-08,Conant Gardens,-83.070034,42.430202
19197 Justine St,2019-05-08,Farwell,-83.059116,42.434671
19241 Goddard St,2019-05-08,Nolan,-83.078407,42.43493
19249 Goddard St,2019-05-08,Nolan,-83.07841,42.435033
19372 Goddard St,2019-05-08,Nolan,-83.077735,42.436579
19427 Fleming St,2019-05-08,Nolan,-83.079705,42.437259
19435 Fleming St,2019-05-08,Nolan,-83.079708,42.437349
19668 Mitchell St,2019-05-08,Pershing,-83.072264,42.438924
20 E Longwood Ave,2019-05-08,Greenfield Park,-83.101374,42.421464
20270 Moenart St,2019-05-08,Farwell,-83.050384,42.4454
8458 Ashton Ave,2019-05-08,Warrendale,-83.217301,42.355212
8495 Penrod St,2019-05-08,Warrendale,-83.220349,42.355644
9129 Bryden St,2019-05-08,Midwest,-83.145464,42.362571
9558 Manor,2019-05-08,Barton-McFarland,-83.166417,42.366951
9712 Otsego St,2019-05-08,Nardin Park,-83.12548,42.372113
13577 Trinity St,2019-05-09,Brightmoor,-83.247962,42.384871
171 W Montana St,2019-05-09,Grixdale Farms,-83.105316,42.423336
17212 Kentfield St,2019-05-09,Holcomb Community,-83.240891,42.416741
17321 Kentfield St,2019-05-09,Holcomb Community,-83.241625,42.417708
17356 Kentfield St,2019-05-09,Holcomb Community,-83.240962,42.418222
17519 Kentfield St,2019-05-09,Holcomb Community,-83.241713,42.419463
18190 Kentfield St,2019-05-09,Holcomb Community,-83.241191,42.422929
18320 Avon Ave,2019-05-09,Evergreen-Outer Drive,-83.225967,42.42442
19000 Annchester Rd,2019-05-09,Evergreen-Outer Drive,-83.235193,42.428642
19208 Stotter St,2019-05-09,Nortown,-83.025038,42.435529
19218 Stotter St,2019-05-09,Nortown,-83.025044,42.435692
19736 CHAREST,2019-05-09,Pershing,-83.071452,42.438521
19754 Avon Ave,2019-05-09,O'Hair Park,-83.226434,42.436175
3432 Eastern Pl,2019-05-09,Midwest,-83.105304,42.353295
6125 Rohns St,2019-05-09,Gratiot Town/Kettering,-83.010884,42.388713
8437 Stahelin Ave,2019-05-09,Warrendale,-83.225167,42.35471
8481 Penrod St,2019-05-09,Warrendale,-83.220342,42.355452
8515 Stahelin Ave,2019-05-09,Warrendale,-83.225205,42.355764
8601 Greenview Ave,2019-05-09,Warrendale,-83.222769,42.356047
12046 Glenfield Ave,2019-05-10,Eden Gardens,-82.991,42.411005
12244 Maiden St,2019-05-10,Wade,-82.982538,42.403032
12731 Hampshire St,2019-05-10,Ravendale,-82.976197,42.403141
12735 Filbert St,2019-05-10,Eden Gardens,-82.985857,42.418276
12748 Hampshire St,2019-05-10,Ravendale,-82.975619,42.402857
13053 Wade St,2019-05-10,Outer Drive-Hayes,-82.973969,42.405583
13072 Evanston St,2019-05-10,Outer Drive-Hayes,-82.972223,42.403047
17303 Greeley St,2019-05-10,Cadillac Heights,-83.087544,42.420194
17403 Kentfield St,2019-05-10,Holcomb Community,-83.241681,42.418833
19430 Cooley St,2019-05-10,Berg-Lahser,-83.259362,42.433226
19446 Fleming St,2019-05-10,Nolan,-83.078991,42.437518
19459 Fleming St,2019-05-10,Nolan,-83.079718,42.437657
20101 Chapel St,2019-05-10,Evergreen Lahser 7/8,-83.255373,42.439503
20240 Norwood St,2019-05-10,Farwell,-83.067539,42.444664
21151 Clarita St,2019-05-10,Holcomb Community,-83.250667000000007,42.426196
2939 Cortland St,2019-05-10,Dexter-Linwood,-83.121251,42.385409
5793 Drexel St,2019-05-10,Chandler Park,-82.969566,42.399334
8216 Kenney St,2019-05-10,Airport Sub,-83.019442,42.4098
8242 Faust Ave,2019-05-10,Warrendale,-83.220792,42.353021
8269 Faust Ave,2019-05-10,Warrendale,-83.221507,42.353355
8471 Greenview Ave,2019-05-10,Warrendale,-83.222732,42.355125
8505 Greenview Ave,2019-05-10,Warrendale,-83.222752,42.35569
8672 Brace St,2019-05-10,Warrendale,-83.223289,42.356995
14878 Greydale St,2019-05-12,Brightmoor,-83.255216,42.396588
10944 Chelsea Ave,2019-05-13,Wade,-82.994123,42.403235
10959 Chelsea Ave,2019-05-13,Wade,-82.994354,42.403785
10986 Chelsea Ave,2019-05-13,Wade,-82.99342,42.40348
12150 Forrer St,2019-05-13,Plymouth-I96,-83.200973,42.376813
12804 Hampshire St,2019-05-13,Ravendale,-82.974659,42.403147
13000 Wade St,2019-05-13,Outer Drive-Hayes,-82.974535,42.404901
13400 Camden Ave,2019-05-13,Outer Drive-Hayes,-82.969704,42.405642
14437 Camden Ave,2019-05-13,Outer Drive-Hayes,-82.965436,42.407669
14474 Camden Ave,2019-05-13,Outer Drive-Hayes,-82.96462,42.407508
14607 Prairie St,2019-05-13,Chalfonte,-83.14488,42.396925
14959 Flanders St,2019-05-13,Outer Drive-Hayes,-82.966283,42.42018
17550 Kentfield St,2019-05-13,Holcomb Community,-83.241046,42.41995
17585 Kentfield St,2019-05-13,Holcomb Community,-83.241758,42.420368
17593 Kentfield St,2019-05-13,Holcomb Community,-83.241763,42.420478
18451 Kentfield St,2019-05-13,Holcomb Community,-83.241992,42.425192
18526 Wexford St,2019-05-13,Conant Gardens,-83.064916,42.429044
18611 Schoenherr St,2019-05-13,Franklin,-82.985337,42.431427
20026 Lahser Rd,2019-05-13,Evergreen Lahser 7/8,-83.258239,42.438437
2418 Highland St,2019-05-13,Dexter-Linwood,-83.115269,42.388545
5500 Helen St,2019-05-13,Gratiot Town/Kettering,-83.02311,42.377436
5932 Stanton St,2019-05-13,NW Goldberg,-83.094435,42.356277
7595 Quinn St,2019-05-13,Grant,-83.025597,42.431394
7606 E Hildale St,2019-05-13,Grant,-83.025344,42.430055
8208 House St,2019-05-13,Nortown,-83.019946,42.434678
8429 Heyden St,2019-05-13,Warrendale,-83.238621,42.354382
8487 Faust Ave,2019-05-13,Warrendale,-83.221571,42.355381
8911 Auburn St,2019-05-13,Franklin Park,-83.233873,42.359251
10452 American St,2019-05-14,Oakman Blvd Community,-83.144094,42.373141
11072 Chelsea Ave,2019-05-14,Wade,-82.992011,42.403968
11310 Stockwell St,2019-05-14,Outer Drive-Hayes,-82.960727,42.419386
140 W Nevada St,2019-05-14,Grixdale Farms,-83.10479,42.424778
15002 Freeland St,2019-05-14,Bethune Community,-83.185138,42.399845
18442 Heyden St,2019-05-14,Holcomb Community,-83.240264,42.425117
5436 Chene St,2019-05-14,Poletown East,-83.042919,42.369453
5877 Tarnow St,2019-05-14,Claytown,-83.14047,42.338925
7559 Quinn St,2019-05-14,Grant,-83.026246,42.431373
12608 Maiden St,2019-05-15,Wade,-82.978656,42.404353
12616 Heyden St,2019-05-15,Brightmoor,-83.238384,42.37964
12640 Maiden St,2019-05-15,Wade,-82.978185,42.404514
12668 Gratiot Ave,2019-05-15,Eden Gardens,-82.987659,42.418917
12828 Camden Ave,2019-05-15,Ravendale,-82.974709,42.404
13050 Kilbourne Ave,2019-05-15,Eden Gardens,-82.979299,42.413949
13051 Kilbourne Ave,2019-05-15,Eden Gardens,-82.97965,42.414514
13061 Evanston St,2019-05-15,Outer Drive-Hayes,-82.972693,42.40338
13412 Wilshire Dr,2019-05-15,Outer Drive-Hayes,-82.973142,42.411663
14200 Corbett Ave,2019-05-15,Outer Drive-Hayes,-82.969933,42.408276
14709 Lannette St,2019-05-15,Outer Drive-Hayes,-82.970076,42.417747
14800 Wilfred St,2019-05-15,Outer Drive-Hayes,-82.969002,42.418926
15800 Liberal St,2019-05-15,Regent Park,-82.958148,42.439815
17561 Dequindre St,2019-05-15,Cadillac Heights,-83.082784,42.423021
17640 Kentfield St,2019-05-15,Holcomb Community,-83.241104000000007,42.421157
18199 Kentfield St,2019-05-15,Holcomb Community,-83.241889,42.423008
18235 Vaughan St,2019-05-15,Holcomb Community,-83.239812,42.423539
18930 Evergreen Rd,2019-05-15,Evergreen-Outer Drive,-83.238391,42.427681
19415 Stotter St,2019-05-15,Nortown,-83.02569,42.437618
19666 Orleans St,2019-05-15,Nolan,-83.085129,42.438639
3723 23rd St,2019-05-15,Chadsey Condon,-83.094573,42.337026
7556 Quinn St,2019-05-15,Grant,-83.026252,42.430849
12645 Heyden St,2019-05-16,Brightmoor,-83.238976,42.380038
12657 Heyden St,2019-05-16,Brightmoor,-83.238982,42.380178
12803 Kentfield St,2019-05-16,Brightmoor,-83.24008,42.381648
14196 Houston Whittier Ave,2019-05-16,Eden Gardens,-82.977103,42.420402
14711 Glenfield Ave,2019-05-16,Outer Drive-Hayes,-82.97042,42.418548
14807 Glenfield Ave,2019-05-16,Outer Drive-Hayes,-82.968643,42.41857
17404 Heyden St,2019-05-16,Holcomb Community,-83.239987,42.418904
17616 Evergreen Rd,2019-05-16,Evergreen-Outer Drive,-83.238108,42.420943
17624 Evergreen Rd,2019-05-16,Evergreen-Outer Drive,-83.238113,42.421053
17651 Evergreen Rd,2019-05-16,Holcomb Community,-83.238759,42.421366
18266 Vaughan St,2019-05-16,Holcomb Community,-83.239267,42.424033
18323 Evergreen Rd,2019-05-16,Holcomb Community,-83.23889,42.42409
18411 Kentfield St,2019-05-16,Holcomb Community,-83.241972,42.424628
1905 E McNichols Rd,2019-05-16,Cadillac Heights,-83.081997,42.418692
19214 Harlow St,2019-05-16,Greenfield,-83.215828,42.431784
19322 Packard St,2019-05-16,Nortown,-83.027078,42.436351
2280 Hurlbut St,2019-05-16,East Village,-82.984496,42.367293
5579 Spokane St,2019-05-16,Midwest,-83.1308,42.356628
70 Pallister St,2019-05-16,New Center Commons,-83.076794,42.373097
8860 Auburn St,2019-05-16,Franklin Park,-83.233162,42.358585
8868 Auburn St,2019-05-16,Franklin Park,-83.233164,42.358681
11033 Longview St,2019-05-17,Wade,-82.992163,42.403398
11980 Racine St,2019-05-17,Gratiot-Findlay,-82.989711,42.41835
12650 Heyden St,2019-05-17,Brightmoor,-83.238403,42.380107
12802 Stout St,2019-05-17,Brightmoor,-83.240535,42.381639
12871 Fielding St,2019-05-17,Brightmoor,-83.242338,42.382554
12936 Fielding St,2019-05-17,Brightmoor,-83.241877,42.383559
14289 Flanders St,2019-05-17,Eden Gardens,-82.97509,42.419028
14329 Chelsea Ave,2019-05-17,Outer Drive-Hayes,-82.969912,42.412275
14413 Park Grove St,2019-05-17,Mapleridge,-82.974776,42.430012
14743 Lannette St,2019-05-17,Outer Drive-Hayes,-82.969483,42.417733
14808 Lannette St,2019-05-17,Outer Drive-Hayes,-82.968162,42.417249
1641 PORTER,2019-05-17,Corktown,-83.065935,42.327242
17541 Vaughan St,2019-05-17,Holcomb Community,-83.239654,42.419808
17603 Vaughan St,2019-05-17,Holcomb Community,-83.239684,42.42067
18143 Vaughan St,2019-05-17,Holcomb Community,-83.239756,42.422289
19201 Blackstone St,2019-05-17,Evergreen Lahser 7/8,-83.251414,42.430807
19681 Charest St,2019-05-17,Pershing,-83.071839,42.439085
2709 Tuxedo St,2019-05-17,Dexter-Linwood,-83.117433,42.382708
3740 Eastern Pl,2019-05-17,Midwest,-83.107451,42.353271
4563 Tireman St,2019-05-17,Midwest,-83.116985,42.353681
525 Leicester Ct,2019-05-17,North End,-83.075865,42.386131
8635 Colfax St,2019-05-17,Midwest,-83.133296,42.358574
8800 Linwood St,2019-05-17,Virginia Park Community,-83.106706,42.370956
9059 Piedmont St,2019-05-17,Franklin Park,-83.229067,42.360325
9460 Queen St,2019-05-17,Outer Drive-Hayes,-82.96616,42.40893
11041 Roselawn St,2019-05-20,Littlefield Community,-83.150713,42.375533
11610 Cascade St,2019-05-20,Nardin Park,-83.132593,42.375498
12661 Heyden St,2019-05-20,Brightmoor,-83.238986,42.380282
12839 Stout St,2019-05-20,Brightmoor,-83.241198,42.382108
12860 Fielding St,2019-05-20,Brightmoor,-83.241705,42.382393
12881 Fielding St,2019-05-20,Brightmoor,-83.24234,42.382655
13339 Littlefield St,2019-05-20,Grand River-I96,-83.175639,42.386708
17431 Clairview St,2019-05-20,Cornerstone Village,-82.921067,42.401003
17595 Evergreen Rd,2019-05-20,Holcomb Community,-83.238733,42.420578
17615 Evergreen Rd,2019-05-20,Holcomb Community,-83.238744,42.420836
19380 Saint Aubin St,2019-05-20,Nolan,-83.081415,42.436571
19773 Greenview Ave,2019-05-20,O'Hair Park,-83.22594,42.436407
20206 Cameron St,2019-05-20,Nolan,-83.093713,42.443866
20500 Cameron St,2019-05-20,Nolan,-83.093818,42.44622
3709 Chene St,2019-05-20,McDougall-Hunt,-83.035523,42.357261
5600 Oregon St,2019-05-20,Midwest,-83.12974,42.354543
5604 Allendale St,2019-05-20,Midwest,-83.128723,42.352893
7601 E Grixdale St,2019-05-20,Grant,-83.025464,42.429696
7677 Epworth St,2019-05-20,Midwest,-83.130876,42.352803
7701 Epworth St,2019-05-20,Midwest,-83.130927,42.352875
8058 Roselawn St,2019-05-20,Barton-McFarland,-83.149389,42.352839
8126 Central St,2019-05-20,Midwest,-83.145816,42.353928
8311 Bryden St,2019-05-20,Midwest,-83.14546,42.355647
8541 Central St,2019-05-20,Midwest,-83.146648,42.357564000000004
8872 Howell St,2019-05-20,Midwest,-83.1361,42.359787
9020 American St,2019-05-20,Midwest,-83.143685,42.361126
12801 Fielding St,2019-05-21,Brightmoor,-83.242311,42.381608
12833 Fielding St,2019-05-21,Brightmoor,-83.242323,42.382025
12852 Patton St,2019-05-21,Brightmoor,-83.242748,42.38235
12872 Pierson St,2019-05-21,Brightmoor,-83.244946,42.382514
15430 Birwood St,2019-05-21,Bethune Community,-83.163778,42.404708
18050 Ryan Rd,2019-05-21,Krainz Woods,-83.062418,42.426666
3007 W Grand St,2019-05-21,Oakman Blvd Community,-83.127535,42.392712
3929 Chatsworth St,2019-05-21,Morningside,-82.940866,42.392362
4750 Chene St,2019-05-21,McDougall-Hunt,-83.039594,42.364431
4756 Chene St,2019-05-21,McDougall-Hunt,-83.039643,42.364503
7545 E Robinwood St,2019-05-21,Grant,-83.026539,42.43237
10531 Haverhill St,2019-05-22,Outer Drive-Hayes,-82.959072,42.414186
13919 Robson St,2019-05-22,Cadillac Community,-83.192914,42.387572
15035 Hazelridge St,2019-05-22,Mapleridge,-82.966856,42.425012
17124 Munich St,2019-05-22,Cornerstone Village,-82.926848,42.402655
18130 Stout St,2019-05-22,Holcomb Community,-83.242352,42.422038
18171 Stout St,2019-05-22,Holcomb Community,-83.243077,42.422594
18526 Pierson St,2019-05-22,Holcomb Community,-83.24689,42.426088
18622 Riverview St,2019-05-22,Seven Mile-Rouge,-83.274879,42.426199
18740 Greenview Ave,2019-05-22,Evergreen-Outer Drive,-83.225006,42.428816
19165 Mackay St,2019-05-22,Nolan,-83.077148,42.433882
19181 Mackay St,2019-05-22,Nolan,-83.077154,42.434091
19183 Wexford St,2019-05-22,Pershing,-83.065458,42.434292
19452 Fleming St,2019-05-22,Nolan,-83.078995,42.437642
2107 McGraw St,2019-05-22,Elijah McCoy,-83.090619,42.358248
273 W Nevada St,2019-05-22,Grixdale Farms,-83.107062,42.42393
7553 E Robinwood St,2019-05-22,Grant,-83.026409,42.432373
7607 Stockton St,2019-05-22,Grant,-83.025294,42.428889
7634 E Brentwood St,2019-05-22,Grant,-83.024875,42.432793
8040 Sarena St,2019-05-22,Claytown,-83.148111,42.342543
8299 Carbondale St,2019-05-22,Midwest,-83.136447,42.354351
999 E Brentwood St,2019-05-22,Hawthorne Park,-83.092928,42.431985
12350 Chelsea Ave,2019-05-23,Wade,-82.982974,42.407127
12824 Patton St,2019-05-23,Brightmoor,-83.242738,42.381994
12837 Pierson St,2019-05-23,Brightmoor,-83.245631,42.382042
12857 Patton St,2019-05-23,Brightmoor,-83.243354,42.382383
13537 Braile St,2019-05-23,Brightmoor,-83.244511,42.384354
176 W Savannah St,2019-05-23,Grixdale Farms,-83.105483,42.425569
18968 Riverview St,2019-05-23,Seven Mile-Rouge,-83.274948,42.427652
18969 Riverview St,2019-05-23,Seven Mile-Rouge,-83.275747,42.427637
19252 Eureka St,2019-05-23,Farwell,-83.057588,42.435465
19339 Goddard St,2019-05-23,Nolan,-83.078441,42.436025
4576 Farmbrook St,2019-05-23,Cornerstone Village,-82.917626,42.407523
88 W Brentwood St,2019-05-23,Grixdale Farms,-83.104106,42.431652
952 E Hildale St,2019-05-23,Hawthorne Park,-83.093306,42.428427
124 W Savannah St,2019-05-24,Grixdale Farms,-83.104551,42.425586
12829 Pierson St,2019-05-24,Brightmoor,-83.245608,42.381927
12866 Patton St,2019-05-24,Brightmoor,-83.242753,42.382523
13500 Patton St,2019-05-24,Brightmoor,-83.242808,42.383944
13542 Pierson St,2019-05-24,Brightmoor,-83.245016,42.384484
17162 Greeley St,2019-05-24,Cadillac Heights,-83.086821,42.41925
17168 Greeley St,2019-05-24,Cadillac Heights,-83.086826,42.419331
1722 Victor St,2019-05-24,North Campau,-83.080966,42.412311
18527 Margareta St,2019-05-24,Evergreen-Outer Drive,-83.224665,42.426453
18934 Pierson St,2019-05-24,Holcomb Community,-83.24707,42.42749
19314 Goddard St,2019-05-24,Nolan,-83.077708,42.435695
19361 Fleming St,2019-05-24,Nolan,-83.079677,42.436354
19810 Fenmore St,2019-05-24,Greenfield,-83.218242,42.437011
2230 Clements St,2019-05-24,Oakman Blvd Community,-83.117355,42.396063
232 W Margaret St,2019-05-24,Grixdale Farms,-83.106531,42.42629
2689 Elmhurst St,2019-05-24,Dexter-Linwood,-83.117623,42.383625
2753 Hazelwood St,2019-05-24,Jamison,-83.109936,42.370317
3202 Joy Rd,2019-05-24,Dexter-Linwood,-83.114055,42.371757
4048 Neff Ave,2019-05-24,Cornerstone Village,-82.920103,42.40116
9675 American St,2019-05-24,Midwest,-83.144889,42.36894
10712 BEACONSFIELD,2019-05-28,Yorkshire Woods,-82.949077,42.419865
11241 Wayburn St,2019-05-28,Denby,-82.954426,42.420673
12026 Findlay St,2019-05-28,Gratiot-Findlay,-82.995093,42.414975
12510 Laurel St,2019-05-28,Mapleridge,-82.982182,42.4224
12800 Pierson St,2019-05-28,Brightmoor,-83.244933,42.381558
12810 Pierson St,2019-05-28,Brightmoor,-83.244933,42.381657
12854 Burt Rd,2019-05-28,Brightmoor,-83.246118,42.382307
12884 Patton St,2019-05-28,Brightmoor,-83.242773,42.3828
13528 Pierson St,2019-05-28,Brightmoor,-83.24501,42.384274
13542 Trinity St,2019-05-28,Brightmoor,-83.247328,42.384417
13550 Trinity St,2019-05-28,Brightmoor,-83.247331,42.38451
13576 Westbrook St,2019-05-28,Brightmoor,-83.249699,42.384838
13633 Orleans St,2019-05-28,North Campau,-83.080664,42.412153000000004
15397 Birwood St,2019-05-28,Bethune Community,-83.164398,42.404068
15472 Birwood St,2019-05-28,Bethune Community,-83.163801,42.405285
172 W Margaret St,2019-05-28,Grixdale Farms,-83.105443,42.426317
18155 Fleming St,2019-05-28,Northeast Central District,-83.079434,42.427949
18506 Fielding St,2019-05-28,Holcomb Community,-83.243753,42.425922
18546 Fleming St,2019-05-28,Northeast Central District,-83.078889,42.429005
18919 Mackay St,2019-05-28,Northeast Central District,-83.077377,42.432173
19144 Goddard St,2019-05-28,Nolan,-83.077642,42.433575
19213 Mackay St,2019-05-28,Nolan,-83.077168,42.434516
19272 Mackay St,2019-05-28,Nolan,-83.076471,42.435351
19615 Fleming St,2019-05-28,Nolan,-83.07973,42.438065
19788 Fenmore St,2019-05-28,Greenfield,-83.218229,42.436697
20082 Fenmore St,2019-05-28,Greenfield,-83.218008,42.440259
20472 Keating St,2019-05-28,Nolan,-83.100348,42.445701
2916 Clements St,2019-05-28,Oakman Blvd Community,-83.125828,42.392931
34 W Savannah St,2019-05-28,Grixdale Farms,-83.102856,42.425626
475 W State Fair St,2019-05-28,Penrose,-83.108949,42.439207
51 W Nevada St,2019-05-28,Grixdale Farms,-83.103106,42.424317
10219 Lanark St,2019-05-29,Yorkshire Woods,-82.936885,42.420184
11415 Grayton St,2019-05-29,Denby,-82.953739,42.421697
12046 Abington Ave,2019-05-29,Plymouth-I96,-83.210557,42.375274
12789 Kentucky St,2019-05-29,Littlefield Community,-83.158168,42.383441
12824 Pierson St,2019-05-29,Brightmoor,-83.244928,42.381866
12890 Burt Rd,2019-05-29,Brightmoor,-83.246132,42.382805
13550 Chapel St,2019-05-29,Brightmoor,-83.252224,42.384417
13570 Westbrook St,2019-05-29,Brightmoor,-83.249696,42.384745
13606 Cheyenne St,2019-05-29,Grand River-I96,-83.17374,42.387275
14123 Monte Vista St,2019-05-29,Northwest Community,-83.167013,42.390521
14528 Coram St,2019-05-29,Regent Park,-82.972678,42.437799
1525 Belvidere St,2019-05-29,East Village,-82.987731,42.36093
1623 Gray St,2019-05-29,Riverbend,-82.956678,42.374017
1627 Gray St,2019-05-29,Riverbend,-82.95675,42.374128
17371 Kentfield St,2019-05-29,Holcomb Community,-83.241659,42.41838
18073 Westphalia St,2019-05-29,Von Steuben,-82.992523,42.428604
18625 Bentler St,2019-05-29,Holcomb Community,-83.253643,42.425622
19000 Fielding St,2019-05-29,Holcomb Community,-83.243898,42.428429
19199 Patton St,2019-05-29,Evergreen Lahser 7/8,-83.245501,42.430933
20292 Fenmore St,2019-05-29,Greenfield,-83.218081,42.442179
20419 Andover St,2019-05-29,Nolan,-83.099883,42.444944
20473 Yacama Rd,2019-05-29,Nolan,-83.097711,42.445752
2216 Marlborough St,2019-05-29,Riverbend,-82.947676,42.380739
3211 E McNichols Rd,2019-05-29,Cadillac Heights,-83.068546,42.418917
433 Erle St,2019-05-29,Grixdale Farms,-83.1076,42.424737
72 Englewood St,2019-05-29,Gateway Community,-83.086296,42.392149
8170 Edgewood Ave,2019-05-29,Airport Sub,-83.019561,42.397149
8206 Lyford St,2019-05-29,Airport Sub,-83.019591,42.408063
9670 Bessemore St,2019-05-29,Airport Sub,-83.005695,42.394788
11240 Maiden St,2019-05-30,Wade,-82.991078,42.400078
11265 Maiden St,2019-05-30,Wade,-82.990984,42.400627
140 Collingwood St,2019-05-30,Gateway Community,-83.089393,42.389591
17623 Evergreen Rd,2019-05-30,Holcomb Community,-83.238742,42.420982
18053 Mackay St,2019-05-30,Northeast Central District,-83.077166,42.426629
18058 Mackay St,2019-05-30,Northeast Central District,-83.076566,42.426712
18911 Edinborough Rd,2019-05-30,Evergreen-Outer Drive,-83.234727,42.427497
18922 Annchester Rd,2019-05-30,Evergreen-Outer Drive,-83.235148,42.427634
1994 Clements St,2019-05-30,Oakman Blvd Community,-83.115628,42.396705
19994 Hawthorne St,2019-05-30,Nolan,-83.092581,42.441246
20001 Hamburg St,2019-05-30,Conner Creek,-82.997995,42.44381
205 W Greendale St,2019-05-30,Grixdale Farms,-83.106063,42.426619
235 W Greendale St,2019-05-30,Grixdale Farms,-83.106618,42.426605
7638 Desoto St,2019-05-30,Chalfonte,-83.147506,42.401343
13138 Tuller St,2019-05-31,Oakman Blvd Community,-83.146025,42.384586
13500 Orleans St,2019-05-31,North Campau,-83.079062,42.410699
13525 Burt Rd,2019-05-31,Brightmoor,-83.246892,42.384156
13530 Bentler St,2019-05-31,Brightmoor,-83.251,42.38416
13555 Halley St,2019-05-31,Brightmoor,-83.25427,42.384537
13851 McDougall St,2019-05-31,North Campau,-83.068777,42.416549
14053 Fairmount Dr,2019-05-31,Mohican Regent,-82.978987,42.444429
14572 Tuller St,2019-05-31,Chalfonte,-83.146468,42.396498
14600 Tuller St,2019-05-31,Chalfonte,-83.146466,42.396856
15764 Kentucky St,2019-05-31,Fitzgerald/Marygrove,-83.158494,42.407126
18075 Albany St,2019-05-31,Krainz Woods,-83.044969,42.427392
18484 Vaughan St,2019-05-31,Holcomb Community,-83.239334,42.425688
18516 Plainview Ave,2019-05-31,Evergreen-Outer Drive,-83.237264,42.426172
18622 Saint Aubin St,2019-05-31,Northeast Central District,-83.081117,42.430058
18641 Lumpkin St,2019-05-31,Northeast Central District,-83.080623,42.430339
18834 Fleming St,2019-05-31,Northeast Central District,-83.078969,42.431039
18835 Fleming St,2019-05-31,Northeast Central District,-83.079567,42.431077
18840 Fleming St,2019-05-31,Northeast Central District,-83.078971,42.431121
19000 Plainview Ave,2019-05-31,Evergreen-Outer Drive,-83.237372,42.428641
19475 Stout St,2019-05-31,Evergreen Lahser 7/8,-83.243668,42.43419
19499 Stout St,2019-05-31,Evergreen Lahser 7/8,-83.243667,42.434501
19717 Patton St,2019-05-31,Evergreen Lahser 7/8,-83.245661,42.435211
19923 Faust Ave,2019-05-31,O'Hair Park,-83.224962,42.437764
20101 Faust Ave,2019-05-31,O'Hair Park,-83.225049,42.440294
20115 Archdale St,2019-05-31,Greenfield,-83.217544,42.440712
20259 Archdale St,2019-05-31,Greenfield,-83.217583,42.441753
21192 Margareta St,2019-05-31,Holcomb Community,-83.251374,42.425536
4200 Guilford St,2019-05-31,Cornerstone Village,-82.923321,42.401964
4353 Guilford St,2019-05-31,Cornerstone Village,-82.924555,42.402794
635 Philip St,2019-05-31,Jefferson Chalmers,-82.939937,42.369728
9383 Cascade St,2019-05-31,Nardin Park,-83.128709,42.368852
11766 Camden Ave,2019-06-03,Ravendale,-82.987091,42.399613
13522 Bentler St,2019-06-03,Brightmoor,-83.250997,42.384067
13537 Bentler St,2019-06-03,Brightmoor,-83.251715,42.38424
13540 Burt Rd,2019-06-03,Brightmoor,-83.246176,42.384389
13550 Halley St,2019-06-03,Brightmoor,-83.25355,42.384195
13564 Westbrook St,2019-06-03,Brightmoor,-83.249694,42.384652
16233 Ilene St,2019-06-03,Fitzgerald/Marygrove,-83.162548,42.4116
18020 Gilchrist St,2019-06-03,College Park,-83.211927,42.421456
18148 Mackay St,2019-06-03,Northeast Central District,-83.076607,42.427947
18148 Vaughan St,2019-06-03,Holcomb Community,-83.239194,42.422401
18152 Mackay St,2019-06-03,Northeast Central District,-83.076612,42.428112
18581 Heyden St,2019-06-03,Holcomb Community,-83.24096,42.426972
18630 Brinker St,2019-06-03,Northeast Central District,-83.073563,42.43014
18696 Stahelin Ave,2019-06-03,Evergreen-Outer Drive,-83.227187,42.428156
19126 Hershey St,2019-06-03,Penrose,-83.110888,42.432666
19127 Hershey St,2019-06-03,Penrose,-83.111449,42.432663
19132 Hershey St,2019-06-03,Penrose,-83.110891,42.432748
19133 Hershey St,2019-06-03,Penrose,-83.111451,42.432745
19507 Stout St,2019-06-03,Evergreen Lahser 7/8,-83.243671,42.434617
19783 Stout St,2019-06-03,Evergreen Lahser 7/8,-83.243727,42.436106
20027 Hamburg St,2019-06-03,Conner Creek,-82.998008,42.444139
20059 Archdale St,2019-06-03,Greenfield,-83.217515,42.439944
20082 Hamburg St,2019-06-03,Conner Creek,-82.997319,42.444923
4409 THREE MILE DR,2019-06-03,Morningside,-82.937186,42.398004
7627 Chalfonte St,2019-06-03,Chalfonte,-83.147235,42.400086
10135 Boleyn St,2019-06-04,Yorkshire Woods,-82.94262,42.418081
11405 Freeland St,2019-06-04,Plymouth-Hubbell,-83.184408,42.371946
11631 Indiana St,2019-06-04,Grand River-I96,-83.156751,42.374034
11661 Strathmoor St,2019-06-04,Plymouth-Hubbell,-83.186899,42.373802
12814 Braile St,2019-06-04,Brightmoor,-83.243821,42.381795
13465 Lumpkin St,2019-06-04,North Campau,-83.075736,42.411402
13618 Fielding St,2019-06-04,Brightmoor,-83.241811,42.385525
13980 Blackstone St,2019-06-04,Brightmoor,-83.248506,42.387283
14035 Burgess St,2019-06-04,Brightmoor,-83.254253,42.388182
145 W Greendale St,2019-06-04,Grixdale Farms,-83.104952,42.426647
15030 Lamphere St,2019-06-04,Brightmoor,-83.26131,42.398076
15506 Kentucky St,2019-06-04,Fitzgerald/Marygrove,-83.158452,42.405896
18110 Lumpkin St,2019-06-04,Northeast Central District,-83.079903,42.427399
185 W Greendale St,2019-06-04,Grixdale Farms,-83.105693,42.426628
18688 Glastonbury Rd,2019-06-04,Evergreen-Outer Drive,-83.222578,42.428142
18925 Fleming St,2019-06-04,Northeast Central District,-83.079606,42.432283
18960 Stout St,2019-06-04,Holcomb Community,-83.24266,42.427977
19156 Saint Aubin St,2019-06-04,Nolan,-83.081329,42.433821
19379 Huntington Rd,2019-06-04,O'Hair Park,-83.233848,42.433167
19497 Trinity St,2019-06-04,Evergreen Lahser 7/8,-83.250356,42.434346
20020 Glastonbury Rd,2019-06-04,O'Hair Park,-83.223116,42.439243
21311 Clarita St,2019-06-04,Holcomb Community,-83.252308,42.426081
5914 Hereford St,2019-06-04,Cornerstone Village,-82.927741,42.415311
65 W Greendale St,2019-06-04,Grixdale Farms,-83.103472,42.426684
10351 Roxbury St,2019-06-05,Outer Drive-Hayes,-82.955816,42.414038
12145 Wade St,2019-06-05,Wade,-82.98387,42.402187
12744 Tuller St,2019-06-05,Oakman Blvd Community,-83.145958,42.383133
13456 Syracuse St,2019-06-05,Davison,-83.044418,42.416307
14012 Chapel St,2019-06-05,Brightmoor,-83.252367,42.387579
14041 Blackstone St,2019-06-05,Brightmoor,-83.249217,42.388109
14046 Blackstone St,2019-06-05,Brightmoor,-83.248542,42.388216
14622 Trinity St,2019-06-05,Brightmoor,-83.24769,42.395024
17136 Brush St,2019-06-05,Greenfield Park,-83.097129,42.418604
18645 Anglin St,2019-06-05,Northeast Central District,-83.075175,42.430329
19145 Ashton Ave,2019-06-05,O'Hair Park,-83.220894,42.430707
19941 Hamburg St,2019-06-05,Conner Creek,-82.997937,42.442867
19958 Hamburg St,2019-06-05,Conner Creek,-82.99725,42.443201
20090 Rosemont Ave,2019-06-05,O'Hair Park,-83.221984,42.440267
2974 S Beatrice St,2019-06-05,Boynton,-83.157643,42.265204
3233 S Edsel St,2019-06-05,Boynton,-83.163478,42.264396
3461 S Bassett St,2019-06-05,Boynton,-83.157579,42.259403
3759 S Ethel St,2019-06-05,Boynton,-83.160661,42.257168
720 Beard St,2019-06-05,Delray,-83.110801,42.304023
9321 Yellowstone St,2019-06-05,Nardin Park,-83.129122,42.367773
9329 Yellowstone St,2019-06-05,Nardin Park,-83.129172,42.367847
12345 Maiden St,2019-06-06,Wade,-82.981174,42.404015
14254 Fordham St,2019-06-06,Mapleridge,-82.976223,42.434107
17161 Archdale St,2019-06-06,College Park,-83.217045,42.416536
18011 Schoenherr St,2019-06-06,Franklin,-82.985189,42.427947
18821 Pembroke Ave,2019-06-06,O'Hair Park,-83.227339,42.436859
19925 Hamburg St,2019-06-06,Conner Creek,-82.997923,42.442517
19950 Stahelin Ave,2019-06-06,O'Hair Park,-83.227817,42.438273
19961 Hawthorne St,2019-06-06,Nolan,-83.093157,42.440778
20080 Southfield Service Drive,2019-06-06,Greenfield,-83.219147,42.440148
4510 Farmbrook St,2019-06-06,Cornerstone Village,-82.917086,42.406704
4867 Guilford St,2019-06-06,Cornerstone Village,-82.926806,42.4062
6355 Regular St,2019-06-06,Central Southwest,-83.108268,42.31146
12787 Santa Rosa Dr,2019-06-07,Oakman Blvd Community,-83.14189,42.383813
12822 Stout St,2019-06-07,Brightmoor,-83.240541,42.381927
14110 Blackstone St,2019-06-07,Brightmoor,-83.24856,42.38865
14528 Trinity St,2019-06-07,Brightmoor,-83.247642,42.393714
1655 S Liebold St,2019-06-07,Boynton,-83.151312,42.276375
18452 Westphalia St,2019-06-07,Von Steuben,-82.991882,42.430136
18651 Pembroke Ave,2019-06-07,O'Hair Park,-83.22661,42.436869
18763 Stahelin Ave,2019-06-07,Evergreen-Outer Drive,-83.227868,42.429035
1926 S Electric St,2019-06-07,Boynton,-83.154912,42.274001
19457 Hawthorne St,2019-06-07,Nolan,-83.093039,42.437304
19469 Evergreen Rd,2019-06-07,Evergreen Lahser 7/8,-83.239357,42.434198
19709 Hamburg St,2019-06-07,Pulaski,-82.997911,42.440489
19969 Barlow St,2019-06-07,Conner Creek,-82.99675,42.443444
21331 Santa Clara Ave,2019-06-07,Holcomb Community,-83.251722,42.418633
3834 Mohawk St,2019-06-07,Chadsey Condon,-83.104251,42.343578
4337 Neff Ave,2019-06-07,Cornerstone Village,-82.92243,42.403298
4347 Trenton St,2019-06-07,Claytown,-83.14578,42.327279
4585 Radnor St,2019-06-07,Cornerstone Village,-82.917417,42.407888
4645 32nd St,2019-06-07,Chadsey Condon,-83.114609,42.337837
4780 23rd St,2019-06-07,Chadsey Condon,-83.098099,42.343926
7266 Logan St,2019-06-07,Springwells,-83.119642,42.30872
1503 Garland St,2019-06-08,East Village,-82.980346,42.364233
12607 Corbett Ave,2019-06-10,Wade,-82.97947,42.405531
13334 Fenkell St,2019-06-10,Bethune Community,-83.176569,42.402357
13949 Bentler St,2019-06-10,Brightmoor,-83.251802,42.386856
14003 Burt Rd,2019-06-10,Brightmoor,-83.246975,42.387617
14159 Blackstone St,2019-06-10,Brightmoor,-83.249248,42.389292
14165 Blackstone St,2019-06-10,Brightmoor,-83.249253,42.389432
14190 Blackstone St,2019-06-10,Brightmoor,-83.2486,42.389775
14259 Trinity St,2019-06-10,Brightmoor,-83.24816,42.390711
14260 Blackstone St,2019-06-10,Brightmoor,-83.248637,42.390702
14351 Trinity St,2019-06-10,Brightmoor,-83.248195,42.391636
14385 Trinity St,2019-06-10,Brightmoor,-83.248213,42.392103
19196 Houghton St,2019-06-10,Berg-Lahser,-83.260544,42.430565
21511 Barbara St,2019-06-10,Brightmoor,-83.253202,42.387048
21537 Barbara St,2019-06-10,Brightmoor,-83.253562,42.38723
4029 Scotten St,2019-06-10,Chadsey Condon,-83.105209,42.336048
4235 Neff Ave,2019-06-10,Cornerstone Village,-82.921609,42.402054
4415 24th St,2019-06-10,Chadsey Condon,-83.09853,42.34104
4445 23rd St,2019-06-10,Chadsey Condon,-83.097622,42.341738
4511 Radnor St,2019-06-10,Cornerstone Village,-82.916835,42.406999
5016 32nd St,2019-06-10,Chadsey Condon,-83.1159,42.340536
800 Ashland St,2019-06-10,Jefferson Chalmers,-82.938358,42.372422
9104 Chamberlain St,2019-06-10,Springwells,-83.130529,42.300477
9126 Homer St,2019-06-10,Springwells,-83.131907,42.301782
118 W Montana St,2019-06-11,Grixdale Farms,-83.104315,42.423872
120 W Savannah St,2019-06-11,Grixdale Farms,-83.104417,42.425593
12745 Corbett Ave,2019-06-11,Wade,-82.977808,42.40611
13553 Monica St,2019-06-11,Oakman Blvd Community,-83.143117,42.387263
14407 Trinity St,2019-06-11,Brightmoor,-83.248224,42.392383
14809 Hazelridge St,2019-06-11,Mapleridge,-82.969749,42.424974
18969 Patton St,2019-06-11,Holcomb Community,-83.245585,42.428008
19935 Barlow St,2019-06-11,Conner Creek,-82.996721,42.442747
21355 Santa Clara Ave,2019-06-11,Holcomb Community,-83.252166,42.418624
4024 Clements St,2019-06-11,Oakman Blvd Community,-83.134511,42.389695
4088 Clements St,2019-06-11,Oakman Blvd Community,-83.135568,42.389296
4603 Neff Ave,2019-06-11,Cornerstone Village,-82.923985,42.405749
6328 Pittsburg St,2019-06-11,Claytown,-83.12877,42.341618
7610 E Brentwood St,2019-06-11,Grant,-83.025319,42.432783
13016 Longview St,2019-06-12,Outer Drive-Hayes,-82.976349,42.40821
13048 Elmdale St,2019-06-12,Outer Drive-Hayes,-82.975212,42.407457
13336 Fenkell St,2019-06-12,Bethune Community,-83.176646,42.402357
13338 Fenkell St,2019-06-12,Bethune Community,-83.176762,42.402357
14000 Burt Rd,2019-06-12,Brightmoor,-83.24631,42.387606
14057 Bentler St,2019-06-12,Brightmoor,-83.251842,42.387872
14179 Trinity St,2019-06-12,Brightmoor,-83.248119,42.389595
14200 Blackstone St,2019-06-12,Brightmoor,-83.248605,42.389864
18601 GREENFIELD,2019-06-12,College Park,-83.199802,42.426842
18603 Greenfield Rd,2019-06-12,College Park,-83.200098,42.426927
19735 Orleans St,2019-06-12,Nolan,-83.085869,42.43957
19964 Wexford St,2019-06-12,Farwell,-83.06534,42.44151
20100 Cameron St,2019-06-12,Nolan,-83.093654,42.442426
20123 Danbury St,2019-06-12,Nolan,-83.106396,42.442434
3815 McGraw St,2019-06-12,Midwest,-83.107564,42.349348
4998 31st St,2019-06-12,Chadsey Condon,-83.114601,42.340767
6427 McGraw St,2019-06-12,Claytown,-83.129114,42.339892999999996
13134 Montville Pl,2019-06-13,Dexter-Linwood,-83.115625,42.393256
13176 Montville Pl,2019-06-13,Dexter-Linwood,-83.116078,42.393732
14010 Burt Rd,2019-06-13,Brightmoor,-83.24629,42.387714
14171 Trinity St,2019-06-13,Brightmoor,-83.248114,42.389496
17208 Chapel St,2019-06-13,Holcomb Community,-83.25355,42.416378
18100 Ryan Rd,2019-06-13,Krainz Woods,-83.062458,42.427377
19930 Barlow St,2019-06-13,Conner Creek,-82.996018,42.442678
20036 Strasburg St,2019-06-13,Conner Creek,-82.998486,42.444237
20175 Greeley St,2019-06-13,Nolan,-83.088392,42.443488
2690 Wreford St,2019-06-13,NW Goldberg,-83.099651,42.357474
3119 Fenkell St,2019-06-13,Dexter-Fenkell,-83.131447,42.402645
4048 W Grand St,2019-06-13,Oakman Blvd Community,-83.135383,42.390318
4327 Berkshire St,2019-06-13,Morningside,-82.942066,42.395967
4532 24th St,2019-06-13,Chadsey Condon,-83.098841,42.342645
4591 Radnor St,2019-06-13,Cornerstone Village,-82.917481,42.407987
5393 31st St,2019-06-13,Chadsey Condon,-83.11773,42.343887
5635 Lumley St,2019-06-13,Claytown,-83.144053,42.334813
6064 14th St,2019-06-13,Elijah McCoy,-83.091779,42.359089
13944 Trinity St,2019-06-14,Brightmoor,-83.247406,42.386796
14016 Burt Rd,2019-06-14,Brightmoor,-83.246294,42.387824
14150 Trinity St,2019-06-14,Brightmoor,-83.247497,42.389186
14170 Trinity St,2019-06-14,Brightmoor,-83.247507,42.389469
14839 Wildemere St,2019-06-14,Dexter-Fenkell,-83.132281,42.39955
179 Worcester Pl,2019-06-14,Grixdale Farms,-83.105417,42.422446
18111 Pelkey St,2019-06-14,Franklin,-82.986443,42.429181
19240 Schoolcraft St,2019-06-14,Westwood Park,-83.230492,42.386652
19968 Strasburg St,2019-06-14,Conner Creek,-82.998468,42.443424
215 W Greendale St,2019-06-14,Grixdale Farms,-83.106248,42.426615
3765 Pasadena St,2019-06-14,Oakman Blvd Community,-83.133505,42.391404
4110 W Grand St,2019-06-14,Oakman Blvd Community,-83.136431,42.389922
4875 Radnor St,2019-06-14,Cornerstone Village,-82.918452,42.409435
5907 Elmer St,2019-06-14,Claytown,-83.146657,42.336935
6609 Roosevelt St,2019-06-14,Midwest,-83.106912,42.353212
9155 Woodward Ave,2019-06-14,Piety Hill,-83.082656,42.383277
5814 Chene St,2019-06-15,Poletown East,-83.0448,42.372333
19197 Gallagher St,2019-06-17,Pershing,-83.070562,42.434388
19303 Dresden St,2019-06-17,Pulaski,-83.000213,42.436507
19535 Annott St,2019-06-17,Pulaski,-83.002754,42.438706
20277 Caldwell St,2019-06-17,Farwell,-83.047817,42.445507
4589 Farmbrook St,2019-06-17,Cornerstone Village,-82.918237,42.40746
469 W State Fair St,2019-06-17,Penrose,-83.108838,42.439211
5044 Lodewyck St,2019-06-17,Cornerstone Village,-82.920561,42.410322
6332 Beechton St,2019-06-17,Midwest,-83.13217,42.346111
6337 Majestic St,2019-06-17,Midwest,-83.134659,42.349468
75 W Savannah St,2019-06-17,Grixdale Farms,-83.10361,42.42519
10015 Cheyenne St,2019-06-18,Barton-McFarland,-83.174566,42.370018
1105 Baldwin St,2019-06-18,Islandview,-83.000607,42.353328
12237 Ward St,2019-06-18,Pride Area Community,-83.173609,42.378007
12720 Hartwell St,2019-06-18,Pride Area Community,-83.176504,42.382087
13539 Tuller St,2019-06-18,Oakman Blvd Community,-83.146753,42.386975
14247 Burt Rd,2019-06-18,Brightmoor,-83.247089,42.390593
15391 Wildemere St,2019-06-18,Pilgrim Village,-83.132677,42.404449
17208 Patton St,2019-06-18,Holcomb Community,-83.244465,42.416579
3225 Pasadena St,2019-06-18,Oakman Blvd Community,-83.129393,42.392945
3233 Doris St,2019-06-18,Oakman Blvd Community,-83.131677,42.396102
3973 16th St,2019-06-18,Core City,-83.085681,42.342399
4207 17th St,2019-06-18,Core City,-83.087302,42.34268
4323 Pasadena St,2019-06-18,Oakman Blvd Community,-83.13891,42.389366
5037 Lodewyck St,2019-06-18,Cornerstone Village,-82.921044,42.410018
5660 Stanton St,2019-06-18,NW Goldberg,-83.093078,42.354115
58 W Montana St,2019-06-18,Grixdale Farms,-83.103205,42.423906
6346 Clifton St,2019-06-18,Midwest,-83.134617,42.349057
7593 Sarena St,2019-06-18,Claytown,-83.145321,42.342161
8077 Smart St,2019-06-18,Claytown,-83.147823,42.338251
8083 Smart St,2019-06-18,Claytown,-83.147921,42.338212
11716 Steel St,2019-06-19,Pride Area Community,-83.170307,42.374872
14024 Burt Rd,2019-06-19,Brightmoor,-83.246298,42.387934
14100 Burt Rd,2019-06-19,Brightmoor,-83.246327,42.388678
14116 Trinity St,2019-06-19,Brightmoor,-83.247481,42.388766
14125 Burt Rd,2019-06-19,Brightmoor,-83.247023,42.388865
14135 Burt Rd,2019-06-19,Brightmoor,-83.247028,42.389003
1579 Temple St,2019-06-19,North Corktown,-83.072047,42.337229
17577 Fielding St,2019-06-19,Holcomb Community,-83.244174,42.420188
18230 Patton St,2019-06-19,Holcomb Community,-83.244803,42.423344
19480 Stout St,2019-06-19,Evergreen Lahser 7/8,-83.243026,42.43422
20322 Lyndon St,2019-06-19,Brightmoor,-83.240859,42.393631
20919 Fenkell St,2019-06-19,Brightmoor,-83.247584,42.400278
6573 Mather St,2019-06-19,Claytown,-83.146867,42.34179
10000 Iris St,2019-06-20,Barton-McFarland,-83.169567,42.36993
11359 Cheyenne St,2019-06-20,Barton-McFarland,-83.174611,42.3716
12426 Laurel St,2019-06-20,Mapleridge,-82.982213,42.421931
12948 Pierson St,2019-06-20,Brightmoor,-83.24499,42.383576
13529 Pierson St,2019-06-20,Brightmoor,-83.245693,42.384261
14615 Faircrest St,2019-06-20,Mapleridge,-82.97222,42.432343
15827 Muirland St,2019-06-20,Pilgrim Village,-83.133831,42.408247
17540 Trinity St,2019-06-20,Holcomb Community,-83.248888,42.41961
18185 Fielding St,2019-06-20,Holcomb Community,-83.244303,42.422756
19216 Bloom St,2019-06-20,Farwell,-83.04887,42.435169
19353 Algonac St,2019-06-20,Pulaski,-83.010494,42.437117
19444 Runyon St,2019-06-20,Pulaski,-83.006638,42.438504
19646 Runyon St,2019-06-20,Pulaski,-83.006666,42.439335
3549 Bluehill St,2019-06-20,Cornerstone Village,-82.922224,42.397405
3672 Bedford St,2019-06-20,Morningside,-82.934875,42.393288
3911 Haverhill St,2019-06-20,Morningside,-82.937927,42.393207
4530 Guilford St,2019-06-20,Cornerstone Village,-82.924859,42.404333
4631 University Pl,2019-06-20,Cornerstone Village,-82.921533,42.406868
5692 Central St,2019-06-20,Claytown,-83.141409,42.336784
5700 Central St,2019-06-20,Claytown,-83.141471,42.336869
5803 Central St,2019-06-20,Claytown,-83.142143,42.337066
5889 Central St,2019-06-20,Claytown,-83.142923,42.338142
7817 Smart St,2019-06-20,Claytown,-83.146025,42.338947
7822 Smart St,2019-06-20,Claytown,-83.14638,42.339302000000004
9908 Ward St,2019-06-20,Barton-McFarland,-83.172543,42.368627
10007 Littlefield St,2019-06-21,Barton-McFarland,-83.175777,42.369895
11635 Cheyenne St,2019-06-21,Pride Area Community,-83.174692,42.373689
13222 Grand River Ave,2019-06-21,Grand River-I96,-83.174319,42.383187
13639 Castleton St,2019-06-21,Paveway,-83.179017,42.375987
14056 Trinity St,2019-06-21,Brightmoor,-83.247466,42.388326
16242 Lappin St,2019-06-21,Regent Park,-82.952445,42.437191
16701 Chatham St,2019-06-21,Riverdale,-83.263756,42.411306
17336 Trinity St,2019-06-21,Holcomb Community,-83.248481,42.418204
17378 Braile St,2019-06-21,Holcomb Community,-83.245799,42.418792
19446 Albion St,2019-06-21,Pulaski,-83.005608,42.438528
19671 Albion St,2019-06-21,Pulaski,-83.006234,42.439697
2154 BENITEAU,2019-06-21,East Village,-82.974572,42.370818
5123 Commonwealth St,2019-06-21,Woodbridge,-83.081004,42.353138
7562 Wheeler St,2019-06-21,Claytown,-83.144813,42.34339
7757 Dayton St,2019-06-21,Claytown,-83.145531,42.340041
7810 Dayton St,2019-06-21,Claytown,-83.146689,42.340086
9911 Sorrento St,2019-06-21,Barton-McFarland,-83.17202,42.368636
1215 Lakewood St,2019-06-22,Riverbend,-82.947377,42.375183
1225 Lakewood St,2019-06-22,Riverbend,-82.947451,42.375295
4510 Sheridan St,2019-06-22,Gratiot-Grand,-83.014755,42.371789
5337 Garland St,2019-06-22,West End,-82.996652,42.387662
11733 Littlefield St,2019-06-24,Pride Area Community,-83.175956,42.375013
14016 Meyers Rd,2019-06-24,Northwest Community,-83.168478,42.389928
17200 Trinity St,2019-06-24,Holcomb Community,-83.248375,42.416397
1725 E Nevada St,2019-06-24,Hawthorne Park,-83.085561,42.425394
18412 Patton St,2019-06-24,Holcomb Community,-83.244865,42.42456
19621 Albion St,2019-06-24,Pulaski,-83.006218,42.438989
4009 Haverhill St,2019-06-24,Morningside,-82.938706,42.39439
5295 Marlborough St,2019-06-24,Chandler Park-Chalmers,-82.959758,42.398735
639 Webb St,2019-06-24,Gateway Community,-83.092043,42.391069
7740 Desoto St,2019-06-24,Chalfonte,-83.149395,42.401326
8029 Dayton St,2019-06-24,Claytown,-83.147557,42.339257
8136 Dayton St,2019-06-24,Claytown,-83.149594,42.338953
9617 Bessemore St,2019-06-24,Airport Sub,-83.006765,42.395028
9629 Bessemore St,2019-06-24,Airport Sub,-83.006549,42.395066
9975 Sorrento St,2019-06-24,Barton-McFarland,-83.172056,42.369513
1065 W Lantz St,2019-06-25,Penrose,-83.115378,42.436746
11319 Sorrento St,2019-06-25,Barton-McFarland,-83.172112,42.37111
14203 E Canfield St,2019-06-25,Fox Creek,-82.959039,42.391593
14567 Tuller St,2019-06-25,Chalfonte,-83.147113,42.396406
19128 Havana St,2019-06-25,Penrose,-83.109956,42.432687
2219 Algonquin St,2019-06-25,Riverbend,-82.960563,42.375923
6326 Ellsworth St,2019-06-25,Chalfonte,-83.140826,42.402113
7101 Puritan St,2019-06-25,Fitzgerald/Marygrove,-83.142886,42.409656
8227 Gratiot Ave,2019-06-25,Gratiot Town/Kettering,-83.013326,42.381338
9225 Abington Ave,2019-06-25,Joy Community,-83.210855,42.362965
9527 Schaefer Hwy,2019-06-25,Plymouth-Hubbell,-83.178087,42.366256
9543 Sorrento St,2019-06-25,Barton-McFarland,-83.171937,42.366618
11636 Meyers Rd,2019-06-26,Grand River-I96,-83.167827,42.373848
12235 Flanders St,2019-06-26,Eden Gardens,-82.989805,42.413851
13675 Capitol St,2019-06-26,Paveway,-83.179698,42.376765
14116 Mack Ave,2019-06-26,Riverbend,-82.956006,42.385707
14130 Mack Ave,2019-06-26,Riverbend,-82.95579,42.385743
14891 Fairfield St,2019-06-26,Dexter-Fenkell,-83.134594,42.400221
2520 Lenox St,2019-06-26,Riverbend,-82.956185,42.378309
6342 Desoto St,2019-06-26,Chalfonte,-83.141134,42.401387
8625 Military,2019-06-26,Midwest,-83.137281,42.356864
11643 Terry St,2019-06-27,Plymouth-Hubbell,-83.191311,42.373467
12412 Loretto St,2019-06-27,Eden Gardens,-82.988606,42.415911
13031 E State Fair St,2019-06-27,Conner Creek,-82.990794,42.442296
15292 Lappin St,2019-06-27,Regent Park,-82.963626,42.437017
15664 Coram St,2019-06-27,Regent Park,-82.959342,42.437983
15879 Coram St,2019-06-27,Regent Park,-82.95667,42.438561
15910 Lappin St,2019-06-27,Regent Park,-82.95605,42.437142
16138 Chatham St,2019-06-27,Riverdale,-83.263031,42.408058
16579 W Parkway St,2019-06-27,Riverdale,-83.267563,42.410841
17341 Westbrook St,2019-06-27,Holcomb Community,-83.251362,42.418285
18430 Trinity St,2019-06-27,Holcomb Community,-83.249143,42.424748
19554 Alcoy St,2019-06-27,Pulaski,-82.988577,42.439286
19948 Hickory St,2019-06-27,Conner Creek,-82.987547,42.443153
2566 Chalmers St,2019-06-27,Riverbend,-82.949364,42.381576
490 W Margaret St,2019-06-27,Grixdale Farms,-83.108835,42.426243
5251 Lenox St,2019-06-27,Chandler Park,-82.967886,42.395067
5687 Addison St,2019-06-27,Claytown,-83.152746,42.332139
5856 Florida St,2019-06-27,Claytown,-83.141454,42.338176
7101 E Seven Mile Rd,2019-06-27,Nortown,-83.030561,42.434106
8621 Harper Ave,2019-06-27,Airport Sub,-83.015154,42.390729
11677 Sorrento St,2019-06-28,Pride Area Community,-83.172245,42.374288
11693 Sorrento St,2019-06-28,Pride Area Community,-83.172253,42.374507
12322 Cheyenne St,2019-06-28,Pride Area Community,-83.174212,42.379212
13201 Charlevoix St,2019-06-28,Riverbend,-82.95669,42.380919
15308 Eastburn St,2019-06-28,Regent Park,-82.963647,42.445211
15901 Fairmount Dr,2019-06-28,Regent Park,-82.956534,42.445016
16023 MACK AVENUE,2019-06-28,Morningside,-82.935175,42.390006
16161 Chatham St,2019-06-28,Riverdale,-83.263926,42.408535
16171 Chatham St,2019-06-28,Riverdale,-83.26393,42.408673
16201 Chatham St,2019-06-28,Riverdale,-83.263828,42.409106
1635 Alter Rd,2019-06-28,Riverbend,-82.943181,42.37998
16587 W Parkway St,2019-06-28,Riverdale,-83.26757,42.410944
16603 W Parkway St,2019-06-28,Riverdale,-83.26758,42.411098
19225 Albion St,2019-06-28,Pulaski,-83.006108,42.436208
2232 Hazelwood St,2019-06-28,Virginia Park Community,-83.102662,42.373492
9110 Harrell St,2019-06-28,Ravendale,-82.983886,42.400725
4072 Junction St,2019-06-29,Chadsey Condon,-83.113295,42.33376
942 Glynn Ct,2019-06-29,Gateway Community,-83.094297,42.385692
12357 Flanders St,2019-07-01,Eden Gardens,-82.987725,42.414574
13253 Manning St,2019-07-01,Pulaski,-82.989133,42.440725
17256 Winston St,2019-07-01,The Eye,-83.283291,42.416595
19494 Stout St,2019-07-01,Evergreen Lahser 7/8,-83.243036,42.434467
24627 Florence St,2019-07-01,South of Six,-83.28407,42.40916
2690 Clements St,2019-07-01,Oakman Blvd Community,-83.124342,42.393466
12274 Evanston St,2019-07-02,Ravendale,-82.981134,42.400381
13394 Camden Ave,2019-07-02,Outer Drive-Hayes,-82.969826,42.405601
1433 McKinstry St,2019-07-02,Central Southwest,-83.095116,42.316311
14421 Park Grove St,2019-07-02,Mapleridge,-82.974628,42.430017
1701 W Lafayette Blvd,2019-07-02,Corktown,-83.065563,42.323733
356 Newport St,2019-07-02,Jefferson Chalmers,-82.940784,42.36331
809 Glinnan St,2019-07-02,Central Southwest,-83.118823,42.302286
15875 Faircrest St,2019-07-03,Mapleridge,-82.956598,42.432585
16223 Chatham St,2019-07-03,Riverdale,-83.263821,42.409354
18551 Marx St,2019-07-03,Northeast Central District,-83.084265,42.428989
22252 Dehner St,2019-07-03,Riverdale,-83.260702,42.412019
4011 E Nevada St,2019-07-03,Conant Gardens,-83.063552,42.426124
9330 Decatur St,2019-07-03,We Care Community,-83.179713,42.36403
16274 Rossini Dr,2019-07-05,Regent Park,-82.952039,42.443561
16291 Rossini Dr,2019-07-05,Regent Park,-82.951771,42.444172
16505 Chatham St,2019-07-05,Riverdale,-83.263788,42.409715
16543 Tacoma St,2019-07-05,Regent Park,-82.948336,42.442265
16740 W Parkway St,2019-07-05,Riverdale,-83.266784,42.411866
19791 Dresden St,2019-07-05,Pulaski,-83.000393,42.441544
3552 Beaconsfield St,2019-07-05,Morningside,-82.94294,42.38898
4101 Ashland St,2019-07-05,Fox Creek,-82.95079,42.389775
4210 Guilford St,2019-07-05,Cornerstone Village,-82.923419,42.402112
9956 Asbury Park,2019-07-05,Joy Community,-83.206669,42.368552
12555 Laing St,2019-07-08,Moross-Morang,-82.950655,42.431157
16187 Beaverland St,2019-07-08,Riverdale,-83.266189,42.409156
16215 E State Fair St,2019-07-08,Regent Park,-82.953162,42.443161
12114 Rossiter St,2019-07-09,Moross-Morang,-82.945186,42.429971
13559 Dequindre St,2019-07-09,North Campau,-83.079184,42.411572
15301 Mapleridge St,2019-07-09,Mapleridge,-82.963225,42.429437
19233 Albion St,2019-07-09,Pulaski,-83.00611,42.436303
20502 Greeley St,2019-07-09,Nolan,-83.087897,42.446345
2051 ROSA PARK BLVD,2019-07-09,Corktown,-83.070804,42.329534
527 E State Fair St,2019-07-09,Nolan,-83.098678,42.439878
5654 Stanford,2019-07-09,Midwest,-83.113959,42.346986
5904 Guilford St,2019-07-09,Cornerstone Village,-82.931161,42.413899
13119 Mack Ave,2019-07-10,Fox Creek,-82.960488,42.385248
15935 Beaverland St,2019-07-10,Riverdale,-83.266151,42.407594
19437 Beland St,2019-07-10,Pulaski,-83.009412,42.438299
19581 Hickory St,2019-07-10,Pulaski,-82.988037,42.439684
19982 Mackay St,2019-07-10,Butler,-83.075879,42.441566
2051 Halleck St,2019-07-10,Campau/Banglatown,-83.071936,42.406217
2146 Halleck St,2019-07-10,Campau/Banglatown,-83.070109,42.406436
22715 S Riverdale Dr,2019-07-10,Riverdale,-83.266305,42.412269
5033 Pacific St,2019-07-10,Midwest,-83.122124,42.355854
5812 Tireman St,2019-07-10,Midwest,-83.128779,42.352164
8842 Stoepel St,2019-07-10,Midwest,-83.139236,42.360039
8848 Stoepel St,2019-07-10,Midwest,-83.139242,42.36012
12003 Saint Patrick St,2019-07-11,Gratiot-Findlay,-82.994369,42.413062
13146 Flanders St,2019-07-11,Eden Gardens,-82.979228,42.416993
15114 Wildemere St,2019-07-11,Dexter-Fenkell,-83.131683,42.40241
18576 Evergreen Rd,2019-07-11,Evergreen-Outer Drive,-83.238379,42.427028
19165 Stotter St,2019-07-11,Nortown,-83.02557,42.434893
19574 Hickory St,2019-07-11,Pulaski,-82.987359,42.439609
19615 Hickory St,2019-07-11,Pulaski,-82.988054,42.440164
19631 Teppert St,2019-07-11,Pulaski,-83.008297,42.439102
1979 McLean St,2019-07-11,Campau/Banglatown,-83.073562,42.406414
2011 McLean St,2019-07-11,Campau/Banglatown,-83.073066,42.4066
6424 Hanson St,2019-07-11,Claytown,-83.127754,42.338
15414 E Warren Ave,2019-07-12,Morningside,-82.949198,42.398658
16176 Beaverland St,2019-07-12,Riverdale,-83.26552,42.409032
16719 Chatham St,2019-07-12,Riverdale,-83.263769,42.411593
19360 Barlow St,2019-07-12,Pulaski,-82.99576,42.437401
19501 Fairport St,2019-07-12,Pulaski,-82.991704,42.438523000000004
3415 McClellan St,2019-07-12,East Village,-82.992891,42.369864
3421 McClellan St,2019-07-12,East Village,-82.992943,42.369936
6119 Florida St,2019-07-12,Claytown,-83.144074,42.341005
4310 Saint Lawrence St,2019-07-13,Claytown,-83.139098,42.32538
11405 Whittier St,2019-07-15,Outer Drive-Hayes,-82.959434,42.41926
15873 Burgess St,2019-07-15,Brightmoor,-83.254977,42.406839
16265 Lahser Rd,2019-07-15,Riverdale,-83.257975,42.409401
18885 Eureka St,2019-07-15,Krainz Woods,-83.057904,42.432606
3563 Algonquin St,2019-07-15,Riverbend,-82.9652,42.383014
6100 McGraw St,2019-07-15,Chadsey Condon,-83.12696,42.34257
10281 Cardoni St,2019-07-16,North End,-83.073733,42.393749
14561 Minock St,2019-07-16,Westwood Park,-83.23396,42.394516
15115 W Chicago St,2019-07-16,We Care Community,-83.19342,42.365219
15369 Burgess St,2019-07-16,Brightmoor,-83.254768,42.401837
15770 Burgess St,2019-07-16,Brightmoor,-83.254245,42.405484
15778 Burgess St,2019-07-16,Brightmoor,-83.254252,42.405667
17520 Santa Rosa Dr,2019-07-16,Bagley,-83.142885,42.42114
19201 Goulburn St,2019-07-16,Pulaski,-82.994095,42.436209
9331 Sussex,2019-07-16,We Care Community,-83.19431,42.363745
9350 Sussex,2019-07-16,We Care Community,-83.193714,42.363994
10279 Delmar St,2019-07-17,North End,-83.074617,42.393415
10285 Delmar St,2019-07-17,North End,-83.074666,42.393489
12096 Roselawn St,2019-07-17,Littlefield Community,-83.150184,42.377361
13284 Caldwell St,2019-07-17,Buffalo Charles,-83.046334,42.415194
13533 Healy St,2019-07-17,Davison,-83.053941,42.416954
14270 Schaefer Hwy,2019-07-17,Happy Homes,-83.177834,42.392268
14600 Coyle St,2019-07-17,Hubbell-Lyndon,-83.193297,42.395889
14940 Coyle St,2019-07-17,Hubbell-Lyndon,-83.193395,42.398878
14976 Coyle St,2019-07-17,Hubbell-Lyndon,-83.193415,42.399339
15362 Burgess St,2019-07-17,Brightmoor,-83.2541,42.40176
15691 Eastburn St,2019-07-17,Regent Park,-82.959265,42.44583
15733 Burgess St,2019-07-17,Brightmoor,-83.25488,42.404722
18468 Vaughan St,2019-07-17,Holcomb Community,-83.239326,42.425469
26121 W Outer Dr,2019-07-17,Boynton,-83.166228,42.260636
3015 Hancock St,2019-07-17,McDougall-Hunt,-83.035902,42.366312
3306 Leland St,2019-07-17,McDougall-Hunt,-83.029084,42.360802
3691 Canton St,2019-07-17,Gratiot-Grand,-83.016491,42.364666
5633 23rd St,2019-07-17,Midwest,-83.103214,42.350518
6202 Iowa St,2019-07-17,Davison,-83.039719,42.424589
7771 Piedmont St,2019-07-17,Warrendale,-83.228637,42.349353
9301 Robson St,2019-07-17,We Care Community,-83.192076,42.363383
9324 Coyle St,2019-07-17,We Care Community,-83.192584,42.363639
9364 Coyle St,2019-07-17,We Care Community,-83.192604,42.364215
15158 W Parkway St,2019-07-18,Brightmoor,-83.266287,42.399399
18531 Patton St,2019-07-18,Holcomb Community,-83.245525,42.426128
18944 Vaughan St,2019-07-18,Holcomb Community,-83.239438,42.427821
9327 Robson St,2019-07-18,We Care Community,-83.192086,42.363696
9345 Whitcomb St,2019-07-18,We Care Community,-83.195385,42.363876
12039 Mettetal St,2019-07-19,Plymouth-I96,-83.206399,42.37524
13522 Healy St,2019-07-19,Davison,-83.053364,42.416991
13708 Fenelon St,2019-07-19,Davison,-83.052511,42.417249
14401 Burgess St,2019-07-19,Brightmoor,-83.254446,42.392178
15221 W Chicago St,2019-07-19,We Care Community,-83.194578,42.365196
15322 Rockdale St,2019-07-19,Brightmoor,-83.257763,42.400832
15330 Rockdale St,2019-07-19,Brightmoor,-83.25777,42.401024
15340 Rockdale St,2019-07-19,Brightmoor,-83.257776,42.401214
15377 Burt Rd,2019-07-19,Brightmoor,-83.247525,42.402195
17651 Bentler St,2019-07-19,Holcomb Community,-83.253423,42.420414
18135 Vaughan St,2019-07-19,Holcomb Community,-83.239752,42.422193
18170 Heyden St,2019-07-19,Holcomb Community,-83.240155,42.422666
18193 Vaughan St,2019-07-19,Holcomb Community,-83.239786,42.422963
20521 Caldwell St,2019-07-19,Farwell,-83.047854,42.44653
21604 Thatcher Ave,2019-07-19,Holcomb Community,-83.255702,42.420791
21660 Thatcher Ave,2019-07-19,Holcomb Community,-83.256738,42.420765
4309 Alter Rd,2019-07-19,Fox Creek,-82.951239,42.3921
5639 23rd St,2019-07-19,Midwest,-83.103261,42.350593
5645 23rd St,2019-07-19,Midwest,-83.103309,42.35067
5652 23rd St,2019-07-19,Midwest,-83.102692,42.351003
5655 Addison St,2019-07-19,Claytown,-83.152497,42.331768
6339 Michigan Ave,2019-07-19,Michigan-Martin,-83.121221,42.330894
7092 Holmes St,2019-07-19,Claytown,-83.141302,42.344236
7107 Arcola St,2019-07-19,Airport Sub,-83.027861,42.405958
4838 Delta St,2019-07-20,Davison,-83.053165,42.417595
4844 Delta St,2019-07-20,Davison,-83.053069,42.417636
13497 Healy St,2019-07-22,Davison,-83.05364,42.416513
15372 Burt Rd,2019-07-22,Brightmoor,-83.246828,42.402092
15378 Trinity St,2019-07-22,Brightmoor,-83.247966,42.402185
17201 Kentfield St,2019-07-22,Holcomb Community,-83.241568,42.416557
17525 Vaughan St,2019-07-22,Holcomb Community,-83.239637,42.419614
20021 Moenart St,2019-07-22,Farwell,-83.050848,42.442866
20515 Moenart St,2019-07-22,Farwell,-83.050987,42.446366
2221 W Grand Blvd,2019-07-22,Wildemere Park,-83.102849,42.359621
6338 Beechwood St,2019-07-22,Midwest,-83.118775,42.350439
6553 E McNichols Rd,2019-07-22,Grant,-83.034068,42.41952
6575 E McNichols Rd,2019-07-22,Grant,-83.03364,42.419538
7839 Burnette St,2019-07-22,Midwest,-83.141324,42.351584
13416 Conley St,2019-07-23,Davison,-83.051374,42.415605
13983 Sorrento St,2019-07-23,Happy Homes,-83.172367,42.389316
13989 Sorrento St,2019-07-23,Happy Homes,-83.172374,42.38946
14364 Burgess St,2019-07-23,Brightmoor,-83.253726,42.39171
15340 Burt Rd,2019-07-23,Brightmoor,-83.2468,42.401434
15343 Rockdale St,2019-07-23,Brightmoor,-83.258466,42.401213
15347 Rockdale St,2019-07-23,Brightmoor,-83.258469,42.401308
16227 Ardmore St,2019-07-23,Hubbell-Puritan,-83.18521,42.411027
17731 Trinity St,2019-07-23,Holcomb Community,-83.249702,42.422148
17815 Orleans St,2019-07-23,Cadillac Heights,-83.085274,42.423989
19423 Bloom St,2019-07-23,Farwell,-83.049583,42.43773
19566 Pelkey St,2019-07-23,Pulaski,-82.986146,42.439549
20031 Bloom St,2019-07-23,Farwell,-83.049837,42.443008
20230 Albany St,2019-07-23,Farwell,-83.044998,42.444945
5640 W Vernor Hwy,2019-07-23,Central Southwest,-83.102744,42.317668
5650 WEST VERNOR,2019-07-23,Central Southwest,-83.103222,42.317186
12551 E State Fair St,2019-07-24,Conner Creek,-82.996531,42.442151
15331 Rockdale St,2019-07-24,Brightmoor,-83.258458,42.401021
15337 Rockdale St,2019-07-24,Brightmoor,-83.258462,42.401117
15359 Trinity St,2019-07-24,Brightmoor,-83.248582,42.401786
15363 Schaefer Hwy,2019-07-24,Bethune Community,-83.17949,42.403068
18456 Filer St,2019-07-24,Grant,-83.037305,42.429537
37 Worcester Pl,2019-07-24,Grixdale Farms,-83.102751,42.422517
3726 W Boston Blvd,2019-07-24,Nardin Park,-83.121584,42.374862
3730 W Davison St,2019-07-24,Oakman Blvd Community,-83.131731,42.389784
3791 Tuxedo St,2019-07-24,Nardin Park,-83.126017,42.379525
5922 Epworth St,2019-07-24,Midwest,-83.124351,42.344982
8028 E Robinwood St,2019-07-24,Mount Olivet,-83.023507,42.431582
8031 E Robinwood St,2019-07-24,Mount Olivet,-83.023529,42.431975
8034 E Brentwood St,2019-07-24,Mount Olivet,-83.023419,42.433018
8035 E Hollywood St,2019-07-24,Mount Olivet,-83.023407,42.432705
8043 E Robinwood St,2019-07-24,Mount Olivet,-83.023251,42.43198
8050 E Brentwood St,2019-07-24,Mount Olivet,-83.023154,42.433023
8051 E Robinwood St,2019-07-24,Mount Olivet,-83.023122,42.431983
8055 E Brentwood St,2019-07-24,Mount Olivet,-83.023046,42.433458
8057 E Robinwood St,2019-07-24,Mount Olivet,-83.022993,42.431985
8085 E Hollywood St,2019-07-24,Mount Olivet,-83.022502,42.432724
8240 E Robinwood St,2019-07-24,Mount Olivet,-83.020085,42.431625
8279 Auburn St,2019-07-24,Warrendale,-83.233701,42.353365
8283 E Robinwood St,2019-07-24,Mount Olivet,-83.019323,42.432056
9737 Petoskey Ave,2019-07-24,Nardin Park,-83.124853,42.372033
11724 Flanders St,2019-07-25,Gratiot-Findlay,-82.996579,42.410899
13472 Conley St,2019-07-25,Davison,-83.051384,42.41637
13473 Conley St,2019-07-25,Davison,-83.052015,42.416366
14235 Elmdale St,2019-07-25,Outer Drive-Hayes,-82.97023,42.409799
15335 Trinity St,2019-07-25,Brightmoor,-83.248561,42.401316
15355 Westbrook St,2019-07-25,Brightmoor,-83.250871,42.401645
15368 Rockdale St,2019-07-25,Brightmoor,-83.257798,42.401777
15376 Chapel St,2019-07-25,Brightmoor,-83.252908,42.402069
15410 Rockdale St,2019-07-25,Brightmoor,-83.257818,42.40229
15633 Inverness St,2019-07-25,Pilgrim Village,-83.122938,42.40738
15848 Dolphin St,2019-07-25,Brightmoor,-83.259184,42.406416
15850 Vaughan St,2019-07-25,Brightmoor,-83.238479,42.406831
5668 Stanton St,2019-07-25,NW Goldberg,-83.093136,42.354216
5686 Stanford,2019-07-25,Midwest,-83.113977,42.347398
5955 Chopin St,2019-07-25,Claytown,-83.140281,42.340221
7325 Sarena St,2019-07-25,Claytown,-83.142038,42.342698
7851 Wetherby St,2019-07-25,Midwest,-83.140225,42.351155
8062 E Hollywood St,2019-07-25,Mount Olivet,-83.022871,42.432311
8094 E Brentwood St,2019-07-25,Mount Olivet,-83.022377,42.433038
8106 E Hollywood St,2019-07-25,Mount Olivet,-83.022093,42.432327
8282 E Brentwood St,2019-07-25,Mount Olivet,-83.01936,42.433112
13515 Conley St,2019-07-26,Davison,-83.05202,42.416918
13764 Conley St,2019-07-26,Davison,-83.051402,42.418043
15340 Blackstone St,2019-07-26,Brightmoor,-83.249012,42.401398
15453 Trinity St,2019-07-26,Brightmoor,-83.248638,42.403095
15708 Bentler St,2019-07-26,Brightmoor,-83.251692,42.404288
15724 Bentler St,2019-07-26,Brightmoor,-83.251706,42.404618
15742 Dacosta St,2019-07-26,Brightmoor,-83.260332,42.404837
15770 Chapel St,2019-07-26,Brightmoor,-83.253047,42.405512
17174 Chapel St,2019-07-26,Holcomb Community,-83.253517,42.415967
17196 Westbrook St,2019-07-26,Holcomb Community,-83.250513,42.41625
205 W Margaret St,2019-07-26,Grixdale Farms,-83.106041,42.425874
21433 Margareta St,2019-07-26,Holcomb Community,-83.254008,42.424891
5345 Iroquois St,2019-07-26,Pingree Park,-83.011168,42.380474
8112 E Brentwood St,2019-07-26,Mount Olivet,-83.021988,42.433046
8120 E Hollywood St,2019-07-26,Mount Olivet,-83.021834,42.43233
8121 E Hollywood St,2019-07-26,Mount Olivet,-83.021854,42.432737
8147 E Brentwood St,2019-07-26,Mount Olivet,-83.021362,42.433491
8247 E Brentwood St,2019-07-26,Mount Olivet,-83.020013,42.433494
13781 Syracuse St,2019-07-29,Davison,-83.044984,42.418386
15463 Dolphin St,2019-07-29,Brightmoor,-83.259742,42.403032
7626 Heyden St,2019-07-29,Warrendale,-83.237641,42.347229
7811 Gratiot Ave,2019-07-29,Gratiot Town/Kettering,-83.015342,42.378489
8203 E Hollywood St,2019-07-29,Mount Olivet,-83.020812,42.432752
10640 Gratiot Ave,2019-07-30,Airport Sub,-82.996099,42.401024
130 W Montana St,2019-07-30,Grixdale Farms,-83.104537,42.423865
13451 Keystone St,2019-07-30,Davison,-83.050914,42.416075
13992 Young St,2019-07-30,Mapleridge,-82.980603,42.42357
142 W Montana St,2019-07-30,Grixdale Farms,-83.104759,42.423858
15322 Greydale St,2019-07-30,Brightmoor,-83.255274,42.400976
15372 Westbrook St,2019-07-30,Brightmoor,-83.250144,42.402008
20244 Gallagher St,2019-07-30,Butler,-83.070616,42.444736
228 W Montana St,2019-07-30,Grixdale Farms,-83.106456,42.423689
67 W Nevada St,2019-07-30,Grixdale Farms,-83.103439,42.424308
8155 E Hollywood St,2019-07-30,Mount Olivet,-83.021182,42.43275
8320 E Brentwood St,2019-07-30,Mount Olivet,-83.018664,42.433125
86 W Montana St,2019-07-30,Grixdale Farms,-83.103732,42.423889
13444 Fenelon St,2019-07-31,Davison,-83.052492,42.415963
13450 Fenelon St,2019-07-31,Davison,-83.052493,42.416045
13454 Fenelon St,2019-07-31,Davison,-83.052494,42.416128
15351 Greydale St,2019-07-31,Brightmoor,-83.255952,42.401436
15412 Westbrook St,2019-07-31,Brightmoor,-83.250165,42.402484
15415 Westbrook St,2019-07-31,Brightmoor,-83.25089,42.402467
15501 Greydale St,2019-07-31,Brightmoor,-83.256034,42.403548
15724 Westbrook St,2019-07-31,Brightmoor,-83.250259,42.404652
15747 Bentler St,2019-07-31,Brightmoor,-83.252497,42.405042
15755 Westbrook St,2019-07-31,Brightmoor,-83.251014,42.405293
17353 Albion St,2019-07-31,Von Steuben,-83.005689,42.422976
20265 Hawthorne St,2019-07-31,Nolan,-83.093314,42.444648
4325 Pennsylvania St,2019-07-31,West End,-82.995296,42.377418
8255 E Robinwood St,2019-07-31,Mount Olivet,-83.019841,42.432047
8281 E Hollywood St,2019-07-31,Mount Olivet,-83.019351,42.432779
8284 E Robinwood St,2019-07-31,Mount Olivet,-83.019308,42.431643
8321 E Hollywood St,2019-07-31,Mount Olivet,-83.018655,42.432793
8810 Grinnell Ave,2019-07-31,Airport Sub,-83.013476,42.4008
98 W Montana St,2019-07-31,Grixdale Farms,-83.103871,42.423885
10841 Plymouth Rd,2019-08-01,Barton-McFarland,-83.167668,42.373062
13445 Syracuse St,2019-08-01,Davison,-83.044926,42.416118
13463 Keystone St,2019-08-01,Davison,-83.050916,42.41624
13780 Conley St,2019-08-01,Davison,-83.051404,42.418235
1527 Ford St,2019-08-01,Pilgrim Village,-83.111144,42.400629
15905 Evanston St,2019-08-01,Outer Drive-Hayes,-82.949489,42.409844
19734 Hull St,2019-08-01,Nolan,-83.088654,42.439487
8219 E Robinwood St,2019-08-01,Mount Olivet,-83.020489,42.432035
8241 Quinn St,2019-08-01,Mount Olivet,-83.020074,42.431305
8333 Livernois Ave,2019-08-01,Midwest,-83.13858,42.356142
9231 Devonshire Rd,2019-08-01,Outer Drive-Hayes,-82.949623,42.411247
12200 Archdale St,2019-08-02,Plymouth-I96,-83.215487,42.376879
12250 Archdale St,2019-08-02,Plymouth-I96,-83.21552,42.377551
12258 Archdale St,2019-08-02,Plymouth-I96,-83.215524,42.377648
13549 Faust Ave,2019-08-02,Schoolcraft Southfield,-83.222595,42.385026
14001 Piedmont St,2019-08-02,Westwood Park,-83.230093,42.387889
14055 Westwood St,2019-08-02,Westwood Park,-83.232426,42.388633
14269 Northlawn St,2019-08-02,Davison-Schoolcraft,-83.153504,42.392828
14808 Blackstone St,2019-08-02,Brightmoor,-83.248814,42.395795
15453 Westbrook St,2019-08-02,Brightmoor,-83.250915,42.403029
15503 Westbrook St,2019-08-02,Brightmoor,-83.250944,42.403704
15600 Liberal St,2019-08-02,Regent Park,-82.960583,42.439764
15718 Blackstone St,2019-08-02,Brightmoor,-83.249148,42.404528
15718 Greydale St,2019-08-02,Brightmoor,-83.255408,42.404429
15723 Bentler St,2019-08-02,Brightmoor,-83.252478,42.404564
15729 Bentler St,2019-08-02,Brightmoor,-83.252482,42.404676
15797 Muirland St,2019-08-02,Pilgrim Village,-83.133815,42.407842
16185 Prairie St,2019-08-02,Fitzgerald/Marygrove,-83.145215,42.411112
18901 Pembroke Ave,2019-08-02,O'Hair Park,-83.22872,42.43617
20756 Santa Clara Ave,2019-08-02,Holcomb Community,-83.247337,42.41923
2582 Marlborough St,2019-08-02,Riverbend,-82.948545,42.382089
5065 Balfour Rd,2019-08-02,Morningside,-82.947684,42.400696
8111 Quinn St,2019-08-02,Mount Olivet,-83.021927,42.431279
8119 Quinn St,2019-08-02,Mount Olivet,-83.021797,42.431281
10101 Maplelawn St,2019-08-05,Barton-McFarland,-83.160333,42.369555
14250 Flanders St,2019-08-05,Eden Gardens,-82.975431,42.418313
18036 Cardoni St,2019-08-05,Hawthorne Park,-83.090727,42.425586
18132 Cardoni St,2019-08-05,Hawthorne Park,-83.090792,42.426902
9387 Sylvester St,2019-08-05,West End,-82.994299,42.375158
10045 Yellowstone St,2019-08-06,Nardin Park,-83.132482,42.372756
11408 Archdale St,2019-08-06,Joy Community,-83.215251,42.371478
11414 Archdale St,2019-08-06,Joy Community,-83.215255,42.371574
11701 Vaughan St,2019-08-06,Weatherby,-83.237947,42.373401
1203 Meldrum St,2019-08-06,Islandview,-83.012908,42.350058
12130 Archdale St,2019-08-06,Plymouth-I96,-83.215461,42.376329
12211 Archdale St,2019-08-06,Plymouth-I96,-83.216137,42.376968
12217 Archdale St,2019-08-06,Plymouth-I96,-83.216142,42.377064
12881 Stahelin Rd,2019-08-06,Schoolcraft Southfield,-83.22619,42.383042
13732 Caldwell St,2019-08-06,Davison,-83.046386,42.417716
13940 Westwood St,2019-08-06,Westwood Park,-83.231697,42.387077
165 W Greendale St,2019-08-06,Grixdale Farms,-83.105323,42.426638
19547 Alcoy St,2019-08-06,Pulaski,-82.989239,42.439178
21 E Longwood Ave,2019-08-06,Greenfield Park,-83.101416,42.42188
27 E Longwood Ave,2019-08-06,Greenfield Park,-83.101305,42.421882
7451 Iowa St,2019-08-06,Grant,-83.027071,42.425323
7459 Iowa St,2019-08-06,Grant,-83.026949,42.425326
756 Helen St,2019-08-06,Islandview,-83.004871,42.349878
13493 Syracuse St,2019-08-07,Davison,-83.044943,42.416787
14103 Burgess St,2019-08-07,Brightmoor,-83.254264,42.388452
14157 Trinity St,2019-08-07,Brightmoor,-83.248105,42.389316
18084 Cardoni St,2019-08-07,Hawthorne Park,-83.090759,42.426244
18104 Cardoni St,2019-08-07,Hawthorne Park,-83.090773,42.426525
4264 Cabot St,2019-08-07,Claytown,-83.146689,42.326262
5113 Vinewood St,2019-08-07,Chadsey Condon,-83.106657,42.345099
8036 E Hildale St,2019-08-07,Mount Olivet,-83.023272,42.43014
8060 E Grixdale St,2019-08-07,Mount Olivet,-83.022968,42.429366
8091 Quinn St,2019-08-07,Mount Olivet,-83.022316,42.431271
12074 Archdale St,2019-08-08,Plymouth-I96,-83.215424,42.375561
12206 Longacre St,2019-08-08,Plymouth-I96,-83.214286,42.376992
12208 Archdale St,2019-08-08,Plymouth-I96,-83.215492,42.376976
12217 Rutland St,2019-08-08,Plymouth-I96,-83.213766,42.377104
127 W Robinwood St,2019-08-08,Grixdale Farms,-83.104763,42.429602
12956 Artesian St,2019-08-08,Schoolcraft Southfield,-83.226659,42.384062
13420 Buffalo St,2019-08-08,Davison,-83.047334,42.415742
13732 Sparling St,2019-08-08,Davison,-83.045393,42.417717
18060 Russell St,2019-08-08,Hawthorne Park,-83.089531,42.425927
18185 Riopelle St,2019-08-08,Hawthorne Park,-83.086659,42.427737
18261 Heyden St,2019-08-08,Holcomb Community,-83.240785,42.4239
2038 Dearing St,2019-08-08,Campau/Banglatown,-83.07409,42.409008
2050 Dearing St,2019-08-08,Campau/Banglatown,-83.073892,42.409082
2057 Lawley St,2019-08-08,Campau/Banglatown,-83.073589,42.408845
2087 Dearing St,2019-08-08,Campau/Banglatown,-83.073515,42.409682
2092 Dearing St,2019-08-08,Campau/Banglatown,-83.073194,42.409337
2104 Dearing St,2019-08-08,Campau/Banglatown,-83.072996,42.409411
2120 Lawley St,2019-08-08,Campau/Banglatown,-83.072246,42.408884
3239 Sturtevant St,2019-08-08,Dexter-Linwood,-83.1245,42.38523
6750 Drake Rd,2019-08-08,Grant,-83.032415,42.420766
8030 Stockton St,2019-08-08,Mount Olivet,-83.023346,42.428589
8049 E Grixdale St,2019-08-08,Mount Olivet,-83.023034,42.429789
8056 Stockton St,2019-08-08,Mount Olivet,-83.022902,42.428597
8108 Stockton St,2019-08-08,Mount Olivet,-83.021919,42.428614
9063 Greenview Ave,2019-08-08,Franklin Park,-83.222933,42.36042
9631 Plainview Ave,2019-08-08,Franklin Park,-83.235235,42.366571
9647 Plainview Ave,2019-08-08,Franklin Park,-83.235244,42.366893
13432 Moenart St,2019-08-09,Davison,-83.049326,42.415872
13468 Fenelon St,2019-08-09,Davison,-83.052496,42.416292
13780 Bloom St,2019-08-09,Davison,-83.048396,42.418314
15719 W Chicago St,2019-08-09,Joy Community,-83.199799,42.365095
5124 Grandy St,2019-08-09,Poletown East,-83.039199,42.367647
6720 Brimson St,2019-08-09,Grant,-83.032985,42.421589
8083 Vaughan St,2019-08-09,Warrendale,-83.237263,42.351565
8154 Chalfonte St,2019-08-09,Chalfonte,-83.15091,42.40055
9352 Forrer St,2019-08-09,Joy Community,-83.200109,42.364277
9368 Forrer St,2019-08-09,Joy Community,-83.200118,42.364497
1133 E Nevada St,2019-08-12,Hawthorne Park,-83.09155,42.425207
11380 Archdale St,2019-08-12,Joy Community,-83.215244,42.371094
12651 Mansfield St,2019-08-12,Schoolcraft Southfield,-83.204218,42.380718
12800 Whitcomb St,2019-08-12,Schoolcraft Southfield,-83.195177,42.382353
1286 Meadowbrook St,2019-08-12,Marina District,-82.975828,42.364017
13726 Moenart St,2019-08-12,Davison,-83.049358,42.417547
1621 E Nevada St,2019-08-12,Hawthorne Park,-83.086896,42.425356
2726 Fullerton St,2019-08-12,Dexter-Linwood,-83.121374,42.387956
5059 3 Mile Dr,2019-08-12,Morningside,-82.940821,42.403122
6752 Brimson St,2019-08-12,Grant,-83.032406,42.4216
8044 Emily St,2019-08-12,Mount Olivet,-83.023005,42.427793
8425 Plainview Ave,2019-08-12,Warrendale,-83.234938,42.354382
9392 Montrose St,2019-08-12,Joy Community,-83.199062,42.364852
9541 Longacre St,2019-08-12,Joy Community,-83.214595,42.365786
11331 Longacre St,2019-08-13,Joy Community,-83.214737,42.370451
12020 Archdale St,2019-08-13,Plymouth-I96,-83.215387,42.374792
12214 Ward St,2019-08-13,Pride Area Community,-83.172887,42.377703
12673 Robson St,2019-08-13,Schoolcraft Southfield,-83.192655,42.381073
18075 Riopelle St,2019-08-13,Hawthorne Park,-83.086586,42.426206
1985 McPherson St,2019-08-13,Campau/Banglatown,-83.072168,42.404518
2250 BENITEAU,2019-08-13,East Village,-82.974239,42.370307
4665 Michigan Ave,2019-08-13,Central Southwest,-83.106985,42.330978
6036 Hartford St,2019-08-13,Midwest,-83.112971,42.348575
7784 Grandville Ave,2019-08-13,Warrendale,-83.229172,42.349488
8261 Stahelin Ave,2019-08-13,Warrendale,-83.225091,42.353199
9177 Montrose St,2019-08-13,Joy Community,-83.19958,42.362176
9337 Montrose St,2019-08-13,Joy Community,-83.199649,42.364066
9338 Woodlawn Ave,2019-08-13,Airport Sub,-83.012154,42.399168
9946 Archdale St,2019-08-13,Joy Community,-83.215163,42.368266
9960 Archdale St,2019-08-13,Joy Community,-83.215167,42.368456
9964 Archdale St,2019-08-13,Joy Community,-83.21517,42.368552
11740 Archdale St,2019-08-14,Plymouth-I96,-83.215356,42.374342
12046 Archdale St,2019-08-14,Plymouth-I96,-83.215405,42.375177
12060 Archdale St,2019-08-14,Plymouth-I96,-83.215414,42.375369
13946 Coyle St,2019-08-14,Cadillac Community,-83.193493,42.387953
13973 Westwood St,2019-08-14,Westwood Park,-83.23238,42.387529
15711 Freeland St,2019-08-14,Bethune Community,-83.185946,42.405754
15748 Ardmore St,2019-08-14,Bethune Community,-83.184417,42.406475
4507 Allendale St,2019-08-14,Midwest,-83.117805,42.356511
5596 McClellan St,2019-08-14,West End,-83.003656,42.386013
6705 Drake Rd,2019-08-14,Grant,-83.033304,42.421208
6740 Covert St,2019-08-14,Grant,-83.032543,42.419951
6757 Covert St,2019-08-14,Grant,-83.032279,42.420401
6762 Drake Rd,2019-08-14,Grant,-83.032193,42.42077
6852 Drake Rd,2019-08-14,Grant,-83.03063,42.420807
8115 Artesian St,2019-08-14,Warrendale,-83.226353,42.352151
9320 Montrose St,2019-08-14,Joy Community,-83.199029,42.363851
9940 Archdale St,2019-08-14,Joy Community,-83.215177,42.368168
9988 Archdale St,2019-08-14,Joy Community,-83.215178,42.368868
12314 Maine St,2019-08-15,Campau/Banglatown,-83.066614,42.407358
12327 Maine St,2019-08-15,Campau/Banglatown,-83.067201,42.407325
12434 Maine St,2019-08-15,Campau/Banglatown,-83.067589,42.408835
12650 Robson St,2019-08-15,Schoolcraft Southfield,-83.191923,42.380761
13551 Blackstone St,2019-08-15,Brightmoor,-83.249089,42.384477
14563 Sussex St,2019-08-15,Hubbell-Lyndon,-83.19511,42.395329
15064 Prest St,2019-08-15,Hubbell-Lyndon,-83.197122,42.400331
15068 Prest St,2019-08-15,Hubbell-Lyndon,-83.197126,42.400417
15121 W Chicago St,2019-08-15,We Care Community,-83.193568,42.365215
2122 Meade St,2019-08-15,Campau/Banglatown,-83.071368,42.407577
2748 Meade St,2019-08-15,Campau/Banglatown,-83.067014,42.409193
5316 Spokane St,2019-08-15,Midwest,-83.128042,42.358238
6800 Covert St,2019-08-15,Grant,-83.031479,42.419978
6802 Brimson St,2019-08-15,Grant,-83.031556,42.421608
9351 Woodlawn Ave,2019-08-15,Airport Sub,-83.011982,42.399657
11731 Sorrento St,2019-08-16,Pride Area Community,-83.172273,42.375063
12010 Steel St,2019-08-16,Pride Area Community,-83.170346,42.37581
13549 Trinity St,2019-08-16,Brightmoor,-83.247951,42.384498
14525 Hubbell St,2019-08-16,Hubbell-Lyndon,-83.188925,42.394951
14640 Robson St,2019-08-16,Hubbell-Lyndon,-83.192367,42.396486
14937 Marlowe St,2019-08-16,Hubbell-Lyndon,-83.190079,42.398965
14947 Marlowe St,2019-08-16,Hubbell-Lyndon,-83.190084,42.39908
15516 Ardmore St,2019-08-16,Bethune Community,-83.184373,42.405449
18138 Cardoni St,2019-08-16,Hawthorne Park,-83.090796,42.426985
18198 Hull St,2019-08-16,Hawthorne Park,-83.088416,42.427873
18518 Hull St,2019-08-16,Hawthorne Park,-83.088436,42.428412
21127 Orchard St,2019-08-16,Holcomb Community,-83.249717,42.417787
3457 Military St,2019-08-16,Central Southwest,-83.11649,42.327288
5474 15th St,2019-08-16,NW Goldberg,-83.090292,42.353762
6745 Varjo St,2019-08-16,Grant,-83.032722,42.425955
7589 Quinn St,2019-08-16,Grant,-83.025726,42.431391
9633 Lauder St,2019-08-16,Plymouth-Hubbell,-83.190035,42.367424
11709 Sorrento St,2019-08-19,Pride Area Community,-83.172261,42.374727
11745 Appoline,2019-08-19,Pride Area Community,-83.169809,42.375209
12332 Sorrento St,2019-08-19,Pride Area Community,-83.171722,42.379348
12959 Sorrento St,2019-08-19,Grand River-I96,-83.172087,42.382989
14377 Robson St,2019-08-19,Hubbell-Lyndon,-83.192767,42.392761
14899 Marlowe St,2019-08-19,Hubbell-Lyndon,-83.190054,42.398401
15052 Burgess St,2019-08-19,Brightmoor,-83.253979,42.398628
15702 Ardmore St,2019-08-19,Bethune Community,-83.184378,42.405707
3129 Cass Ave,2019-08-19,Midtown,-83.059798,42.343452
5528 Martin St,2019-08-19,Claytown,-83.132258,42.338236
5664 23rd St,2019-08-19,Midwest,-83.102786,42.351148
9605 Archdale St,2019-08-19,Joy Community,-83.215826,42.366626
9926 Archdale St,2019-08-19,Joy Community,-83.215172,42.367976
10030 Nottingham Rd,2019-08-20,Outer Drive-Hayes,-82.952654,42.412392
14428 Marlowe St,2019-08-20,Hubbell-Lyndon,-83.189335,42.394189
14641 Lauder St,2019-08-20,Hubbell-Lyndon,-83.190969,42.396531
15517 Marlowe St,2019-08-20,Belmont,-83.190585,42.405258
3617 Jos Campau,2019-08-20,McDougall-Hunt,-83.032168,42.357798
5175 Casmere St,2019-08-20,Buffalo Charles,-83.048031,42.407277
6773 Covert St,2019-08-20,Grant,-83.031997,42.420408
6865 Covert St,2019-08-20,Grant,-83.030338,42.420441
7587 E Hildale St,2019-08-20,Grant,-83.025686,42.430481
13117 Appoline,2019-08-21,Grand River-I96,-83.169965,42.383671
13145 Steel St,2019-08-21,Grand River-I96,-83.171073,42.384026
13158 Birwood St,2019-08-21,Grand River-I96,-83.162881,42.384442
13522 Sorrento St,2019-08-21,Grand River-I96,-83.171628,42.386179
15450 Hubbell St,2019-08-21,Bethune Community,-83.188675,42.404296
15481 Ardmore St,2019-08-21,Bethune Community,-83.184931,42.404938
15491 Hubbell St,2019-08-21,Belmont,-83.189346,42.404961
15700 Lauder St,2019-08-21,Belmont,-83.191182,42.405502
15743 Mark Twain St,2019-08-21,Bethune Community,-83.187137,42.406495
15753 Mark Twain St,2019-08-21,Bethune Community,-83.187147,42.406687
4462 Lillibridge St,2019-08-21,West End,-82.983891,42.383199
51 W Montana St,2019-08-21,Grixdale Farms,-83.103067,42.423402
5658 23rd St,2019-08-21,Midwest,-83.102739,42.351073
7503 E Grixdale St,2019-08-21,Grant,-83.027223,42.429657
9601 Plainview Ave,2019-08-21,Franklin Park,-83.235225,42.366229
12728 Roselawn St,2019-08-22,Littlefield Community,-83.150334,42.382809
12732 Appoline,2019-08-22,Grand River-I96,-83.169267,42.381639
13115 Meyers Rd,2019-08-22,Grand River-I96,-83.168875,42.383706
13125 Meyers Rd,2019-08-22,Grand River-I96,-83.168878,42.383805
13479 Keystone St,2019-08-22,Davison,-83.050918,42.416486
14247 Saratoga St,2019-08-22,Mapleridge,-82.976316,42.433021
14950 Hubbell St,2019-08-22,Bethune Community,-83.188466,42.399158
15207 Coyle St,2019-08-22,Hubbell-Lyndon,-83.194136,42.401074
18515 Russell St,2019-08-22,Hawthorne Park,-83.090369,42.42826
18546 Hull St,2019-08-22,Hawthorne Park,-83.088452,42.42878
5780 Maxwell Ave,2019-08-22,Gratiot Town/Kettering,-83.014865,42.383118
6156 Frontenac St,2019-08-22,Gratiot Town/Kettering,-83.024884,42.38324
6690 Burns St,2019-08-22,Airport Sub,-83.015977,42.391621
7701 Concord St,2019-08-22,Airport Sub,-83.031209,42.387103
7870 Concord St,2019-08-22,Airport Sub,-83.030666,42.389455
8109 Stockton St,2019-08-22,Mount Olivet,-83.021897,42.429052
8204 E Hollywood St,2019-08-22,Mount Olivet,-83.020794,42.432353
9194 W Lafayette Blvd,2019-08-22,Springwells,-83.131564,42.299199
9533 Delmar St,2019-08-22,North End,-83.072074,42.389658
1101 S Liebold St,2019-08-23,Boynton,-83.147458,42.28101
1141 E Nevada St,2019-08-23,Hawthorne Park,-83.091439,42.425211
11825 Otsego St,2019-08-23,Nardin Park,-83.131157,42.378283
12122 Ward St,2019-08-23,Pride Area Community,-83.172873,42.37732
12674 Cloverlawn St,2019-08-23,Littlefield Community,-83.151371,42.382036
13139 Meyers Rd,2019-08-23,Grand River-I96,-83.168886,42.383995
13510 Monte Vista St,2019-08-23,Northwest Community,-83.166185,42.386119
15475 Tracey St,2019-08-23,Bethune Community,-83.180627,42.404974
15516 Coyle St,2019-08-23,Belmont,-83.193631,42.405167
15727 Hartwell St,2019-08-23,Bethune Community,-83.178517,42.406192
1609 E Nevada St,2019-08-23,Hawthorne Park,-83.087119,42.42535
16126 Coyle St,2019-08-23,Hubbell-Puritan,-83.19383,42.409407
16711 Saint Marys St,2019-08-23,Crary/St Marys,-83.207041,42.412505
18718 Hawthorne St,2019-08-23,Hawthorne Park,-83.092173,42.429733
19140 Caldwell St,2019-08-23,Farwell,-83.046735,42.434148
7578 E Brentwood St,2019-08-23,Grant,-83.025911,42.43277
8937 Steel St,2019-08-23,Barton-McFarland,-83.170575,42.36069
11374 Hartwell St,2019-08-26,Barton-McFarland,-83.176361,42.371786
13607 Mettetal St,2019-08-26,Schoolcraft Southfield,-83.206849,42.386194
15325 Littlefield St,2019-08-26,Bethune Community,-83.176195,42.402613
15461 Stansbury St,2019-08-26,Bethune Community,-83.18275,42.404705
15700 Forrer St,2019-08-26,Crary/St Marys,-83.201304,42.405471
15811 Snowden St,2019-08-26,Bethune Community,-83.17754,42.407786
15991 Ellsworth St,2019-08-26,Grand River-St Marys,-83.204642,42.399942
17426 Mitchell St,2019-08-26,Cadillac Heights,-83.071642,42.421487
18510 Hawthorne St,2019-08-26,Hawthorne Park,-83.092105,42.428197
7445 Emily St,2019-08-26,Grant,-83.028457,42.427973
9125 Meyers Rd,2019-08-26,Barton-McFarland,-83.16814,42.361417
10047 W Fort St,2019-08-27,Carbon Works,-83.136978,42.293151
12648 Greenlawn St,2019-08-27,Littlefield Community,-83.149316,42.381748
12652 Roselawn St,2019-08-27,Littlefield Community,-83.150305,42.381781
12742 Northlawn St,2019-08-27,Littlefield Community,-83.152505,42.382943
13493 Orleans St,2019-08-27,North Campau,-83.079321,42.410341
14635 Hubbell St,2019-08-27,Hubbell-Lyndon,-83.18899,42.396487
17131 Buffalo St,2019-08-27,Davison,-83.047852,42.419485
535 Owen St,2019-08-27,North End,-83.075067,42.385428
6760 Auburn St,2019-08-27,Warrendale,-83.232417,42.340451
97 W Hollywood Ave,2019-08-27,Grixdale Farms,-83.104186,42.430401
12209 Turner St,2019-08-28,Littlefield Community,-83.147076,42.377985
12621 Wyoming St,2019-08-28,Grand River-I96,-83.159144,42.381104
15701 Freeland St,2019-08-28,Bethune Community,-83.185942,42.40566
16000 Fullerton St,2019-08-28,Schoolcraft Southfield,-83.202975,42.380514
16146 Strathmoor St,2019-08-28,Hubbell-Puritan,-83.187773000000007,42.409865
17143 Waveney St,2019-08-28,Cornerstone Village,-82.925963,42.401845
19435 Lindsay St,2019-08-28,Greenfield,-83.214442,42.43438
19480 Lindsay St,2019-08-28,Greenfield,-83.213808,42.434987
2582 Eastlawn St,2019-08-28,Riverbend,-82.952795,42.380516
11529 Chalmers St,2019-08-29,Eden Gardens,-82.974344,42.419493
12341 Chalmers St,2019-08-29,Mapleridge,-82.975126,42.421257
125 W Montana St,2019-08-29,Grixdale Farms,-83.104398,42.423363
13294 Coyle St,2019-08-29,Schoolcraft Southfield,-83.193334,42.385302
14803 Terry St,2019-08-29,Hubbell-Lyndon,-83.191968,42.397002
14961 Coyle St,2019-08-29,Hubbell-Lyndon,-83.194071,42.399158
14974 Littlefield St,2019-08-29,Bethune Community,-83.175453,42.399813
15000 Ward St,2019-08-29,Bethune Community,-83.17327,42.400115
15349 Strathmoor St,2019-08-29,Bethune Community,-83.188134,42.402789
15483 Snowden St,2019-08-29,Bethune Community,-83.177411,42.405184
16240 Strathmoor St,2019-08-29,Hubbell-Puritan,-83.187827,42.411141
19338 Albion St,2019-08-29,Pulaski,-83.005561,42.437063
19378 Westmoreland Rd,2019-08-29,O'Hair Park,-83.236496,42.433101
19505 Lindsay St,2019-08-29,Greenfield,-83.214484,42.435366
6581 Frontenac St,2019-08-29,Airport Sub,-83.028276,42.386188
9310 Cheyenne St,2019-08-29,Barton-McFarland,-83.173609,42.36393
1107 S Liebold St,2019-08-30,Boynton,-83.147526,42.280929
12223 Rutland St,2019-08-30,Plymouth-I96,-83.21377,42.3772
12636 Griggs St,2019-08-30,Grand River-I96,-83.161715,42.381262
14800 Stoepel St,2019-08-30,Chalfonte,-83.140826,42.398235
14801 Ohio St,2019-08-30,Chalfonte,-83.155639,42.398123
14940 Lesure St,2019-08-30,Bethune Community,-83.180785,42.399218
15358 Lesure St,2019-08-30,Bethune Community,-83.180964,42.402992
19769 Lindsay St,2019-08-30,Greenfield,-83.214533,42.436515
19786 Lindsay St,2019-08-30,Greenfield,-83.213879,42.436767
19791 Lindsay St,2019-08-30,Greenfield,-83.214547,42.436872
445 Alameda St,2019-08-30,Nolan,-83.10815,42.445574
451 Alameda St,2019-08-30,Nolan,-83.108277,42.445571
5266 Chalmers St,2019-08-30,Chandler Park-Chalmers,-82.960092,42.398207
6840 Covert St,2019-08-30,Grant,-83.030758,42.419993
7704 Chalfonte St,2019-08-30,Chalfonte,-83.148298,42.40057
13158 Appoline,2019-09-03,Grand River-I96,-83.16938,42.384272
14625 Fordham St,2019-09-03,Mapleridge,-82.972134,42.434604
14678 Cloverlawn St,2019-09-03,Chalfonte,-83.151965,42.397819
15796 Snowden St,2019-09-03,Bethune Community,-83.176888,42.407475
4401 CADILLAC,2019-09-03,West End,-82.994053,42.378165
66 W Longwood Pl,2019-09-03,Grixdale Farms,-83.103293,42.422111
11706 Meyers Rd,2019-09-04,Grand River-I96,-83.16786,42.374811
14576 Cloverdale St,2019-09-04,Chalfonte,-83.148689,42.396483
14614 Ohio St,2019-09-04,Chalfonte,-83.155004,42.396935
14615 Cloverlawn St,2019-09-04,Chalfonte,-83.152496,42.396955
14667 Washburn St,2019-09-04,Bethune Community,-83.160815,42.397625
14883 Cloverdale St,2019-09-04,Chalfonte,-83.149447,42.399272
14925 Cruse St,2019-09-04,Bethune Community,-83.183618,42.398945
1567 W Buena Vista St,2019-09-04,Dexter-Linwood,-83.108364,42.395195
16919 Lesure St,2019-09-04,Harmony Village,-83.182178,42.416047
3911 Beniteau St,2019-09-04,West End,-82.98109,42.379928
440 S Cottrell St,2019-09-04,Delray,-83.111144,42.297606
475 Alameda St,2019-09-04,Nolan,-83.108812,42.445556
512 Alameda St,2019-09-04,Nolan,-83.109432,42.446087
616 Alameda St,2019-09-04,Nolan,-83.110014,42.44607
619 Alameda St,2019-09-04,Nolan,-83.110034,42.445516
12237 Archdale St,2019-09-05,Plymouth-I96,-83.21612,42.377349
13128 Meyers Rd,2019-09-05,Grand River-I96,-83.16823,42.383859
13169 Washburn St,2019-09-05,Grand River-I96,-83.160314,42.384622
14848 Stoepel St,2019-09-05,Chalfonte,-83.140852,42.398863
15033 Tracey St,2019-09-05,Bethune Community,-83.180429,42.400372
19416 Albion St,2019-09-05,Pulaski,-83.005595,42.438143
19471 Lindsay St,2019-09-05,Greenfield,-83.214463,42.434856
19510 Lindsay St,2019-09-05,Greenfield,-83.213824,42.435396
19815 Lindsay St,2019-09-05,Greenfield,-83.214558,42.437186
20551 CHARLESTON,2019-09-05,Nolan,-83.107315,42.445406
3162 E EDSEL FORD,2019-09-05,NA,-82.998501,42.392597
4791 Pennsylvania St,2019-09-05,West End,-82.997564,42.380747
6345 Ellsworth St,2019-09-05,Chalfonte,-83.141148,42.401705
13516 Fenelon St,2019-09-06,Davison,-83.052503,42.416931
14319 Cruse St,2019-09-06,Grand River-I96,-83.183363,42.392838
14558 Birwood St,2019-09-06,Bethune Community,-83.163307,42.396081
14802 Cloverdale St,2019-09-06,Chalfonte,-83.1488,42.398172
17178 Caldwell St,2019-09-06,Davison,-83.046213,42.420177
19418 Mansfield St,2019-09-06,Greenfield,-83.206115,42.434293
19941 Oakfield St,2019-09-06,Greenfield,-83.216253,42.43824
2011 Leslie St,2019-09-06,Dexter-Linwood,-83.112499,42.391763
2030 Leslie St,2019-09-06,Dexter-Linwood,-83.113125,42.392049
20303 Charleston St,2019-09-06,Nolan,-83.107454,42.444054
20323 Charleston St,2019-09-06,Nolan,-83.107467,42.444333
20329 Charleston St,2019-09-06,Nolan,-83.107472,42.444441
20403 Charleston St,2019-09-06,Nolan,-83.107472,42.444513
20415 Charleston St,2019-09-06,Nolan,-83.107477,42.444629
20505 CHARLESTON,2019-09-06,Nolan,-83.1073,42.445004
20529 CHARLESTON,2019-09-06,Nolan,-83.107308,42.445214
20547 CHARLESTON,2019-09-06,Nolan,-83.107314,42.445371
5707 Chopin St,2019-09-06,Claytown,-83.138706,42.33806
620 W Hollywood Ave,2019-09-06,Grixdale Farms,-83.111404,42.430739
9910 Prest St,2019-09-06,Plymouth-Hubbell,-83.195973,42.368108
9916 Woodmont Ave,2019-09-06,Joy Community,-83.207914,42.367969
19751 Lindsay St,2019-09-09,Greenfield,-83.214525,42.436309
7339 Ellsworth St,2019-09-09,Chalfonte,-83.144324,42.401676
7649 Chalfonte St,2019-09-09,Chalfonte,-83.147679,42.400081
12620 Birwood St,2019-09-10,Grand River-I96,-83.162777,42.381005
12683 Mendota St,2019-09-10,Grand River-I96,-83.164507,42.381845
19311 Omira St,2019-09-10,Nolan,-83.096333,42.435202
3916 Saint Aubin St,2019-09-10,McDougall-Hunt,-83.039513,42.357602
457 Erle St,2019-09-10,Grixdale Farms,-83.10803,42.424592
7025 Theodore St,2019-09-10,Gratiot Town/Kettering,-83.020594,42.374151
7351 Ellsworth St,2019-09-10,Chalfonte,-83.144546,42.401675
12216 Rutland St,2019-09-11,Plymouth-I96,-83.213065,42.377114
12482 Mackay St,2019-09-11,Campau/Banglatown,-83.068875,42.409107
12676 Greenlawn St,2019-09-11,Littlefield Community,-83.14933,42.382156
12945 Sorrento St,2019-09-11,Grand River-I96,-83.172078,42.382798
15446 Tracey St,2019-09-11,Bethune Community,-83.179982999999993,42.404595
17840 Cliff St,2019-09-11,Grant,-83.027725,42.425644
17908 Cliff St,2019-09-11,Grant,-83.027743,42.426048
1949 Lawley St,2019-09-11,Campau/Banglatown,-83.075378,42.408183
1973 McLean St,2019-09-11,Campau/Banglatown,-83.073661,42.406378
1997 Fullerton St,2019-09-11,Dexter-Linwood,-83.111785,42.391112
2010 Fullerton St,2019-09-11,Dexter-Linwood,-83.112282,42.391434
2236 W Grand St,2019-09-11,Oakman Blvd Community,-83.117983,42.396753
446 W Winchester Ave,2019-09-11,Nolan,-83.108096,42.4442
450 W Winchester Ave,2019-09-11,Nolan,-83.108264,42.444195
7435 Iowa St,2019-09-11,Grant,-83.027316,42.425318
7493 Iowa St,2019-09-11,Grant,-83.026322,42.425339
9114 Prevost St,2019-09-11,Joy Community,-83.20104,42.360903
9171 Rutherford St,2019-09-11,Joy Community,-83.202884,42.361809
9260 Carlin St,2019-09-11,We Care Community,-83.178479,42.363106
9384 Winthrop St,2019-09-11,Joy Community,-83.197966,42.364761
9534 Montrose St,2019-09-11,Joy Community,-83.199351,42.365951
9916 Whitcomb St,2019-09-11,Plymouth-Hubbell,-83.194866,42.368219
17154 Caldwell St,2019-09-12,Davison,-83.046196,42.419851
19350 Omira St,2019-09-12,Nolan,-83.095748,42.435787
19428 Lindsay St,2019-09-12,Greenfield,-83.213782,42.434292
19918 Lindsay St,2019-09-12,Greenfield,-83.214349,42.437817
19972 Lindsay St,2019-09-12,Greenfield,-83.214394,42.438968
2211 Indiandale St,2019-09-12,Dexter-Linwood,-83.115675,42.394037
486 W Winchester Ave,2019-09-12,Nolan,-83.108963,42.444176
7350 Ellsworth St,2019-09-12,Chalfonte,-83.14456,42.402088
7521 Iowa St,2019-09-12,Grant,-83.025789,42.42535
8303 Lane St,2019-09-12,Springwells,-83.126936,42.306251
9122 Prevost St,2019-09-12,Joy Community,-83.201049,42.361047
14601 Marlowe St,2019-09-13,Hubbell-Lyndon,-83.189954,42.395981
15060 Littlefield St,2019-09-13,Bethune Community,-83.175491,42.400861
19232 Cardoni St,2019-09-13,Nolan,-83.091405,42.43455
19265 Omira St,2019-09-13,Nolan,-83.096322,42.434835
19481 Oakfield St,2019-09-13,Greenfield,-83.215538,42.434955
19511 Oakfield St,2019-09-13,Greenfield,-83.215553,42.435351
20045 Santa Barbara Dr,2019-09-13,Garden Homes,-83.149571,42.440779
20425 Fayette St,2019-09-13,Nolan,-83.109956,42.444069
20433 Fayette St,2019-09-13,Nolan,-83.110024,42.444154
20513 San Juan Dr,2019-09-13,Garden Homes,-83.148107,42.445091
21589 W Davison St,2019-09-13,Brightmoor,-83.254237,42.383401
497 Colton St,2019-09-13,Nolan,-83.109119,42.444584
6094 Braden St,2019-09-13,Claytown,-83.137584,42.343123
6100 Braden St,2019-09-13,Claytown,-83.137653,42.343213
6190 Wabash St,2019-09-13,Elijah McCoy,-83.091747,42.361163
6379 Ellsworth St,2019-09-13,Chalfonte,-83.141814,42.401701
6801 Covert St,2019-09-13,Grant,-83.031493,42.420412
7086 Holmes St,2019-09-13,Claytown,-83.141191,42.344238
8835 Ashton Ave,2019-09-13,Franklin Park,-83.218033,42.358463
9695 Bessemore St,2019-09-13,Airport Sub,-83.005361,42.395276
1086 Hubbard St,2019-09-16,Hubbard Farms,-83.088067,42.3171
15505 Tuller St,2019-09-16,Fitzgerald/Marygrove,-83.147667,42.405894
158 W Nevada St,2019-09-16,Grixdale Farms,-83.105151,42.424771
19179 Lindsay St,2019-09-16,Greenfield,-83.214311,42.431358
19242 Cardoni St,2019-09-16,Nolan,-83.091409,42.434673
19247 Lamont St,2019-09-16,Farwell,-83.055173,42.435399
2047 Glendale St,2019-09-16,Dexter-Linwood,-83.113566,42.39227
20530 Fayette St,2019-09-16,Nolan,-83.110174,42.445215
3515 Lovett St,2019-09-16,Chadsey Condon,-83.104189,42.332451
6562 Pittsburg St,2019-09-16,Claytown,-83.131731,42.340428
7619 Ellsworth St,2019-09-16,Chalfonte,-83.147184,42.40166
9353 Rutland St,2019-09-16,Joy Community,-83.21335,42.364054
11380 Memorial St,2019-09-17,Joy Community,-83.211632,42.371156
12055 Lauder St,2019-09-17,Plymouth-Hubbell,-83.190356,42.375763
12078 Prest St,2019-09-17,Plymouth-Hubbell,-83.196274,42.375927
12244 Abington Ave,2019-09-17,Plymouth-I96,-83.210642000000007,42.377545
13810 La Salle Blvd,2019-09-17,Oakman Blvd Community,-83.120531,42.396757
14605 Monica St,2019-09-17,Chalfonte,-83.143629,42.396921
14683 Kentucky St,2019-09-17,Chalfonte,-83.158698,42.397875
15602 Eastburn St,2019-09-17,Regent Park,-82.960732,42.445276
15708 Fairmount Dr,2019-09-17,Regent Park,-82.958825,42.44443
15764 Linwood St,2019-09-17,Pilgrim Village,-83.127131,42.407474
15787 Alden St,2019-09-17,Pilgrim Village,-83.130867,42.407748
15792 Alden St,2019-09-17,Pilgrim Village,-83.130307,42.407826
16012 Novara St,2019-09-17,Regent Park,-82.955505,42.438953
19795 Oakfield St,2019-09-17,Greenfield,-83.215623,42.436862
20400 Manor St,2019-09-17,Pembroke,-83.169736,42.443234
2663 E Palmer St,2019-09-17,Poletown East,-83.043274,42.371623
462 Colton St,2019-09-17,Nolan,-83.108512,42.445152
510 Colton St,2019-09-17,Nolan,-83.109382,42.44513
6593 Wagner St,2019-09-17,Claytown,-83.132445,42.340557
11737 Woodmont Ave,2019-09-18,Plymouth-I96,-83.208773,42.374467
1236 Burlingame St,2019-09-18,Gateway Community,-83.099567,42.388113
14274 Glenwood St,2019-09-18,Mapleridge,-82.97572,42.430348
14800 Northlawn St,2019-09-18,Chalfonte,-83.153025,42.398145
15040 Liberal St,2019-09-18,Regent Park,-82.966015,42.439964
16276 Fairmount Dr,2019-09-18,Regent Park,-82.952076,42.444532
19233 Cardoni St,2019-09-18,Nolan,-83.091953,42.434503
19239 Cardoni St,2019-09-18,Nolan,-83.091955,42.434585
19510 Mansfield St,2019-09-18,Greenfield,-83.206167,42.435548
20123 Coventry St,2019-09-18,Nolan,-83.101938,42.442554
300 Philip St,2019-09-18,Jefferson Chalmers,-82.935488,42.364143
469 Alameda St,2019-09-18,Nolan,-83.108654,42.445561
4692 Chalmers St,2019-09-18,Fox Creek,-82.957201,42.393482
515 Colton St,2019-09-18,Nolan,-83.109397,42.444577
600 Colton St,2019-09-18,Nolan,-83.109722,42.445113
642 Alameda St,2019-09-18,Nolan,-83.110459,42.446055
7487 Quinn St,2019-09-18,Grant,-83.027732,42.431339
8169 Radcliffe St,2019-09-18,Claytown,-83.14974,42.339294
11631 Memorial St,2019-09-19,Plymouth-I96,-83.212361,42.372863
11733 Rutland St,2019-09-19,Plymouth-I96,-83.213632,42.374282
12217 Abington Ave,2019-09-19,Plymouth-I96,-83.211285,42.377153
12236 Memorial St,2019-09-19,Plymouth-I96,-83.211842,42.377428
1344 Ashland St,2019-09-19,Riverbend,-82.943026,42.379029
14838 Quincy St,2019-09-19,Dexter-Fenkell,-83.137488,42.399436
15086 Parkside St,2019-09-19,Dexter-Fenkell,-83.130555,42.402036
15116 Parkside St,2019-09-19,Dexter-Fenkell,-83.13057,42.402447
15863 Log Cabin St,2019-09-19,Pilgrim Village,-83.1218,42.408813
15870 Baylis St,2019-09-19,Pilgrim Village,-83.123549,42.408862
15871 Baylis St,2019-09-19,Pilgrim Village,-83.124236,42.408864
15877 Prairie St,2019-09-19,Fitzgerald/Marygrove,-83.145115,42.408639
15933 Log Cabin St,2019-09-19,Pilgrim Village,-83.121851,42.4098
19165 Cardoni St,2019-09-19,Nolan,-83.091929,42.433597
19700 Keating St,2019-09-19,Nolan,-83.100073,42.438736
19807 Gilchrist St,2019-09-19,Greenfield,-83.213471,42.437066
19815 Gilchrist St,2019-09-19,Greenfield,-83.213477,42.4372
20541 CHARLESTON,2019-09-19,Nolan,-83.107312,42.445319
424 Colton St,2019-09-19,Nolan,-83.107769,42.445125
7044 Holmes St,2019-09-19,Claytown,-83.140415,42.344255
8011 Dayton St,2019-09-19,Claytown,-83.147239,42.339382
8303 Stahelin Ave,2019-09-19,Warrendale,-83.225111,42.353775
9356 Memorial St,2019-09-19,Joy Community,-83.211425,42.364151
13609 Rosa Parks Blvd,2019-09-20,Oakman Blvd Community,-83.114204,42.397263
14481 Houston Whittier Ave,2019-09-20,Mapleridge,-82.973089,42.42094
15374 Baylis St,2019-09-20,Pilgrim Village,-83.123318,42.404171
15381 Linwood St,2019-09-20,Pilgrim Village,-83.127719,42.404381
15634 Inverness St,2019-09-20,Pilgrim Village,-83.122251,42.407395
15703 Linwood St,2019-09-20,Pilgrim Village,-83.12783,42.406643
15922 Wildemere St,2019-09-20,Pilgrim Village,-83.132356,42.409602
16245 Novara St,2019-09-20,Regent Park,-82.952517,42.439526
16426 Pembroke Ave,2019-09-20,Greenfield,-83.210528,42.437667
16819 Harper Ave,2019-09-20,East English Village,-82.939234,42.415101
17110 Pembroke Ave,2019-09-20,Greenfield,-83.212506,42.437639
19149 Cardoni St,2019-09-20,Nolan,-83.091922,42.433336
1995 Geneva St,2019-09-20,Martin Park,-83.12055,42.413272
20110 Exeter St,2019-09-20,Nolan,-83.104787,42.442278
20243 Ashton Ave,2019-09-20,O'Hair Park,-83.221549,42.441427
3951 Barham St,2019-09-20,Morningside,-82.945662,42.391001
5396 Oregon St,2019-09-20,Midwest,-83.127616,42.355356
5404 Oregon St,2019-09-20,Midwest,-83.127714,42.355318
6424 Piedmont St,2019-09-20,Warrendale,-83.227644,42.337791
15292 Maddelein St,2019-09-23,Regent Park,-82.963582,42.436126
15853 Rossini Dr,2019-09-23,Regent Park,-82.957393,42.444111
19975 Derby St,2019-09-23,Nolan,-83.104178,42.440455
20021 Derby St,2019-09-23,Nolan,-83.104209,42.441273
20033 DERBY,2019-09-23,Nolan,-83.103903,42.441207
20047 DERBY,2019-09-23,Nolan,-83.10391,42.44138
20055 Derby St,2019-09-23,Nolan,-83.104228,42.441705
15003 Ward St,2019-09-24,Bethune Community,-83.173904,42.400106
15327 Linwood St,2019-09-24,Pilgrim Village,-83.12767,42.403421
15375 Inverness St,2019-09-24,Pilgrim Village,-83.122791,42.404182
15484 Rossini Dr,2019-09-24,Regent Park,-82.961744,42.443461
15776 Idaho St,2019-09-24,Pilgrim Village,-83.117142,42.409044
15817 E State Fair St,2019-09-24,Regent Park,-82.95806,42.443114
19810 Ferguson St,2019-09-24,Greenfield,-83.210602,42.437264
20472 Yacama Rd,2019-09-24,Nolan,-83.097133,42.445767
20487 Yacama Rd,2019-09-24,Nolan,-83.09772,42.445944
5220 Canyon Ave,2019-09-24,Cornerstone Village,-82.916509,42.413607
5519 Courville St,2019-09-24,Morningside,-82.941632,42.406237
7476 Emily St,2019-09-24,Grant,-83.027805,42.427508
11809 Kenmoor St,2019-09-25,LaSalle College Park,-83.000252,42.419576
14862 Kentucky St,2019-09-25,Chalfonte,-83.158193,42.398933
15432 Glenwood St,2019-09-25,Mapleridge,-82.962223,42.430692
15604 Inverness St,2019-09-25,Pilgrim Village,-83.122231,42.406984
15610 Inverness St,2019-09-25,Pilgrim Village,-83.122235,42.407066
19133 Hawthorne St,2019-09-25,Nolan,-83.092932,42.433084
19137 Hawthorne St,2019-09-25,Nolan,-83.092935,42.433166
19750 Ferguson St,2019-09-25,Greenfield,-83.210573,42.436383
20037 Danbury St,2019-09-25,Nolan,-83.106378,42.44153
20054 DERBY,2019-09-25,Nolan,-83.103704,42.440124
20062 DERBY,2019-09-25,Nolan,-83.1037,42.440026
20063 Exeter St,2019-09-25,Nolan,-83.105402,42.441822
20108 Derby St,2019-09-25,Nolan,-83.103479,42.442294
20122 Derby St,2019-09-25,Nolan,-83.103484,42.44247
286 E Euclid St,2019-09-25,North End,-83.07401,42.378354
5600 Buckingham Ave,2019-09-25,Morningside,-82.946596,42.405678
6545 Wagner St,2019-09-25,Claytown,-83.131664,42.340869
7010 Holmes St,2019-09-25,Claytown,-83.139749,42.34427
7621 Emily St,2019-09-25,Grant,-83.024976,42.42804
12033 Rossiter St,2019-09-26,Moross-Morang,-82.946587,42.42923
12788 Monte Vista St,2019-09-26,Grand River-I96,-83.166057,42.383232
13211 Powell St,2019-09-26,Oakwood Heights,-83.148813,42.292485
14329 Flanders St,2019-09-26,Eden Gardens,-82.974532,42.419311
14625 Saratoga St,2019-09-26,Mapleridge,-82.972092,42.433094
15410 Wabash St,2019-09-26,Pilgrim Village,-83.118665,42.404749
15556 Inverness St,2019-09-26,Pilgrim Village,-83.1222,42.406326
15877 Linwood St,2019-09-26,Pilgrim Village,-83.127947,42.408947
17521 Russell St,2019-09-26,Cadillac Heights,-83.090089,42.422151
19358 Ferguson St,2019-09-26,Greenfield,-83.210454,42.433345
19994 Yacama Rd,2019-09-26,Nolan,-83.096946,42.441111
356 S Luther St,2019-09-26,Oakwood Heights,-83.147692,42.29154
6551 Wagner St,2019-09-26,Claytown,-83.131761,42.34083
8860 University Pl,2019-09-26,Cornerstone Village,-82.930714,42.420665
10038 Nottingham Rd,2019-09-27,Outer Drive-Hayes,-82.952574,42.412472
15419 Rosa Parks Blvd,2019-09-27,Pilgrim Village,-83.118224,42.40484
17850 Cliff St,2019-09-27,Grant,-83.027729,42.425743
17900 Cliff St,2019-09-27,Grant,-83.027739,42.425952
19329 Ferguson St,2019-09-27,Greenfield,-83.211071,42.432702
19765 Fenmore St,2019-09-27,Greenfield,-83.21882,42.436386
20133 Derby St,2019-09-27,Nolan,-83.104259,42.442573
20170 Danbury St,2019-09-27,Nolan,-83.105865,42.443073
2149 Leland St,2019-09-27,McDougall-Hunt,-83.038769,42.357761000000004
2251 W Grand St,2019-09-27,Oakman Blvd Community,-83.117928,42.396271
4865 Cortland St,2019-09-27,Russell Woods,-83.137599,42.379203
6500 Epworth St,2019-09-27,Midwest,-83.128374,42.350706
7172 Holmes St,2019-09-27,Claytown,-83.142742,42.344208
12133 Wayburn St,2019-09-30,Moross-Morang,-82.947661,42.429669
12477 Whitehill St,2019-09-30,Moross-Morang,-82.949437,42.431046
137 W Hollywood Ave,2019-09-30,Grixdale Farms,-83.104834,42.430392
14926 Appoline St,2019-09-30,Bethune Community,-83.170011,42.399513
15620 Normandy St,2019-09-30,Pilgrim Village,-83.125902,42.407122
15726 Log Cabin St,2019-09-30,Pilgrim Village,-83.121066,42.407847
1941 Eason St,2019-09-30,Martin Park,-83.119429,42.410932
19696 Yacama Rd,2019-09-30,Nolan,-83.09687,42.438666
19700 Yacama Rd,2019-09-30,Nolan,-83.096872,42.438748
19816 Asbury Park,2019-09-30,Greenfield,-83.209517,42.437281
2001 Eason St,2019-09-30,Martin Park,-83.120568,42.410912
20530 Concord St,2019-09-30,Sherwood,-83.032947,42.447786
3339 Leland St,2019-09-30,McDougall-Hunt,-83.028843,42.361363
5750 Haverhill St,2019-09-30,Morningside,-82.946262,42.407064
7301 Chalfonte St,2019-09-30,Chalfonte,-83.143623,42.4001
7309 Chalfonte St,2019-09-30,Chalfonte,-83.14376,42.400107
12222 Mettetal St,2019-10-01,Plymouth-I96,-83.205807,42.377334
12593 E Canfield St,2019-10-01,Fox Creek,-82.969457,42.387849
15764 Patton St,2019-10-01,Brightmoor,-83.243582,42.40557
18624 Helen St,2019-10-01,Grant,-83.031216,42.430637
18651 Concord St,2019-10-01,Grant,-83.033033,42.430938
19131 Yacama Rd,2019-10-01,Nolan,-83.097285,42.43293
2017 Leslie St,2019-10-01,Dexter-Linwood,-83.112598,42.391726
20265 Concord St,2019-10-01,Sherwood,-83.033571,42.445779
2118 Pilgrim St,2019-10-01,Pilgrim Village,-83.120692,42.40763
2235 Beniteau St,2019-10-01,East Village,-82.97501,42.370524
2694 Glynn Ct,2019-10-01,Dexter-Linwood,-83.11416,42.378448
3316 E Warren Ave,2019-10-01,McDougall-Hunt,-83.033672,42.367932
332 Englewood St,2019-10-01,Gateway Community,-83.082312,42.393654
468 S Dumfries St,2019-10-01,Oakwood Heights,-83.147449,42.287931
6206 Avery St,2019-10-01,Elijah McCoy,-83.087113,42.362671
6546 Willette St,2019-10-01,Claytown,-83.132537,42.34201
6881 Minock St,2019-10-01,Warrendale,-83.231983,42.342139
7184 Holmes St,2019-10-01,Claytown,-83.142966,42.3442
7202 Holmes St,2019-10-01,Claytown,-83.143298,42.344193
7539 Stockton St,2019-10-01,Grant,-83.026516,42.428862
7547 Stockton St,2019-10-01,Grant,-83.026405,42.428864
7570 Stockton St,2019-10-01,Grant,-83.02594,42.428439
7575 Stockton St,2019-10-01,Grant,-83.02585,42.42888
87 W Hollywood Ave,2019-10-01,Grixdale Farms,-83.104038,42.430401
10227 Knodell St,2019-10-02,Airport Sub,-83.002289,42.399184
12061 Camden Ave,2019-10-02,Ravendale,-82.984457,42.40102
15031 Steel St,2019-10-02,Bethune Community,-83.171695,42.40053
15046 Sorrento St,2019-10-02,Bethune Community,-83.172169,42.400723
15887 Belden St,2019-10-02,Pilgrim Village,-83.135833,42.409053
16586 Inverness St,2019-10-02,Martin Park,-83.122548,42.41392
17222 Cameron St,2019-10-02,Greenfield Park,-83.093213,42.419902
18281 Greydale Ave,2019-10-02,Holcomb Community,-83.257089,42.423142
18451 Helen St,2019-10-02,Grant,-83.031797,42.429307
18653 Helen St,2019-10-02,Grant,-83.031871,42.43101
19157 Hickory St,2019-10-02,Pulaski,-82.987903,42.435837
19367 Huntington Rd,2019-10-02,O'Hair Park,-83.23384,42.432948
19808 Harlow St,2019-10-02,Greenfield,-83.216049,42.437044
20065 Omira St,2019-10-02,Nolan,-83.09655,42.442116
20122 Omira St,2019-10-02,Nolan,-83.095985,42.442672
20137 Danbury St,2019-10-02,Nolan,-83.1064,42.442574
20158 Danbury St,2019-10-02,Nolan,-83.105859,42.442892
56 W Hollywood Ave,2019-10-02,Grixdale Farms,-83.103471,42.430851
6373 Ellsworth St,2019-10-02,Chalfonte,-83.141703,42.401702
64 W Hollywood Ave,2019-10-02,Grixdale Farms,-83.103619,42.430851
7400 Chalfonte St,2019-10-02,Chalfonte,-83.144799,42.400593
8890 Penrod St,2019-10-02,Franklin Park,-83.21979,42.359197
14657 Park Grove St,2019-10-03,Mapleridge,-82.971401,42.430106
15356 Bentler St,2019-10-03,Brightmoor,-83.251559,42.401629
15362 Sorrento St,2019-10-03,Bethune Community,-83.172269,42.403258
15767 Burt Rd,2019-10-03,Brightmoor,-83.247663,42.405541
18416 Concord St,2019-10-03,Grant,-83.032255,42.428815
19335 Stotter St,2019-10-03,Nortown,-83.025632,42.436559
19931 Archdale St,2019-10-03,Greenfield,-83.217435,42.438003
20116 Danbury St,2019-10-03,Nolan,-83.105837,42.442349
20142 Danbury St,2019-10-03,Nolan,-83.10585,42.442666
2515 Elmhurst St,2019-10-03,Dexter-Linwood,-83.114684,42.384742
7496 Varjo St,2019-10-03,Grant,-83.026235,42.425678
7508 Quinn St,2019-10-03,Grant,-83.027141,42.430826
7514 Quinn St,2019-10-03,Grant,-83.02703,42.430829
13427 Camden Ave,2019-10-04,Outer Drive-Hayes,-82.96947,42.406288
13531 Kentucky St,2019-10-04,Davison-Schoolcraft,-83.158276,42.3866
14619 Prairie St,2019-10-04,Chalfonte,-83.144889,42.397122
14845 Young St,2019-10-04,Mapleridge,-82.969119,42.424161
17500 McDougall St,2019-10-04,Cadillac Heights,-83.070686,42.422494
17504 McDougall St,2019-10-04,Cadillac Heights,-83.070688,42.422577
17547 McDougall St,2019-10-04,Cadillac Heights,-83.071257,42.423144
18634 Greeley St,2019-10-04,Hawthorne Park,-83.087288,42.430093
19339 Exeter St,2019-10-04,Penrose,-83.105532,42.434838
19392 Hickory St,2019-10-04,Pulaski,-82.987319,42.438276
19500 Alcoy St,2019-10-04,Pulaski,-82.988551,42.438605
1974 Elmhurst St,2019-10-04,Dexter-Linwood,-83.108823,42.387516
20152 Charleston St,2019-10-04,Nolan,-83.106827,42.442826
20213 Exeter St,2019-10-04,Nolan,-83.10546,42.443685
20221 Exeter St,2019-10-04,Nolan,-83.105462,42.443771
2481 Elmhurst St,2019-10-04,Dexter-Linwood,-83.114121,42.38495
5985 Chalmers St,2019-10-04,Chandler Park-Chalmers,-82.964228,42.402986
6155 Grand River Ave,2019-10-04,NW Goldberg,-83.105181,42.35472
645 W Robinwood St,2019-10-04,Grixdale Farms,-83.111748,42.429455
7428 Quinn St,2019-10-04,Grant,-83.028851,42.43078
7452 Quinn St,2019-10-04,Grant,-83.028407,42.430791
7495 Quinn St,2019-10-04,Grant,-83.027595,42.431343
8619 Ellsworth St,2019-10-04,Chalfonte,-83.157016,42.401587
5432 W Vernor Hwy,2019-10-05,Central Southwest,-83.101478,42.318288
14851 Burt Rd,2019-10-07,Brightmoor,-83.247278,42.396391
14856 Burt Rd,2019-10-07,Brightmoor,-83.2466,42.396499
14859 Burt Rd,2019-10-07,Brightmoor,-83.247282,42.396507
14891 Burt Rd,2019-10-07,Brightmoor,-83.247299,42.396951
14900 Elmdale St,2019-10-07,Outer Drive-Hayes,-82.966412,42.410064
15056 Burt Rd,2019-10-07,Brightmoor,-83.246691,42.398823
17469 McDougall St,2019-10-07,Cadillac Heights,-83.071226,42.422073
19433 Lumpkin St,2019-10-07,Nolan,-83.080933,42.437308
197 W Savannah St,2019-10-07,Grixdale Farms,-83.10586,42.425153
20145 Exeter St,2019-10-07,Nolan,-83.105422,42.442758
20162 Danbury St,2019-10-07,Nolan,-83.105863,42.442982
20243 Omira St,2019-10-07,Nolan,-83.096642,42.444295
2972 Harding St,2019-10-07,East Village,-82.982412,42.372609
7444 Quinn St,2019-10-07,Grant,-83.028518,42.430789
7465 Iowa St,2019-10-07,Grant,-83.026827,42.425328
7714 Iowa St,2019-10-07,Grant,-83.024481,42.424913
14421 Fielding St,2019-10-08,Brightmoor,-83.242678,42.392664
14623 Pierson St,2019-10-08,Brightmoor,-83.246032,42.395057
14802 Trinity St,2019-10-08,Brightmoor,-83.247731,42.395731
14878 Patton St,2019-10-08,Brightmoor,-83.243267,42.396831
15110 Burt Rd,2019-10-08,Brightmoor,-83.246719,42.399546
17321 Dequindre St,2019-10-08,Cadillac Heights,-83.082672,42.420587
18431 Helen St,2019-10-08,Grant,-83.031781,42.429048
1930 Tuxedo St,2019-10-08,Dexter-Linwood,-83.107534,42.386949
19601 Hickory St,2019-10-08,Pulaski,-82.988047,42.439973
20243 Danbury St,2019-10-08,Nolan,-83.106459,42.444018
9331 Whitcomb St,2019-10-08,We Care Community,-83.195379,42.363666
10200 Rosa Parks Blvd,2019-10-09,Dexter-Linwood,-83.103192,42.382539
13151 Washburn St,2019-10-09,Grand River-I96,-83.160307,42.384396
14000 Fielding St,2019-10-09,Brightmoor,-83.241891,42.387687
14430 Tacoma St,2019-10-09,Franklin,-82.974838,42.441437
14446 Tacoma St,2019-10-09,Franklin,-82.974578,42.441444
14629 Fielding St,2019-10-09,Brightmoor,-83.242768,42.395229
14926 Hartwell St,2019-10-09,Bethune Community,-83.177588,42.399109
15370 Braile St,2019-10-09,Brightmoor,-83.244583,42.402129
17456 Mitchell St,2019-10-09,Cadillac Heights,-83.071654,42.421898
17468 Mitchell St,2019-10-09,Cadillac Heights,-83.071659,42.422062
19174 Hawthorne St,2019-10-09,Nolan,-83.09236,42.433686
19655 Omira St,2019-10-09,Nolan,-83.096418,42.438227
20188 Derby St,2019-10-09,Nolan,-83.103525,42.443442
20263 Danbury St,2019-10-09,Nolan,-83.106471,42.444344
20502 Charleston St,2019-10-09,Nolan,-83.10692,42.445051
20522 Charleston St,2019-10-09,Nolan,-83.106927,42.445227
2145 W Grand Blvd,2019-10-09,Wildemere Park,-83.105334,42.358752
226 W Robinwood St,2019-10-09,Grixdale Farms,-83.106552,42.430034
237 W Robinwood St,2019-10-09,Grixdale Farms,-83.106837,42.429589
489 W Robinwood St,2019-10-09,Grixdale Farms,-83.108896,42.429496
5515 Oregon St,2019-10-09,Midwest,-83.12808,42.354611
5993 Newport St,2019-10-09,Chandler Park,-82.966358,42.402358
6073 Lemay St,2019-10-09,Airport Sub,-82.994823,42.394113
6092 Lemay St,2019-10-09,Airport Sub,-82.994522,42.3945
6226 Avery St,2019-10-09,Elijah McCoy,-83.087244,42.362899
6313 McClellan St,2019-10-09,Airport Sub,-83.010235,42.391737
11111 Chalmers St,2019-10-10,Eden Gardens,-82.972746,42.416991
11130 Chalmers St,2019-10-10,Outer Drive-Hayes,-82.97215,42.417263
11833 Otsego St,2019-10-10,Nardin Park,-83.131209,42.378363
12771 Wyoming St,2019-10-10,Grand River-I96,-83.159208,42.383189
13415 Keystone St,2019-10-10,Davison,-83.050909,42.415581
14468 Tacoma St,2019-10-10,Franklin,-82.974218,42.441489
15037 Lappin St,2019-10-10,Regent Park,-82.965998,42.437466
17414 Mitchell St,2019-10-10,Cadillac Heights,-83.071637,42.421281
17577 Gable St,2019-10-10,Davison,-83.042582,42.424119
18663 Stahelin Ave,2019-10-10,Evergreen-Outer Drive,-83.227743,42.427737
19220 Hawthorne St,2019-10-10,Nolan,-83.092378,42.434325
19638 Hanna St,2019-10-10,Nolan,-83.089586,42.438147
20225 Derby St,2019-10-10,Nolan,-83.10431,42.443869
20538 Charleston St,2019-10-10,Nolan,-83.106938,42.445491
20546 Charleston St,2019-10-10,Nolan,-83.106941,42.44558
510 King St,2019-10-10,North End,-83.07383,42.382404
6421 Fischer St,2019-10-10,Airport Sub,-83.013982,42.389538
6640 May St,2019-10-10,Airport Sub,-83.009822,42.393007
8045 Rangoon St,2019-10-10,Midwest,-83.138819,42.35265
8051 Malvern St,2019-10-10,Airport Sub,-83.02108,42.389487
91 W Margaret St,2019-10-10,Grixdale Farms,-83.103934,42.425919
9625 Wyoming St,2019-10-10,Barton-McFarland,-83.158564,42.367326
1250 24th St,2019-10-11,Mexicantown,-83.083329,42.319917
14028 Pierson St,2019-10-11,Brightmoor,-83.245125,42.387956
14152 Kentfield St,2019-10-11,Brightmoor,-83.239788,42.389417
14174 Kentfield St,2019-10-11,Brightmoor,-83.2398,42.389705
14580 Pierson St,2019-10-11,Brightmoor,-83.245365,42.394498
15757 Pierson St,2019-10-11,Brightmoor,-83.246476,42.405391
6082 Barrett St,2019-10-11,Chandler Park,-82.983364,42.398082
7487 Maywood St,2019-10-11,Airport Sub,-83.025018,42.391468
7962 Hathon St,2019-10-11,Airport Sub,-83.026845,42.38845
14144 Patton St,2019-10-14,Brightmoor,-83.242969,42.389227
14196 Stout St,2019-10-14,Brightmoor,-83.240854,42.390013
14297 Faircrest St,2019-10-14,Mapleridge,-82.975366,42.432263
14579 Northlawn St,2019-10-14,Chalfonte,-83.153496,42.39647
15117 Appoline St,2019-10-14,Bethune Community,-83.170709,42.401721
15340 Steel St,2019-10-14,Bethune Community,-83.171223,42.40287
15344 Sorrento St,2019-10-14,Bethune Community,-83.172253,42.402962
15471 Glenwood St,2019-10-14,Mapleridge,-82.961504,42.431132
19400 Cameron St,2019-10-14,Nolan,-83.093451,42.436532
20222 Derby St,2019-10-14,Nolan,-83.103543,42.443847
20260 Derby St,2019-10-14,Nolan,-83.103562,42.444375
20263 Exeter St,2019-10-14,Nolan,-83.105485,42.444341
207 W Robinwood St,2019-10-14,Grixdale Farms,-83.106244,42.429593
3001 Jerome St,2019-10-14,Cadillac Heights,-83.071555,42.420162
3468 3 Mile Dr,2019-10-14,Morningside,-82.932741,42.391923
4425 Crane St,2019-10-14,Gratiot Woods,-83.002404,42.375218
5332 32nd St,2019-10-14,Chadsey Condon,-83.117669,42.342977
5395 Rohns St,2019-10-14,Gratiot Woods,-83.006531,42.383144
56 W Robinwood St,2019-10-14,Grixdale Farms,-83.103441,42.43006
5814 Eastlawn St,2019-10-14,Chandler Park,-82.965973,42.400856
6350 Alaska St,2019-10-14,Midwest,-83.139238,42.355757
8062 Hardyke St,2019-10-14,Airport Sub,-83.021212,42.389847
8332 W Davison St,2019-10-14,Davison-Schoolcraft,-83.152584,42.386454
8335 Wallace St,2019-10-14,Airport Sub,-83.025378,42.389439
985 E Savannah St,2019-10-14,Hawthorne Park,-83.092612,42.425946
10981 Craft St,2019-10-15,Outer Drive-Hayes,-82.960823,42.416882
14035 Patton St,2019-10-15,Brightmoor,-83.243544,42.388126
14291 Corbett Ave,2019-10-15,Outer Drive-Hayes,-82.968732,42.409227
14425 Promenade Ave,2019-10-15,Outer Drive-Hayes,-82.969835,42.414157
14427 Westbrook St,2019-10-15,Brightmoor,-83.250698,42.39261
14439 Linnhurst St,2019-10-15,Mapleridge,-82.974373,42.431533
14533 Braile St,2019-10-15,Brightmoor,-83.244856,42.39387
15090 Blackstone St,2019-10-15,Brightmoor,-83.248927,42.399262
15139 Greydale St,2019-10-15,Brightmoor,-83.255882,42.399749
15141 Braile St,2019-10-15,Brightmoor,-83.245103,42.399991
15359 Steel St,2019-10-15,Bethune Community,-83.171841,42.403259
15446 Littlefield St,2019-10-15,Bethune Community,-83.175678,42.404711
16185 Bramell St,2019-10-15,Riverdale,-83.265102,42.409208
17331 Charest St,2019-10-15,Cadillac Heights,-83.070251,42.42168
17427 Charest St,2019-10-15,Cadillac Heights,-83.070286,42.422996
18571 Cardoni St,2019-10-15,Hawthorne Park,-83.091624,42.429028
18638 Sunderland Rd,2019-10-15,Evergreen-Outer Drive,-83.228224,42.42735
18871 Cardoni St,2019-10-15,Hawthorne Park,-83.091717,42.431204
20250 Derby St,2019-10-15,Nolan,-83.103557,42.444254
20251 Derby St,2019-10-15,Nolan,-83.104325,42.444236
20405 Derby St,2019-10-15,Nolan,-83.104344,42.444639
21257 Lyndon St,2019-10-15,Brightmoor,-83.250176,42.392936
2266 Hendrie St,2019-10-15,Poletown East,-83.045628,42.371352
2402 Monterey St,2019-10-15,Dexter-Linwood,-83.113578,42.38658
3799 Gladstone St,2019-10-15,Petoskey-Otsego,-83.117494,42.366585
4387 Gilbert St,2019-10-15,Claytown,-83.123136,42.332229
5669 Loraine St,2019-10-15,NW Goldberg,-83.096077,42.353333
14247 Chapel St,2019-10-16,Brightmoor,-83.253137,42.39043
14431 Bentler St,2019-10-16,Brightmoor,-83.252041,42.392688
15045 Greydale St,2019-10-16,Brightmoor,-83.255831,42.398443
15059 Chapel St,2019-10-16,Brightmoor,-83.253442,42.398687
15079 Bentler St,2019-10-16,Brightmoor,-83.252252,42.398995
17545 Gable St,2019-10-16,Davison,-83.042544,42.423705
20025 Russell St,2019-10-16,Nolan,-83.091267,42.441669
20045 Danbury St,2019-10-16,Nolan,-83.106384,42.441669
20253 Exeter St,2019-10-16,Nolan,-83.105479,42.444201
20427 Derby St,2019-10-16,Nolan,-83.104358,42.444945
20433 Derby St,2019-10-16,Nolan,-83.104362,42.445035
20529 Danbury St,2019-10-16,Nolan,-83.106554,42.446313
20626 Charleston St,2019-10-16,Nolan,-83.106966,42.446214
20638 Charleston St,2019-10-16,Nolan,-83.106974,42.446394
3691 3 Mile Dr,2019-10-16,Morningside,-82.934603,42.393631
5286 Spokane St,2019-10-16,Midwest,-83.127548,42.358426
5591 Vancouver St,2019-10-16,Midwest,-83.129886,42.354951
7410 Iowa St,2019-10-16,Grant,-83.027605,42.424879
8027 E EDSEL FORD,2019-10-16,Gratiot Town/Kettering,-83.019636,42.385924
13697 Elmira St,2019-10-17,Plymouth-Hubbell,-83.17984,42.37065
13978 Glenwood St,2019-10-17,Mapleridge,-82.979952,42.430369
14884 Greydale St,2019-10-17,Brightmoor,-83.255106,42.396671
17441 Charest St,2019-10-17,Cadillac Heights,-83.07029,42.423161
18171 Riopelle St,2019-10-17,Hawthorne Park,-83.08665,42.427548
19266 Caldwell St,2019-10-17,Farwell,-83.046775,42.435886000000004
20198 Exeter St,2019-10-17,Nolan,-83.104834,42.443501
20260 Exeter St,2019-10-17,Nolan,-83.104867,42.444343
40 W Robinwood St,2019-10-17,Grixdale Farms,-83.103144,42.430063
4061 Joy Rd,2019-10-17,Petoskey-Otsego,-83.120864,42.36867
5280 Spokane St,2019-10-17,Midwest,-83.127449,42.358463
6725 Burns St,2019-10-17,Airport Sub,-83.01685,42.391847
6860 Brimson St,2019-10-17,Grant,-83.030539,42.421638
7817 Piedmont St,2019-10-17,Warrendale,-83.228659,42.349918
8120 Willard St,2019-10-17,Gratiot-Grand,-83.009997,42.374943
8314 Carbondale St,2019-10-17,Midwest,-83.136126,42.354662
8356 Saint Cyril Ave,2019-10-17,Airport Sub,-83.025901,42.389692
14170 Dolphin St,2019-10-18,Brightmoor,-83.258599,42.389316
14217 Darcy St,2019-10-18,Brightmoor,-83.255169,42.389791
14420 Dolphin St,2019-10-18,Brightmoor,-83.258683,42.392385
14561 Rockdale St,2019-10-18,Brightmoor,-83.258245,42.394037
15709 Sorrento St,2019-10-18,Bethune Community,-83.173038,42.406082
17907 Charest St,2019-10-18,Cadillac Heights,-83.070319,42.424941
17923 Charest St,2019-10-18,Cadillac Heights,-83.070324,42.425229
1925 Clements St,2019-10-18,Oakman Blvd Community,-83.114167,42.396697
19459 Oakfield St,2019-10-18,Greenfield,-83.215527,42.434667
19947 Hawthorne St,2019-10-18,Nolan,-83.093148,42.440562
20037 Hawthorne St,2019-10-18,Nolan,-83.093201,42.441814
20054 Hawthorne St,2019-10-18,Nolan,-83.092614,42.442014
20203 Waltham St,2019-10-18,Conner Creek,-82.995681,42.44564
20400 Hawthorne St,2019-10-18,Nolan,-83.092743,42.4449
20458 Hawthorne St,2019-10-18,Nolan,-83.092774,42.445674
4269 Neff Ave,2019-10-18,Cornerstone Village,-82.921879,42.402463
4546 Pacific St,2019-10-18,Midwest,-83.119293,42.35751
4566 Pacific St,2019-10-18,Midwest,-83.119607,42.357391
7827 Penrod St,2019-10-18,Warrendale,-83.220151,42.350208
12300 E Eight Mile,2019-10-21,Conner Creek,-83.000074,42.448734
12762 Rosemary Ave,2019-10-21,Eden Gardens,-82.981201,42.41224
13826 Glenwood St,2019-10-21,Franklin,-82.981873,42.430337
14716 Cedargrove St,2019-10-21,Mapleridge,-82.970262,42.425298
15733 Lahser Rd,2019-10-21,Brightmoor,-83.25739,42.404619
17356 Hull St,2019-10-21,Cadillac Heights,-83.088109,42.420919
19350 Hull St,2019-10-21,Nolan,-83.088553,42.435995
19705 Cardoni St,2019-10-21,Nolan,-83.092067,42.438996
20045 Hawthorne St,2019-10-21,Nolan,-83.093205,42.441909
20459 Derby St,2019-10-21,Nolan,-83.104375,42.445389
4154 Holcomb St,2019-10-21,Gratiot Woods,-82.998045,42.374516
5012 Holcomb Ave,2019-10-21,Gratiot Woods,-83.002284,42.380381
5597 Joy Rd,2019-10-21,Midwest,-83.134317,42.36099
8125 Wetherby St,2019-10-21,Midwest,-83.140109,42.354057
8261 Knodell St,2019-10-21,Airport Sub,-83.017922,42.398583
12626 Birwood St,2019-10-22,Grand River-I96,-83.162781,42.381114
13617 Mapleridge St,2019-10-22,Franklin,-82.98442,42.429101
14820 Grand River Ave,2019-10-22,Hubbell-Lyndon,-83.190902,42.390009
14905 Lauder St,2019-10-22,Hubbell-Lyndon,-83.191039,42.398479
17187 Greeley St,2019-10-22,Cadillac Heights,-83.087514,42.419556
18086 McDougall St,2019-10-22,Northeast Central District,-83.070385,42.427131
18100 McDougall St,2019-10-22,Northeast Central District,-83.07045,42.427301
18612 Sherwood St,2019-10-22,Grant,-83.033493000000007,42.430427
18689 Gable St,2019-10-22,Grant,-83.042929,42.431233
18817 Helen St,2019-10-22,Grant,-83.03194,42.432331
19401 Pelkey St,2019-10-22,Pulaski,-82.986797,42.438398
19449 Carrie St,2019-10-22,Nortown,-83.031179,42.43802
19633 Cardoni St,2019-10-22,Nolan,-83.092045,42.437987
19644 Hull St,2019-10-22,Nolan,-83.088623,42.438293
20151 Derby St,2019-10-22,Nolan,-83.104272,42.442857
4821 Lakepointe St,2019-10-22,Morningside,-82.950731,42.39672
5238 McClellan St,2019-10-22,West End,-83.001595,42.383156
8084 E McNichols Rd,2019-10-22,Airport Sub,-83.021967,42.419232
8849 Linwood St,2019-10-22,Jamison,-83.107701,42.371262
12645 Wilshire Dr,2019-10-23,Wade,-82.981225,42.40953
12805 Mansfield St,2019-10-23,Schoolcraft Southfield,-83.204289,42.382392
14000 La Salle Blvd,2019-10-23,Oakman Blvd Community,-83.121353,42.398004
16190 Stoepel St,2019-10-23,Fitzgerald/Marygrove,-83.141358,42.411245
1641 Clements St,2019-10-23,Oakman Blvd Community,-83.11221,42.397562
19337 Greeley St,2019-10-23,Nolan,-83.088106,42.4358
19460 Greeley St,2019-10-23,Nolan,-83.087543,42.43747
1990 Highland St,2019-10-23,Dexter-Linwood,-83.110942,42.390136
2503 Clairmount St,2019-10-23,Virginia Park Community,-83.107298,42.373237
4075 W Euclid St,2019-10-23,Petoskey-Otsego,-83.116878,42.362401
4471 Garland St,2019-10-23,West End,-82.991673,42.380316
4908 Livernois Ave,2019-10-23,Chadsey Condon,-83.123474,42.336036
4912 Livernois Ave,2019-10-23,Chadsey Condon,-83.123523,42.336108
4918 Livernois Ave,2019-10-23,Chadsey Condon,-83.123613,42.336135
6001 Stanford,2019-10-23,Midwest,-83.114615,42.348053
6007 Stanford,2019-10-23,Midwest,-83.114618,42.348136
12073 Indiana St,2019-10-24,Littlefield Community,-83.157014,42.378434
12074 Indiana St,2019-10-24,Littlefield Community,-83.156473,42.378441
13481 Dequindre St,2019-10-24,North Campau,-83.078536,42.410619
17154 Gable St,2019-10-24,Davison,-83.04143,42.419956
17248 Pembroke Ave,2019-10-24,Greenfield,-83.214243,42.437594
18421 Gable St,2019-10-24,Grant,-83.042798,42.428272
18505 Dwyer St,2019-10-24,Grant,-83.041766,42.429452
18511 Helen St,2019-10-24,Grant,-83.03184,42.430043
18537 Mitchell St,2019-10-24,Northeast Central District,-83.072041,42.42888
19206 Pelkey St,2019-10-24,Pulaski,-82.986069,42.436469
19947 Cardoni St,2019-10-24,Nolan,-83.092127,42.440589
2021 Highland St,2019-10-24,Dexter-Linwood,-83.11115,42.389566
20257 Cardoni St,2019-10-24,Nolan,-83.092294,42.444574
3848 Chalmers St,2019-10-24,Fox Creek,-82.953117,42.387273
5273 Beaconsfield St,2019-10-24,Morningside,-82.95188,42.401331
5534 Hillsboro St,2019-10-24,Midwest,-83.133055,42.361017
6094 Stanford,2019-10-24,Midwest,-83.114045,42.349362
8096 Georgia St,2019-10-24,Airport Sub,-83.020697,42.393031
9176 Audubon Rd,2019-10-24,Outer Drive-Hayes,-82.945328,42.413027
9930 Archdale St,2019-10-24,Joy Community,-83.215174,42.368071
9946 Somerset Ave,2019-10-24,Outer Drive-Hayes,-82.951544,42.412154
12521 E State Fair St,2019-10-25,Conner Creek,-82.997073,42.442155
12542 Moran St,2019-10-25,Campau/Banglatown,-83.059628,42.411555
13980 Mitchell St,2019-10-25,North Campau,-83.070226,42.418016
15265 Glenwood St,2019-10-25,Mapleridge,-82.964052,42.431084
18063 Mitchell St,2019-10-25,Northeast Central District,-83.071967,42.426788
19160 Carrie St,2019-10-25,Nortown,-83.030465,42.434837
19730 Cardoni St,2019-10-25,Nolan,-83.091521,42.439369
19919 Hamburg St,2019-10-25,Conner Creek,-82.997919,42.442389
2020 Highland St,2019-10-25,Dexter-Linwood,-83.111438,42.389951
4064 Tuxedo St,2019-10-25,Nardin Park,-83.128406,42.379083
4459 Saint Clair St,2019-10-25,West End,-82.990463,42.380595
4499 Fischer Ave,2019-10-25,Gratiot Woods,-83.003976,42.375717
5038 Parker St,2019-10-25,Gratiot-Grand,-83.011761,42.377022
8221 Knodell St,2019-10-25,Airport Sub,-83.018634,42.398568
9331 Kentucky St,2019-10-25,Barton-McFarland,-83.157234,42.364535
9414 Littlefield St,2019-10-25,Barton-McFarland,-83.174858,42.365348
13982 Goddard St,2019-10-28,North Campau,-83.075944,42.41592
14102 Washburn St,2019-10-28,Northwest Community,-83.16002,42.390419
15215 Cherrylawn St,2019-10-28,Chalfonte,-83.154987,42.402006
15356 Sorrento St,2019-10-28,Bethune Community,-83.172264,42.403159
16502 San Juan Dr,2019-10-28,Fitzgerald/Marygrove,-83.145708,42.412392
18432 Santa Rosa Dr,2019-10-28,Bagley,-83.143122,42.4267
20400 Washburn St,2019-10-28,Pembroke,-83.162165,42.443366
6073 Cecil St,2019-10-28,Claytown,-83.140271,42.341805
6891 Montrose St,2019-10-28,Warren Ave Community,-83.198988,42.342732
7124 Holmes St,2019-10-28,Claytown,-83.141856,42.344224
8139 Nuernberg St,2019-10-28,Airport Sub,-83.020962,42.417996
8674 Beechdale St,2019-10-28,Barton-McFarland,-83.157453,42.370675
12135 Findlay St,2019-10-29,Gratiot-Findlay,-82.993332,42.416149
12635 Filbert St,2019-10-29,Eden Gardens,-82.987787,42.417622
12635 Harper Ave,2019-10-29,Ravendale,-82.97631,42.401502
12754 Downing St,2019-10-29,Boynton,-83.15933,42.27273
13409 Promenade Ave,2019-10-29,Outer Drive-Hayes,-82.974127,42.413056
13481 Mitchell St,2019-10-29,North Campau,-83.068351,42.414361
13490 Maine St,2019-10-29,North Campau,-83.071012,42.413522
13820 Mitchell St,2019-10-29,North Campau,-83.068882,42.416049
15436 Hazelridge St,2019-10-29,Mapleridge,-82.961949,42.424575
17430 Pomona St,2019-10-29,Cornerstone Village,-82.921238,42.401312
17814 Mitchell St,2019-10-29,Cadillac Heights,-83.071688,42.423689
17862 McDougall St,2019-10-29,Cadillac Heights,-83.070732,42.424364
17893 McDougall St,2019-10-29,Cadillac Heights,-83.071289,42.424796
19335 Oakfield St,2019-10-29,Greenfield,-83.215444,42.432751
19356 Hanna St,2019-10-29,Nolan,-83.089544,42.436035
19412 Greeley St,2019-10-29,Nolan,-83.087525,42.436867
19951 Lumpkin St,2019-10-29,Nolan,-83.08106,42.441072
20039 DERBY,2019-10-29,Nolan,-83.103906,42.441282
20210 Ferguson St,2019-10-29,Greenfield,-83.210926,42.441268
20410 Hawthorne St,2019-10-29,Nolan,-83.092748,42.444999
20430 Cameron St,2019-10-29,Nolan,-83.093779,42.44526
2233 Sturtevant St,2019-10-29,Dexter-Linwood,-83.112512,42.389926
2426 Leslie St,2019-10-29,Dexter-Linwood,-83.116857,42.390687
2558 Dickerson St,2019-10-29,Riverbend,-82.957506,42.378422
2907 W Warren Ave,2019-10-29,Core City,-83.094588,42.346791
345 Eastlawn St,2019-10-29,Jefferson Chalmers,-82.9422,42.362532
3628 Charlevoix St,2019-10-29,McDougall-Hunt,-83.020639,42.356145
5667 Addison St,2019-10-29,Claytown,-83.152601,42.331913
6115 Cecil St,2019-10-29,Claytown,-83.140636,42.342314
7711 Holmes St,2019-10-29,Claytown,-83.146064,42.343691
8419 Carbondale St,2019-10-29,Midwest,-83.137563,42.355788
8666 Beechdale St,2019-10-29,Barton-McFarland,-83.157305,42.370678
9278 Broadstreet Ave,2019-10-29,Nardin Park,-83.126122,42.368265
12023 Maiden St,2019-10-30,Wade,-82.98599,42.402339
19746 Charest St,2019-10-30,Pershing,-83.071331,42.440012
4877 Guilford St,2019-10-30,Cornerstone Village,-82.926902,42.406348
5505 Chalmers St,2019-10-30,Chandler Park-Chalmers,-82.961455,42.398759
5922 15th St,2019-10-30,NW Goldberg,-83.091992,42.35688
6357 Vaughan St,2019-10-30,Warrendale,-83.236712,42.336645
7822 Burnette St,2019-10-30,Midwest,-83.140727,42.351423
9231 Yorkshire Rd,2019-10-30,Yorkshire Woods,-82.94342,42.415354
10822 Haverhill St,2019-10-31,Outer Drive-Hayes,-82.962279,42.416102
11625 Indiana St,2019-10-31,Grand River-I96,-83.156749,42.373938
12082 Minden St,2019-10-31,Gratiot-Findlay,-82.995117,42.416797
12143 Winthrop St,2019-10-31,Plymouth-I96,-83.199257,42.376751
12145 Otsego St,2019-10-31,Nardin Park,-83.132208,42.379884
12243 Mettetal St,2019-10-31,Plymouth-I96,-83.20649,42.37758
13131 E Warren Ave,2019-10-31,Chandler Park,-82.965482,42.39338
13500 McDougall St,2019-10-31,North Campau,-83.067131,42.415084
13504 McDougall St,2019-10-31,North Campau,-83.067182,42.415158
13989 Vaughan St,2019-10-31,Brightmoor,-83.238259,42.387608
176 E Hildale St,2019-10-31,Greenfield Park,-83.09894,42.428241
17814 McDougall St,2019-10-31,Cadillac Heights,-83.070714,42.423705
19447 Binder St,2019-10-31,Pershing,-83.064683,42.43775
22901 W Eight Mile,2019-10-31,Berg-Lahser,-83.268687,42.442816
2915 Burrell Pl,2019-10-31,Core City,-83.096344,42.349536
4834 Radnor St,2019-10-31,Cornerstone Village,-82.917536,42.409207
6177 16th St,2019-10-31,NW Goldberg,-83.096106,42.359351
6581 Wagner St,2019-10-31,Claytown,-83.13225,42.340635
6587 Wagner St,2019-10-31,Claytown,-83.132348,42.340596
6781 Brimson St,2019-10-31,Grant,-83.031913,42.422094
9303 Monica St,2019-10-31,Midwest,-83.141141,42.364053
9307 Monica St,2019-10-31,Midwest,-83.141142,42.364131
9326 Monica St,2019-10-31,Midwest,-83.140541,42.364375
11427 Pinehurst St,2019-11-01,Barton-McFarland,-83.166067,42.372945
11428 Pinehurst St,2019-11-01,Barton-McFarland,-83.165381,42.372958
11561 Wilfred St,2019-11-01,Gratiot-Findlay,-82.997428,42.410215
14850 Tuller St,2019-11-01,Chalfonte,-83.146556,42.398849
15359 Greenlawn St,2019-11-01,Fitzgerald/Marygrove,-83.150832,42.403698
15386 Turner St,2019-11-01,Fitzgerald/Marygrove,-83.148113,42.404251
15467 Littlefield St,2019-11-01,Bethune Community,-83.176317,42.404988
17840 Runyon St,2019-11-01,Von Steuben,-83.006392,42.426002
19704 Hanna St,2019-11-01,Nolan,-83.089608,42.439053
2227 Highland St,2019-11-01,Dexter-Linwood,-83.111945,42.389276
4916 Braden St,2019-11-01,Claytown,-83.13052,42.333725
5145 Hillsboro St,2019-11-01,Midwest,-83.131116,42.36121
5714 Sheridan St,2019-11-01,Gratiot Town/Kettering,-83.020178,42.379973
5738 Sheridan St,2019-11-01,Gratiot Town/Kettering,-83.020373,42.380269
6355 Majestic St,2019-11-01,Midwest,-83.13499,42.349334
6574 Willette St,2019-11-01,Claytown,-83.133026,42.341816
18505 Brinker St,2019-11-04,Northeast Central District,-83.074072,42.428439
18512 Brinker St,2019-11-04,Northeast Central District,-83.073507,42.428535
18622 Dresden St,2019-11-04,Von Steuben,-82.999244,42.43139
3647 Heidelberg St,2019-11-04,McDougall-Hunt,-83.021927,42.358655
5920 Iroquois St,2019-11-04,Gratiot Town/Kettering,-83.013874,42.385194
6404 Barlum St,2019-11-04,Claytown,-83.131252,42.343508
8897 Manor,2019-11-04,Barton-McFarland,-83.166875,42.360181
12078 Cherrylawn St,2019-11-05,Littlefield Community,-83.153472,42.377054
12200 Northlawn St,2019-11-05,Littlefield Community,-83.152402,42.378766
13586 Ryan Rd,2019-11-05,Davison,-83.061397,42.417532
15350 Santa Rosa Dr,2019-11-05,Fitzgerald/Marygrove,-83.142088,42.403452
15900 Quincy St,2019-11-05,Pilgrim Village,-83.138233,42.409162
18560 Brinker St,2019-11-05,Northeast Central District,-83.073531,42.429214
3403 Mount Elliott St,2019-11-05,McDougall-Hunt,-83.020432,42.359164
5040 Fernwood St,2019-11-05,Midwest,-83.127292,42.361297
6616 Van Dyke St,2019-11-05,Airport Sub,-83.021373,42.388371
8001 Harper Ave,2019-11-05,Airport Sub,-83.021292,42.388254
8882 Manor,2019-11-05,Barton-McFarland,-83.166196,42.359998
10045 Manor,2019-11-06,Barton-McFarland,-83.16721,42.370942
12041 Northlawn St,2019-11-06,Littlefield Community,-83.153008,42.376543
12952 E Canfield St,2019-11-06,Fox Creek,-82.964883,42.388831
13027 E Canfield St,2019-11-06,Fox Creek,-82.964438,42.389642
13641 Ryan Rd,2019-11-06,Davison,-83.062386,42.418078
13972 Park Grove St,2019-11-06,Mapleridge,-82.980016,42.429585
18091 Ferguson St,2019-11-06,College Park,-83.210551,42.422486
18891 Anglin St,2019-11-06,Northeast Central District,-83.075217,42.431736
19140 Ferguson St,2019-11-06,Greenfield,-83.210358,42.430936
2670 Blaine St,2019-11-06,Jamison,-83.10744,42.369094
2926 Blaine St,2019-11-06,Jamison,-83.109561,42.368304
2930 Burlingame St,2019-11-06,Dexter-Linwood,-83.118078,42.380996
4273 Richton St,2019-11-06,Nardin Park,-83.131914,42.380645
6043 Cecil St,2019-11-06,Claytown,-83.14001,42.341442
6084 Cecil St,2019-11-06,Claytown,-83.139834,42.342176
6098 Cecil St,2019-11-06,Claytown,-83.139939,42.342321
6345 Walton St,2019-11-06,Midwest,-83.132598,42.346357
6351 Walton St,2019-11-06,Midwest,-83.132696,42.346319
6399 Beechton St,2019-11-06,Midwest,-83.132928,42.345252
6550 Pittsburg St,2019-11-06,Claytown,-83.131536,42.340505
6689 Burns St,2019-11-06,Airport Sub,-83.01654,42.391413
7549 Hafeli St,2019-11-06,Airport Sub,-83.024609,42.388271
8346 Epworth St,2019-11-06,Midwest,-83.132567,42.356602
9186 Manor,2019-11-06,Barton-McFarland,-83.166262,42.362315
9925 Woodside,2019-11-06,Nardin Park,-83.138008,42.369989
12232 Wilfred St,2019-11-07,Eden Gardens,-82.988903,42.412701
13145 Mackay St,2019-11-07,Campau/Banglatown,-83.070251,42.410236
14252 Chapel St,2019-11-07,Brightmoor,-83.252478,42.390536
15359 Northlawn St,2019-11-07,Fitzgerald/Marygrove,-83.153679,42.403603
15511 Hartwell St,2019-11-07,Bethune Community,-83.178492,42.405522
18827 Maine St,2019-11-07,Northeast Central District,-83.076231,42.430945
19000 Charest St,2019-11-07,Conant Gardens,-83.070601,42.432147
19341 Ferguson St,2019-11-07,Greenfield,-83.211079,42.432948
2911 E Canfield St,2019-11-07,McDougall-Hunt,-83.03481,42.362847
4095 Duane St,2019-11-07,Nardin Park,-83.129539,42.379861
6606 McDonald St,2019-11-07,Claytown,-83.147301,42.341859
10087 Balfour Rd,2019-11-08,Outer Drive-Hayes,-82.949045,42.41471
14400 Park Grove St,2019-11-08,Mapleridge,-82.974931,42.42954
15079 Blackstone St,2019-11-08,Brightmoor,-83.249614,42.399059
15482 Sorrento St,2019-11-08,Bethune Community,-83.172381,42.405218
18089 Maine St,2019-11-08,Northeast Central District,-83.076065,42.426988
18410 Binder St,2019-11-08,Conant Gardens,-83.063584,42.427595
18921 Archdale St,2019-11-08,College Park,-83.217408,42.428612
2111 Dearing St,2019-11-08,Campau/Banglatown,-83.073118,42.40983
4674 Pacific St,2019-11-08,Midwest,-83.12139,42.3567
5132 Webb St,2019-11-08,Nardin Park,-83.136883,42.374837
5808 E McNichols Rd,2019-11-08,Davison,-83.044467,42.418836
5910 Chatsworth St,2019-11-08,Morningside,-82.949841,42.407175
6215 Commonwealth St,2019-11-08,Elijah McCoy,-83.086626999999993,42.362914
6402 Burns St,2019-11-08,Airport Sub,-83.014223,42.389165
8087 Marcus Ave,2019-11-08,Airport Sub,-83.021034,42.395927
9132 Lakepointe St,2019-11-08,Outer Drive-Hayes,-82.957965,42.407956
14420 Park Grove St,2019-11-12,Mapleridge,-82.974617,42.429548
15440 Glenwood St,2019-11-12,Mapleridge,-82.962084,42.430694
15793 Sorrento St,2019-11-12,Bethune Community,-83.173103,42.407429
19403 Ferguson St,2019-11-12,Greenfield,-83.211105,42.434009
19786 Ferguson St,2019-11-12,Greenfield,-83.210592,42.436933
5656 Hartford St,2019-11-12,Midwest,-83.112929,42.347422
6320 30th St,2019-11-12,Midwest,-83.116152,42.350243
6646 Seminole St,2019-11-12,Airport Sub,-83.018614,42.389789
960 E Grixdale Ave,2019-11-12,Hawthorne Park,-83.093146,42.427707
10135 Plymouth Rd,2019-11-13,Barton-McFarland,-83.160366,42.373206
10349 Plymouth Rd,2019-11-13,Barton-McFarland,-83.162985,42.373138
13142 Schoolcraft St,2019-11-13,Happy Homes,-83.173965,42.388381
13356 Chelsea Ave,2019-11-13,Outer Drive-Hayes,-82.973494,42.410399
13411 Dean St,2019-11-13,Davison,-83.059376,42.415264
13473 Healy St,2019-11-13,Davison,-83.053442,42.416218
136 W Golden Gate Ave,2019-11-13,Grixdale Farms,-83.104888,42.429249
13902 Ward St,2019-11-13,Happy Homes,-83.172794,42.38829
14200 Glenfield Ave,2019-11-13,Eden Gardens,-82.97519,42.416559
14521 Evanston St,2019-11-13,Outer Drive-Hayes,-82.963901,42.405984
15781 Cheyenne St,2019-11-13,Bethune Community,-83.175332,42.407146
19216 Lindsay St,2019-11-13,Greenfield,-83.213688,42.431839
1937 Lawley St,2019-11-13,Campau/Banglatown,-83.075576,42.408108
19425 Harlow St,2019-11-13,Greenfield,-83.216634,42.434149
1973 Lawley St,2019-11-13,Campau/Banglatown,-83.074981,42.408331
19772 Fenmore St,2019-11-13,Greenfield,-83.218222,42.436502
20222 Charleston St,2019-11-13,Nolan,-83.106868,42.443838
2074 Dearing St,2019-11-13,Campau/Banglatown,-83.073494,42.40923
508 W Hollywood Ave,2019-11-13,Grixdale Farms,-83.10933,42.43076
6536 Bewick St,2019-11-13,Airport Sub,-83.001634,42.394284
7650 Helen St,2019-11-13,Airport Sub,-83.029776,42.386436
8056 Hardyke St,2019-11-13,Airport Sub,-83.021323,42.389843
8096 Curt St,2019-11-13,Airport Sub,-83.020628,42.390631
8116 E McNichols Rd,2019-11-13,Airport Sub,-83.021375,42.41925
8125 Marcus Ave,2019-11-13,Airport Sub,-83.020367,42.395935
8320 Maxwell St,2019-11-13,Airport Sub,-83.019598,42.389606
8546 Maxwell St,2019-11-13,Airport Sub,-83.019682,42.39156
8724 Woodlawn Ave,2019-11-13,Airport Sub,-83.015132,42.399062
8777 Knodell St,2019-11-13,Airport Sub,-83.014273,42.398733
8807 Knodell St,2019-11-13,Airport Sub,-83.013718,42.398754
8819 Knodell St,2019-11-13,Airport Sub,-83.013496,42.398762
8845 Birwood St,2019-11-13,Barton-McFarland,-83.163207,42.359582
9303 American St,2019-11-13,Midwest,-83.144424,42.363975
9309 Bryden St,2019-11-13,Midwest,-83.14553,42.364033
9408 Somerset Ave,2019-11-13,Outer Drive-Hayes,-82.953238,42.409035
13653 Appoline St,2019-11-14,Grand River-I96,-83.170128,42.387994
15128 Sussex St,2019-11-14,Hubbell-Lyndon,-83.194634,42.40129
15550 Wabash St,2019-11-14,Pilgrim Village,-83.118746,42.406325
19205 Lindsay St,2019-11-14,Greenfield,-83.214326,42.4317
19500 Gilchrist St,2019-11-14,Greenfield,-83.212768,42.435305
1979 Lawley St,2019-11-14,Campau/Banglatown,-83.074882,42.408368
20551 Grandview St,2019-11-14,Five Points,-83.285555,42.441826
5311 Bewick St,2019-11-14,West End,-82.997392,42.386913
5317 Bewick St,2019-11-14,West End,-82.997451,42.387003
6217 Lonyo St,2019-11-14,Claytown,-83.151544,42.338142
9205 Winthrop St,2019-11-14,Joy Community,-83.198521,42.36277
12734 Hampshire St,2019-11-15,Ravendale,-82.97586,42.402785
13010 Glenfield Ave,2019-11-15,Eden Gardens,-82.980557,42.414652
13547 Orleans St,2019-11-15,North Campau,-83.079955,42.411113
1965 Elmhurst St,2019-11-15,Dexter-Linwood,-83.108324,42.387108
19940 Russell St,2019-11-15,Nolan,-83.090652,42.440524
20234 Lindsay St,2019-11-15,Greenfield,-83.214491,42.441499
2323 Tuxedo St,2019-11-15,Dexter-Linwood,-83.110983,42.385105
4058 W Euclid St,2019-11-15,Petoskey-Otsego,-83.116917,42.362893
5262 Radnor St,2019-11-15,Cornerstone Village,-82.919919,42.412832
8054 Wykes St,2019-11-15,Midwest,-83.141519,42.352913
9159 Mendota St,2019-11-15,Barton-McFarland,-83.164527,42.361969
9204 Winthrop St,2019-11-15,Joy Community,-83.197937,42.362769
9315 Bryden St,2019-11-15,Midwest,-83.145533,42.364116
9399 Woodlawn Ave,2019-11-15,Airport Sub,-83.011121,42.399682
12145 Glenfield Ave,2019-11-18,Eden Gardens,-82.989656,42.412073
9342 Knodell St,2019-11-18,Airport Sub,-83.012058,42.398377
9608 Woodlawn Ave,2019-11-18,Airport Sub,-83.008196,42.399307
12349 Wilfred St,2019-11-19,Eden Gardens,-82.987246,42.413815
12798 Hampshire St,2019-11-19,Ravendale,-82.974779,42.40311
18526 Revere St,2019-11-19,Conant Gardens,-83.067375,42.428943
19323 Asbury Park,2019-11-19,Greenfield,-83.21001,42.432653
20051 Archdale St,2019-11-19,Greenfield,-83.21751,42.439834
2123 Meade St,2019-11-19,Campau/Banglatown,-83.071613,42.407944
2202 E Outer Dr,2019-11-19,Pershing,-83.067385,42.440011
6540 Bewick St,2019-11-19,Airport Sub,-83.001681,42.394356
8011 Colfax St,2019-11-19,Midwest,-83.130299,42.354309
8111 Bryden St,2019-11-19,Midwest,-83.145342,42.353739
8814 American St,2019-11-19,Midwest,-83.143614,42.359523
8820 American St,2019-11-19,Midwest,-83.143617,42.359605
8936 Mendota St,2019-11-19,Barton-McFarland,-83.163793,42.360836
9383 Bryden St,2019-11-19,Midwest,-83.145573,42.365
10474 Knodell St,2019-11-20,Airport Sub,-82.999804,42.398833
15509 Ardmore St,2019-11-20,Bethune Community,-83.184947,42.405322
1698 Collingwood St,2019-11-20,Dexter-Linwood,-83.103543,42.384411
19447 Greeley St,2019-11-20,Nolan,-83.088148,42.437323
20227 Ferguson St,2019-11-20,Greenfield,-83.211635,42.441463
2096 Meade St,2019-11-20,Campau/Banglatown,-83.07182,42.407421
2535 Inglis St,2019-11-20,Springwells,-83.130366,42.313213
3925 Lakewood St,2019-11-20,Fox Creek,-82.955792,42.387741
4975 33rd St,2019-11-20,Chadsey Condon,-83.11693,42.33949
5153 French Rd,2019-11-20,West End,-82.992175,42.38657
5950 Bewick St,2019-11-20,Airport Sub,-83.000484,42.392717
6377 Scotten St,2019-11-20,Midwest,-83.112617,42.351047
8597 Bryden St,2019-11-20,Midwest,-83.145627,42.358329
8964 Birwood St,2019-11-20,Barton-McFarland,-83.162552,42.360744
9071 Bryden St,2019-11-20,Midwest,-83.145427,42.361748
9230 Wyoming St,2019-11-20,Barton-McFarland,-83.157697,42.362649
9764 Woodlawn Ave,2019-11-20,Airport Sub,-83.005311,42.399403
9818 Woodlawn Ave,2019-11-20,Airport Sub,-83.004313,42.399436
12145 Woodmont Ave,2019-11-21,Plymouth-I96,-83.208878,42.376658
12825 Stout St,2019-11-21,Brightmoor,-83.241191,42.381916
18100 Winthrop St,2019-11-21,College Park,-83.200533,42.422501
18532 Gable St,2019-11-21,Grant,-83.042257,42.429822
18902 Riverview St,2019-11-21,Seven Mile-Rouge,-83.274919,42.426878
19241 Russell St,2019-11-21,Nolan,-83.090977,42.434699
19426 Greeley St,2019-11-21,Nolan,-83.087531,42.437059
19696 Hanna St,2019-11-21,Nolan,-83.089606,42.43897
19785 Winthrop St,2019-11-21,Greenfield,-83.201987,42.437039
3281 Meldrum St,2019-11-21,Islandview,-83.020306,42.361092
7777 Saint Marys St,2019-11-21,Warren Ave Community,-83.20418,42.349437
8554 American St,2019-11-21,Midwest,-83.143945,42.357787
9101 American St,2019-11-21,Midwest,-83.144344,42.362183
9216 Mendota St,2019-11-21,Barton-McFarland,-83.163851,42.362754
9242 Pinehurst St,2019-11-21,Barton-McFarland,-83.165073,42.363111
9256 Pinehurst St,2019-11-21,Barton-McFarland,-83.165078,42.363303
9567 Sanilac St,2019-11-21,Moross-Morang,-82.933536,42.422846
12751 Wilfred St,2019-11-22,Eden Gardens,-82.983382,42.415159
19209 Asbury Park,2019-11-22,Greenfield,-83.209963,42.431872
19345 Carrie St,2019-11-22,Nortown,-83.03112,42.436586
19426 Lumpkin St,2019-11-22,Nolan,-83.08021,42.437271
20219 Mendota St,2019-11-22,Pembroke,-83.167123,42.442526
2069 McLean St,2019-11-22,Campau/Banglatown,-83.072074,42.40697
7212 W Jefferson Ave,2019-11-22,Delray,-83.10812,42.294942
8111 Traverse St,2019-11-22,Airport Sub,-83.020887,42.400233
8120 Whittaker St,2019-11-22,Springwells,-83.128958,42.310116
8610 American St,2019-11-22,Midwest,-83.143993,42.358556
9064 American St,2019-11-22,Midwest,-83.143711,42.361702
15038 Snowden St,2019-11-25,Bethune Community,-83.17656,42.400555
15345 La Salle Blvd,2019-11-25,Pilgrim Village,-83.12522,42.403742
18337 Avon Ave,2019-11-25,Evergreen-Outer Drive,-83.22662,42.424626
20240 Archdale St,2019-11-25,Greenfield,-83.216871,42.441548
2694 Blaine St,2019-11-25,Jamison,-83.107836,42.368945
2740 Hogarth St,2019-11-25,Wildemere Park,-83.10424,42.362207
2970 Hazelwood St,2019-11-25,Jamison,-83.111687,42.370151
4819 Cadillac Blvd,2019-11-25,West End,-82.996646,42.381549
5125 Neff Ave,2019-11-25,Cornerstone Village,-82.926357,42.409318
6058 28th St,2019-11-25,Midwest,-83.115079,42.348857
6381 Scotten St,2019-11-25,Midwest,-83.112619,42.35113
8643 Prairie St,2019-11-25,Midwest,-83.143514,42.358382
8823 Dawes St,2019-11-25,Barton-McFarland,-83.159384,42.359514
9061 Prairie St,2019-11-25,Midwest,-83.143237,42.361712
9065 American St,2019-11-25,Midwest,-83.144322,42.361689
9127 Raymond Ave,2019-11-25,Airport Sub,-83.008944,42.397425
9209 Carlin St,2019-11-25,We Care Community,-83.179131,42.362372
12242 Wilfred St,2019-11-26,Eden Gardens,-82.988768,42.412748
13159 Washburn St,2019-11-26,Grand River-I96,-83.16031,42.384505
13210 Tuller St,2019-11-26,Oakman Blvd Community,-83.146066,42.385573
14563 Coyle St,2019-11-26,Hubbell-Lyndon,-83.19391,42.39536
14581 Snowden St,2019-11-26,Bethune Community,-83.176995,42.396072
15091 Coyle St,2019-11-26,Hubbell-Lyndon,-83.194123,42.400788
19692 Cardoni St,2019-11-26,Nolan,-83.09151,42.438834
1973 Halleck St,2019-11-26,Campau/Banglatown,-83.073226,42.405735
1996 Waverly St,2019-11-26,Dexter-Linwood,-83.114609,42.395214
1997 McLean St,2019-11-26,Campau/Banglatown,-83.073261,42.406521
20115 Oakfield St,2019-11-26,Greenfield,-83.216354,42.440742
20500 Moenart St,2019-11-26,Farwell,-83.050397,42.446264
5092 Harding St,2019-11-26,West End,-82.992076,42.385684
5098 Harding St,2019-11-26,West End,-82.992128,42.385756
5218 Harding St,2019-11-26,West End,-82.993163,42.387213
6079 Cecil St,2019-11-26,Claytown,-83.140323,42.341878
7199 Julian St,2019-11-26,Midwest,-83.143091,42.358296
8039 Marion Ave,2019-11-26,Airport Sub,-83.021891,42.395091
8119 E Brentwood St,2019-11-26,Mount Olivet,-83.02188,42.433481
13057 Longview St,2019-11-27,Outer Drive-Hayes,-82.976016,42.408986
1338 Ashland St,2019-11-27,Riverbend,-82.942979,42.378954
14640 Hazelridge St,2019-11-27,Mapleridge,-82.971675,42.424447
1514 Cadillac Blvd,2019-11-27,East Village,-82.982587,42.362838000000004
19500 Murray Hill St,2019-11-27,Greenfield,-83.208231,42.435418
3232 W Warren Ave,2019-11-27,Chadsey Condon,-83.098044,42.346311
4240 Elmhurst St,2019-11-27,Nardin Park,-83.130268,42.379218
8110 Marion Ave,2019-11-27,Airport Sub,-83.020554,42.394646
12054 Yosemite St,2019-12-02,Nardin Park,-83.136272,42.377602
12739 Tuller St,2019-12-02,Oakman Blvd Community,-83.146583,42.382999
13439 Keystone St,2019-12-02,Davison,-83.050913,42.41591
14835 Hazelridge St,2019-12-02,Mapleridge,-82.969307,42.424976
15422 Mendota St,2019-12-02,Bethune Community,-83.164893,42.40458
15514 Inverness St,2019-12-02,Pilgrim Village,-83.122172,42.40575
1719 La Belle St,2019-12-02,Oakman Blvd Community,-83.115427,42.399875
17310 Prest St,2019-12-02,Winship,-83.197866,42.418108
19741 Dean St,2019-12-02,Farwell,-83.062771,42.440046
1991 Halleck St,2019-12-02,Campau/Banglatown,-83.072894,42.405812
2045 Halleck St,2019-12-02,Campau/Banglatown,-83.072036,42.40618
2050 Halleck St,2019-12-02,Campau/Banglatown,-83.071698,42.405848
2741 Collingwood St,2019-12-02,Dexter-Linwood,-83.115612,42.379324
3801 Ashland St,2019-12-02,Fox Creek,-82.949823,42.388416
4465 Tireman St,2019-12-02,Midwest,-83.115901,42.354096
4946 Maplewood St,2019-12-02,Midwest,-83.123852,42.360807
6346 Julian St,2019-12-02,Midwest,-83.139376,42.35878
6361 28th St,2019-12-02,Midwest,-83.115731,42.350827
6581 Willette St,2019-12-02,Claytown,-83.1328,42.341347
6879 Rutland St,2019-12-02,Warren Ave Community,-83.212541,42.342343
8180 Wetherby St,2019-12-02,Midwest,-83.139579,42.354803
8651 Prairie St,2019-12-02,Midwest,-83.14352,42.358478
8803 Burnette St,2019-12-02,Midwest,-83.142025,42.359395
8842 Burnette St,2019-12-02,Midwest,-83.141448,42.359992
9265 Carlin St,2019-12-02,We Care Community,-83.179157,42.36314
9368 Burnette St,2019-12-02,Midwest,-83.141668,42.36494
14588 Lannette St,2019-12-03,Outer Drive-Hayes,-82.970641,42.417272
14688 Troester St,2019-12-03,Mapleridge,-82.97081,42.426082
14800 Troester St,2019-12-03,Mapleridge,-82.969948,42.42611
18410 Coyle St,2019-12-03,Winship,-83.194464,42.425402
19544 Hickory St,2019-12-03,Pulaski,-82.987346,42.439224
200 Lycaste St,2019-12-03,Conner Creek Industrial,-82.961514,42.359911
4201 Tuxedo St,2019-12-03,Nardin Park,-83.12895,42.378408
7538 American St,2019-12-03,Midwest,-83.143752,42.349159
9401 Yellowstone St,2019-12-03,Nardin Park,-83.129775,42.368728
13425 Keystone St,2019-12-04,Davison,-83.050911,42.415746
14135 Montrose St,2019-12-04,Greenfield-Grand River,-83.200621,42.389882
14952 Pinehurst St,2019-12-04,Bethune Community,-83.165718,42.399962
18754 Grandville Ave,2019-12-04,Evergreen-Outer Drive,-83.231748,42.42888
19200 Asbury Park,2019-12-04,Greenfield,-83.209303,42.431753
4341 Apple St,2019-12-04,Claytown,-83.12895,42.330141
5006 Tireman St,2019-12-04,Midwest,-83.119716,42.353212
5244 HEREFORD,2019-12-04,Cornerstone Village,-82.923955,42.409
8711 Prairie St,2019-12-04,Midwest,-83.143533,42.358682
9068 Monica St,2019-12-04,Midwest,-83.140412,42.361848
9401 Cascade St,2019-12-04,Nardin Park,-83.12886,42.369072
9741 Woodlawn Ave,2019-12-04,Airport Sub,-83.005793,42.399859
12607 Wilshire Dr,2019-12-05,Wade,-82.981854,42.409311
12845 Stout St,2019-12-05,Brightmoor,-83.241202,42.382204
13252 Tacoma St,2019-12-05,Pulaski,-82.989154,42.441075
13409 Conley St,2019-12-05,Davison,-83.052008,42.415501
13765 Keystone St,2019-12-05,Davison,-83.050936,42.418017
15293 Lappin St,2019-12-05,Regent Park,-82.96363,42.437509
17160 Fleming St,2019-12-05,Cadillac Heights,-83.078913,42.41946
19189 Caldwell St,2019-12-05,Farwell,-83.047348,42.434773
2076 Halleck St,2019-12-05,Campau/Banglatown,-83.071248,42.406016
2081 Halleck St,2019-12-05,Campau/Banglatown,-83.071441,42.406401
6040 Barrett St,2019-12-05,Chandler Park,-82.983026,42.397563
7451 Erbie St,2019-12-05,Airport Sub,-83.023389,42.392907
8871 Monica St,2019-12-05,Midwest,-83.140974,42.360417
9114 Saint Cyril Ave,2019-12-05,Airport Sub,-83.026364,42.396362
9308 Mendota St,2019-12-05,Barton-McFarland,-83.163892,42.364116
10219 Goodwin St,2019-12-06,North End,-83.075965,42.392138
14911 Pinehurst St,2019-12-06,Bethune Community,-83.166352,42.399383
15461 Monica St,2019-12-06,Fitzgerald/Marygrove,-83.144067,42.405341
15710 Ohio St,2019-12-06,Fitzgerald/Marygrove,-83.155208,42.406389
15766 Littlefield St,2019-12-06,Bethune Community,-83.175782,42.406865
18486 Greenview Ave,2019-12-06,Evergreen-Outer Drive,-83.224923,42.426077
19215 Rowe St,2019-12-06,Pulaski,-83.003846,42.436161
3022 Philip St,2019-12-06,Riverbend,-82.949445,42.385275
3233 S Ethel St,2019-12-06,Boynton,-83.157099,42.261437
4134 Ashland St,2019-12-06,Fox Creek,-82.950572,42.390356
6065 Braden St,2019-12-06,Claytown,-83.137954,42.342549
6144 HECLA,2019-12-06,Elijah McCoy,-83.088702,42.362313
8076 E Hollywood St,2019-12-06,Mount Olivet,-83.022612,42.432316
8081 Walden St,2019-12-06,Airport Sub,-83.020979,42.392672
8112 E Hollywood St,2019-12-06,Mount Olivet,-83.021964,42.432328
8233 E Hollywood St,2019-12-06,Mount Olivet,-83.020259,42.432761
8625 Ellsworth St,2019-12-06,Chalfonte,-83.157127,42.401586
8860 Monica St,2019-12-06,Midwest,-83.140362,42.360264
12035 American St,2019-12-09,Oakman Blvd Community,-83.144821,42.376585
12886 Braile St,2019-12-09,Brightmoor,-83.243847,42.38274
13466 Moenart St,2019-12-09,Davison,-83.049336,42.41637
13514 Moenart St,2019-12-09,Davison,-83.049353,42.41699
13541 Gallagher St,2019-12-09,North Campau,-83.066234,42.416056
13565 Gallagher St,2019-12-09,North Campau,-83.066436,42.416352
13814 Gallagher St,2019-12-09,North Campau,-83.066234,42.416944
13820 Gallagher St,2019-12-09,North Campau,-83.066284,42.417018
13825 Gallagher St,2019-12-09,North Campau,-83.06681,42.416907
13835 Gallagher St,2019-12-09,North Campau,-83.06686,42.41698
14409 Burgess St,2019-12-09,Brightmoor,-83.254681,42.392288
15031 Manning St,2019-12-09,Regent Park,-82.966282,42.441196
2076 Burnside St,2019-12-09,Campau/Banglatown,-83.070876,42.405362
2184 Chalmers St,2019-12-09,Riverbend,-82.948367,42.380031
2444 Halleck St,2019-12-09,Campau/Banglatown,-83.069147,42.406786
4146 Chalmers St,2019-12-09,Fox Creek,-82.954426,42.389252
4219 Lakeview St,2019-12-09,Fox Creek,-82.959835,42.388326
7031 Joy Rd,2019-12-09,Midwest,-83.140171,42.359113
9032 Monica St,2019-12-09,Midwest,-83.140397,42.361356
13163 Gallagher St,2019-12-10,Campau/Banglatown,-83.064224,42.413099
14541 Coram St,2019-12-10,Regent Park,-82.972528,42.438553
14570 Coram St,2019-12-10,Regent Park,-82.971984,42.437815
14602 Rochelle St,2019-12-10,Mapleridge,-82.972299,42.42289
15367 Lahser Rd,2019-12-10,Brightmoor,-83.257267,42.401779
15667 E State Fair St,2019-12-10,Regent Park,-82.959553,42.4431
16511 Washburn St,2019-12-10,Fitzgerald/Marygrove,-83.161489,42.41237
18950 Heyden St,2019-12-10,Holcomb Community,-83.240402,42.42789
19358 Eureka St,2019-12-10,Farwell,-83.057657,42.436714
19468 Stout St,2019-12-10,Evergreen Lahser 7/8,-83.243022,42.434103
1984 Burnside St,2019-12-10,Campau/Banglatown,-83.072364,42.404807
4907 Maplewood St,2019-12-10,Midwest,-83.122908,42.360608
5951 Devonshire Rd,2019-12-10,Morningside,-82.946956,42.40883
6929 Burwell St,2019-12-10,Claytown,-83.138738,42.343147
7411 Merkel Ave,2019-12-10,Airport Sub,-83.024233,42.397603
7436 Emily St,2019-12-10,Grant,-83.02856,42.42749
8059 Malvern St,2019-12-10,Airport Sub,-83.020968,42.389487
8147 E Hollywood St,2019-12-10,Mount Olivet,-83.021336,42.432747
8906 Howell St,2019-12-10,Midwest,-83.1364,42.360212
9303 Armour St,2019-12-10,Airport Sub,-83.006076,42.398313
12533 Harper Ave,2019-12-11,Ravendale,-82.978222,42.400935
12745 Mansfield St,2019-12-11,Schoolcraft Southfield,-83.204208,42.382053
15601 W Chicago St,2019-12-11,Joy Community,-83.198484,42.36511
16707 Saint Marys St,2019-12-11,Crary/St Marys,-83.207037,42.412409
7447 Michigan Ave,2019-12-11,Claytown,-83.135686,42.33087
8616 Sussex,2019-12-11,Fiskhorn,-83.193438,42.357532
9936 Woodmont Ave,2019-12-11,Joy Community,-83.207922,42.368257
11674 Gable St,2019-12-12,Buffalo Charles,-83.041225,42.40966
13246 Caldwell St,2019-12-12,Buffalo Charles,-83.046319,42.414693
13281 Gable St,2019-12-12,Buffalo Charles,-83.042052,42.415342
13954 Fleming St,2019-12-12,North Campau,-83.076579,42.415213
15450 Hartwell St,2019-12-12,Bethune Community,-83.177849,42.404729
15722 Ashton Rd,2019-12-12,North Rosedale Park,-83.219203,42.405279
15931 Monica St,2019-12-12,Fitzgerald/Marygrove,-83.144051,42.409407
17861 Rowe St,2019-12-12,Von Steuben,-83.003407,42.426357
4952 Maplewood St,2019-12-12,Midwest,-83.123968,42.360763
5784 Woodrow St,2019-12-12,Midwest,-83.117416,42.34734
6025 Maxwell Ave,2019-12-12,Gratiot Town/Kettering,-83.017035,42.385104
8104 Quinn St,2019-12-12,Mount Olivet,-83.022025,42.430844
8226 E Robinwood St,2019-12-12,Mount Olivet,-83.020342,42.431625
8235 E Robinwood St,2019-12-12,Mount Olivet,-83.02023,42.432041
8561 Sussex,2019-12-12,Fiskhorn,-83.194011,42.3567
8625 Mark Twain St,2019-12-12,Joy-Schaefer,-83.18513,42.357847
9395 Cascade St,2019-12-12,Nardin Park,-83.12881,42.369003
12869 Strathmoor St,2019-12-13,Schoolcraft Southfield,-83.187597,42.383831
15838 W Chicago St,2019-12-13,Joy Community,-83.201705,42.36555
16607 Bramell St,2019-12-13,Riverdale,-83.26501,42.410989
16794 Tuller Ave,2019-12-13,Fitzgerald/Marygrove,-83.14781,42.416361
17342 Beaverland St,2019-12-13,Oak Grove District 1,-83.266169,42.417677
1769 Holcomb St,2019-12-13,East Village,-82.989414,42.361487
20030 Five Points St,2019-12-13,Five Points,-83.287237,42.438099
9355 Terry St,2019-12-13,We Care Community,-83.191008,42.364046
12136 Montrose St,2019-12-16,Plymouth-I96,-83.199759,42.376644
12137 Winthrop St,2019-12-16,Plymouth-I96,-83.199253,42.376654
12172 Roselawn St,2019-12-16,Littlefield Community,-83.150213,42.378418
12893 Vaughan St,2019-12-16,Brightmoor,-83.238071,42.382935
13450 Buffalo St,2019-12-16,Davison,-83.047343,42.416153
13983 Mackay St,2019-12-16,North Campau,-83.074687,42.416393
14720 Liberal St,2019-12-16,Regent Park,-82.971254,42.439839
18401 Plainview Ave,2019-12-16,Evergreen-Outer Drive,-83.237833,42.424609
19420 Lindsay St,2019-12-16,Greenfield,-83.213778,42.434176
3124 Canton St,2019-12-16,Islandview,-83.013541,42.36118
3333 S Annabelle St,2019-12-16,Boynton,-83.160622,42.262319
8043 Quinn St,2019-12-16,Mount Olivet,-83.023175,42.431255
8047 Lauder St,2019-12-16,Fiskhorn,-83.189574,42.351772
8055 Quinn St,2019-12-16,Mount Olivet,-83.02298,42.431259
8105 Quinn St,2019-12-16,Mount Olivet,-83.022057,42.431277
8658 Epworth St,2019-12-16,Midwest,-83.133953,42.358587
1155 Meldrum St,2019-12-17,Islandview,-83.012454,42.349509
11669 Saint Louis St,2019-12-17,Buffalo Charles,-83.039518,42.409599
12080 Montrose St,2019-12-17,Plymouth-I96,-83.199732,42.375936
12097 Rossiter St,2019-12-17,Moross-Morang,-82.945978,42.430031
12500 Mackay St,2019-12-17,Campau/Banglatown,-83.069028,42.409324
12608 Wyoming St,2019-12-17,Littlefield Community,-83.158513,42.380942
12911 Saint Louis St,2019-12-17,Buffalo Charles,-83.03964,42.413602
12919 Saint Louis St,2019-12-17,Buffalo Charles,-83.039642,42.413698
14601 Hazelridge St,2019-12-17,Mapleridge,-82.972365,42.424915
14848 Prest St,2019-12-17,Hubbell-Lyndon,-83.197011,42.397486
4419 Jos Campau,2019-12-17,McDougall-Hunt,-83.035491,42.362814
5637 Newberry St,2019-12-17,Central Southwest,-83.103003,42.318144
11755 Grand River Ave,2019-12-18,Grand River-I96,-83.154884,42.374853
12203 Sorrento St,2019-12-18,Pride Area Community,-83.172369,42.377585
13451 Conley St,2019-12-18,Davison,-83.052013,42.416077
13466 Eureka St,2019-12-18,Davison,-83.054991,42.416177
13850 Mackay St,2019-12-18,North Campau,-83.073109,42.414945
13857 Mackay St,2019-12-18,North Campau,-83.073656,42.414842
14285 Spring Garden St,2019-12-18,Mapleridge,-82.975516,42.428204
15863 Wisconsin St,2019-12-18,Fitzgerald/Marygrove,-83.156936,42.408864
19960 McCormick St,2019-12-18,Moross-Morang,-82.937015,42.42877
20068 Greenview Ave,2019-12-18,O'Hair Park,-83.225514,42.439845
225 E EDSEL FORD,2019-12-18,Cultural Center,-83.066268,42.364498
4899 Edmonton St,2019-12-18,Midwest,-83.12504,42.361425
6837 Clayton St,2019-12-18,Claytown,-83.124775,42.326092
12149 Winthrop St,2019-12-19,Plymouth-I96,-83.19926,42.37684
13424 Hasse St,2019-12-19,Davison,-83.053573,42.415701
13430 Hasse St,2019-12-19,Davison,-83.053622,42.415775
13438 Hasse St,2019-12-19,Davison,-83.053678,42.415846
13478 Eureka St,2019-12-19,Davison,-83.05509,42.416324
13505 Hasse St,2019-12-19,Davison,-83.054764,42.416543
13740 Moenart St,2019-12-19,Davison,-83.049364,42.417712
14006 Kentfield St,2019-12-19,Brightmoor,-83.239736,42.387777
14044 Heyden St,2019-12-19,Brightmoor,-83.238717,42.388365
15325 Woodingham Dr,2019-12-19,Fitzgerald/Marygrove,-83.149804,42.403045
15354 Woodingham Dr,2019-12-19,Fitzgerald/Marygrove,-83.149184,42.403518
15373 Woodingham Dr,2019-12-19,Fitzgerald/Marygrove,-83.149834,42.403909
15381 Woodingham Dr,2019-12-19,Fitzgerald/Marygrove,-83.149841,42.404102
16231 Cheyenne St,2019-12-19,Harmony Village,-83.175535,42.411338
16244 Steel St,2019-12-19,Harmony Village,-83.17166,42.411604
1764 Calumet St,2019-12-19,Woodbridge,-83.079743,42.346399
2256 W Grand St,2019-12-19,Oakman Blvd Community,-83.118331,42.396625
3311 S Dartmouth,2019-12-19,Boynton,-83.167269,42.265789
3366 E Willis St,2019-12-19,McDougall-Hunt,-83.029481,42.363189
3431 E Canfield St,2019-12-19,McDougall-Hunt,-83.029767,42.364754
3657 Arndt St,2019-12-19,McDougall-Hunt,-83.020882,42.357394
3881 McGraw St,2019-12-19,Midwest,-83.108538,42.348868
4031 Columbus St,2019-12-19,Petoskey-Otsego,-83.114224,42.35976
51 Blaine St,2019-12-19,Piety Hill,-83.08037,42.379026
7169 Julian St,2019-12-19,Midwest,-83.142537,42.358308
8139 Coyle St,2019-12-19,Fiskhorn,-83.192731,42.352982
8326 Maxwell St,2019-12-19,Airport Sub,-83.019601,42.389723
8815 Stoepel St,2019-12-19,Midwest,-83.139841,42.359614
9275 Birwood St,2019-12-19,Barton-McFarland,-83.163302,42.363342
11757 Cheyenne St,2019-12-20,Pride Area Community,-83.174753,42.375352
12126 Winthrop St,2019-12-20,Plymouth-I96,-83.198543,42.376568
12237 Turner St,2019-12-20,Littlefield Community,-83.147088,42.378419
13856 Mackay St,2019-12-20,North Campau,-83.073164,42.415017
14185 Patton St,2019-12-20,Brightmoor,-83.243596,42.389775
14211 SARATOGA,2019-12-20,Mapleridge,-82.977104,42.432877
14441 Harper Ave,2019-12-20,Outer Drive-Hayes,-82.963786,42.405102
15368 Petoskey Ave,2019-12-20,Pilgrim Village,-83.138836,42.403883
16937 Griggs St,2019-12-20,Fitzgerald/Marygrove,-83.163844,42.416379
2682 Wreford St,2019-12-20,NW Goldberg,-83.099558,42.35752
3351 Hazelwood St,2019-12-20,Jamison,-83.115458,42.368233
10116 Burchill Ct,2019-12-22,Airport Sub,-83.003792,42.393888
12328 Wilfred St,2019-12-22,Eden Gardens,-82.987304,42.41326
12797 Downing St,2019-12-22,Boynton,-83.160344,42.272611
13445 Keystone St,2019-12-23,Davison,-83.050914,42.415993
13449 Justine St,2019-12-23,Davison,-83.056464,42.415812
13457 Buffalo St,2019-12-23,Davison,-83.047892,42.416226
13506 Gable St,2019-12-23,Davison,-83.041425,42.417053
13750 Conley St,2019-12-23,Davison,-83.0514,42.417851
8166 Prest St,2019-12-23,Fiskhorn,-83.195307,42.353306
12019 Roselawn St,2019-12-26,Littlefield Community,-83.150733,42.376289
14196 Braile St,2019-12-26,Brightmoor,-83.244087,42.389952
14887 Heyden St,2019-12-26,Brightmoor,-83.239676,42.397005
18234 Heyden St,2019-12-26,Holcomb Community,-83.240193,42.42353
18267 Heyden St,2019-12-26,Holcomb Community,-83.24079,42.423996
1971 Florence St,2019-12-26,Martin Park,-83.12008,42.412473
3583 Beniteau St,2019-12-26,East Village,-82.9798,42.377966
4419 Joseph Campau St,2019-12-26,McDougall-Hunt,-83.035491,42.362814
4472 Field St,2019-12-26,Gratiot-Grand,-83.015467,42.370965
5302 Townsend St,2019-12-26,Gratiot Town/Kettering,-83.017048,42.377208
6 W Arizona St,2019-12-26,Grixdale Farms,-83.102161,42.419358
6223 Norwalk St,2019-12-26,Airport Sub,-83.038392,42.399933
6240 Canton St,2019-12-26,Gratiot Town/Kettering,-83.028193,42.383319
7748 Lane St,2019-12-26,Springwells,-83.12243,42.308448
8336 Strathmoor St,2019-12-26,Joy-Schaefer,-83.185511,42.355528
9388 Mendota St,2019-12-26,Barton-McFarland,-83.163919,42.365172
11730 Stahelin Ave,2019-12-27,Southfield Plymouth,-83.225006,42.374059
13447 Saint Louis St,2019-12-27,Davison,-83.039716,42.416275
13563 Healy St,2019-12-27,Davison,-83.054182,42.417324
14151 Rockdale St,2019-12-27,Brightmoor,-83.258069,42.38904
12110 Kentucky St,2019-12-30,Littlefield Community,-83.157428,42.377875
12323 Kentucky St,2019-12-30,Littlefield Community,-83.158032,42.379361
13103 Glenfield Ave,2019-12-30,Eden Gardens,-82.979284,42.415712
15377 Turner St,2019-12-30,Fitzgerald/Marygrove,-83.14874,42.404003
15381 Tuller St,2019-12-30,Fitzgerald/Marygrove,-83.147597,42.404119
15894 Cherrylawn St,2019-12-30,Fitzgerald/Marygrove,-83.154312,42.409297
24310 Grand River Ave,2019-12-30,Five Points,-83.279808,42.425865
3523 Mount Elliott St,2019-12-30,McDougall-Hunt,-83.021428,42.36046
8635 Gratiot Ave,2019-12-30,Gratiot Town/Kettering,-83.010807,42.385212
12217 Wade St,2020-01-02,Wade,-82.983391,42.402352
15551 Wabash St,2020-01-02,Pilgrim Village,-83.119347,42.406308
8033 Kercheval St,2020-01-02,Islandview,-82.999372,42.358814
9927 Evergreen Rd,2020-01-02,Franklin Park,-83.236548,42.367706
9945 Evergreen Rd,2020-01-02,Franklin Park,-83.236555,42.367945
10956 Shoemaker St,2020-01-03,West End,-82.989585,42.389226
1151 Lawrence St,2020-01-03,Gateway Community,-83.097154,42.387117
14461 Alma St,2020-01-03,Mapleridge,-82.973628,42.421671
14661 Alma St,2020-01-03,Mapleridge,-82.971181,42.421753
15236 Grand River Ave,2020-01-03,Hubbell-Lyndon,-83.195497,42.391845000000004
19155 Biltmore St,2020-01-03,Greenfield,-83.212156,42.431058
5431 Bewick St,2020-01-03,West End,-82.99838,42.38841
7834 Helen St,2020-01-03,Airport Sub,-83.029774,42.388974
8946 McClellan St,2020-01-03,Airport Sub,-83.011824,42.395377
9195 Coyle St,2020-01-03,We Care Community,-83.193188,42.362005
13515 Dwyer St,2020-01-06,Davison,-83.040917,42.417167
18657 Syracuse St,2020-01-06,Krainz Woods,-83.046207,42.43075
19999 Ilene St,2020-01-06,McDowell,-83.163757,42.439951
20028 Pelkey St,2020-01-06,Conner Creek,-82.98637,42.444458
20059 Pelkey St,2020-01-06,Conner Creek,-82.987062,42.44487
6530 Bewick St,2020-01-06,Airport Sub,-83.001585,42.39421
8058 Marcus Ave,2020-01-06,Airport Sub,-83.021573,42.395468
8838 Knodell St,2020-01-06,Airport Sub,-83.013072,42.39833
9161 Holcomb Ave,2020-01-06,Airport Sub,-83.013861,42.397465
13714 Moenart St,2020-01-07,Davison,-83.049351,42.417382
19835 W Chicago St,2020-01-07,Franklin Park,-83.235572,42.364455
20066 Pelkey St,2020-01-07,Conner Creek,-82.986391,42.445007
20076 Pelkey St,2020-01-07,Conner Creek,-82.986395,42.445116
5968 14th St,2020-01-07,Elijah McCoy,-83.091078,42.357882
9329 Plainview Ave,2020-01-07,Franklin Park,-83.235132,42.363383
9551 Minock St,2020-01-07,Franklin Park,-83.232761,42.365613
9636 Auburn St,2020-01-07,Franklin Park,-83.233299,42.366778
11318 Archdale St,2020-01-08,Joy Community,-83.215225,42.370268
1133 Meldrum St,2020-01-08,Islandview,-83.012391,42.349104
13730 Conley St,2020-01-08,Davison,-83.051397,42.417562
14881 Birwood St,2020-01-08,Bethune Community,-83.164124,42.399021
20114 Pelkey St,2020-01-08,Conner Creek,-82.986416,42.445663
20536 Alcoy St,2020-01-08,Conner Creek,-82.98893,42.448144
2441 Taylor St,2020-01-08,Virginia Park Community,-83.105711,42.372807
3327 Hogarth St,2020-01-08,Wildemere Park,-83.109305,42.359819
5555 Concord St,2020-01-08,Gratiot Town/Kettering,-83.026678,42.3771
7340 Nett St,2020-01-08,Airport Sub,-83.0255,42.39785
8950 Milner St,2020-01-08,Airport Sub,-83.004356,42.396781
12034 Cloverlawn St,2020-01-09,Littlefield Community,-83.151201,42.37648
12048 Cherrylawn St,2020-01-09,Littlefield Community,-83.15346,42.376642
13444 Hasse St,2020-01-09,Davison,-83.05372,42.415923
1545 Parkview St,2020-01-09,East Village,-82.985548,42.362172
20010 Joann St,2020-01-09,Conner Creek,-82.989989,42.444147
20253 Hamburg St,2020-01-09,Conner Creek,-82.998078,42.446289
4816 Garland St,2020-01-09,West End,-82.992778,42.383068
5071 Seminole St,2020-01-09,Pingree Park,-83.010647,42.378019
6861 E Nevada St,2020-01-09,Grant,-83.030175,42.427827
7723 E Forest Ave,2020-01-09,Gratiot-Grand,-83.013038,42.37344
7842 Helen St,2020-01-09,Airport Sub,-83.029774,42.389064
7886 Helen St,2020-01-09,Airport Sub,-83.029773,42.389662
8173 Woodlawn Ave,2020-01-09,Airport Sub,-83.019594,42.399417
8795 Woodlawn Ave,2020-01-09,Airport Sub,-83.013834,42.399572
9200 Auburn St,2020-01-09,Franklin Park,-83.233184,42.361282
9207 Auburn St,2020-01-09,Franklin Park,-83.233906,42.361375
9218 Auburn St,2020-01-09,Franklin Park,-83.23319,42.361612
9309 Birwood St,2020-01-09,Barton-McFarland,-83.163327,42.364127
11636 Winthrop St,2020-01-10,Plymouth-I96,-83.19841,42.373235
19300 Westbrook St,2020-01-10,Evergreen Lahser 7/8,-83.251945,42.431202
20242 Westphalia St,2020-01-10,Conner Creek,-82.992484,42.446329
4042 Townsend St,2020-01-10,Gratiot-Grand,-83.012164,42.369833
8528 Marlowe St,2020-01-10,Fiskhorn,-83.188001,42.356436
9001 Plainview Ave,2020-01-10,Franklin Park,-83.235085,42.359462
9085 Auburn St,2020-01-10,Franklin Park,-83.233904,42.360631
9100 Auburn St,2020-01-10,Franklin Park,-83.233205,42.360836
12195 Waltham St,2020-01-13,Gratiot-Findlay,-82.989862,42.419896
12204 Waltham St,2020-01-13,Gratiot-Findlay,-82.989617,42.420403
19412 Oakfield St,2020-01-13,Greenfield,-83.214859,42.434021
20114 Joann St,2020-01-13,Conner Creek,-82.990035,42.445572
20201 Ferguson St,2020-01-13,Greenfield,-83.211622,42.441134
20258 Goulburn St,2020-01-13,Conner Creek,-82.993691,42.446442
4108 Cadillac Blvd,2020-01-13,West End,-82.992113,42.376041
4918 McClellan St,2020-01-13,West End,-82.99984,42.380649
7360 Sarena St,2020-01-13,Claytown,-83.142862,42.342878
8062 E Canfield St,2020-01-13,Gratiot-Grand,-83.008314,42.372072
8166 Marlowe St,2020-01-13,Fiskhorn,-83.187854,42.353468
8943 Holcomb Ave,2020-01-13,Airport Sub,-83.013309,42.395088
9477 Woodlawn Ave,2020-01-13,Airport Sub,-83.009623,42.399732
9785 Holmur St,2020-01-13,Nardin Park,-83.123392,42.373332
9786 Holmur St,2020-01-13,Nardin Park,-83.12287,42.373485
11128 Rosemary Ave,2020-01-14,Gratiot-Findlay,-82.99712,42.407161
12649 Meyers Rd,2020-01-14,Grand River-I96,-83.168775,42.381378
14550 Dolphin St,2020-01-14,Brightmoor,-83.258733,42.393893
15101 Dacosta St,2020-01-14,Brightmoor,-83.260809,42.399039
15760 Woodingham Dr,2020-01-14,Fitzgerald/Marygrove,-83.149317,42.407133
15881 Fairfield St,2020-01-14,Pilgrim Village,-83.134847,42.408976
19600 Alcoy St,2020-01-14,Pulaski,-82.988603,42.439958
20071 DERBY,2020-01-14,Nolan,-83.103922,42.441677
20307 Alcoy St,2020-01-14,Conner Creek,-82.989584,42.447291
20311 Hamburg St,2020-01-14,Conner Creek,-82.998112,42.447078
4211 Burns St,2020-01-14,Pingree Park,-83.003467,42.373319
4259 Iroquois St,2020-01-14,Pingree Park,-83.005857,42.373116
4760 Holcomb St,2020-01-14,Gratiot Woods,-83.001203,42.378888
9019 Minock St,2020-01-14,Franklin Park,-83.232658,42.359697
9116 Goethe Ave,2020-01-14,East Village,-82.993893,42.368986
9117 Goethe Ave,2020-01-14,East Village,-82.994058,42.369255
9403 Marlowe St,2020-01-14,We Care Community,-83.188865,42.364753
15121 Greydale St,2020-01-15,Brightmoor,-83.255871,42.399469
15810 Littlefield St,2020-01-15,Bethune Community,-83.175815,42.407827
19141 Goulburn St,2020-01-15,Pulaski,-82.994065,42.435372
20309 Fairport St,2020-01-15,Conner Creek,-82.992074,42.447219
20312 Strasburg St,2020-01-15,Conner Creek,-82.998618,42.447067
2509 Elmhurst St,2020-01-15,Dexter-Linwood,-83.114585,42.384778
2509 McClellan St,2020-01-15,East Village,-82.989905,42.365717
4235 Iroquois St,2020-01-15,Pingree Park,-83.00562,42.372789
557 Rosedale Ct,2020-01-15,Gateway Community,-83.080447,42.393925
8148 E Robinwood St,2020-01-15,Mount Olivet,-83.021283,42.431625
9045 Vaughan St,2020-01-15,Franklin Park,-83.237561,42.359995
9051 Vaughan St,2020-01-15,Franklin Park,-83.237562,42.360091
9065 Vaughan St,2020-01-15,Franklin Park,-83.237565,42.360331
9325 Burt Rd,2020-01-15,Franklin Park,-83.246206,42.363117
9336 Dorchester St,2020-01-15,East Village,-82.98951,42.36696
12211 Abington Ave,2020-01-16,Plymouth-I96,-83.211281,42.377057
13351 Lauder St,2020-01-16,Schoolcraft Southfield,-83.190706,42.386173
17884 Beland St,2020-01-16,Mount Olivet,-83.008857,42.426539
19418 Cooley St,2020-01-16,Berg-Lahser,-83.259357,42.433069
19719 Lindsay St,2020-01-16,Greenfield,-83.214507,42.43585
20000 Joann St,2020-01-16,Conner Creek,-82.989986,42.444037
20019 Goulburn St,2020-01-16,Conner Creek,-82.99441,42.444119
20100 Hickory St,2020-01-16,Conner Creek,-82.987621,42.445406
20221 Waltham St,2020-01-16,Conner Creek,-82.99569,42.44587
2727 McClellan St,2020-01-16,East Village,-82.990946,42.367159
3734 Rohns St,2020-01-16,Gratiot Woods,-82.997,42.371346
4232 Rohns St,2020-01-16,Gratiot Woods,-82.999498,42.374812
6510 Barlum St,2020-01-16,Claytown,-83.132497,42.343016
7132 W JEFFERSON,2020-01-16,Delray,-83.107242,42.295005
8849 Vaughan St,2020-01-16,Franklin Park,-83.237523,42.358321
8911 Vaughan St,2020-01-16,Franklin Park,-83.237534,42.359186
9065 Stout St,2020-01-16,Franklin Park,-83.239971,42.360249
9114 Fielding St,2020-01-16,Franklin Park,-83.240494,42.360904
10324 Orangelawn St,2020-01-17,Barton-McFarland,-83.162341,42.369221
12052 Archdale St,2020-01-17,Plymouth-I96,-83.21541,42.375272
12538 Waltham St,2020-01-17,Gratiot-Findlay,-82.991782,42.421934
13323 Manning St,2020-01-17,Pulaski,-82.98849,42.440745
18982 Lenore Ave,2020-01-17,Five Points,-83.28134,42.427684
19565 Hickory St,2020-01-17,Pulaski,-82.988031,42.439492
19921 Forrer St,2020-01-17,Greenfield,-83.203424,42.438132
19988 Alcoy St,2020-01-17,Conner Creek,-82.98876,42.443676
20068 Alcoy St,2020-01-17,Conner Creek,-82.988794,42.444933
2100 Central St,2020-01-17,Springwells,-83.123152,42.311544
2200 Garland St,2020-01-17,East Village,-82.981706,42.367287
2210 Garland St,2020-01-17,East Village,-82.981809,42.367433
2509 Garland St,2020-01-17,East Village,-82.983222,42.368276
2515 Garland St,2020-01-17,East Village,-82.983274,42.368348
5101 Trumbull St,2020-01-17,Woodbridge,-83.079648,42.353253
8840 Goethe Ave,2020-01-17,East Village,-82.995561,42.368211
9397 Dorchester St,2020-01-17,East Village,-82.988787,42.367705
20044 Hamburg St,2020-01-21,Conner Creek,-82.997298,42.444385
20513 Joann St,2020-01-21,Conner Creek,-82.990834,42.447758
2455 Clements St,2020-01-21,Oakman Blvd Community,-83.120589,42.394303
3435 Hurlbut St,2020-01-21,East Village,-82.988777,42.37224
4351 Lakepointe St,2020-01-21,Morningside,-82.948871,42.393915
5227 Neff Ave,2020-01-21,Cornerstone Village,-82.92679,42.409932
9714 Woodlawn Ave,2020-01-21,Airport Sub,-83.006199,42.399373
1083 Eastlawn St,2020-01-22,Riverbend,-82.948374,42.372736
11303 Abington Ave,2020-01-22,Joy Community,-83.211075,42.370102
11718 Woodmont Ave,2020-01-22,Plymouth-I96,-83.208091,42.374191
12284 Woodmont Ave,2020-01-22,Plymouth-I96,-83.208259,42.378141
12887 Fielding St,2020-01-22,Brightmoor,-83.242343,42.382752
13801 Rossini Dr,2020-01-22,Mohican Regent,-82.982799,42.443421
15746 Iliad St,2020-01-22,Brightmoor,-83.272135,42.40481
15860 Rockdale St,2020-01-22,Brightmoor,-83.25798,42.406595
17650 Heyden St,2020-01-22,Holcomb Community,-83.240095,42.421321
18933 Vaughan St,2020-01-22,Holcomb Community,-83.239993,42.427681
19379 Avon Ave,2020-01-22,O'Hair Park,-83.227048,42.433355
20520 Alcoy St,2020-01-22,Conner Creek,-82.988923,42.447924
20588 Hamburg St,2020-01-22,Conner Creek,-82.997474,42.448608
2201 Garland St,2020-01-22,East Village,-82.982339,42.367034
2258 Bewick St,2020-01-22,East Village,-82.983383,42.367642
2500 Belvidere St,2020-01-22,East Village,-82.990277,42.365476
2628 Pennsylvania St,2020-01-22,East Village,-82.988003,42.368233
6921 Auburn St,2020-01-22,Warrendale,-83.233207,42.342648
8928 Asbury Park,2020-01-22,Joy Community,-83.206425,42.359888
9073 Ashton Ave,2020-01-22,Franklin Park,-83.21814,42.360671
9372 SCHILLER,2020-01-22,East Village,-82.992451,42.370909
9378 Cutler St,2020-01-22,East Village,-82.990639,42.369746
9378 Schiller St,2020-01-22,East Village,-82.991636,42.371043
9943 Asbury Park,2020-01-22,Joy Community,-83.207428,42.368362
11392 Winthrop St,2020-01-23,Joy Community,-83.198353,42.371563
12094 Woodmont Ave,2020-01-23,Plymouth-I96,-83.20818,42.375994
12095 Asbury Park,2020-01-23,Plymouth-I96,-83.207678,42.376003
12224 Woodmont Ave,2020-01-23,Plymouth-I96,-83.208236,42.377305
12259 Woodmont Ave,2020-01-23,Plymouth-I96,-83.208912,42.377777
18680 Shiawassee Dr,2020-01-23,Seven Mile-Rouge,-83.272201,42.426216
20500 Pelkey St,2020-01-23,Conner Creek,-82.986484,42.447751
20512 Pelkey St,2020-01-23,Conner Creek,-82.986488,42.447872
20542 Hamburg St,2020-01-23,Conner Creek,-82.997452,42.44803
2411 14th St,2020-01-23,Corktown,-83.076889,42.331716
3785 Edison St,2020-01-23,Nardin Park,-83.120396,42.371307
4732 Saint Clair St,2020-01-23,East Canfield,-82.991036,42.382456
524 W Brentwood St,2020-01-23,Grixdale Farms,-83.109618,42.43158
8081 Curt St,2020-01-23,Airport Sub,-83.020919,42.391065
8241 Traverse St,2020-01-23,Airport Sub,-83.018436,42.400277
9226 Bishop St,2020-01-23,Yorkshire Woods,-82.94207,42.416475
1065 Eastlawn St,2020-01-24,Riverbend,-82.948229,42.372514
12953 Sorrento St,2020-01-24,Grand River-I96,-83.172082,42.382894
19467 Oakfield St,2020-01-24,Greenfield,-83.215531,42.434763
19751 Faust Ave,2020-01-24,O'Hair Park,-83.22472,42.436115
20512 Fairport St,2020-01-24,Conner Creek,-82.991356,42.447745
20552 Strasburg St,2020-01-24,Conner Creek,-82.998637,42.448123
2261 Fairview St,2020-01-24,East Village,-82.97707,42.370088
25 W ELIZABETH,2020-01-24,Downtown,-83.051815,42.337536
2577 Garland St,2020-01-24,East Village,-82.983855,42.369168
2925 Bewick St,2020-01-24,East Village,-82.985863,42.36996
3098 Lakeview St,2020-01-24,Riverbend,-82.956322,42.384027
5830 FIELD,2020-01-24,Gratiot Town/Kettering,-83.022372,42.380988
8033 Pressler St,2020-01-24,Airport Sub,-83.021858,42.391849
8086 Curt St,2020-01-24,Airport Sub,-83.020757,42.390628
12230 Asbury Park,2020-01-27,Plymouth-I96,-83.206983,42.377403
12236 Asbury Park,2020-01-27,Plymouth-I96,-83.206987,42.377497
12275 Asbury Park,2020-01-27,Plymouth-I96,-83.207754,42.378034
13950 Mellon St,2020-01-27,Oakwood Heights,-83.160495,42.290379
20553 Westphalia St,2020-01-27,Conner Creek,-82.993288,42.448251
2182 Garland St,2020-01-27,East Village,-82.981551,42.367069
2236 Garland St,2020-01-27,East Village,-82.981998,42.367701
2547 Philip St,2020-01-27,Riverbend,-82.947824,42.381811
3080 Garland St,2020-01-27,East Village,-82.985431,42.372544
5706 Sheridan St,2020-01-27,Gratiot Town/Kettering,-83.02013,42.379899
5757 Coplin St,2020-01-27,Chandler Park,-82.968354,42.399236
8046 Asbury Park,2020-01-27,Warren Ave Community,-83.206088,42.351496
8054 Asbury Park,2020-01-27,Warren Ave Community,-83.206092,42.351592
8666 Knodell St,2020-01-27,Airport Sub,-83.016275,42.398182
9163 Rohns St,2020-01-27,Airport Sub,-83.014842,42.397401
9560 Woodmont Ave,2020-01-27,Joy Community,-83.207854,42.366179
10130 Nottingham Rd,2020-01-28,Outer Drive-Hayes,-82.951753,42.413562
1308 Belvidere St,2020-01-28,East Village,-82.986183,42.359789
13234 Gable St,2020-01-28,Buffalo Charles,-83.041359,42.414668
15378 Ilene St,2020-01-28,Bethune Community,-83.161555,42.403813
20108 Avon Ave,2020-01-28,O'Hair Park,-83.226734,42.44036
2242 Fairview St,2020-01-28,East Village,-82.976348,42.37008
2254 Saint Clair St,2020-01-28,East Village,-82.981076,42.36838
2344 S Edsel St,2020-01-28,Boynton,-83.157579,42.272173
8104 Marion Ave,2020-01-28,Airport Sub,-83.020665,42.394644
11709 Chelsea Ave,2020-01-29,Wade,-82.991549,42.404755
12547 Racine St,2020-01-29,LaSalle College Park,-82.993701,42.420592
12555 Racine St,2020-01-29,LaSalle College Park,-82.993809,42.420667
14911 Spring Garden St,2020-01-29,Mapleridge,-82.968055,42.428392
15439 Ardmore St,2020-01-29,Bethune Community,-83.184908,42.404362
20263 Hamburg St,2020-01-29,Conner Creek,-82.998083,42.446399
2117 Fairview St,2020-01-29,East Village,-82.975928,42.368348
2974 Bewick St,2020-01-29,East Village,-82.985625,42.370795
5558 Nottingham Rd,2020-01-29,Morningside,-82.951251,42.403336
6003 Woodhall St,2020-01-29,Cornerstone Village,-82.931579,42.415271
6684 Saint Cyril Ave,2020-01-29,Airport Sub,-83.025142,42.387843
694 Marquette Dr,2020-01-29,Marina District,-82.977327,42.36133
9143 Grandmont Ave,2020-01-29,Joy Community,-83.209578,42.36135
9181 Grandmont Ave,2020-01-29,Joy Community,-83.209602,42.362118
9591 Grandmont Ave,2020-01-29,Joy Community,-83.209738,42.366532
9718 Cameron St,2020-01-29,North End,-83.073985,42.391743
10039 Grandmont Ave,2020-01-30,Joy Community,-83.209844,42.369635
11031 Shoemaker St,2020-01-30,West End,-82.988626,42.391215
12217 Northlawn St,2020-01-30,Littlefield Community,-83.153074,42.378948
12590 Hampshire St,2020-01-30,Ravendale,-82.977651,42.402238
13319 E Canfield St,2020-01-30,Fox Creek,-82.961762,42.390607
13958 Park Grove St,2020-01-30,Mapleridge,-82.980283,42.429589
15718 Lesure St,2020-01-30,Bethune Community,-83.181096,42.405993
1605 Livernois Ave,2020-01-30,Central Southwest,-83.108745,42.313329
19165 Biltmore St,2020-01-30,Greenfield,-83.212162,42.431195
19792 Lindsay St,2020-01-30,Greenfield,-83.213885,42.43694
2536 Bewick St,2020-01-30,East Village,-82.983964,42.368448
4516 E McNichols Rd,2020-01-30,Davison,-83.057647,42.418546
7975 Hathon St,2020-01-30,Airport Sub,-83.027384,42.388428
9851 Philip St,2020-01-30,Outer Drive-Hayes,-82.963877,42.412583
11655 Grandmont Ave,2020-01-31,Plymouth-I96,-83.209951,42.373297
11701 Grandmont Ave,2020-01-31,Plymouth-I96,-83.209966,42.373873
12010 Findlay St,2020-01-31,Gratiot-Findlay,-82.995395,42.414871
12018 Mettetal St,2020-01-31,Plymouth-I96,-83.205707,42.374975
14404 Evergreen Rd,2020-01-31,Westwood Park,-83.236766,42.392601
14517 Faircrest St,2020-01-31,Mapleridge,-82.972938,42.432319
14863 Tracey St,2020-01-31,Bethune Community,-83.180322,42.398171
15466 Lesure St,2020-01-31,Bethune Community,-83.181047,42.404853
19187 Pelkey St,2020-01-31,Pulaski,-82.986716,42.436242
20930 Lyndon St,2020-01-31,Brightmoor,-83.247521,42.393489
3100 Crane St,2020-01-31,East Village,-82.995791,42.367652
3428 McClellan St,2020-01-31,East Village,-82.992629,42.370555
4430 E McNichols Rd,2020-01-31,Davison,-83.058371,42.418536
9343 Marietta St,2020-01-31,East Village,-82.991028,42.369239
9575 Rutherford St,2020-01-31,Joy Community,-83.202445,42.366469
12032 Barlow St,2020-02-03,Gratiot-Findlay,-82.989197,42.418996
12045 Racine St,2020-02-03,Gratiot-Findlay,-82.990785,42.41853
12122 Saint Marys St,2020-02-03,Plymouth-I96,-83.204582,42.376429
12136 Mettetal St,2020-02-03,Plymouth-I96,-83.20576,42.376608
12210 Greenlawn St,2020-02-03,Littlefield Community,-83.149186,42.378927
12216 Grandmont Ave,2020-02-03,Plymouth-I96,-83.209423,42.377182
12739 Joann St,2020-02-03,Gratiot-Findlay,-82.987937,42.424236
13475 Newbern St,2020-02-03,North Campau,-83.064758,42.415588
14260 Lamphere St,2020-02-03,Eliza Howell,-83.261068,42.390478
14509 Faircrest St,2020-02-03,Mapleridge,-82.973059,42.432316
14877 Prest St,2020-02-03,Hubbell-Lyndon,-83.197728,42.39786
15101 Littlefield St,2020-02-03,Bethune Community,-83.176169,42.401426
15703 Cheyenne St,2020-02-03,Bethune Community,-83.175279,42.405964
15873 Snowden St,2020-02-03,Bethune Community,-83.177572,42.408631
17136 Gitre St,2020-02-03,Von Steuben,-82.989822,42.425643
17159 Gitre St,2020-02-03,Von Steuben,-82.990426,42.42584
20307 Syracuse St,2020-02-03,Farwell,-83.046745,42.445952
3140 Harrison St,2020-02-03,North Corktown,-83.074572,42.339132
3406 Pennsylvania St,2020-02-03,East Village,-82.99018,42.371248
4293 Allendale St,2020-02-03,Midwest,-83.11573,42.357303
4663 Mount Elliott St,2020-02-03,McDougall-Hunt,-83.026318,42.368148
8187 Traverse St,2020-02-03,Airport Sub,-83.019394,42.400255
9516 Hayes St,2020-02-03,Outer Drive-Hayes,-82.964192,42.409693
9826 Yorkshire Rd,2020-02-03,Yorkshire Woods,-82.943906,42.416168
12015 Engleside St,2020-02-04,LaSalle College Park,-82.998117,42.419331
12745 Joann St,2020-02-04,Gratiot-Findlay,-82.988019,42.424291
13473 Maine St,2020-02-04,North Campau,-83.07137,42.413122
13492 Charest St,2020-02-04,North Campau,-83.066212,42.415329
13619 Orleans St,2020-02-04,North Campau,-83.08055,42.411994
14620 Cruse St,2020-02-04,Bethune Community,-83.182804,42.396488
15343 Ilene St,2020-02-04,Bethune Community,-83.162187,42.40314
16633 Turner St,2020-02-04,Fitzgerald/Marygrove,-83.149254,42.414073
17129 Strasburg St,2020-02-04,Von Steuben,-82.998379,42.42249
19133 Andover St,2020-02-04,Nolan,-83.099483,42.432885
19309 Lumpkin St,2020-02-04,Nolan,-83.080879,42.435563
19378 Edinborough Rd,2020-02-04,O'Hair Park,-83.234327,42.433158
20017 GREELEY,2020-02-04,Nolan,-83.088093,42.441393
3505 Belvidere St,2020-02-04,East Village,-82.99475,42.370519
7001 Palmetto St,2020-02-04,Airport Sub,-83.029869,42.408324
7550 Saint Marys St,2020-02-04,Warren Ave Community,-83.203501,42.348097
8522 Maxwell St,2020-02-04,Airport Sub,-83.019668,42.391224
8915 Bessemore St,2020-02-04,Airport Sub,-83.013352,42.393858
9931 Asbury Park,2020-02-04,Joy Community,-83.207423,42.36817
9931 Saint Marys St,2020-02-04,Joy Community,-83.204946,42.36825
11690 Mettetal St,2020-02-05,Plymouth-I96,-83.205667,42.373844
12019 Santa Rosa Dr,2020-02-05,Oakman Blvd Community,-83.141561,42.376468
12077 Yellowstone St,2020-02-05,Nardin Park,-83.136091,42.378053
12141 Forrer St,2020-02-05,Plymouth-I96,-83.201675,42.376706
13995 Birwood St,2020-02-05,Northwest Community,-83.163447,42.389811
15010 Washburn St,2020-02-05,Bethune Community,-83.160323,42.400449
15056 Muirland St,2020-02-05,Dexter-Fenkell,-83.132884,42.401567
15350 Ohio St,2020-02-05,Fitzgerald/Marygrove,-83.155078,42.403324
15620 Seymour St,2020-02-05,Mapleridge,-82.95992,42.427005
16816 Turner St,2020-02-05,Fitzgerald/Marygrove,-83.148796,42.416646
16940 Lilac St,2020-02-05,Fitzgerald/Marygrove,-83.14684,42.41666
17208 Joann St,2020-02-05,Franklin,-82.988824,42.426955
17274 Westphalia St,2020-02-05,Von Steuben,-82.99194,42.426714
611 S Green St,2020-02-05,Delray,-83.108555,42.296696
6441 Barlum St,2020-02-05,Claytown,-83.131482,42.342855
8100 Wisner St,2020-02-05,Airport Sub,-83.021505,42.411611
10313 Prairie St,2020-02-06,Oakman Blvd Community,-83.143579,42.372133
11805 Rosa Parks Blvd,2020-02-06,Dexter-Linwood,-83.107148,42.387057
12120 Memorial St,2020-02-06,Plymouth-I96,-83.211826,42.376302
12210 Memorial St,2020-02-06,Plymouth-I96,-83.211824,42.377044
14656 Eastwood St,2020-02-06,Mapleridge,-82.971482,42.433446000000004
16198 Santa Rosa Dr,2020-02-06,Fitzgerald/Marygrove,-83.142461,42.411336
17900 Strasburg St,2020-02-06,Von Steuben,-82.997787,42.426923
1967 Halleck St,2020-02-06,Campau/Banglatown,-83.073325,42.405698
19714 Hull St,2020-02-06,Nolan,-83.088647,42.439215
2707 Doris St,2020-02-06,Oakman Blvd Community,-83.127476,42.397662
3077 Bewick St,2020-02-06,East Village,-82.987174,42.371774
3081 Bewick St,2020-02-06,East Village,-82.987226,42.371847
3431 W Warren Ave,2020-02-06,Chadsey Condon,-83.100077,42.344996
3849 Marlborough St,2020-02-06,Fox Creek,-82.952605,42.387255
4649 Algonquin St,2020-02-06,Fox Creek,-82.968785,42.388601
5321 Vancouver St,2020-02-06,Midwest,-83.126682,42.356169
5645 W FISHER,2020-02-06,Central Southwest,-83.097293,42.311653
5700 28th St,2020-02-06,Midwest,-83.115022,42.347221
14670 Eastwood St,2020-02-07,Mapleridge,-82.971223,42.433454
15343 Blackstone St,2020-02-07,Brightmoor,-83.249634,42.401444
15475 Belden St,2020-02-07,Pilgrim Village,-83.135699,42.405682
15656 Saratoga St,2020-02-07,Mapleridge,-82.959167,42.432874
17232 Mitchell St,2020-02-07,Cadillac Heights,-83.071625,42.420618
20036 Forrer St,2020-02-07,Greenfield,-83.202677,42.439969
2075 Halleck St,2020-02-07,Campau/Banglatown,-83.07154,42.406364
2238 Bewick St,2020-02-07,East Village,-82.983221,42.367417
3065 Bewick St,2020-02-07,East Village,-82.987108,42.371683
6024 28th St,2020-02-07,Midwest,-83.115065,42.348363
9939 Memorial St,2020-02-07,Joy Community,-83.212252,42.368213
9955 Memorial St,2020-02-07,Joy Community,-83.212258,42.368405
9986 Memorial St,2020-02-07,Joy Community,-83.211561,42.368895
12856 Gable St,2020-02-10,Buffalo Charles,-83.041327,42.412803
14615 Eastwood St,2020-02-10,Mapleridge,-82.972237,42.433847
14664 Faircrest St,2020-02-10,Mapleridge,-82.971318,42.431958
15362 Chapel St,2020-02-10,Brightmoor,-83.252898,42.401812
15825 Washburn St,2020-02-10,Fitzgerald/Marygrove,-83.161346,42.408315
15859 Lawton St,2020-02-10,Pilgrim Village,-83.129924,42.408741
19126 Bentler St,2020-02-10,Evergreen Lahser 7/8,-83.253106,42.429781
20115 Waltham St,2020-02-10,Conner Creek,-82.995676,42.445391
21503 Barbara St,2020-02-10,Brightmoor,-83.25314,42.386909
2438 Halleck St,2020-02-10,Campau/Banglatown,-83.06925,42.406753
2602 Bewick St,2020-02-10,East Village,-82.984532,42.36925
6344 28th St,2020-02-10,Midwest,-83.115139,42.350578
6424 Whitewood St,2020-02-10,Midwest,-83.119899,42.351567
11688 Rutherford St,2020-02-11,Plymouth-I96,-83.202042,42.373841
12834 Dwyer St,2020-02-11,Buffalo Charles,-83.040148,42.412534
13715 Caldwell St,2020-02-11,Davison,-83.046929,42.417432
17346 Barlow St,2020-02-11,Von Steuben,-82.995269,42.425805
19167 Ferguson St,2020-02-11,Greenfield,-83.211,42.431269
20419 Exeter St,2020-02-11,Nolan,-83.105514,42.444828
20503 Exeter St,2020-02-11,Nolan,-83.105554,42.445802
20574 Barlow St,2020-02-11,Conner Creek,-82.996253,42.448472
7222 Webb St,2020-02-11,Oakman Blvd Community,-83.143995,42.374474
7809 Rutherford St,2020-02-11,Warren Ave Community,-83.201796,42.349908
8839 Mettetal St,2020-02-11,Joy Community,-83.205876,42.358647
13421 Buffalo St,2020-02-12,Davison,-83.047882,42.41573
14081 Linnhurst St,2020-02-12,Mapleridge,-82.97794,42.43153
14897 San Juan Dr,2020-02-12,Chalfonte,-83.146118,42.39946
15486 Holmur St,2020-02-12,Pilgrim Village,-83.13711,42.405816
15639 La Salle Blvd,2020-02-12,Pilgrim Village,-83.125394,42.407387
16606 Bentler St,2020-02-12,Miller Grove,-83.251955,42.410992
1707 Tyler St,2020-02-12,Dexter-Linwood,-83.111795,42.394924
18211 John R St,2020-02-12,Grixdale Farms,-83.1024,42.425649
18525 Hull St,2020-02-12,Hawthorne Park,-83.089152,42.428488
19623 Hickory St,2020-02-12,Pulaski,-82.988057,42.44026
1996 Highland St,2020-02-12,Dexter-Linwood,-83.111041,42.390099
2640 Blaine St,2020-02-12,Jamison,-83.106945,42.369281
5135 Harding St,2020-02-12,West End,-82.992979,42.385956
5171 Bewick St,2020-02-12,West End,-82.996268,42.385212
5230 Harding St,2020-02-12,West End,-82.993267,42.387358
6596 Montrose St,2020-02-12,Warren Ave Community,-83.198183,42.339539
9323 Monica St,2020-02-12,Midwest,-83.14115,42.364296
9937 Woodside,2020-02-12,Nardin Park,-83.138014,42.370167
13487 Sparling St,2020-02-13,Davison,-83.045937,42.416679
14818 Fordham St,2020-02-13,Mapleridge,-82.969875,42.434256
14824 Fordham St,2020-02-13,Mapleridge,-82.969746,42.434263
14825 Fordham St,2020-02-13,Mapleridge,-82.969803,42.434687
15839 Blackstone St,2020-02-13,Brightmoor,-83.249852,42.406462
16743 Dolphin St,2020-02-13,Riverdale,-83.259868,42.412129
17137 Barlow St,2020-02-13,Von Steuben,-82.995904,42.42357
17378 Barlow St,2020-02-13,Von Steuben,-82.995289,42.426245
5280 Larchmont St,2020-02-13,Midwest,-83.123478,42.352855
10327 Elmira St,2020-02-14,Barton-McFarland,-83.162436,42.370959
11701 Maiden St,2020-02-14,Wade,-82.989383,42.401184
12430 Fairport St,2020-02-14,Gratiot-Findlay,-82.987749,42.422508
14142 Young St,2020-02-14,Mapleridge,-82.978524,42.423597
14623 Eastwood St,2020-02-14,Mapleridge,-82.972114,42.433851
15721 Fairfield St,2020-02-14,Pilgrim Village,-83.134762,42.406768
1574 Highland St,2020-02-14,Dexter-Linwood,-83.106773,42.392345
15774 Pinehurst St,2020-02-14,Bethune Community,-83.166176,42.407214
15880 Burgess St,2020-02-14,Brightmoor,-83.254302,42.406951
16204 Prairie St,2020-02-14,Fitzgerald/Marygrove,-83.144617,42.411411
16545 Woodingham Dr,2020-02-14,Fitzgerald/Marygrove,-83.150184,42.412888
17361 Albion St,2020-02-14,Von Steuben,-83.005693,42.423075
18038 Hamburg St,2020-02-14,Von Steuben,-82.996614,42.428027
18641 Dwyer St,2020-02-14,Grant,-83.04181,42.430638
18940 Teppert St,2020-02-14,Von Steuben,-83.00794,42.433151
19396 Woodbine St,2020-02-14,Five Points,-83.278546,42.433046
2562 Eastlawn St,2020-02-14,Riverbend,-82.952661,42.380289
3156 Arndt St,2020-02-14,McDougall-Hunt,-83.026228,42.35499
5083 Harding St,2020-02-14,West End,-82.992511,42.385301
5087 Bewick St,2020-02-14,West End,-82.995597,42.384195
5093 Bewick St,2020-02-14,West End,-82.995646,42.384269
1201 E Warren Ave,2020-02-17,Poletown East,-83.052968,42.362936
15894 Chapel St,2020-02-17,Brightmoor,-83.253118,42.407172
15932 Normandy St,2020-02-17,Pilgrim Village,-83.126038,42.409743
16747 Rockdale St,2020-02-17,Riverdale,-83.258844,42.412245
2000 Scotten St,2020-02-17,Central Southwest,-83.09467,42.322347
311 Junction St,2020-02-17,Delray,-83.093038,42.306218
7608 E Robinwood St,2020-02-17,Grant,-83.025356,42.431864
14265 Glenwood St,2020-02-18,Mapleridge,-82.97586,42.430754
15900 Chapel St,2020-02-18,Brightmoor,-83.253122,42.407268
16225 Lamphere St,2020-02-18,Riverdale,-83.262446,42.408819
1942 Lamothe St,2020-02-18,LaSalle Gardens,-83.093397,42.365592
19441 Rutherford St,2020-02-18,Greenfield,-83.205723,42.434585
4723 Canton St,2020-02-18,Gratiot Town/Kettering,-83.02069,42.370997
4729 Canton St,2020-02-18,Gratiot Town/Kettering,-83.020745,42.371068
7257 Archdale St,2020-02-18,Warren Ave Community,-83.215136,42.344308
960 E Margaret St,2020-02-18,Hawthorne Park,-83.093071,42.426249
9680 Woodlawn Ave,2020-02-18,Airport Sub,-83.006865,42.399351
1407 25th St,2020-02-19,Mexicantown,-83.085826,42.319935
14150 Liberal St,2020-02-19,Franklin,-82.976904,42.439444
15473 Chapel St,2020-02-19,Brightmoor,-83.253618,42.403218
2330 La Belle St,2020-02-19,Oakman Blvd Community,-83.120927,42.398215
3293 Columbus St,2020-02-19,Wildemere Park,-83.109699,42.361464
4434 McGraw St,2020-02-19,Midwest,-83.115041,42.346008
7859 Concord St,2020-02-19,Airport Sub,-83.031196,42.38925
7893 Concord St,2020-02-19,Airport Sub,-83.031193,42.389744
8163 Wetherby St,2020-02-19,Midwest,-83.140139,42.354551
9003 Monica St,2020-02-19,Midwest,-83.140998,42.360924
10300 E Warren Ave,2020-02-20,West End,-82.994166,42.383151
104 W Golden Gate Ave,2020-02-20,Grixdale Farms,-83.104296,42.429249
11313 Maiden St,2020-02-20,Wade,-82.990162,42.400911
11745 Cheyenne St,2020-02-20,Pride Area Community,-83.174748,42.375215
12610 Ward St,2020-02-20,Pride Area Community,-83.172998,42.380649
14184 Cedargrove St,2020-02-20,Mapleridge,-82.977345,42.425207
15463 Braile St,2020-02-20,Brightmoor,-83.245283,42.403268
15810 Blackstone St,2020-02-20,Brightmoor,-83.249216,42.4061
15824 Greydale St,2020-02-20,Brightmoor,-83.25546,42.406155
15831 Chapel St,2020-02-20,Brightmoor,-83.253745,42.406292
15866 Greydale St,2020-02-20,Brightmoor,-83.255482,42.406731
15893 Chapel St,2020-02-20,Brightmoor,-83.253781,42.407132
15895 Greydale St,2020-02-20,Brightmoor,-83.256173,42.407119
17136 Lamont St,2020-02-20,Davison,-83.053548,42.419457
17137 Lamont St,2020-02-20,Davison,-83.054133,42.419448
17815 Greeley St,2020-02-20,Cadillac Heights,-83.087707,42.423921
2524 Hudson St,2020-02-20,NW Goldberg,-83.093589,42.353127
2718 Doris St,2020-02-20,Oakman Blvd Community,-83.127985,42.398007
6340 Clifton St,2020-02-20,Midwest,-83.134507,42.349102
8073 STOCKTON,2020-02-20,Mount Olivet,-83.022895,42.428869
8631 Ruth St,2020-02-20,Airport Sub,-83.016817,42.395771
9151 Fischer St,2020-02-20,Airport Sub,-83.016781,42.397102
13249 Strathmoor St,2020-02-21,Schoolcraft Southfield,-83.187655,42.384933
14830 Burgess St,2020-02-21,Brightmoor,-83.253875,42.395954
23230 Sunnyside St,2020-02-21,Brightmoor,-83.267655,42.407192
266 W Nevada St,2020-02-21,Grixdale Farms,-83.107153,42.424454
5100 Radnor St,2020-02-21,Cornerstone Village,-82.919142,42.411654
6668 Baldwin St,2020-02-21,Airport Sub,-83.0227,42.388512
8093 Badger St,2020-02-21,Airport Sub,-83.02087,42.39428
8099 Badger St,2020-02-21,Airport Sub,-83.020759,42.394282
8143 Dill Pl,2020-02-21,Delray,-83.117831,42.294126
15344 Pierson St,2020-02-24,Brightmoor,-83.245689,42.401562
15350 Pierson St,2020-02-24,Brightmoor,-83.245694,42.401672
15356 Pierson St,2020-02-24,Brightmoor,-83.245699,42.401781
15367 Pierson St,2020-02-24,Brightmoor,-83.246329,42.401991
15370 Pierson St,2020-02-24,Brightmoor,-83.245713,42.40211
15778 Burt Rd,2020-02-24,Brightmoor,-83.246987,42.405773
15885 Pierson St,2020-02-24,Brightmoor,-83.246568,42.407174
20203 Hawthorne St,2020-02-24,Nolan,-83.093278,42.443784
258 S Morrell St,2020-02-24,Delray,-83.091898,42.305523
5109 Hillsboro St,2020-02-24,Midwest,-83.130524,42.361437
5274 Linwood St,2020-02-24,Woodbridge,-83.093144,42.351345
5451 MITCHELL,2020-02-24,Poletown East,-83.03931,42.370789
5675 Seminole St,2020-02-24,Gratiot Town/Kettering,-83.01397,42.382629
5742 Parker St,2020-02-24,Gratiot Town/Kettering,-83.015309,42.381903
5804 Maxwell Ave,2020-02-24,Gratiot Town/Kettering,-83.015138,42.383477
7323 Plainview Ave,2020-02-24,Warrendale,-83.23456,42.344992
12032 Hartwell St,2020-02-25,Pride Area Community,-83.176512,42.376025
12322 Sorrento St,2020-02-25,Pride Area Community,-83.171718,42.379246
13291 Ardmore St,2020-02-25,Schoolcraft Southfield,-83.184124,42.385509
13983 Kentucky St,2020-02-25,Davison-Schoolcraft,-83.158354,42.389744
15770 Burt Rd,2020-02-25,Brightmoor,-83.246981,42.405636
15886 Pierson St,2020-02-25,Brightmoor,-83.245918,42.407186
17214 Conley St,2020-02-25,Davison,-83.051437,42.420588
18867 Hull St,2020-02-25,Hawthorne Park,-83.089284,42.431247
8070 E Hollywood St,2020-02-25,Mount Olivet,-83.022741,42.432313
8305 Mount Olivet St,2020-02-25,Airport Sub,-83.018505,42.416472
11400 Rutherford St,2020-02-26,Joy Community,-83.201958,42.371613
11644 Appoline,2020-02-26,Pride Area Community,-83.169039,42.373922
15792 Snowden St,2020-02-26,Bethune Community,-83.176884,42.407388
15900 Linwood St,2020-02-26,Pilgrim Village,-83.12724,42.409244
16210 La Salle Ave,2020-02-26,Martin Park,-83.125011,42.411779
16716 Rutherford St,2020-02-26,Crary/St Marys,-83.20428,42.412654
16742 Rockdale St,2020-02-26,Riverdale,-83.258164,42.412137
16753 Rockdale St,2020-02-26,Riverdale,-83.258849,42.412355
20467 Hanna St,2020-02-26,Nolan,-83.090467,42.445804
4827 Baldwin St,2020-02-26,Gratiot-Grand,-83.014795,42.374663
5637 Anthon St,2020-02-26,Delray,-83.095801,42.308155
6357 Walton St,2020-02-26,Midwest,-83.132792,42.346278
9097 Burnette St,2020-02-26,Midwest,-83.142152,42.362225
1009 McKinstry St,2020-02-27,Central Southwest,-83.093082,42.31347
12435 Riad St,2020-02-27,Moross-Morang,-82.955044,42.428918
20312 Barlow St,2020-02-27,Conner Creek,-82.996196,42.447128
2217 Wilkins St,2020-02-27,Eastern Market,-83.033968,42.352452
5424 Mitchell St,2020-02-27,Poletown East,-83.038881,42.370793
5845 Amherst St,2020-02-27,Central Southwest,-83.10054,42.311007
5972 Canton St,2020-02-27,Gratiot Town/Kettering,-83.026717,42.381098
6004 Canton St,2020-02-27,Gratiot Town/Kettering,-83.02692,42.381391
6109 Cecil St,2020-02-27,Claytown,-83.140584,42.342241
7575 Arcola St,2020-02-27,Airport Sub,-83.024752,42.406011
13591 Turner St,2020-02-28,Oakman Blvd Community,-83.14787,42.38768
16759 Rockdale St,2020-02-28,Riverdale,-83.258855,42.412464
20515 Keating St,2020-02-28,Nolan,-83.101015,42.446252
4272 Webb St,2020-02-28,Nardin Park,-83.129922,42.377661
5575 Maryland St,2020-02-28,Morningside,-82.955616,42.401957
7566 Arcola St,2020-02-28,Airport Sub,-83.024856,42.40557
9133 Rutherford St,2020-02-28,Joy Community,-83.202772,42.361182
9403 Charlevoix St,2020-02-28,East Village,-82.989141,42.368371
9602 Herkimer St,2020-02-28,Carbon Works,-83.131182,42.291124
10994 Chelsea Ave,2020-03-02,Wade,-82.993319,42.403516
11000 Chelsea Ave,2020-03-02,Wade,-82.993219,42.403551
12272 Ilene St,2020-03-02,Grand River-I96,-83.160657,42.379413
14907 Hubbell St,2020-03-02,Hubbell-Lyndon,-83.189069,42.398535
15417 Trinity St,2020-03-02,Brightmoor,-83.248617,42.402602
16763 Rockdale St,2020-03-02,Riverdale,-83.25886,42.412574
20035 Hamburg St,2020-03-02,Conner Creek,-82.998013,42.444248
20116 Hickory St,2020-03-02,Conner Creek,-82.987629,42.445621
2573 Garland St,2020-03-02,East Village,-82.98379,42.369077
2985 Garland St,2020-03-02,East Village,-82.985248,42.371141
3809 Bewick St,2020-03-02,West End,-82.990003,42.375834
6879 Mansfield St,2020-03-02,Warren Ave Community,-83.202687,42.342495
7562 Arcola St,2020-03-02,Airport Sub,-83.024968,42.40557
7840 Rutherford St,2020-03-02,Warren Ave Community,-83.201138,42.350342
9451 Prairie St,2020-03-02,Midwest,-83.143435,42.366032
10011 Morley,2020-03-03,Barton-McFarland,-83.158537,42.366725
11060 Longview St,2020-03-03,Wade,-82.991272,42.403055
11694 Rutherford St,2020-03-03,Plymouth-I96,-83.202046,42.373937
16829 W Chicago St,2020-03-03,Joy Community,-83.211221,42.364897
17000 W Chicago St,2020-03-03,Joy Community,-83.213223,42.365364
17618 W Chicago St,2020-03-03,Joy Community,-83.214664,42.365348
18702 Caldwell St,2020-03-03,Krainz Woods,-83.046717,42.431414
20568 Hamburg St,2020-03-03,Conner Creek,-82.997464,42.448362
3600 Devonshire Rd,2020-03-03,Morningside,-82.935264,42.392041
3755 Moore Pl,2020-03-03,Midwest,-83.107835,42.351734
4843 Lodewyck St,2020-03-03,Cornerstone Village,-82.919949,42.408355
6553 Montrose St,2020-03-03,Warren Ave Community,-83.198821,42.338929
6914 RUTLAND,2020-03-03,Warren Ave Community,-83.212111,42.34188
710 S Green St,2020-03-03,Delray,-83.108797,42.296053
8014 Sarena St,2020-03-03,Claytown,-83.147668,42.342556
8055 Mansfield St,2020-03-03,Warren Ave Community,-83.203118,42.351627
8055 Wykes St,2020-03-03,Midwest,-83.142072,42.352888
8101 Vanderbilt St,2020-03-03,Delray,-83.116713,42.293799
9391 E Vernor Hwy,2020-03-03,East Village,-82.987978,42.366407
9834 Chenlot St,2020-03-03,Nardin Park,-83.134074,42.369792
9936 Rutherford St,2020-03-03,Joy Community,-83.201844,42.368371
9969 Memorial St,2020-03-03,Joy Community,-83.212264,42.368597
12791 Corbett Ave,2020-03-04,Wade,-82.977004,42.406384
14921 Ward St,2020-03-04,Bethune Community,-83.17386,42.399362000000004
15397 Lesure St,2020-03-04,Bethune Community,-83.181607,42.403691
15474 Freeland St,2020-03-04,Bethune Community,-83.18536,42.404829
15829 Trinity St,2020-03-04,Brightmoor,-83.248778,42.406328
3833 Garland St,2020-03-04,West End,-82.989207,42.37659
6128 James Ct,2020-03-04,Gratiot Town/Kettering,-83.008916,42.389479
7274 Plainview Ave,2020-03-04,Warrendale,-83.233855,42.344322
7557 Arcola St,2020-03-04,Airport Sub,-83.025086,42.406002
7574 Arcola St,2020-03-04,Airport Sub,-83.024744,42.40557
7580 Arcola St,2020-03-04,Airport Sub,-83.024636,42.405579
9255 Birwood St,2020-03-04,Barton-McFarland,-83.163292,42.362957
13538 Maine St,2020-03-05,North Campau,-83.071387,42.414074
15710 Pierson St,2020-03-05,Brightmoor,-83.245797,42.404395
16140 Lamphere St,2020-03-05,Riverdale,-83.261474,42.407992
17214 Healy St,2020-03-05,Davison,-83.054614,42.42051
17232 Hasse St,2020-03-05,Davison,-83.055662,42.420736
17634 Saint Louis St,2020-03-05,Davison,-83.039509,42.423838
6119 Rohns St,2020-03-05,Gratiot Town/Kettering,-83.010832,42.388641
8401 Patton St,2020-03-05,Warrendale,-83.242255,42.35396
10256 Flora St,2020-03-06,Carbon Works,-83.139201,42.291918
11306 Wade St,2020-03-06,Ravendale,-82.989416,42.399748
13545 Maine St,2020-03-06,North Campau,-83.071966,42.414003
14911 Cheyenne St,2020-03-06,Bethune Community,-83.174954,42.398955
22236 Grove St,2020-03-06,Riverdale,-83.260408,42.413108
22324 Puritan St,2020-03-06,Riverdale,-83.261385,42.407604
4268 Webb St,2020-03-06,Nardin Park,-83.129808,42.377702
4652 Oregon St,2020-03-06,Midwest,-83.121607,42.357658
5533 Pennsylvania St,2020-03-06,West End,-83.001109,42.385961
5611 15th St,2020-03-06,NW Goldberg,-83.091114,42.354031
8130 Smart St,2020-03-06,Claytown,-83.148979,42.338296
8959 Culver St,2020-03-06,Airport Sub,-83.007804,42.396309
11722 Maiden St,2020-03-09,Wade,-82.988744,42.400872
12154 Montrose St,2020-03-09,Plymouth-I96,-83.199769,42.376912
14391 Bentler St,2020-03-09,Brightmoor,-83.252019,42.392116
14427 Fielding St,2020-03-09,Brightmoor,-83.242684,42.392773
14573 Indiana St,2020-03-09,Chalfonte,-83.157599,42.396342
15091 Holmur St,2020-03-09,Dexter-Fenkell,-83.137074,42.40194
15800 Pierson St,2020-03-09,Brightmoor,-83.245869,42.406068
21664 Jason St,2020-03-09,Brightmoor,-83.254792,42.386931
5514 Sheridan St,2020-03-09,Gratiot Town/Kettering,-83.019487,42.37893
7081 Milton St,2020-03-09,Airport Sub,-83.028366,42.40755
7516 Sarena St,2020-03-09,Claytown,-83.143908,42.342638
7545 Dobel St,2020-03-09,Airport Sub,-83.025729,42.416539
8218 Molena St,2020-03-09,Airport Sub,-83.019195,42.407044
9309 Memorial St,2020-03-09,Joy Community,-83.212095,42.363534
9348 Cutler St,2020-03-09,East Village,-82.991128,42.369552
9361 Marietta St,2020-03-09,East Village,-82.990735,42.369356
10157 Cedarlawn St,2020-03-10,Barton-McFarland,-83.16155,42.372439
12701 Wade St,2020-03-10,Wade,-82.977527,42.404363
14245 Goddard St,2020-03-10,North Campau,-83.077205,42.416828
14251 Goddard St,2020-03-10,North Campau,-83.077255,42.416901
14363 Robson St,2020-03-10,Hubbell-Lyndon,-83.192759,42.392568
14860 Coyle St,2020-03-10,Hubbell-Lyndon,-83.193346,42.397751
19227 HAWTHORNE,2020-03-10,Nolan,-83.09275,42.434158
5167 Cooper St,2020-03-10,West End,-83.000447,42.383065
6643 Fern Ave,2020-03-10,Claytown,-83.126462,42.332481
8087 Curt St,2020-03-10,Airport Sub,-83.020789,42.391069
13261 Rochelle St,2020-03-11,Mapleridge,-82.984215,42.423184
13414 Ryan Rd,2020-03-11,Davison,-83.05995,42.415413
13950 Park Grove St,2020-03-11,Mapleridge,-82.980464,42.429591
1401 Drexel St,2020-03-11,Riverbend,-82.95399,42.375759
14276 Mayfield St,2020-03-11,Mapleridge,-82.975459,42.422046
14641 Stansbury St,2020-03-11,Bethune Community,-83.182373,42.396787
15422 Wabash St,2020-03-11,Pilgrim Village,-83.118674,42.404913
15729 Iliad St,2020-03-11,Brightmoor,-83.272701,42.404545
15756 Iliad St,2020-03-11,Brightmoor,-83.27214,42.404949
15772 Bentler St,2020-03-11,Brightmoor,-83.251749,42.405605
15801 Burt Rd,2020-03-11,Brightmoor,-83.247684,42.406018
15827 Sorrento St,2020-03-11,Bethune Community,-83.173131,42.408104
1926 Waverly St,2020-03-11,Dexter-Linwood,-83.113422,42.395662
19376 Marx St,2020-03-11,Nolan,-83.083834,42.436522
20314 Pelkey St,2020-03-11,Conner Creek,-82.986462,42.447474
2036 Leslie St,2020-03-11,Dexter-Linwood,-83.113224,42.392011
20512 Alcoy St,2020-03-11,Conner Creek,-82.98892,42.447814
2214 Highland St,2020-03-11,Dexter-Linwood,-83.112021,42.389739
2246 Saint Clair St,2020-03-11,East Village,-82.980973,42.368234
3041 Northwestern St,2020-03-11,Wildemere Park,-83.106376,42.359987
7240 Greenview Ave,2020-03-11,Warrendale,-83.221688,42.344039
8547 Peter Hunt St,2020-03-11,Airport Sub,-83.017017,42.392445
10181 Woodlawn Ave,2020-03-12,Airport Sub,-83.002369,42.399982
11851 Laing St,2020-03-12,Denby,-82.956144,42.423889
13934 Grandville Ave,2020-03-12,Westwood Park,-83.23056,42.387003
14140 Marlowe St,2020-03-12,Hubbell-Lyndon,-83.189196,42.390846
1540 McClellan St,2020-03-12,East Village,-82.986305,42.361771
15481 Freeland St,2020-03-12,Bethune Community,-83.185924,42.404913
15831 Pierson St,2020-03-12,Brightmoor,-83.246536,42.406433
15880 Pierson St,2020-03-12,Brightmoor,-83.245912,42.407063
16872 Stahelin Ave,2020-03-12,North Rosedale Park,-83.226402,42.414696
20555 Hickory St,2020-03-12,Conner Creek,-82.988409,42.448375
5663 Missouri St,2020-03-12,NW Goldberg,-83.097099,42.352997
7111 Tappan St,2020-03-12,Airport Sub,-83.027789,42.406753
7231 Ashton Ave,2020-03-12,Warrendale,-83.217507,42.343909
7561 Forrer St,2020-03-12,Warren Ave Community,-83.200481,42.348217
10295 Prairie St,2020-03-13,Oakman Blvd Community,-83.143569,42.371886
10301 Prairie St,2020-03-13,Oakman Blvd Community,-83.143572,42.371968
12682 Chapel St,2020-03-13,Brightmoor,-83.251791,42.380532
15734 Trinity St,2020-03-13,Brightmoor,-83.248082,42.404875
16200 Beaverland St,2020-03-13,Riverdale,-83.265579,42.409323
16926 W McNichols Rd,2020-03-13,College Park,-83.210508,42.415992
20080 Barlow St,2020-03-13,Conner Creek,-82.996114,42.444931
22028 Kessler St,2020-03-13,Riverdale,-83.257798,42.408754
3444 Anderdon Ave,2020-03-13,Riverbend,-82.964724,42.381392
6836 Seminole St,2020-03-13,Airport Sub,-83.018722,42.392421
7421 Elmhurst St,2020-03-13,Oakman Blvd Community,-83.143857,42.3758
8622 Penrod St,2020-03-13,Warrendale,-83.21969,42.356309
8911 Milner St,2020-03-13,Airport Sub,-83.004813,42.396156
9611 Asbury Park,2020-03-13,Joy Community,-83.207382,42.36686
11639 Kentucky St,2020-03-16,Grand River-I96,-83.157825,42.374108
11651 Indiana St,2020-03-16,Grand River-I96,-83.156764,42.374323
11661 Indiana St,2020-03-16,Grand River-I96,-83.156768,42.374418
11666 Indiana St,2020-03-16,Grand River-I96,-83.156125,42.374519
11783 Longview St,2020-03-16,Wade,-82.989684,42.404265
12611 Cloverlawn St,2020-03-16,Littlefield Community,-83.151978,42.38114
14183 Sussex,2020-03-16,Cadillac Community,-83.195481,42.390783
14451 Camden Ave,2020-03-16,Outer Drive-Hayes,-82.965203,42.407753
14896 Northlawn St,2020-03-16,Chalfonte,-83.153077,42.399416
15452 Monte Vista St,2020-03-16,Bethune Community,-83.167117,42.404899
16037 Coram St,2020-03-16,Regent Park,-82.955049,42.438593
17635 W Chicago St,2020-03-16,Joy Community,-83.215017,42.364831
1840 Mack Ave,2020-03-16,Eastern Market,-83.0403,42.352965
18981 Dale St,2020-03-16,Seven Mile-Rouge,-83.277062,42.427804
1938 Waverly St,2020-03-16,Dexter-Linwood,-83.11362,42.395587
1944 Waverly St,2020-03-16,Dexter-Linwood,-83.113719,42.39555
3153 Newport St,2020-03-16,Riverbend,-82.955365,42.385188
3403 Bewick St,2020-03-16,East Village,-82.98752,42.372253
5882 Leidich St,2020-03-16,Chandler Park,-82.983449,42.396023
6635 ARMY,2020-03-16,Central Southwest,-83.110563,42.308659
9180 Montrose St,2020-03-16,Joy Community,-83.19895,42.36227
12526 Loretto St,2020-03-17,Eden Gardens,-82.986692,42.416586
16028 W Chicago St,2020-03-17,Joy Community,-83.202714,42.365545
16117 Lamphere St,2020-03-17,Riverdale,-83.262391,42.407722
19359 Ferguson St,2020-03-17,Greenfield,-83.211093,42.433354
2947 Hendricks St,2020-03-17,McDougall-Hunt,-83.027131,42.35242
6100 Proctor St,2020-03-17,Claytown,-83.142648,42.341283
6438 Vancourt St,2020-03-17,Midwest,-83.123602,42.351297
6757 Buhr St,2020-03-17,Grant,-83.032448,42.424429
7177 Tuxedo St,2020-03-17,Oakman Blvd Community,-83.143153,42.374892
8474 Patton St,2020-03-17,Warrendale,-83.241576,42.354966
16129 Lamphere St,2020-03-18,Riverdale,-83.262398,42.407859
20520 Pelkey St,2020-03-18,Conner Creek,-82.986491,42.447981
3746 Webb St,2020-03-18,Nardin Park,-83.12515,42.379469
4738 Saint Clair St,2020-03-18,East Canfield,-82.991088,42.382528
6121 Martin St,2020-03-18,Claytown,-83.136796,42.343053
8084 Piedmont St,2020-03-18,Warrendale,-83.228072,42.351691
8221 Woodlawn Ave,2020-03-18,Airport Sub,-83.018706,42.399441
8603 Coyle St,2020-03-18,Fiskhorn,-83.192978,42.357346
10975 LONGVIEW,2020-03-19,Wade,-82.994009,42.40251
11707 Birwood St,2020-03-19,Grand River-I96,-83.163751,42.374923
11742 Ilene St,2020-03-19,Grand River-I96,-83.160332,42.375295
12308 Northlawn St,2020-03-19,Littlefield Community,-83.152418,42.379281
13592 Ryan Rd,2020-03-19,Davison,-83.061441,42.417608
13622 Ryan Rd,2020-03-19,Davison,-83.061683,42.417978
16158 Lamphere St,2020-03-19,Riverdale,-83.26171,42.408236
16736 Dolphin St,2020-03-19,Riverdale,-83.259243,42.412023
3427 Belvidere St,2020-03-19,East Village,-82.994069,42.369577
4626 Allendale St,2020-03-19,Midwest,-83.120037,42.356218
6059 Chopin St,2020-03-19,Claytown,-83.141073,42.341299
6599 Wagner St,2020-03-19,Claytown,-83.132543,42.340518
7356 Ellsworth St,2020-03-19,Chalfonte,-83.144671,42.402087
8558 Northlawn St,2020-03-19,Barton-McFarland,-83.151684,42.357569
9225 Devonshire Rd,2020-03-19,Outer Drive-Hayes,-82.94951,42.411201
12740 Omaha St,2020-03-20,Boynton,-83.16039,42.271119
15451 Greydale St,2020-03-20,Brightmoor,-83.256008,42.402881
22300 Wyman St,2020-03-20,Riverdale,-83.261699,42.414032
3431 Rohns St,2020-03-20,East Village,-82.996101,42.368822
6102 Seneca St,2020-03-20,Gratiot Town/Kettering,-83.013996,42.387135
6403 Desoto St,2020-03-20,Chalfonte,-83.142221,42.400969
8091 Stockton St,2020-03-20,Mount Olivet,-83.02223,42.429045
15838 Burgess St,2020-03-23,Brightmoor,-83.254279,42.406375
15851 Pierson St,2020-03-23,Brightmoor,-83.246546,42.40668
12201 Asbury Park,2020-03-24,Plymouth-I96,-83.207726,42.377026
14150 Freeland St,2020-03-24,Hubbell-Lyndon,-83.184768,42.390988
14857 Monica St,2020-03-24,Chalfonte,-83.143738,42.398949
15366 Cherrylawn St,2020-03-24,Fitzgerald/Marygrove,-83.154121,42.403792
1610 McKinstry St,2020-03-24,Central Southwest,-83.096066,42.318885
18411 Wexford St,2020-03-24,Conant Gardens,-83.065505,42.427552
19010 Patton St,2020-03-24,Holcomb Community,-83.245034,42.428599
19491 Stout St,2020-03-24,Evergreen Lahser 7/8,-83.243663,42.434391
56 E Hildale St,2020-03-24,Greenfield Park,-83.10105,42.428169
5790 Maxwell Ave,2020-03-24,Gratiot Town/Kettering,-83.014972,42.383263
6438 Pelouze St,2020-03-24,Claytown,-83.125483,42.334509
8089 Wisner St,2020-03-24,Airport Sub,-83.021846,42.411915
9353 Marietta St,2020-03-24,East Village,-82.990833,42.369317
12112 Prairie St,2020-03-25,Oakman Blvd Community,-83.143176,42.377665
15331 Cruse St,2020-03-25,Bethune Community,-83.183765,42.4025
15813 Burt Rd,2020-03-25,Brightmoor,-83.247689,42.406128
17226 Hasse St,2020-03-25,Davison,-83.05566,42.420654
5156 Belvidere St,2020-03-25,Gratiot Woods,-83.002472,42.382528
5409 Vancouver St,2020-03-25,Midwest,-83.12809,42.35562
9367 Marietta St,2020-03-25,East Village,-82.990637,42.369395
11402 Yosemite St,2020-03-26,Nardin Park,-83.134057,42.374339
13747 Syracuse St,2020-03-26,Davison,-83.044962,42.417891
4944 Braden St,2020-03-26,Claytown,-83.130796,42.334082
5343 Bellevue St,2020-03-26,Gratiot Town/Kettering,-83.026458,42.37524
8129 Marcus Ave,2020-03-26,Airport Sub,-83.020256,42.395937000000004
9109 Isham Ave,2020-03-26,Airport Sub,-83.011842,42.396928
13569 Fleming St,2020-03-27,North Campau,-83.075693,42.412987
15872 Littlefield St,2020-03-27,Bethune Community,-83.175846,42.408661
2504 Blaine St,2020-03-27,Virginia Park Community,-83.10526,42.370453
3838 Webb St,2020-03-27,Nardin Park,-83.126664,42.378903
3839 Webb St,2020-03-27,Nardin Park,-83.126398,42.378534
4046 Tuxedo St,2020-03-27,Nardin Park,-83.128113,42.379191
49 W Hollywood Ave,2020-03-27,Grixdale Farms,-83.1033,42.43041
8932 Otsego St,2020-03-27,Petoskey-Otsego,-83.122034,42.366491
8940 Otsego St,2020-03-27,Petoskey-Otsego,-83.122099,42.366589
13844 Goddard St,2020-03-30,North Campau,-83.074796,42.414232
13973 Arlington St,2020-03-30,North Campau,-83.075467,42.415916
20490 Exeter St,2020-03-30,Nolan,-83.104929,42.445859
6844 Grandville Ave,2020-03-30,Warrendale,-83.228854,42.341661
13537 Turner St,2020-03-31,Oakman Blvd Community,-83.147841,42.386951
17315 Marx St,2020-03-31,Cadillac Heights,-83.083884,42.420454
4109 W Grand St,2020-03-31,Oakman Blvd Community,-83.136129,42.38949
7593 Arcola St,2020-03-31,Airport Sub,-83.024419,42.406011
7599 Arcola St,2020-03-31,Airport Sub,-83.024312,42.40602
15479 Lahser Rd,2020-04-01,Brightmoor,-83.257323,42.403251
3859 Holcomb St,2020-04-01,Gratiot Woods,-82.997706,42.373065
4596 Oregon St,2020-04-01,Midwest,-83.120688,42.358012
11312 Steel St,2020-04-02,Barton-McFarland,-83.170226,42.371037
15713 Schoolcraft St,2020-04-02,Schoolcraft Southfield,-83.200886,42.386764
5964 Hereford St,2020-04-02,Cornerstone Village,-82.928146,42.415929
8301 Mark Twain St,2020-04-02,Joy-Schaefer,-83.184995,42.355063
14852 Glenwood St,2020-04-03,Mapleridge,-82.969134,42.430508
4095 W Euclid St,2020-04-03,Petoskey-Otsego,-83.117226,42.362273
171 E Arizona St,2020-04-09,Greenfield Park,-83.098566,42.419673
2692 S Edsel St,2020-04-14,Boynton,-83.1603,42.268929
2930 Leslie St,2020-04-14,Dexter-Linwood,-83.12303,42.388333
3200 Fullerton St,2020-04-14,Dexter-Linwood,-83.124743,42.386703
2900 Hammond St,2020-04-15,Central Southwest,-83.111585,42.32403
17760 Wanda St,2020-04-16,Greenfield Park,-83.09533,42.423651
4001 Lawrence,2020-04-16,Nardin Park,-83.125337,42.376399
5054 Fernwood St,2020-04-16,Midwest,-83.127416,42.361128
2662 Frederick St,2020-04-21,Poletown East,-83.040959,42.368137
2668 Frederick St,2020-04-21,Poletown East,-83.040859,42.368173
10526 E Warren Ave,2020-04-27,East Canfield,-82.991668,42.384096
4222 Grandy St,2020-04-27,McDougall-Hunt,-83.035197,42.361605
4242 Grandy St,2020-04-27,McDougall-Hunt,-83.035417,42.361947
17408 Saint Aubin St,2020-05-11,Cadillac Heights,-83.081063,42.421153
17651 Kentfield St,2020-05-12,Holcomb Community,-83.241803,42.421273
1721 W Fort St,2020-05-13,West Side Industrial,-83.064209,42.322671
1735 W Fort St,2020-05-13,West Side Industrial,-83.064339,42.322419
6608 Hartford St,2020-05-13,Midwest,-83.113243,42.353511
7404 Hanover St,2020-05-13,LaSalle Gardens,-83.094435,42.364075
12345 Gratiot Ave,2020-05-14,Gratiot-Findlay,-82.990296,42.416622
17414 Saint Aubin St,2020-05-14,Cadillac Heights,-83.081124,42.421248
2927 16th St,2020-05-14,North Corktown,-83.081416,42.334992
684 Hazelwood St,2020-05-21,Piety Hill,-83.085354,42.379722
120 W Golden Gate Ave,2020-05-27,Grixdale Farms,-83.104592,42.429247
3726 Longfellow St,2020-05-27,Nardin Park,-83.120126,42.372705
14216 Freeland St,2020-05-29,Hubbell-Lyndon,-83.184786,42.391376
955 Oakman Blvd,2020-05-29,Pilgrim Village,-83.114469,42.401853
5684 Grand River Ave,2020-06-02,NW Goldberg,-83.098364,42.352677
6341 Clifton St,2020-06-02,Midwest,-83.134184,42.348697
11640 Appoline,2020-06-03,Pride Area Community,-83.169036,42.373827
1545 Temple St,2020-06-04,North Corktown,-83.071494,42.337404
15750 Patton St,2020-06-04,Brightmoor,-83.24357,42.405282
20250 Westphalia St,2020-06-04,Conner Creek,-82.992488,42.446438
6440 Miller St,2020-06-04,Airport Sub,-83.034153,42.389676
6462 Miller St,2020-06-04,Airport Sub,-83.034211,42.390262
9692 Grand River Ave,2020-06-04,Nardin Park,-83.137095,42.368292
16595 Blackstone St,2020-06-05,Miller Grove,-83.250053,42.410885
20003 Pelkey St,2020-06-05,Conner Creek,-82.987033,42.444102
16700 Dolphin St,2020-06-08,Riverdale,-83.259208,42.411337
8505 Ashton Ave,2020-06-08,Warrendale,-83.217951,42.355855
8530 Olivet St,2020-06-08,Springwells,-83.124626,42.300822
15027 Tracey St,2020-06-09,Bethune Community,-83.180423,42.400268
16205 Lamphere St,2020-06-09,Riverdale,-83.262433,42.408544
4951 Livernois Ave,2020-06-09,Claytown,-83.124412,42.336111
14138 Pinewood St,2020-06-10,Franklin,-82.977149,42.438551
16267 Fairmount Dr,2020-06-10,Regent Park,-82.952246,42.445063
20265 Barlow St,2020-06-10,Conner Creek,-82.996884,42.446434000000004
2 W ARIZONA,2020-06-11,Grixdale Farms,-83.105052,42.418003
4933 LIVERNOIS,2020-06-11,Claytown,-83.124017,42.336069
4945 LIVERNOIS,2020-06-11,Claytown,-83.124081,42.336154
14136 Pierson St,2020-06-12,Brightmoor,-83.245157,42.389092
2531 Taylor St,2020-06-12,Virginia Park Community,-83.107222,42.372249
1602 Clairmount St,2020-06-15,Virginia Park Community,-83.096873,42.377615
19166 Cameron St,2020-06-16,Nolan,-83.093383,42.433562
19401 Hawthorne St,2020-06-16,Nolan,-83.093017,42.436544
14968 Littlefield St,2020-06-17,Bethune Community,-83.175448,42.399717
18069 Schoenherr St,2020-06-17,Franklin,-82.98522,42.428864
14017 Robson St,2020-06-18,Cadillac Community,-83.192963,42.388889
8617 Mark Twain St,2020-06-18,Joy-Schaefer,-83.185121,42.357674
14103 Marlowe St,2020-06-19,Hubbell-Lyndon,-83.189739,42.390552
14528 Hubbell St,2020-06-23,Bethune Community,-83.188288,42.395025
15000 Hubbell St,2020-06-23,Bethune Community,-83.188479,42.399759
3616 Joseph Campau St,2020-06-23,McDougall-Hunt,-83.031575,42.357963
11426 Whithorn St,2020-06-25,Gratiot-Findlay,-83.001232,42.411916
6108 Seneca St,2020-06-30,Gratiot Town/Kettering,-83.014055,42.387205
20187 Keating St,2020-07-01,Nolan,-83.100888,42.443433
21171 Margareta St,2020-07-01,Holcomb Community,-83.250994,42.425028
3451 Rohns St,2020-07-01,East Village,-82.996258,42.36904
4159 Joseph Campau St,2020-07-01,McDougall-Hunt,-83.034309,42.361045
15070 Stansbury St,2020-07-02,Bethune Community,-83.181911,42.400879
3042 Anderdon Ave,2020-07-02,Riverbend,-82.964071,42.380334
11731 Promenade Ave,2020-07-06,Wade,-82.992269,42.406741
15010 Tracey St,2020-07-06,Bethune Community,-83.17979,42.400105
15880 Lamphere St,2020-07-06,Brightmoor,-83.261634,42.406877
16727 Lahser Rd,2020-07-06,Riverdale,-83.257659,42.41181
17165 Conley St,2020-07-06,Davison,-83.052045,42.419881
2172 Newport St,2020-07-06,Riverbend,-82.950575,42.379016
22052 Kessler St,2020-07-06,Riverdale,-83.258242,42.408751
22066 Kessler St,2020-07-06,Riverdale,-83.258539,42.408749
3075 Newport St,2020-07-06,Riverbend,-82.95473,42.384227
8618 Maxwell St,2020-07-06,Airport Sub,-83.019703,42.39202
15000 Cheyenne St,2020-07-07,Bethune Community,-83.174393,42.400102
20074 Hamburg St,2020-07-07,Conner Creek,-82.997315,42.444813
2136 Eastlawn St,2020-07-07,Riverbend,-82.951283,42.37818
4221 Dickerson St,2020-07-07,Fox Creek,-82.96382,42.386986
8050 W Fort St,2020-07-07,Delray,-83.120508,42.29999
14865 Monte Vista St,2020-07-08,Bethune Community,-83.167372,42.398737
20552 Hamburg St,2020-07-08,Conner Creek,-82.997456,42.44814
17192 Anglin St,2020-07-09,Cadillac Heights,-83.07388,42.420021
550 W Fort St,2020-07-09,Downtown,-83.05276,42.328755
7430 South St,2020-07-09,Delray,-83.111463,42.29748
15708 Lesure St,2020-07-10,Bethune Community,-83.181092,42.405901
2687 W Grand Blvd,2020-07-10,Virginia Park Community,-83.087477,42.365405
575 GREEN,2020-07-10,Delray,-83.112854,42.302047
9986 Sussex,2020-07-13,Plymouth-Hubbell,-83.193825,42.369224
17320 Lamont St,2020-07-14,Davison,-83.053584,42.421329
6929 E Lafayette St,2020-07-14,Islandview,-83.005713,42.350022
17150 Schaefer Hwy,2020-07-15,Schulze,-83.179462,42.417441
4470 RADNOR,2020-07-15,Cornerstone Village,-82.915957,42.406351
15333 Mendota St,2020-07-16,Bethune Community,-83.165391,42.402888
15345 Mendota St,2020-07-16,Bethune Community,-83.165409,42.403086
5530 Baldwin St,2020-07-16,Gratiot Town/Kettering,-83.017657,42.380062
15356 Pinehurst St,2020-07-20,Bethune Community,-83.16598,42.403248
2941 Poplar St,2020-07-20,Core City,-83.091762,42.340824
3600 Cicotte St,2020-07-20,Michigan-Martin,-83.120066,42.326767
4444 Radnor St,2020-07-20,Cornerstone Village,-82.915857,42.406497
19259 Hasse St,2020-07-21,Farwell,-83.057153,42.435567
20092 Hickory St,2020-07-21,Conner Creek,-82.987617,42.445296
2508 Anderdon Ave,2020-07-21,Riverbend,-82.961369,42.37625
2955 Lakeview St,2020-07-21,Riverbend,-82.955711,42.382031
5046 Maxwell Ave,2020-07-21,Gratiot-Grand,-83.010811,42.377505
7806 Helen St,2020-07-21,Airport Sub,-83.029774,42.388575
8001 Charlevoix St,2020-07-21,Islandview,-83.002864,42.363036
8837 Knodell St,2020-07-21,Airport Sub,-83.013163,42.398773
15334 Ardmore St,2020-07-22,Bethune Community,-83.184248,42.402518
15344 Pinehurst St,2020-07-22,Bethune Community,-83.16598,42.403077
17204 Mackay St,2020-07-22,Cadillac Heights,-83.075941,42.420138
3619 Helen St,2020-07-22,Gratiot-Grand,-83.014977,42.364143
144 E Grand Blvd,2020-07-23,Islandview,-83.002288,42.348578
6067 Linwood St,2020-07-23,NW Goldberg,-83.097203,42.356816
3712 Sheridan St,2020-07-24,Gratiot-Grand,-83.011472,42.366827
7345 Saint John St,2020-07-24,Claytown,-83.132462,42.327552
12741 Flanders St,2020-07-27,Eden Gardens,-82.984039,42.415892
611 E Margaret St,2020-07-27,Greenfield Park,-83.097417,42.426499
8091 Nuernberg St,2020-07-28,Airport Sub,-83.021822,42.41799
8099 Nuernberg St,2020-07-28,Airport Sub,-83.021693,42.417988
8480 Vanderbilt St,2020-07-28,Delray,-83.120229,42.292938
6663 Edward,2020-07-31,Michigan-Martin,-83.124707,42.328392
14591 Cruse St,2020-08-04,Bethune Community,-83.183469,42.396023
1134 Livernois Ave,2020-08-05,Central Southwest,-83.105508,42.310075
14336 Marlowe St,2020-08-05,Hubbell-Lyndon,-83.189283,42.392942
15349 Ardmore St,2020-08-05,Bethune Community,-83.184833,42.402706
20575 Ashton Ave,2020-08-06,O'Hair Park,-83.221618,42.443559
10240 Rosa Parks Blvd,2020-08-07,Dexter-Linwood,-83.103624,42.382854
1519 Clairmount St,2020-08-07,Virginia Park Community,-83.095574,42.377525
15450 Robson St,2020-08-07,Belmont,-83.19237,42.404315
18628 Hasse St,2020-08-07,Krainz Woods,-83.056011,42.430138
4547 Wesson St,2020-08-07,Chadsey Condon,-83.118601,42.335012
13463 Eureka St,2020-08-10,Davison,-83.055438,42.416019
13484 Eureka St,2020-08-10,Davison,-83.055204,42.416397
1550 Waterman St,2020-08-10,Central Southwest,-83.112493,42.310879
14628 Cruse St,2020-08-11,Bethune Community,-83.182808,42.396585
14959 Robson St,2020-08-11,Hubbell-Lyndon,-83.193035,42.399116
15770 Robson St,2020-08-11,Belmont,-83.192584,42.406911
19632 Rowe St,2020-08-11,Pulaski,-83.003308,42.44002
20059 Coventry St,2020-08-11,Nolan,-83.101917,42.44183
20430 Exeter St,2020-08-11,Nolan,-83.104894,42.444959
20478 Exeter St,2020-08-11,Nolan,-83.104924,42.445683
20491 Exeter St,2020-08-11,Nolan,-83.105555,42.445802
14620 Robson St,2020-08-12,Hubbell-Lyndon,-83.192355,42.396198
14841 Cloverlawn St,2020-08-12,Chalfonte,-83.152583,42.39865
15678 E Eight Mile,2020-08-12,Regent Park,-82.959483,42.449747
15900 Turner St,2020-08-12,Fitzgerald/Marygrove,-83.148287,42.408958
20441 Exeter St,2020-08-12,Nolan,-83.105527,42.445116
14181 Lauder St,2020-08-13,Hubbell-Lyndon,-83.19073,42.390613
15854 Lesure St,2020-08-13,Bethune Community,-83.181191,42.408332
16606 Stoepel St,2020-08-13,Fitzgerald/Marygrove,-83.141577,42.413895
2676 E FERRY,2020-08-13,Poletown East,-83.042277,42.370279
5112 Mitchell St,2020-08-13,Poletown East,-83.037167,42.36821
14430 Sussex St,2020-08-14,Hubbell-Lyndon,-83.194357,42.394157
17134 Patton St,2020-08-14,Holcomb Community,-83.244416,42.415592
19308 Irvington St,2020-08-14,Nolan,-83.097806,42.435126
19320 Asbury Park,2020-08-14,Greenfield,-83.20934,42.432592
5118 Mitchell St,2020-08-14,Poletown East,-83.037216,42.368284
6091 Chopin St,2020-08-14,Claytown,-83.141336,42.341661
5243 Fairview St,2020-08-17,West End,-82.989683,42.388898
14304 Cruse St,2020-08-18,Grand River-I96,-83.182654,42.392672
14326 Sussex St,2020-08-18,Hubbell-Lyndon,-83.194297,42.392717
14578 Prest St,2020-08-18,Hubbell-Lyndon,-83.196915,42.395479
15459 Wabash St,2020-08-18,Pilgrim Village,-83.119301,42.405398
17200 Waveney St,2020-08-18,Cornerstone Village,-82.924725,42.40181
18656 Conant St,2020-08-18,Conant Gardens,-83.071436,42.430293
5435 Grandy St,2020-08-18,Poletown East,-83.041415,42.369955
6308 28th St,2020-08-18,Midwest,-83.115121,42.350084
7416 Kercheval St,2020-08-18,Islandview,-83.004116,42.356529
14271 Lauder St,2020-08-19,Hubbell-Lyndon,-83.190773,42.391947
14419 Coyle St,2020-08-19,Hubbell-Lyndon,-83.193822,42.39369
2502 Parker St,2020-08-19,Islandview,-83.001141,42.362262
11860 Freud St,2020-08-20,Conner Creek Industrial,-82.958769,42.358994
12040 Longacre St,2020-08-20,Plymouth-I96,-83.214194,42.375104
12123 Longacre St,2020-08-20,Plymouth-I96,-83.214931000000007,42.376241
9935 Mark Twain St,2020-08-20,Plymouth-Hubbell,-83.185505,42.368688
19541 Fairport St,2020-08-21,Pulaski,-82.991723,42.439024
2157 Pierce St,2020-08-21,Eastern Market,-83.036034,42.353793
9508 Graham St,2020-08-21,Carbon Works,-83.130926,42.292161
11939 Visger St,2020-08-24,Boynton,-83.155231,42.265167
7733 Wheeler St,2020-08-24,Claytown,-83.146251,42.342914
12074 Minock St,2020-08-25,Weatherby,-83.232337,42.375257
12737 Roselawn St,2020-08-25,Littlefield Community,-83.15092,42.382887
6514 Hartford St,2020-08-25,Midwest,-83.113213,42.352193
7515 E Brentwood St,2020-08-25,Grant,-83.027119,42.433243
8054 Suzanne St,2020-08-25,Nortown,-83.023075,42.43541
1009 W State Fair St,2020-08-26,Penrose,-83.114374,42.439221
2936 Lothrop St,2020-08-26,Wildemere Park,-83.104427,42.360299
7700 Auburn St,2020-08-26,Warrendale,-83.232764,42.348272
7749 Auburn St,2020-08-26,Warrendale,-83.233502,42.348921
7805 Ashton Ave,2020-08-26,Warrendale,-83.217729,42.349911
8543 Melville St,2020-08-26,Delray,-83.122034,42.293703
2970 S Bassett St,2020-08-27,Boynton,-83.154523,42.263867
3149 Livernois Ave,2020-08-27,Michigan-Martin,-83.116205,42.324929
409 S Crossley St,2020-08-27,Delray,-83.11274,42.297399
6207 Commonwealth St,2020-08-27,Elijah McCoy,-83.086466,42.362865
8907 Ashton Ave,2020-08-27,Franklin Park,-83.218062,42.359451
14855 Fordham St,2020-08-28,Mapleridge,-82.969259,42.434706
16170 Washburn St,2020-08-28,Fitzgerald/Marygrove,-83.160798,42.410783
2549 Beals St,2020-08-28,Islandview,-83.003836,42.361911
3484 Beals St,2020-08-28,Islandview,-83.006276,42.365817
6063 Avery St,2020-08-28,Elijah McCoy,-83.086669,42.3607
6227 Commonwealth St,2020-08-28,Elijah McCoy,-83.086578,42.363117
7326 Mansfield St,2020-08-28,Warren Ave Community,-83.202141,42.345437
7700 Ashton Ave,2020-08-28,Warrendale,-83.21702,42.348474
14729 E Jefferson Ave,2020-08-31,Riverbend,-82.940939,42.374674
4073 31st St,2020-08-31,Chadsey Condon,-83.110815,42.334497
9900 Vaughan St,2020-08-31,Franklin Park,-83.236988,42.367359
14500 Mack Ave,2020-09-01,Riverbend,-82.951578,42.386409
15065 Tracey St,2020-09-01,Bethune Community,-83.180449,42.400804
7509 Longacre St,2020-09-01,Warren Ave Community,-83.214163,42.34738
8346 Vanderbilt St,2020-09-01,Delray,-83.118298,42.293707
8465 Mettetal St,2020-09-01,Warren Ave Community,-83.205708,42.355319
9591 Burnette St,2020-09-01,Midwest,-83.142694,42.367873
10002 Cascade St,2020-09-02,Nardin Park,-83.130759,42.37282
11707 Stout St,2020-09-02,Weatherby,-83.240398,42.37349
17610 W Chicago St,2020-09-02,Joy Community,-83.214474,42.365349
3146 Theodore St,2020-09-02,Poletown East,-83.035273,42.368353
6011 28th St,2020-09-02,Midwest,-83.115642,42.348194
7858 Concord St,2020-09-02,Airport Sub,-83.030741,42.389264
7886 Concord St,2020-09-02,Airport Sub,-83.030696,42.389658
7908 Concord St,2020-09-02,Airport Sub,-83.030737,42.389945
8500 Minock St,2020-09-02,Warrendale,-83.231865,42.355469
11047 Roselawn St,2020-09-03,Littlefield Community,-83.150716,42.375629000000004
11308 Broadstreet Ave,2020-09-03,Nardin Park,-83.130256,42.374288
13916 Gallagher St,2020-09-03,North Campau,-83.067079,42.418196
2531 S Deacon St,2020-09-03,Boynton,-83.153354,42.26787
2660 S Liddesdale St,2020-09-03,Boynton,-83.158032,42.268414
6035 28th St,2020-09-03,Midwest,-83.115653,42.348523
6322 Scotten St,2020-09-03,Midwest,-83.111895,42.35033
7634 Helen St,2020-09-03,Airport Sub,-83.029776,42.38622
9608 Manor,2020-09-03,Barton-McFarland,-83.166433,42.367621
20036 Klinger St,2020-09-04,Farwell,-83.069478,42.442398
3336 Junction St,2020-09-04,Central Southwest,-83.109417,42.328858
3838 Rolf Pl,2020-09-04,Gratiot Woods,-82.99867,42.372288
6651 Hathon St,2020-09-04,Airport Sub,-83.026411,42.386883
8058 Faust Ave,2020-09-04,Warrendale,-83.22074,42.351461
19787 Heyden St,2020-09-08,Evergreen Lahser 7/8,-83.24159,42.436179
14210 Cruse St,2020-09-09,Grand River-I96,-83.182609,42.391385
3974 Saint Clair St,2020-09-09,East Canfield,-82.988657,42.379085
4004 Harding St,2020-09-09,East Canfield,-82.987988,42.379888
4403 Saint Clair St,2020-09-09,West End,-82.989967,42.379894
6570 Hartford St,2020-09-09,Midwest,-83.11323,42.352934
7310 Minock St,2020-09-09,Warrendale,-83.231435,42.344847
7834 Brace St,2020-09-09,Warrendale,-83.223076,42.350278
8537 Melville St,2020-09-09,Delray,-83.121936,42.293742
12825 Conway St,2020-09-10,Boynton,-83.162695,42.270555
18865 Mound Rd,2020-09-10,Krainz Woods,-83.044125,42.432651
3849 Harding St,2020-09-10,East Canfield,-82.98717,42.377759
6367 Scotten St,2020-09-10,Midwest,-83.112615,42.350965
6515 Hartford St,2020-09-10,Midwest,-83.113852,42.352175
7316 Erbie St,2020-09-10,Airport Sub,-83.025801,42.392504
12121 Kentucky St,2020-09-11,Littlefield Community,-83.157956,42.378091
1245 E Nevada St,2020-09-11,Hawthorne Park,-83.09008,42.425266
2145 Fairview St,2020-09-11,East Village,-82.976123,42.368644
3809 Seneca St,2020-09-11,Pingree Park,-83.002486,42.370299
6391 30th St,2020-09-11,Midwest,-83.116989,42.35121
12701 Filbert St,2020-09-15,Eden Gardens,-82.986354,42.418098
1701 Hibbard St,2020-09-15,East Village,-82.989855,42.360296
2160 S Liddesdale St,2020-09-15,Boynton,-83.154813,42.272268
3499 Harding St,2020-09-15,East Village,-82.984886,42.374822
3516 Harding St,2020-09-15,East Village,-82.98427,42.375376
3815 31st St,2020-09-15,Chadsey Condon,-83.109335,42.332234
6011 Iroquois St,2020-09-15,Gratiot Town/Kettering,-83.015233,42.386087
4007 Harding St,2020-09-16,East Canfield,-82.988514,42.379653
9331 Lessing St,2020-09-16,East Village,-82.993114,42.37178
9366 Schiller St,2020-09-16,East Village,-82.991782,42.370985
3778 Harding St,2020-09-17,East Canfield,-82.986032,42.377114
5969 Burns St,2020-09-17,Gratiot Town/Kettering,-83.012907,42.386327
6108 Woodrow St,2020-09-17,Midwest,-83.117376,42.349473
6287 Rohns St,2020-09-17,Airport Sub,-83.012282,42.390683
19734 Chapel St,2020-09-18,Evergreen Lahser 7/8,-83.254482,42.435216
3978 Saint Clair St,2020-09-18,East Canfield,-82.988708,42.379158
4708 Cadillac Blvd,2020-09-18,West End,-82.994832,42.380063
11727 Memorial St,2020-09-22,Plymouth-I96,-83.212399,42.374232
18469 Greenview Ave,2020-09-22,Evergreen-Outer Drive,-83.225594,42.425828
21235 Pickford St,2020-09-22,Holcomb Community,-83.252098,42.423997
4135 Pennsylvania St,2020-09-22,West End,-82.994087,42.375602
4141 Pennsylvania St,2020-09-22,West End,-82.994141,42.375679
5560 Montclair St,2020-09-22,West End,-82.992815,42.39031
6108 Seminole St,2020-09-22,Gratiot Town/Kettering,-83.01602,42.386414
6127 Fischer St,2020-09-22,Gratiot Town/Kettering,-83.012842,42.387961
8236 Brace St,2020-09-22,Warrendale,-83.22313,42.352901
11510 Conner St,2020-09-23,Gratiot-Findlay,-83.002723,42.409344
12505 Elmdale St,2020-09-23,Wade,-82.981773,42.405837
1940 Stanley St,2020-09-23,Elijah McCoy,-83.087176,42.356862
2997 Belvidere St,2020-09-23,East Village,-82.992951,42.368193
4525 Pennsylvania St,2020-09-23,West End,-82.995974,42.378389
4753 Saint Clair St,2020-09-23,West End,-82.991795,42.382494
6084 Vermont St,2020-09-23,Elijah McCoy,-83.08967,42.360313
9870 Chenlot St,2020-09-23,Nardin Park,-83.133792,42.370173
5466 Field St,2020-09-24,Gratiot Town/Kettering,-83.020249,42.378176
9341 Graves St,2020-09-24,West End,-82.999243,42.380754
9416 Traverse St,2020-09-24,Airport Sub,-83.010762,42.400057
9560 Carbon St,2020-09-24,Carbon Works,-83.131072,42.291199
9618 Herkimer St,2020-09-24,Carbon Works,-83.131445,42.291022
11036 Chalmers St,2020-09-25,Outer Drive-Hayes,-82.971766,42.416499
13500 Faust Ave,2020-09-25,Schoolcraft Southfield,-83.22178,42.384402
14201 Meyers Rd,2020-09-25,Happy Homes,-83.169212,42.391539
5048 Pennsylvania St,2020-09-25,West End,-82.998067,42.382642
9370 Sylvester St,2020-09-25,West End,-82.99432,42.374668
1532 Holden St,2020-09-28,Elijah McCoy,-83.085801,42.363548
9224 Melville St,2020-09-28,Delray,-83.127133,42.291884
18305 Ashton Ave,2020-09-29,Evergreen-Outer Drive,-83.220548,42.424317
3100 S Ethel St,2020-09-29,Boynton,-83.156337,42.263181
6137 Rohns St,2020-09-29,Gratiot Town/Kettering,-83.010989,42.388858
8051 Dill Pl,2020-09-29,Delray,-83.116696,42.294573
9569 Graham St,2020-09-29,Carbon Works,-83.131677,42.291342
11629 Archdale St,2020-09-30,Plymouth-I96,-83.215998,42.372803
5303 Harding St,2020-09-30,West End,-82.994437,42.387991
5835 Cooper St,2020-09-30,West End,-83.003929,42.388139
12371 La Salle Blvd,2020-10-01,Dexter-Linwood,-83.114703,42.388058
1620 Holden St,2020-10-01,Elijah McCoy,-83.086866,42.363639
17230 W McNichols Rd,2020-10-01,College Park,-83.212772,42.415947
4139 McGraw St,2020-10-01,Midwest,-83.111796,42.346805
424 Alger St,2020-10-01,North End,-83.074271,42.381288
7343 Piedmont St,2020-10-01,Warrendale,-83.228494,42.345326
7832 South St,2020-10-01,Delray,-83.114988,42.296187
7921 Medina St,2020-10-01,Delray,-83.112741,42.291612
8992 Keller St,2020-10-01,Delray,-83.124327,42.291315
9659 Mettetal St,2020-10-01,Joy Community,-83.20612,42.367558
16850 Birwood St,2020-10-02,Fitzgerald/Marygrove,-83.164267,42.415214
18020 COYLE,2020-10-02,Winship,-83.194638,42.423094
20125 Evergreen Rd,2020-10-02,Evergreen Lahser 7/8,-83.23961,42.440202
7631 Mack Ave,2020-10-02,Gratiot-Grand,-83.009279,42.366125
700 S Leigh St,2020-10-05,Carbon Works,-83.127564,42.288822
8255 Greenview Ave,2020-10-05,Warrendale,-83.22265,42.353139
9131 Thaddeus St,2020-10-05,Delray,-83.125674,42.289344
2216 DAVISON,2020-10-06,Campau/Banglatown,-83.07621,42.408906
2551 Beniteau St,2020-10-06,East Village,-82.975704,42.371714
3700 Roosevelt St,2020-10-06,Chadsey Condon,-83.09691,42.336018
4625 Harding St,2020-10-06,East Canfield,-82.990859,42.382959
6140 Rohns St,2020-10-06,Gratiot Town/Kettering,-83.010492,42.389146
8451 Southfield,2020-10-06,Warrendale,-83.216874,42.355084
9577 Graham St,2020-10-06,Carbon Works,-83.131807,42.291288
2573 Beniteau St,2020-10-07,East Village,-82.975898,42.372011
3421 Rohns St,2020-10-07,East Village,-82.995996,42.368677
3923 Harding St,2020-10-07,East Canfield,-82.98779,42.378633
5733 W Warren Ave,2020-10-07,Chadsey Condon,-83.123049,42.344239
6011 Cecil St,2020-10-07,Claytown,-83.139749,42.341079
7800 Montrose St,2020-10-07,Warren Ave Community,-83.198648,42.349834
14216 Cruse St,2020-10-08,Grand River-I96,-83.182612,42.391483
1672 Cortland St,2020-10-08,Dexter-Linwood,-83.108212,42.390814
2281 La Belle St,2020-10-08,Oakman Blvd Community,-83.119818,42.398176
3712 Joseph Campau St,2020-10-08,McDougall-Hunt,-83.032021,42.358624
3940 3rd St,2020-10-08,Midtown,-83.066592,42.347426
12438 Birwood St,2020-10-09,Grand River-I96,-83.162799,42.380505
15737 Strathmoor St,2020-10-09,Bethune Community,-83.188298,42.40627
16212 Robson St,2020-10-09,Hubbell-Puritan,-83.192664,42.410637
2915 Merrick St,2020-10-09,Core City,-83.09592,42.348816
3242 McClellan St,2020-10-09,East Village,-82.99228,42.370071
3840 Saint Clair St,2020-10-09,East Canfield,-82.987529,42.377478
3841 Saint Clair St,2020-10-09,West End,-82.98812,42.377202
6046 28th St,2020-10-09,Midwest,-83.115072,42.34869
6425 Van Buren St,2020-10-09,Midwest,-83.140753,42.357586
7438 Wykes St,2020-10-09,Midwest,-83.141534,42.347792
14856 Fielding St,2020-10-12,Brightmoor,-83.242233,42.39657
15873 Fielding St,2020-10-12,Brightmoor,-83.243205,42.407059
17660 Westbrook St,2020-10-12,Holcomb Community,-83.25086,42.421134
18917 Brinker St,2020-10-12,Northeast Central District,-83.074197,42.432108
15326 Lahser Rd,2020-10-13,Brightmoor,-83.256507,42.400944
20217 Derby St,2020-10-13,Nolan,-83.104307,42.443779
2597 Beniteau St,2020-10-13,East Village,-82.976092,42.372307
2621 Beniteau St,2020-10-13,East Village,-82.976288,42.372603
3539 Saint Clair St,2020-10-13,East Village,-82.986444,42.374875
5333 Townsend St,2020-10-13,Gratiot Town/Kettering,-83.017892,42.377379
6139 Crane St,2020-10-13,Gratiot Town/Kettering,-83.011974,42.388497
15401 Freeland St,2020-10-14,Bethune Community,-83.185882,42.403852
15778 Pinehurst St,2020-10-14,Bethune Community,-83.16618,42.40731
15787 Ardmore St,2020-10-14,Bethune Community,-83.185034,42.407231
19760 Chapel St,2020-10-14,Evergreen Lahser 7/8,-83.254495,42.435544
19968 Salem St,2020-10-14,Five Points,-83.28601,42.43744
3921 Fenkell St,2020-10-14,Dexter-Fenkell,-83.137355,42.402502
4013 Harding St,2020-10-14,East Canfield,-82.988565,42.379726
5184 Bewick St,2020-10-14,West End,-82.995817,42.385579
6040 28th St,2020-10-14,Midwest,-83.115072,42.34861
6350 28th St,2020-10-14,Midwest,-83.115142,42.35066
735 S Green St,2020-10-14,Delray,-83.108051,42.295993
9150 Vinton Ave,2020-10-14,Airport Sub,-83.009401,42.39773
11682 Stahelin Ave,2020-10-15,Southfield Plymouth,-83.224974,42.373394
14238 Strathmoor St,2020-10-15,Hubbell-Lyndon,-83.186989,42.391651
15944 Beaverland St,2020-10-15,Riverdale,-83.265472,42.407732
3481 Harding St,2020-10-15,East Village,-82.984744,42.374621
6023 28th St,2020-10-15,Midwest,-83.115647,42.348358
7764 Helen St,2020-10-15,Airport Sub,-83.029774,42.38798
14262 Cruse St,2020-10-16,Grand River-I96,-83.182634,42.392096
2203 Mack Ave,2020-10-16,McDougall-Hunt,-83.03669,42.356004
13518 Southfield Service Drive,2020-10-20,Schoolcraft Southfield,-83.216948,42.38478
15474 Cruse St,2020-10-20,Bethune Community,-83.183212,42.404889
2379 Woodmere St,2020-10-20,Springwells,-83.137674,42.310147
4040 Beniteau St,2020-10-20,West End,-82.981372,42.381862
4123 Pennsylvania St,2020-10-20,West End,-82.993988,42.375455
6356 Vinewood St,2020-10-20,Midwest,-83.108468,42.350856
8139 Burdeno St,2020-10-20,Delray,-83.115715,42.292089
8902 Charlevoix St,2020-10-20,East Village,-82.993448,42.366123
9327 Weyher St,2020-10-20,West End,-82.994813,42.374127
12845 Corbin St,2020-10-21,Boynton,-83.161761,42.272211
15714 Southfield Service Drive,2020-10-21,Crary/St Marys,-83.21769,42.405138
3499 Beniteau St,2020-10-21,East Village,-82.979121,42.376929
3511 Beniteau St,2020-10-21,East Village,-82.979218,42.377077
3523 Beniteau St,2020-10-21,East Village,-82.979315,42.377226
3850 Beniteau St,2020-10-21,West End,-82.979843,42.379522
4020 Bewick St,2020-10-21,West End,-82.991139,42.378622
4063 Beniteau St,2020-10-21,West End,-82.982327,42.3818
6050 28th St,2020-10-21,Midwest,-83.115077,42.348775
9339 Elsa St,2020-10-21,West End,-82.995552,42.375508
3930 E Eight Mile,2020-10-22,Farwell,-83.065165,42.446979
4566 Bewick St,2020-10-22,West End,-82.992888,42.381217
7315 Mettetal St,2020-10-22,Warren Ave Community,-83.20499,42.345272
8434 Mettetal St,2020-10-22,Warren Ave Community,-83.205012,42.354958
20075 Coventry St,2020-10-23,Nolan,-83.101926,42.442027
4407 Beniteau St,2020-10-23,West End,-82.982912,42.382647
7535 Longacre St,2020-10-23,Warren Ave Community,-83.214175,42.34771
3550 Beniteau St,2020-10-27,East Village,-82.978818,42.377857
3569 Holborn St,2020-10-27,Poletown East,-83.035998,42.377535
3815 Hurlbut St,2020-10-27,West End,-82.991051,42.375401
3830 Hurlbut St,2020-10-27,West End,-82.990556,42.375813
3842 Beniteau St,2020-10-27,West End,-82.97977,42.379411
4504 Beniteau St,2020-10-27,West End,-82.982925,42.38421
5075 Ivanhoe St,2020-10-27,Midwest,-83.124528,42.358033
5671 Seminole St,2020-10-27,Gratiot Town/Kettering,-83.013916,42.382557
6009 Ellery St,2020-10-27,Poletown East,-83.035845,42.377688
9170 Fischer St,2020-10-27,Airport Sub,-83.016237,42.397401
12214 Washburn St,2020-10-28,Grand River-I96,-83.15957,42.378858
19003 Dale St,2020-10-28,Seven Mile-Rouge,-83.277072,42.428092
2701 Russell St,2020-10-28,Eastern Market,-83.041281,42.347043
3510 Harding St,2020-10-28,East Village,-82.984211,42.375291
3950 N Campbell St,2020-10-28,Chadsey Condon,-83.114294,42.331968
4501 Beniteau St,2020-10-28,West End,-82.983699,42.383855
5367 Cooper St,2020-10-28,West End,-83.00152,42.384629
5650 28th St,2020-10-28,Midwest,-83.114992,42.346562
8198 Grinnell Ave,2020-10-28,Airport Sub,-83.019184,42.400628
8434 Asbury Park,2020-10-28,Warren Ave Community,-83.206206,42.354897
12100 Linwood St,2020-10-29,Dexter-Linwood,-83.116544,42.385509
20441 Winston St,2020-10-29,Five Points,-83.284272,42.44031
5821 Garland St,2020-10-29,West End,-82.998824,42.390936
12004 Ohio St,2020-10-30,Littlefield Community,-83.154504,42.37871
12175 Kentucky St,2020-10-30,Littlefield Community,-83.15801,42.378861
4467 Cadillac Blvd,2020-10-30,West End,-82.994855,42.378897
18703 W Warren Ave,2020-11-02,Warrendale,-83.22332,42.343047
3851 Beniteau St,2020-11-02,West End,-82.980648,42.379261
3874 French Rd,2020-11-03,East Canfield,-82.985945,42.378715
3981 Beniteau St,2020-11-03,West End,-82.981667,42.380795
6423 Scotten St,2020-11-03,Midwest,-83.112632,42.351705
12035 Wisconsin St,2020-11-04,Littlefield Community,-83.15606,42.378886
1500 Military St,2020-11-04,Central Southwest,-83.104664,42.313356
16651 W Chicago St,2020-11-04,Joy Community,-83.210367,42.364909
12389 Northlawn St,2020-11-05,Littlefield Community,-83.15311,42.380329
14270 Cruse St,2020-11-05,Grand River-I96,-83.182637,42.392192
3861 Beniteau St,2020-11-05,West End,-82.980708,42.37935
541 Lakewood St,2020-11-05,Jefferson Chalmers,-82.942662,42.367015
7356 Piedmont St,2020-11-05,Warrendale,-83.227825,42.345536
9225 Forrer St,2020-11-05,Joy Community,-83.200693,42.363205
2507 Maxwell St,2020-11-06,Islandview,-83.000628,42.362577
2659 W Philadelphia St,2020-11-06,Jamison,-83.106037,42.367349
3903 Beniteau St,2020-11-06,West End,-82.98104,42.379855
14401 Marlowe St,2020-11-09,Hubbell-Lyndon,-83.189871,42.393796
1448 Shipherd Ave,2020-11-09,West Village,-82.999004,42.355197
15368 Lauder St,2020-11-09,Belmont,-83.191069,42.403112
12044 Indiana St,2020-11-10,Littlefield Community,-83.156457,42.377983
12356 Ilene St,2020-11-10,Grand River-I96,-83.1607,42.380565
14620 Lauder St,2020-11-10,Hubbell-Lyndon,-83.190395,42.396257
16722 Avon Ave,2020-11-10,North Rosedale Park,-83.225016,42.412383
3495 Saint Clair St,2020-11-10,East Village,-82.986082,42.374365
3524 Saint Clair St,2020-11-10,East Village,-82.98576,42.375034
3992 Saint Clair St,2020-11-10,East Canfield,-82.988811,42.379304
1814 Lawndale St,2020-11-12,Springwells,-83.130211,42.306351
4012 Saint Clair St,2020-11-12,East Canfield,-82.988964,42.379523
8941 Melville St,2020-11-12,Delray,-83.124171,42.292998
9984 Grandville Ave,2020-11-12,Franklin Park,-83.229786,42.368481
15364 Strathmoor St,2020-11-13,Bethune Community,-83.187462,42.403125
16515 Trinity St,2020-11-13,Miller Grove,-83.248875,42.4098
18974 Heyden St,2020-11-13,Holcomb Community,-83.240401,42.428223
40 W Seven Mile,2020-11-13,Penrose,-83.103444,42.432588
6461 W Warren Ave,2020-11-13,Claytown,-83.13224,42.344091
8609 Faust Ave,2020-11-13,Warrendale,-83.221603,42.356155
16825 Plymouth Rd,2020-11-16,Joy Community,-83.211394,42.372076
10472 BONITA,2020-11-17,Outer Drive-Hayes,-82.960084,42.413974
14488 Rochelle St,2020-11-17,Mapleridge,-82.973158,42.422848
16201 Carlisle St,2020-11-17,Regent Park,-82.953568,42.449492
3830 Saint Clair St,2020-11-17,East Canfield,-82.98742,42.377335
3923 Saint Aubin St,2020-11-17,Forest Park,-83.040032,42.357449
4030 Saint Clair St,2020-11-17,East Canfield,-82.989169,42.379815
4468 Saint Clair St,2020-11-17,East Canfield,-82.989973,42.380959
4480 Saint Clair St,2020-11-17,East Canfield,-82.990038,42.38105
4542 Harding St,2020-11-17,East Canfield,-82.989591,42.382146
4542 Lillibridge St,2020-11-17,West End,-82.984527,42.38416
4643 Lillibridge St,2020-11-17,West End,-82.985848,42.385206
4744 Saint Clair St,2020-11-17,East Canfield,-82.991139,42.382602
4760 Saint Clair St,2020-11-17,East Canfield,-82.991272,42.38279
5765 Coplin St,2020-11-17,Chandler Park,-82.968411,42.399323
6328 Scotten St,2020-11-17,Midwest,-83.111897,42.350412
4790 Saint Clair St,2020-11-18,East Canfield,-82.991551,42.383185
5337 French Rd,2020-11-18,West End,-82.993776,42.388829
5891 Hurlbut St,2020-11-18,West End,-83.001053,42.390191
4561 Cooper St,2020-11-19,West End,-82.997293,42.378416
4564 Vancouver St,2020-11-19,Midwest,-83.120761,42.359029
6612 Hartford St,2020-11-19,Midwest,-83.113245,42.353593
12728 Lawton St,2020-11-20,Dexter-Linwood,-83.122409,42.388852
12734 Lawton St,2020-11-20,Dexter-Linwood,-83.122387,42.388938
12740 Lawton St,2020-11-20,Dexter-Linwood,-83.122497,42.388932
13603 Birwood St,2020-11-20,Northwest Community,-83.163582,42.38744
2737 Glendale St,2020-11-20,Dexter-Linwood,-83.122342,42.3891
2741 Glendale St,2020-11-20,Dexter-Linwood,-83.122441,42.389086
2745 Glendale St,2020-11-20,Dexter-Linwood,-83.122545,42.389054
15775 Belden St,2020-11-23,Pilgrim Village,-83.135772,42.407499
20100 Irvington St,2020-11-23,Nolan,-83.098035,42.44235
2718 Whitney St,2020-11-23,Wildemere Park,-83.104409,42.363075
3009 Clairmount St,2020-11-23,Jamison,-83.112962,42.370874
3270 Hazelwood St,2020-11-23,Jamison,-83.114391,42.369143
3782 Collingwood St,2020-11-23,Nardin Park,-83.123951,42.376552
1501 McClellan St,2020-11-24,East Village,-82.986566,42.361043
15503 Log Cabin St,2020-11-24,Pilgrim Village,-83.121633,42.4056
17194 Chapel St,2020-11-24,Holcomb Community,-83.253539,42.416241
19230 Albion St,2020-11-24,Pulaski,-83.005512,42.43631
19410 Burt Rd,2020-11-24,Evergreen Lahser 7/8,-83.248394,42.433218
19451 Greydale Ave,2020-11-24,Evergreen Lahser 7/8,-83.25758,42.433557
4078 Fairview St,2020-11-24,West End,-82.983776,42.381376
4235 Grand River Ave,2020-11-24,Core City,-83.080678,42.344982
4407 Pennsylvania St,2020-11-24,West End,-82.995507,42.3777
6340 Michigan Ave,2020-11-24,Claytown,-83.121312,42.331488
11987 Ohio St,2020-11-30,Littlefield Community,-83.155043,42.378505
163 S Gates St,2020-11-30,Carbon Works,-83.134534,42.289629
1780 Hibbard St,2020-11-30,East Village,-82.989955,42.361459
3530 Hurlbut St,2020-11-30,East Village,-82.989035,42.373584
6128 Rohns St,2020-11-30,Gratiot Town/Kettering,-83.010387,42.389001
7238 Lane St,2020-11-30,Springwells,-83.119211,42.309721
9668 Otsego St,2020-11-30,Nardin Park,-83.125134,42.371597
13551 Appoline St,2020-12-02,Grand River-I96,-83.170067,42.386602
6721 Baldwin St,2020-12-02,Airport Sub,-83.023299,42.389151
3268 Sturtevant St,2020-12-03,Dexter-Linwood,-83.125268,42.385524
4419 Beniteau St,2020-12-03,West End,-82.983025,42.382818
12403 Strasburg St,2020-12-04,LaSalle College Park,-82.993146,42.418177
2521 McClellan St,2020-12-04,East Village,-82.99001,42.365862
8725 Avis St,2020-12-07,Springwells,-83.130048,42.304617
14228 Spring Garden St,2020-12-08,Mapleridge,-82.976496,42.427619
14264 Ardmore St,2020-12-08,Grand River-I96,-83.1838,42.392068
14915 Terry St,2020-12-08,Hubbell-Lyndon,-83.192034,42.398566
14958 Terry St,2020-12-08,Hubbell-Lyndon,-83.191496,42.399148
19246 Albany St,2020-12-08,Farwell,-83.044681,42.435639
2748 Taylor St,2020-12-08,Jamison,-83.110602,42.371403
4097 Fairview St,2020-12-08,West End,-82.98454,42.381382
4219 Cadillac Blvd,2020-12-08,West End,-82.993659,42.377092
4540 Fairview St,2020-12-08,West End,-82.985416,42.383819
4552 Fairview St,2020-12-08,West End,-82.985514,42.383967
6181 Cadieux Rd,2020-12-08,East English Village,-82.936436,42.415461
6350 Michigan Ave,2020-12-08,Claytown,-83.121552,42.331428
4237 Grand River Ave,2020-12-09,Core City,-83.080732,42.344937
7768 Plainview Ave,2020-12-09,Warrendale,-83.233962,42.349239
11985 Indiana St,2020-12-10,Littlefield Community,-83.15697,42.377227
1663 W Euclid St,2020-12-10,Virginia Park Community,-83.093756,42.371046
18980 Patton St,2020-12-10,Holcomb Community,-83.245011,42.428198
19356 Derby St,2020-12-10,Penrose,-83.103939,42.435108
19356 Fielding St,2020-12-10,Evergreen Lahser 7/8,-83.244011,42.432521
4560 Harding St,2020-12-10,East Canfield,-82.989746,42.382365
4566 Harding St,2020-12-10,East Canfield,-82.989798,42.382438
7168 Julian St,2020-12-10,Midwest,-83.142564,42.358723
1522 Saint Clair St,2020-12-11,East Village,-82.97892,42.365276
3442 Bewick St,2020-12-11,East Village,-82.98719,42.372973
4420 Hurlbut St,2020-12-11,West End,-82.992723,42.379026
11374 Broadstreet Ave,2020-12-15,Nardin Park,-83.130803,42.375098
12101 Mettetal St,2020-12-15,Plymouth-I96,-83.206422,42.376103
125 Dey St,2020-12-15,Carbon Works,-83.135052,42.291207
1798 Sheridan St,2020-12-15,Islandview,-83.004156,42.356205
19339 Conley St,2020-12-15,Farwell,-83.053188,42.436528
2015 Rosa Parks Blvd,2020-12-15,Corktown,-83.071426,42.329511
2596 Saint Clair St,2020-12-15,East Village,-82.982296,42.370076
4700 Saint Clair St,2020-12-15,East Canfield,-82.990777,42.382089
7474 Rutherford St,2020-12-15,Warren Ave Community,-83.20108,42.347124
8600 Traverse St,2020-12-15,Airport Sub,-83.017394,42.399819
9592 Auburn St,2020-12-15,Franklin Park,-83.233278,42.366166
14842 Robson St,2020-12-16,Hubbell-Lyndon,-83.192418,42.397541
19476 Winston St,2020-12-16,Five Points,-83.283124,42.433992
12351 Longview St,2020-12-17,Wade,-82.982691,42.40668
17719 Pierson St,2020-12-17,Holcomb Community,-83.247849,42.422031
2719 Inglis St,2020-12-17,Springwells,-83.131671,42.315021
6580 Firwood St,2020-12-17,Midwest,-83.1156,42.353045
20422 Cameron St,2020-12-18,Nolan,-83.093792,42.44517
12134 Winthrop St,2020-12-21,Plymouth-I96,-83.198547,42.376665
12816 W Buena Vista St,2020-12-21,Grand River-I96,-83.169956,42.383479
2455 W Forest Ave,2020-12-22,Core City,-83.088342,42.345524
3886 French Rd,2020-12-22,East Canfield,-82.986054,42.378859
3902 Scotten St,2020-12-22,Chadsey Condon,-83.104059,42.335745
4655 Bewick St,2020-12-22,West End,-82.994172,42.38211
4828 Hurlbut St,2020-12-22,West End,-82.994679,42.381973
5124 Mitchell St,2020-12-22,Poletown East,-83.037298,42.368373
5224 Linsdale St,2020-12-22,Midwest,-83.127573,42.360291
6360 Hartford St,2020-12-22,Midwest,-83.113057,42.350873
6509 Colfax St,2020-12-22,Midwest,-83.127773,42.350727
14916 Rochelle St,2020-12-28,Mapleridge,-82.967732,42.422922
3764 Garland St,2020-12-28,West End,-82.987921,42.376001
3795 Montclair St,2020-12-28,East Canfield,-82.984884,42.377918
3970 French Rd,2020-12-28,East Canfield,-82.986769,42.379882
4008 Whitney St,2020-12-28,Petoskey-Otsego,-83.113667,42.359587
5049 Seebaldt St,2020-12-28,Midwest,-83.121274,42.354162
3505 Beniteau St,2020-12-29,East Village,-82.97917,42.377003
12400 Evergreen Rd,2021-01-05,Weatherby,-83.235501,42.377931
19422 Stotter St,2021-01-05,Nortown,-83.025171,42.437736
20110 Woodward Ave,2021-01-05,State Fair,-83.112934,42.441152
3971 Saint Clair St,2021-01-05,West End,-82.989236,42.378813
4825 Garland St,2021-01-05,West End,-82.993434,42.382978
19496 Winston St,2021-01-06,Five Points,-83.283534,42.434244
3742 HOGARTH,2021-01-06,Petoskey-Otsego,-83.112394,42.358864
4534 Fairview St,2021-01-07,West End,-82.985354,42.383727
3802 Hogarth St,2021-01-08,Petoskey-Otsego,-83.112537,42.359107
8764 Hosmer St,2021-01-11,East Village,-82.989292,42.357753
3794 Hogarth St,2021-01-12,Petoskey-Otsego,-83.112422,42.35915
4661 Somerset Ave,2021-01-12,Morningside,-82.946446,42.396868
9612 Prairie St,2021-01-12,Midwest,-83.143236,42.368137
14876 Trinity St,2021-01-13,Brightmoor,-83.247772,42.396777
2716 Tuxedo St,2021-01-13,Dexter-Linwood,-83.117841,42.383115
3818 Hogarth St,2021-01-13,Petoskey-Otsego,-83.112769,42.35902
4036 Whitney St,2021-01-13,Petoskey-Otsego,-83.114129,42.359413
8077 Cahalan St,2021-01-13,Springwells,-83.126036,42.307388
15260 E Eight Mile,2021-01-14,Regent Park,-82.964654,42.449677
15270 E 8 Mile Rd,2021-01-14,Regent Park,-82.964542,42.449679
4165 Marlborough St,2021-01-14,Fox Creek,-82.954062,42.389658
8244 Roselawn St,2021-01-14,Barton-McFarland,-83.149506,42.354981
9412 Prairie St,2021-01-14,Midwest,-83.142796,42.365562
3984 Lillibridge St,2021-01-15,West End,-82.982149,42.3806
4641 Grand River Ave,2021-01-15,Core City,-83.085979,42.347052
4785 Pennsylvania St,2021-01-15,West End,-82.997514,42.380673
8133 Durand St,2021-01-15,Islandview,-82.9989,42.359868
14621 Marlowe St,2021-01-19,Hubbell-Lyndon,-83.189966,42.396269
2704 Livernois Ave,2021-01-19,Central Southwest,-83.112952,42.321537
1574 Ash St,2021-01-20,North Corktown,-83.073528,42.33992
3862 French Rd,2021-01-20,East Canfield,-82.985844,42.378568
8144 Northlawn St,2021-01-20,Barton-McFarland,-83.151468,42.353942
9335 Laura St,2021-01-20,West End,-82.996081,42.3761
19434 Faust Ave,2021-01-21,O'Hair Park,-83.223928,42.434102
2740 Livernois Ave,2021-01-21,Central Southwest,-83.113263,42.321978
4654 Scotten St,2021-01-21,Chadsey Condon,-83.107522,42.340536
4901 Ivanhoe St,2021-01-21,Midwest,-83.121887,42.359047
6811 Charlevoix St,2021-01-21,Islandview,-83.013291,42.359211
2220 S Edsel St,2021-01-26,Boynton,-83.156352,42.273642
4843 Spokane St,2021-01-26,Midwest,-83.122198,42.359897
6451 E McNichols Rd,2021-01-26,Grant,-83.036408,42.419385
8038 Willard St,2021-01-26,Gratiot-Grand,-83.010682,42.374673
3819 Hogarth St,2021-01-27,Petoskey-Otsego,-83.112519,42.358614
10350 Orangelawn St,2021-01-28,Barton-McFarland,-83.162786,42.36921
5085 Seebaldt St,2021-01-28,Midwest,-83.121866,42.353936
2799 W Grand Blvd,2021-01-29,Virginia Park Community,-83.085399,42.367221
3998 Beniteau St,2021-02-04,West End,-82.981033,42.381343
5208 Mitchell St,2021-02-04,Poletown East,-83.037742,42.3689
3839 Beniteau St,2021-02-09,West End,-82.980529,42.379081
3843 Beniteau St,2021-02-10,West End,-82.980588,42.379171
4501 32nd St,2021-02-10,Chadsey Condon,-83.114018,42.337018
2572 Beniteau St,2021-02-12,East Village,-82.975161,42.372275
8811 Kercheval St,2021-02-15,East Village,-82.991529,42.361884
4020 Whitney St,2021-02-16,Petoskey-Otsego,-83.113898,42.359499
4845 Tillman St,2021-02-17,Chadsey Condon,-83.098104,42.34517
1978 E Grand Blvd,2021-02-18,Poletown East,-83.040054,42.37456
2340 W Lafayette Blvd,2021-02-19,Hubbard Richard,-83.072993,42.321559
7300 Longacre St,2021-02-19,Warren Ave Community,-83.213439,42.344845
4805 Hurlbut St,2021-02-23,West End,-82.995118,42.381429
9606 Prairie St,2021-02-23,Midwest,-83.143233,42.368055
2432 Woodmere St,2021-02-24,Springwells,-83.136522,42.310072
13927 Robson St,2021-02-25,Cadillac Community,-83.192918,42.387682
14614 Scripps St,2021-02-25,Jefferson Chalmers,-82.933576,42.361309
20577 Vaughan St,2021-02-25,Evergreen Lahser 7/8,-83.24087,42.443199
4506 Beniteau St,2021-02-26,West End,-82.982983,42.384299
1216 S Liddesdale St,2021-03-02,Boynton,-83.147724,42.280033
3107 S Annabelle St,2021-03-02,Boynton,-83.158938,42.264324
4509 Beniteau St,2021-03-02,West End,-82.983747,42.383929
13521 Plymouth Rd,2021-03-04,Plymouth-Hubbell,-83.177253,42.372927
1716 Edison St,2021-03-04,Boston Edison,-83.099948,42.378684
5959 Commonwealth St,2021-03-04,Elijah McCoy,-83.085419,42.361021
5965 Commonwealth St,2021-03-04,Elijah McCoy,-83.085515,42.361063
2041 Elm St,2021-03-05,North Corktown,-83.077618,42.337263
6333 Fenkell St,2021-03-11,Chalfonte,-83.141006,42.40243
19815 Biltmore St,2021-03-12,Greenfield,-83.212413,42.437233
17802 McDougall St,2021-03-16,Cadillac Heights,-83.070709,42.423541
6334 Miller St,2021-03-16,Airport Sub,-83.036563,42.390142
9501 Conner St,2021-03-16,Airport Sub,-82.996268,42.400621
1524 Taylor St,2021-03-18,Virginia Park Community,-83.095466,42.377137
4034 Beniteau St,2021-03-22,West End,-82.981322,42.381788
31 Harmon St,2021-03-25,Gateway Community,-83.086157,42.390796
4849 Ivanhoe St,2021-03-25,Midwest,-83.121065,42.359362
3204 Canton St,2021-03-26,Islandview,-83.014214,42.362109
3826 Wabash St,2021-03-26,Core City,-83.080859,42.342303
6200 W Warren Ave,2021-03-26,Midwest,-83.129998,42.347655
4580 Beniteau St,2021-03-29,West End,-82.98355,42.385163
4618 Beniteau St,2021-03-29,West End,-82.98386,42.385634
239 Trowbridge St,2021-03-30,Gateway Community,-83.082532,42.391052
10334 Aurora St,2021-03-31,Barton-McFarland,-83.162639,42.372137
10075 Cedarlawn St,2021-04-01,Barton-McFarland,-83.160033,42.372478
12135 Cherrylawn St,2021-04-01,Littlefield Community,-83.15405,42.377858
12138 Cherrylawn St,2021-04-01,Littlefield Community,-83.153497,42.377877
12028 Indiana St,2021-04-05,Littlefield Community,-83.15645,42.377763
12117 Cherrylawn St,2021-04-05,Littlefield Community,-83.154039,42.37757
12146 Broadstreet Ave,2021-04-05,Nardin Park,-83.134073,42.379895
15867 Marlowe St,2021-04-05,Belmont,-83.19072,42.408194
8555 American St,2021-04-05,Midwest,-83.144533,42.357774
8825 Stoepel St,2021-04-05,Midwest,-83.139847,42.359778
9398 Bryden St,2021-04-05,Midwest,-83.145086,42.365379
12210 Northlawn St,2021-04-06,Littlefield Community,-83.152405,42.378862
12216 Northlawn St,2021-04-06,Littlefield Community,-83.152407,42.378956
12621 Birwood St,2021-04-06,Grand River-I96,-83.163414,42.380998
6097 Northfield St,2021-04-06,Midwest,-83.123464,42.348249
6103 Northfield St,2021-04-06,Midwest,-83.123518,42.34833
6109 Northfield St,2021-04-06,Midwest,-83.123568,42.348402
6115 Northfield St,2021-04-06,Midwest,-83.123622,42.348474
11704 Birwood St,2021-04-07,Grand River-I96,-83.163049,42.374941
11718 Birwood St,2021-04-07,Grand River-I96,-83.163057,42.375133
11752 Birwood St,2021-04-07,Grand River-I96,-83.163074,42.375613
16155 Dexter Ave,2021-04-07,Martin Park,-83.136398,42.410817
16157 Dexter Ave,2021-04-07,Martin Park,-83.136398,42.410817
3726 Harding St,2021-04-07,East Canfield,-82.985648,42.376509
3734 Harding St,2021-04-07,East Canfield,-82.98571,42.376581
3758 Harding St,2021-04-07,East Canfield,-82.985931,42.376878
6058 Rosa Parks Blvd,2021-04-07,Elijah McCoy,-83.0881,42.36017
6062 Avery St,2021-04-07,Elijah McCoy,-83.086231,42.360858
11715 Birwood St,2021-04-08,Grand River-I96,-83.163756,42.375034
12029 Wisconsin St,2021-04-08,Littlefield Community,-83.156056,42.378776
12349 Ilene St,2021-04-08,Grand River-I96,-83.161296,42.380446
6127 Northfield St,2021-04-09,Midwest,-83.123726,42.348618
7401 Grand River Ave,2021-04-12,Petoskey-Otsego,-83.111941,42.357474
8863 Rathbone St,2021-04-12,Springwells,-83.130512,42.301046
11736 Kentucky St,2021-04-13,Grand River-I96,-83.157242,42.37547
12611 Northlawn St,2021-04-13,Littlefield Community,-83.153132,42.381146
10506 Foley St,2021-04-14,Grand River-I96,-83.165258,42.377789
12085 Cherrylawn St,2021-04-14,Littlefield Community,-83.154026,42.377186
12666 Cherrylawn St,2021-04-14,Littlefield Community,-83.153618,42.381903
13103 Indiana St,2021-04-14,Littlefield Community,-83.157177,42.383804
6007 Northfield St,2021-04-14,Midwest,-83.122692,42.34716
6347 Webb St,2021-04-14,Oakman Blvd Community,-83.140031,42.37402
10408 Aurora St,2021-04-15,Barton-McFarland,-83.164019,42.372102
2233 Parker St,2021-04-15,Islandview,-82.999957,42.359868
4245 Holcomb St,2021-04-16,Gratiot Woods,-82.999393,42.375413
4273 15th St,2021-04-19,Core City,-83.085496,42.344267
12188 Northlawn St,2021-04-20,Littlefield Community,-83.152397,42.378574
1603 Gladstone St,2021-04-20,Virginia Park Community,-83.094928,42.374711
7110 Webb St,2021-04-20,Oakman Blvd Community,-83.141857,42.374531
10156 Cedarlawn St,2021-04-21,Barton-McFarland,-83.161573,42.3729
11695 Pinehurst St,2021-04-21,Grand River-I96,-83.166112,42.374641
12004 Pinehurst St,2021-04-21,Grand River-I96,-83.165464,42.375782
12066 Pinehurst St,2021-04-21,Grand River-I96,-83.165498,42.376659
3850 Pennsylvania St,2021-04-21,West End,-82.992639,42.374615
5913 Northfield St,2021-04-21,Midwest,-83.121813,42.345927
7111 Tuxedo St,2021-04-21,Oakman Blvd Community,-83.141879,42.374914
7176 Tuxedo St,2021-04-21,Oakman Blvd Community,-83.143172,42.375417
10136 Aurora St,2021-04-22,Barton-McFarland,-83.161211,42.372173
18887 Mound Rd,2021-04-22,Krainz Woods,-83.044102,42.43293
11600 Littlefield St,2021-04-23,Pride Area Community,-83.175184,42.373323
15518 Steel St,2021-04-23,Bethune Community,-83.171398,42.405696
4049 Beniteau St,2021-04-23,West End,-82.982223,42.381639
6068 Avery St,2021-04-23,Elijah McCoy,-83.086271,42.360936
12412 Roselawn St,2021-04-26,Littlefield Community,-83.150276,42.38078
10045 Cedarlawn St,2021-04-27,Barton-McFarland,-83.159442,42.372494
11653 Manor,2021-04-27,Grand River-I96,-83.167333,42.37406
12040 Roselawn St,2021-04-27,Littlefield Community,-83.150164,42.376593
12083 Roselawn St,2021-04-27,Littlefield Community,-83.150756,42.377153
12178 Manor,2021-04-27,Grand River-I96,-83.166743,42.378158
12754 Strathmoor St,2021-04-27,Schoolcraft Southfield,-83.186914,42.382305
4774 Garland St,2021-04-27,West End,-82.992427,42.382554
6369 Webb St,2021-04-27,Oakman Blvd Community,-83.140419,42.374012
5784 Newport St,2021-04-28,Chandler Park,-82.964638,42.400843
4678 Coplin St,2021-04-29,Fox Creek,-82.962348,42.391369
12028 Kentucky St,2021-04-30,Littlefield Community,-83.157291,42.376635
14774 Lappin St,2021-04-30,Regent Park,-82.970151,42.436799
14790 Lappin St,2021-04-30,Regent Park,-82.969865,42.436807
20424 Hawthorne St,2021-04-30,Nolan,-83.092756,42.445189
6070 Hazlett St,2021-04-30,Midwest,-83.123668,42.347735
6074 Hazlett St,2021-04-30,Midwest,-83.123719,42.347808
6435 Northfield St,2021-04-30,Midwest,-83.125098,42.350574
9729 Woodlawn Ave,2021-04-30,Airport Sub,-83.006015,42.399852
12057 Indiana St,2021-05-04,Littlefield Community,-83.157006,42.378215
12100 Kentucky St,2021-05-04,Littlefield Community,-83.157424,42.377765
12120 Kentucky St,2021-05-04,Littlefield Community,-83.157432,42.377985
12293 Littlefield St,2021-05-04,Pride Area Community,-83.176104,42.378755
14744 Lappin St,2021-05-04,Regent Park,-82.970698,42.436785
14833 Lappin St,2021-05-04,Regent Park,-82.969098,42.437393
11651 Washburn St,2021-05-05,Grand River-I96,-83.159986,42.37425
12050 Wayburn St,2021-05-05,Moross-Morang,-82.947788,42.428419
12790 Kentucky St,2021-05-05,Littlefield Community,-83.157614,42.383464
12181 Wayburn St,2021-05-06,Moross-Morang,-82.947204,42.43027
12692 Cheyenne St,2021-05-06,Pride Area Community,-83.174176,42.381759
14926 Manning St,2021-05-06,Regent Park,-82.968233,42.440689
14932 Manning St,2021-05-06,Regent Park,-82.968038,42.440694
15638 Spring Garden St,2021-05-06,Mapleridge,-82.959643,42.427918
6056 Hazlett St,2021-05-06,Midwest,-83.123565,42.347589
14609 Rochelle St,2021-05-07,Mapleridge,-82.972185,42.423332
14610 Rochelle St,2021-05-07,Mapleridge,-82.972169,42.422891
14641 Rochelle St,2021-05-07,Mapleridge,-82.971648,42.423336
14661 Rochelle St,2021-05-07,Mapleridge,-82.971241,42.423343
12282 Littlefield St,2021-05-10,Pride Area Community,-83.175414,42.378631
12622 Cheyenne St,2021-05-10,Pride Area Community,-83.174136,42.3808
4251 E Jeffries,2021-05-10,Chadsey Condon,-83.094473,42.341048
11671 Ilene St,2021-05-11,Grand River-I96,-83.161024,42.374507
11672 Ilene St,2021-05-11,Grand River-I96,-83.160423,42.374528
12004 Manor,2021-05-11,Grand River-I96,-83.166657,42.375757
130 Swain St,2021-05-11,West Side Industrial,-83.083845,42.312116
13991 Lauder St,2021-05-11,Cadillac Community,-83.190419,42.388644
14754 Manning St,2021-05-11,Regent Park,-82.97061,42.440634
14931 Manning St,2021-05-11,Regent Park,-82.968096,42.441158
5034 Vancouver St,2021-05-11,Midwest,-83.123574,42.357956
5628 Daniels St,2021-05-11,Claytown,-83.131999,42.339503
5635 Parkdale Ter,2021-05-11,Chadsey Condon,-83.122087,42.343524
5655 Montclair St,2021-05-11,West End,-82.994237,42.39133
6395 Stanford,2021-05-11,Midwest,-83.114725,42.351332
12166 Flanders St,2021-05-12,Eden Gardens,-82.990599,42.413
12602 Cheyenne St,2021-05-12,Pride Area Community,-83.174124,42.380512
18880 Hull St,2021-05-12,Hawthorne Park,-83.088566,42.431469
1909 Pilgrim St,2021-05-12,Pilgrim Village,-83.118303,42.407586
6040 Hazlett St,2021-05-12,Midwest,-83.123411,42.347371
13656 Pinewood St,2021-05-13,Franklin,-82.984045,42.438384
13959 Marlowe St,2021-05-13,Cadillac Community,-83.189242,42.388257
14305 Lauder St,2021-05-13,Hubbell-Lyndon,-83.190794,42.392475
19487 Stotter St,2021-05-13,Nortown,-83.025739,42.438606
4051 Lillibridge St,2021-05-13,West End,-82.983195,42.381219
4057 Lillibridge St,2021-05-13,West End,-82.983154,42.381315
9204 Prest St,2021-05-13,We Care Community,-83.195785,42.36281
14267 Corbett Ave,2021-05-14,Outer Drive-Hayes,-82.969135,42.409088
17525 Westbrook St,2021-05-14,Holcomb Community,-83.251444,42.419277
18400 Kentfield St,2021-05-14,Holcomb Community,-83.2413,42.42454
5626 23rd St,2021-05-14,Midwest,-83.102503,42.350701
4637 Oregon St,2021-05-15,Midwest,-83.121007,42.357299
13661 Pinewood St,2021-05-17,Franklin,-82.983943,42.438861
14918 Stansbury St,2021-05-17,Bethune Community,-83.181825,42.398898
1920 S Edsel St,2021-05-17,Boynton,-83.155725,42.274377
2124 Hale St,2021-05-17,Eastern Market,-83.037141,42.354558
7885 Bacon St,2021-05-17,Delray,-83.116512,42.296781
944 Melbourne St,2021-05-17,North End,-83.067525,42.379929
13747 Allonby St,2021-05-18,Paveway,-83.181087,42.377535
14251 Corbett Ave,2021-05-18,Outer Drive-Hayes,-82.969403,42.408994
14259 Corbett Ave,2021-05-18,Outer Drive-Hayes,-82.96927,42.409042
14842 Trinity St,2021-05-18,Brightmoor,-83.247752,42.396287
15121 Blackstone St,2021-05-18,Brightmoor,-83.249634,42.399618
21613 Thatcher Ave,2021-05-18,Holcomb Community,-83.255796,42.420234
21621 Thatcher Ave,2021-05-18,Holcomb Community,-83.255944,42.420231
3510 S Beatrice St,2021-05-18,Boynton,-83.16152,42.260682
4653 Oregon St,2021-05-18,Midwest,-83.121219,42.357213
12645 Terry St,2021-05-19,Schoolcraft Southfield,-83.191496,42.380661
12715 Robson St,2021-05-19,Schoolcraft Southfield,-83.192675,42.381622
12810 Ardmore St,2021-05-19,Schoolcraft Southfield,-83.183454,42.383208
13058 Flanders St,2021-05-19,Eden Gardens,-82.980744,42.416461
13358 Elmdale St,2021-05-19,Outer Drive-Hayes,-82.972241,42.408481
13804 Allonby St,2021-05-19,Paveway,-83.182196,42.37798
13826 Pinewood St,2021-05-19,Franklin,-82.982303,42.43841
13870 Pinewood St,2021-05-19,Franklin,-82.981465,42.438428
14908 Manning St,2021-05-19,Regent Park,-82.968511,42.440683
6014 Whitewood St,2021-05-19,Midwest,-83.119732,42.34811
13375 Elmdale St,2021-05-20,Outer Drive-Hayes,-82.972307,42.409084
14855 Stansbury St,2021-05-20,Bethune Community,-83.182438,42.398015
14902 Manning St,2021-05-20,Regent Park,-82.968622,42.440681
4682 Oregon St,2021-05-20,Midwest,-83.122065,42.357483
4688 Oregon St,2021-05-20,Midwest,-83.122173,42.357447
5451 Field St,2021-05-20,Gratiot Town/Kettering,-83.020724,42.377809
13025 Glenfield Ave,2021-05-21,Eden Gardens,-82.980618,42.41524
13420 E McNichols Rd,2021-05-21,Gratiot-Findlay,-82.986193,42.426046
13916 Pinewood St,2021-05-21,Franklin,-82.98063,42.438456
14503 Rochelle St,2021-05-21,Mapleridge,-82.972917,42.423306
14804 Manning St,2021-05-21,Regent Park,-82.969702,42.440654
15045 Chapel St,2021-05-21,Brightmoor,-83.253435,42.3985
15053 Chapel St,2021-05-21,Brightmoor,-83.253438,42.398594
6039 Whitewood St,2021-05-24,Midwest,-83.120364,42.348432
6244 Artesian St,2021-05-24,Warrendale,-83.224954,42.335417
6505 Montrose St,2021-05-24,Warren Ave Community,-83.198801,42.33845
6821 Forrer St,2021-05-24,Warren Ave Community,-83.200176,42.341763
7310 Longacre St,2021-05-24,Warren Ave Community,-83.213454,42.345213
10028 Cedarlawn St,2021-05-25,Barton-McFarland,-83.159169,42.372962
12256 Washburn St,2021-05-25,Grand River-I96,-83.159589,42.379434
13145 Glenfield Ave,2021-05-25,Eden Gardens,-82.978568,42.415963
14476 Rosemary Ave,2021-05-25,Outer Drive-Hayes,-82.970059,42.415628
17182 Dequindre St,2021-05-25,Cadillac Heights,-83.082,42.419682
4069 Beniteau St,2021-05-25,West End,-82.982392,42.381882
6103 Artesian St,2021-05-25,Warrendale,-83.225666,42.333388
7745 Montrose St,2021-05-25,Warren Ave Community,-83.19928,42.349057
12160 Washburn St,2021-05-26,Grand River-I96,-83.159546,42.37809
12369 Kentucky St,2021-05-26,Littlefield Community,-83.158055,42.380019
14623 Rochelle St,2021-05-26,Mapleridge,-82.971926,42.423335
14631 Rochelle St,2021-05-26,Mapleridge,-82.971796,42.423337
6108 Ironwood St,2021-05-26,Midwest,-83.120847,42.349244
7545 Rutherford St,2021-05-26,Warren Ave Community,-83.201705,42.348031
8075 Plainview Ave,2021-05-26,Warrendale,-83.234814,42.351518
10156 Aurora St,2021-05-27,Barton-McFarland,-83.161536,42.372165
11392 Archdale St,2021-05-27,Joy Community,-83.215248,42.371286
12096 Cherrylawn St,2021-05-27,Littlefield Community,-83.153479,42.37728
9036 Auburn St,2021-05-27,Franklin Park,-83.233194,42.359972
9325 Pinehurst St,2021-05-27,Barton-McFarland,-83.165787,42.364271
5856 Vancourt St,2021-05-28,Midwest,-83.120338,42.34667
9019 May St,2021-05-28,Airport Sub,-83.010609,42.396633
1033 S Beatrice St,2021-06-01,Boynton,-83.144123,42.280534
12030 Cherrylawn St,2021-06-01,Littlefield Community,-83.153452,42.376395
4877 Ivanhoe St,2021-06-01,Midwest,-83.121533,42.359183
9538 Appoline,2021-06-01,Barton-McFarland,-83.168789,42.366619
9558 Ward St,2021-06-01,Barton-McFarland,-83.172469,42.366815
9590 Decatur St,2021-06-01,Plymouth-Hubbell,-83.179959,42.367104
13145 Kentucky St,2021-06-02,Littlefield Community,-83.158209,42.38434
14703 Rochelle St,2021-06-02,Mapleridge,-82.970463,42.42335
14714 Novara St,2021-06-02,Regent Park,-82.971343,42.439054
14841 Mayfield St,2021-06-02,Mapleridge,-82.969086,42.422575
17185 San Juan Dr,2021-06-02,Bagley,-83.14668,42.418359
12253 Cheyenne St,2021-06-03,Pride Area Community,-83.17487,42.378232
12805 Ardmore St,2021-06-03,Schoolcraft Southfield,-83.184043,42.383055
12887 Conway St,2021-06-03,Boynton,-83.163683,42.271012
11350 Archdale St,2021-06-04,Joy Community,-83.215234,42.370684
14700 Novara St,2021-06-04,Regent Park,-82.971565,42.43905
14720 Novara St,2021-06-04,Regent Park,-82.971232,42.439057
14815 Manning St,2021-06-04,Regent Park,-82.969524,42.441122
16470 E State Fair St,2021-06-04,Regent Park,-82.949669,42.442651
18890 Keystone St,2021-06-04,Krainz Woods,-83.050951,42.432849
5742 Vancourt St,2021-06-04,Midwest,-83.119342,42.34527
9106 Artesian St,2021-06-04,Franklin Park,-83.2259,42.361063
10046 Memorial St,2021-06-07,Joy Community,-83.211588,42.369714
11708 Mansfield St,2021-06-07,Plymouth-I96,-83.203371,42.374151
14732 Novara St,2021-06-07,Regent Park,-82.971009,42.439062
14829 Manning St,2021-06-07,Regent Park,-82.969265,42.441128
6308 Whitewood St,2021-06-07,Midwest,-83.119827,42.350004
9529 Ward St,2021-06-07,Barton-McFarland,-83.173189,42.366371
9554 Grandmont Ave,2021-06-07,Joy Community,-83.209051,42.366067
9925 Grandmont Ave,2021-06-07,Joy Community,-83.209802,42.368088
13067 Wilfred St,2021-06-09,Eden Gardens,-82.980411,42.416198
14716 Lappin St,2021-06-09,Regent Park,-82.971216,42.436771
3936 Saint Clair St,2021-06-09,East Canfield,-82.988349,42.378647
3942 Saint Clair St,2021-06-09,East Canfield,-82.988401,42.378719
4668 Oregon St,2021-06-09,Midwest,-83.121858,42.357564000000004
4669 Oregon St,2021-06-09,Midwest,-83.121534,42.357096
14775 Novara St,2021-06-10,Regent Park,-82.970244,42.439527
14791 Manning St,2021-06-10,Regent Park,-82.969945,42.441112
14805 Novara St,2021-06-10,Regent Park,-82.969707,42.43954
19240 Monarch St,2021-06-10,Regent Park,-82.971475,42.436764
2801 15th St,2021-06-10,North Corktown,-83.079742,42.334317
4671 17th St,2021-06-10,Core City,-83.089433,42.346529
10255 Plymouth Rd,2021-06-11,Barton-McFarland,-83.16175,42.37317
13343 Wilfred St,2021-06-11,Eden Gardens,-82.978022,42.417031
14615 Wisconsin St,2021-06-11,Chalfonte,-83.15661,42.396914
14824 Mayfield St,2021-06-11,Mapleridge,-82.969363,42.422122
14901 Rochelle St,2021-06-11,Mapleridge,-82.96805,42.423386
5789 Vancourt St,2021-06-11,Midwest,-83.120335,42.345665
12045 Christy St,2021-06-14,Gratiot-Findlay,-82.995589,42.416256
14782 Manning St,2021-06-14,Regent Park,-82.970119,42.440645
14829 Novara St,2021-06-14,Regent Park,-82.969203,42.439551
14967 Maddelein St,2021-06-14,Regent Park,-82.967302,42.436496
5374 Pennsylvania St,2021-06-14,West End,-82.99989,42.38535
5637 Fairview St,2021-06-14,West End,-82.990417,42.391172
5827 Garland St,2021-06-14,West End,-82.998873,42.39101
9211 Guilford St,2021-06-14,Yorkshire Woods,-82.937326,42.418854
9565 Meyers Rd,2021-06-14,Barton-McFarland,-83.168293,42.366977
13606 Monte Vista St,2021-06-15,Northwest Community,-83.166242,42.387463
14842 Novara St,2021-06-15,Regent Park,-82.968954,42.439108
14974 Maddelein St,2021-06-15,Regent Park,-82.967139,42.435962
9916 Rutland St,2021-06-15,Joy Community,-83.212744,42.367916
12746 Robson St,2021-06-16,Schoolcraft Southfield,-83.191969,42.382077
13517 Westbrook St,2021-06-16,Brightmoor,-83.250399,42.383985
13530 Manor,2021-06-16,Northwest Community,-83.167243,42.386382
13644 Pinehurst St,2021-06-16,Northwest Community,-83.165191,42.388025
13660 Liberal St,2021-06-16,Franklin,-82.984018,42.439265
13943 Marlowe St,2021-06-16,Cadillac Community,-83.189234,42.388038
14081 Wisconsin St,2021-06-16,Davison-Schoolcraft,-83.156425,42.391137
14275 Promenade Ave,2021-06-16,Outer Drive-Hayes,-82.972001,42.413801
2502 Gray St,2021-06-16,Riverbend,-82.958108,42.377338
4684 30th St,2021-06-16,Chadsey Condon,-83.112219,42.339348
5765 Vancourt St,2021-06-16,Midwest,-83.120127,42.345374
6332 John Kronk St,2021-06-16,Michigan-Martin,-83.116318,42.32439
13575 Manor,2021-06-17,Northwest Community,-83.167912,42.386947
14086 Kentucky St,2021-06-17,Davison-Schoolcraft,-83.157858,42.391197
14917 Lappin St,2021-06-17,Regent Park,-82.968173,42.437422
15881 Fairmount Dr,2021-06-17,Regent Park,-82.956924,42.445007
19306 Rutherford St,2021-06-17,Greenfield,-83.205008,42.432382
24337 W McNichols Rd,2021-06-17,South of Six,-83.280377,42.414166
6160 Bivouac St,2021-06-17,Central Southwest,-83.109771,42.317766
6659 Burns St,2021-06-17,Airport Sub,-83.016282,42.391044
6665 Burns St,2021-06-17,Airport Sub,-83.016334,42.391117
6671 Burns St,2021-06-17,Airport Sub,-83.016385,42.39119
9917 Forrer St,2021-06-17,Joy Community,-83.201337,42.368099
19941 Coventry St,2021-06-18,Nolan,-83.101851,42.440198
8860 E Canfield St,2021-06-18,Gratiot Woods,-83.000615,42.375209
8866 E Canfield St,2021-06-18,Gratiot Woods,-83.000517,42.375248
8870 E Canfield St,2021-06-18,Gratiot Woods,-83.000412,42.375287
10944 Peerless St,2021-06-21,Moross-Morang,-82.936622,42.425271
11754 Griggs St,2021-06-21,Grand River-I96,-83.161678,42.375647
12087 Marlowe St,2021-06-21,Plymouth-Hubbell,-83.189282,42.37623
13676 Liberal St,2021-06-21,Franklin,-82.983759,42.439273
13680 Liberal St,2021-06-21,Franklin,-82.983638,42.439275
13996 Ohio St,2021-06-21,Davison-Schoolcraft,-83.154832,42.390023
14015 Ilene St,2021-06-21,Northwest Community,-83.162033,42.390104
14017 Kentucky St,2021-06-21,Davison-Schoolcraft,-83.158373,42.390231
14066 Kentucky St,2021-06-21,Davison-Schoolcraft,-83.157845,42.390903
14994 Lappin St,2021-06-21,Regent Park,-82.966758,42.436893
16347 Grand River Ave,2021-06-21,Greenfield-Grand River,-83.208074,42.396291
16677 Turner St,2021-06-21,Fitzgerald/Marygrove,-83.149278,42.414745
4527 Belvidere St,2021-06-21,Gratiot Woods,-82.999377,42.377067
6387 Northfield St,2021-06-21,Midwest,-83.124685,42.349989
8832 Whitcomb St,2021-06-21,We Care Community,-83.194552,42.35878
6314 Whitewood St,2021-06-22,Midwest,-83.119831,42.350086
13553 Manor,2021-06-23,Northwest Community,-83.167902,42.386661
13641 Griggs St,2021-06-23,Northwest Community,-83.161971,42.387827
14318 Cruse St,2021-06-23,Grand River-I96,-83.182661,42.392864
14862 Lesure St,2021-06-23,Bethune Community,-83.180736,42.398162
3066 Cadillac Blvd,2021-06-23,East Village,-82.98853,42.371085
6477 Northfield St,2021-06-23,Midwest,-83.125457,42.351085
8051 Stockton St,2021-06-23,Mount Olivet,-83.02302,42.428988
11374 W Outer Dr,2021-06-24,Brightmoor,-83.253881,42.39804
13683 Liberal St,2021-06-24,Franklin,-82.983653,42.439876
19544 Reno St,2021-06-24,Franklin,-82.982544,42.439344
20210 Pelkey St,2021-06-24,Conner Creek,-82.986423,42.446048
3743 Pennsylvania St,2021-06-24,West End,-82.99265,42.373527
3930 Saint Clair St,2021-06-24,East Canfield,-82.988298,42.378574
4117 Pennsylvania St,2021-06-24,West End,-82.993938,42.375381
9386 Manor,2021-06-24,Barton-McFarland,-83.166334,42.365128
20569 Vaughan St,2021-06-25,Evergreen Lahser 7/8,-83.24087,42.4431
3463 Rohns St,2021-06-25,East Village,-82.996363,42.369185
3696 Mack Ave,2021-06-25,McDougall-Hunt,-83.022188,42.360788
6329 Farr St,2021-06-25,Airport Sub,-83.03724,42.389109
8591 Mark Twain St,2021-06-25,Joy-Schaefer,-83.185106,42.357372
12389 Stoepel St,2021-06-29,Oakman Blvd Community,-83.140656,42.380611
12818 Freeland St,2021-06-29,Schoolcraft Southfield,-83.184466,42.383264
12819 Ardmore St,2021-06-29,Schoolcraft Southfield,-83.184052,42.383275
14530 Scripps St,2021-06-29,Jefferson Chalmers,-82.934424,42.361038
14616 Rochelle St,2021-06-29,Mapleridge,-82.97204,42.422892
14710 Liberal St,2021-06-29,Regent Park,-82.97142,42.439835
4741 Saint Clair St,2021-06-29,West End,-82.991678,42.382326
5712 Cecil St,2021-06-29,Claytown,-83.136421,42.337592
6459 Northfield St,2021-06-29,Midwest,-83.125304,42.350866
12811 Freeland St,2021-06-30,Schoolcraft Southfield,-83.185165,42.383141
13861 Pfent St,2021-06-30,Franklin,-82.98161,42.438089
14721 Liberal St,2021-06-30,Regent Park,-82.971212,42.440289
20100 Schoenherr St,2021-06-30,Mohican Regent,-82.985101,42.445125
4531 Cooper St,2021-06-30,West End,-82.997036,42.378039
6026 Whitewood St,2021-06-30,Midwest,-83.119739,42.348274
6032 Whitewood St,2021-06-30,Midwest,-83.119743,42.348357
12644 Northlawn St,2021-07-01,Littlefield Community,-83.152468,42.381607
12653 Stoepel St,2021-07-01,Oakman Blvd Community,-83.140718,42.38199
13657 Monte Vista St,2021-07-01,Northwest Community,-83.166894,42.388128
13943 Pfent St,2021-07-01,Franklin,-82.980778,42.438108
14832 Liberal St,2021-07-01,Regent Park,-82.969143,42.439886
20512 Joann St,2021-07-01,Conner Creek,-82.990127,42.447778
20576 Goulburn St,2021-07-01,Conner Creek,-82.993794,42.448567
12007 Ohio St,2021-07-02,Littlefield Community,-83.155053,42.378793
12020 Ohio St,2021-07-02,Littlefield Community,-83.154511,42.378916
12226 Dexter Ave,2021-07-02,Dexter-Linwood,-83.12616,42.383556
13614 Monte Vista St,2021-07-02,Northwest Community,-83.166246,42.387559
13660 Monte Vista St,2021-07-02,Northwest Community,-83.166273,42.388188
14253 Freeland St,2021-07-02,Hubbell-Lyndon,-83.185404,42.391913
14731 Rosemary Ave,2021-07-02,Outer Drive-Hayes,-82.969051,42.416069
14874 Mayfield St,2021-07-02,Mapleridge,-82.968456,42.422134
6466 Northfield St,2021-07-02,Midwest,-83.124791,42.351167
7411 Dexter Ave,2021-07-02,Petoskey-Otsego,-83.110024,42.358232
10354 Aurora St,2021-07-06,Barton-McFarland,-83.163082,42.372127
10415 Cedarlawn St,2021-07-06,Barton-McFarland,-83.164174,42.37237
12066 Kentucky St,2021-07-06,Littlefield Community,-83.157408,42.377327
12372 Birwood St,2021-07-06,Grand River-I96,-83.162763,42.379544
13600 Monte Vista St,2021-07-06,Northwest Community,-83.166238,42.387367
14418 Young St,2021-07-06,Mapleridge,-82.974485,42.42363
14829 Liberal St,2021-07-06,Regent Park,-82.969268,42.440331
14835 Liberal St,2021-07-06,Regent Park,-82.969157,42.440333
1963 E Grand Blvd,2021-07-06,Poletown East,-83.04061,42.373946
4410 15th St,2021-07-06,Core City,-83.085395,42.345099
4812 Saint Clair St,2021-07-06,East Canfield,-82.991804,42.383412
14959 Elmdale St,2021-07-07,Outer Drive-Hayes,-82.965418,42.410604
4644 Oregon St,2021-07-07,Midwest,-83.121476,42.357708
6436 Northfield St,2021-07-07,Midwest,-83.124532,42.350803
13147 TULLER,2021-07-08,Oakman Blvd Community,-83.146423,42.384216
9595 Pinehurst St,2021-07-08,Barton-McFarland,-83.165905,42.367446
13017 Gratiot Ave,2021-07-09,Gratiot-Findlay,-82.9868,42.421968
13168 Santa Rosa Dr,2021-07-09,Oakman Blvd Community,-83.141321,42.385086
14220 Stansbury St,2021-07-09,Grand River-I96,-83.181513,42.391431
14361 Stansbury St,2021-07-09,Grand River-I96,-83.182193,42.393447
1633 Marquette St,2021-07-09,Elijah McCoy,-83.086654,42.360707
6420 Walton St,2021-07-09,Midwest,-83.134193,42.346276
6429 Walton St,2021-07-09,Midwest,-83.134031,42.3459
6455 Walton St,2021-07-09,Midwest,-83.134362,42.345663
9531 Ward St,2021-07-09,Barton-McFarland,-83.173194,42.366481
13975 Lauder St,2021-07-12,Cadillac Community,-83.190411,42.388424
6327 Walton St,2021-07-12,Midwest,-83.132303,42.346474
6356 Walton St,2021-07-12,Midwest,-83.133117,42.346705
6374 Walton St,2021-07-12,Midwest,-83.133411,42.346588
6420 Sterling St,2021-07-12,Elijah McCoy,-83.085345,42.363612
7302 Faust Ave,2021-07-12,Warrendale,-83.220491,42.344895
14617 Hazelridge St,2021-07-13,Mapleridge,-82.972106,42.424921
3795 Hogarth St,2021-07-13,Petoskey-Otsego,-83.112171,42.358744
5835 Commonwealth St,2021-07-13,Elijah McCoy,-83.084668,42.359675
5911 Commonwealth St,2021-07-13,Elijah McCoy,-83.085066,42.360208
6360 Clifton St,2021-07-13,Midwest,-83.134838,42.348968
6394 Clifton St,2021-07-13,Midwest,-83.13539,42.348744
6411 Whitewood St,2021-07-13,Midwest,-83.120479,42.351387
6450 Barton St,2021-07-13,Midwest,-83.137356,42.349806
8617 Prairie St,2021-07-13,Midwest,-83.14349,42.357998
9639 Ward St,2021-07-13,Barton-McFarland,-83.173255,42.367907
12618 Sorrento St,2021-07-14,Pride Area Community,-83.171765,42.380781
12624 Northlawn St,2021-07-14,Littlefield Community,-83.15246,42.38132
13954 Wisconsin St,2021-07-14,Davison-Schoolcraft,-83.1558,42.389414
13991 Indiana St,2021-07-14,Davison-Schoolcraft,-83.157366,42.389865
18128 Orleans St,2021-07-14,Northeast Central District,-83.084694,42.427039
4868 Ivanhoe St,2021-07-14,Midwest,-83.121711,42.359654
4966 Maplewood St,2021-07-14,Midwest,-83.124182,42.360683
5761 Vancourt St,2021-07-14,Midwest,-83.120074,42.345302
6416 Whitewood St,2021-07-14,Midwest,-83.119895,42.351484
12327 Washburn St,2021-07-15,Grand River-I96,-83.160223,42.380383
13614 Mendota St,2021-07-15,Northwest Community,-83.164084,42.387609
13643 Manor,2021-07-15,Northwest Community,-83.167949,42.387876
14270 Robson St,2021-07-15,Hubbell-Lyndon,-83.192155,42.391238
1448 Fischer Ave,2021-07-15,East Village,-82.991169,42.358779
14695 Cedargrove St,2021-07-15,Mapleridge,-82.970669,42.425765
6428 Clifton St,2021-07-15,Midwest,-83.135943,42.348522
6434 Clifton St,2021-07-15,Midwest,-83.136053,42.348477
14686 Hazelridge St,2021-07-16,Mapleridge,-82.97075,42.424458
14694 Hazelridge St,2021-07-16,Mapleridge,-82.970621,42.42446
14701 Hazelridge St,2021-07-16,Mapleridge,-82.970514,42.424961
14711 Hazelridge St,2021-07-16,Mapleridge,-82.970384,42.424962
2630 E Palmer St,2021-07-16,Poletown East,-83.043495,42.370854
5904 Vancourt St,2021-07-16,Midwest,-83.120751,42.347253
13975 Ohio St,2021-07-19,Davison-Schoolcraft,-83.155375,42.389721
16890 E Eight Mile,2021-07-20,Regent Park,-82.944567,42.449967
13810 Pinewood St,2021-07-21,Franklin,-82.982576,42.438403
4288 Allendale St,2021-07-21,Midwest,-83.115903,42.357816
6348 Barton St,2021-07-21,Midwest,-83.135699,42.350475
6390 Northfield St,2021-07-21,Midwest,-83.124117,42.350221
6410 Barton St,2021-07-21,Midwest,-83.136693,42.350075
6456 Barton St,2021-07-21,Midwest,-83.137466,42.349762
13211 Santa Rosa Dr,2021-07-22,Oakman Blvd Community,-83.141967,42.385665
4745 Saint Clair St,2021-07-22,West End,-82.991729,42.382399
5050 Eastlawn St,2021-07-22,Chandler Park,-82.962409,42.395114
5919 Commonwealth St,2021-07-22,Elijah McCoy,-83.085214,42.360458
5923 Commonwealth St,2021-07-22,Elijah McCoy,-83.085394,42.360711
6388 Majestic St,2021-07-22,Midwest,-83.135839,42.349502
6388 Tuxedo St,2021-07-22,Oakman Blvd Community,-83.140872,42.375462
6396 Majestic St,2021-07-22,Midwest,-83.135949,42.349457
7798 Wykes St,2021-07-22,Midwest,-83.141766,42.351009
14229 Rosemary Ave,2021-07-23,Eden Gardens,-82.973916,42.41537
14270 Mark Twain St,2021-07-23,Hubbell-Lyndon,-83.185837,42.39212
14480 Rochelle St,2021-07-23,Mapleridge,-82.973287,42.422846
14611 Hazelridge St,2021-07-23,Mapleridge,-82.972235,42.424918
14623 Young St,2021-07-23,Mapleridge,-82.971946,42.42412
14630 Hazelridge St,2021-07-23,Mapleridge,-82.971824,42.424445
14631 Hazelridge St,2021-07-23,Mapleridge,-82.971847,42.424927
14868 Wilfred St,2021-07-23,Outer Drive-Hayes,-82.967711,42.418942
14964 Chelsea Ave,2021-07-23,Outer Drive-Hayes,-82.965485,42.41181
3967 Trenton St,2021-07-23,Claytown,-83.142471,42.322711
12005 Roselawn St,2021-07-26,Littlefield Community,-83.150728,42.376076
14678 Mapleridge St,2021-07-26,Mapleridge,-82.970984,42.428811
4727 Moore Pl,2021-07-26,Midwest,-83.117169,42.351577
5902 Grandy St,2021-07-26,Poletown East,-83.043378,42.373953
6670 Belfast St,2021-07-26,Midwest,-83.139662,42.351477
7763 Wykes St,2021-07-26,Midwest,-83.142292,42.350541
7826 Wykes St,2021-07-26,Midwest,-83.141791,42.351381
90 Mount Vernon St,2021-07-26,North End,-83.075126,42.37607
94 Mount Vernon St,2021-07-26,North End,-83.075045,42.3761
13584 Kentucky St,2021-07-27,Davison-Schoolcraft,-83.15773,42.38738
14878 Littlefield St,2021-07-27,Bethune Community,-83.175391,42.398451
4866 Maynard St,2021-07-27,Fox Creek,-82.972672,42.389644
6339 Northfield St,2021-07-27,Midwest,-83.124272,42.349406
6412 Majestic St,2021-07-27,Midwest,-83.13617,42.349368
6662 Belfast St,2021-07-27,Midwest,-83.139537,42.351479
13920 Ilene St,2021-07-28,Northwest Community,-83.16114,42.388794
6403 Majestic St,2021-07-28,Midwest,-83.135763,42.349022
6426 Majestic St,2021-07-28,Midwest,-83.136392,42.349279
983 E Grixdale Ave,2021-07-28,Hawthorne Park,-83.09277,42.428057
14245 Corbett Ave,2021-07-29,Outer Drive-Hayes,-82.969539,42.40895
14667 Hazelridge St,2021-07-29,Mapleridge,-82.971162,42.424945
14681 Hazelridge St,2021-07-29,Mapleridge,-82.970903,42.42495
20431 Omira St,2021-07-29,Nolan,-83.096677,42.445197
6636 Belfast St,2021-07-29,Midwest,-83.139033,42.351488
12730 Pinehurst St,2021-07-30,Grand River-I96,-83.164971,42.382492
13021 Gratiot Ave,2021-08-02,Gratiot-Findlay,-82.986767,42.422013
13557 Northlawn St,2021-08-02,Davison-Schoolcraft,-83.153293,42.387106
15489 Patton St,2021-08-02,Brightmoor,-83.244184,42.403656
20041 Dequindre St,2021-08-02,Nolan,-83.083514,42.442173
4352 Allendale St,2021-08-02,Midwest,-83.117004,42.357371
4558 Fairview St,2021-08-02,West End,-82.985562,42.384041
4564 Fairview St,2021-08-02,West End,-82.985611,42.384115
5326 Hurlbut St,2021-08-02,West End,-82.997183,42.38563
6061 Northfield St,2021-08-02,Midwest,-83.123156,42.347816
6315 Whitewood St,2021-08-02,Midwest,-83.120417,42.350071
6398 Tuxedo St,2021-08-02,Oakman Blvd Community,-83.141011,42.375458
6411 Sparta St,2021-08-02,Midwest,-83.13419,42.346716
6431 Sparta St,2021-08-02,Midwest,-83.134521,42.346583
6436 Majestic St,2021-08-02,Midwest,-83.136613,42.349191
7728 American St,2021-08-03,Midwest,-83.143799,42.350037
8769 Epworth St,2021-08-03,Midwest,-83.135524,42.359679
13592 Mendota St,2021-08-04,Northwest Community,-83.164073,42.387321
13974 Kentucky St,2021-08-04,Davison-Schoolcraft,-83.157795,42.389662
14209 Goddard St,2021-08-04,North Campau,-83.076903,42.416388
14633 Mapleridge St,2021-08-04,Mapleridge,-82.971753,42.429313
14698 Mapleridge St,2021-08-04,Mapleridge,-82.970596,42.428822
16910 Schaefer Hwy,2021-08-04,Harmony Village,-83.179328,42.415776
5027 Fairview St,2021-08-04,West End,-82.987804,42.386277
6368 Barton St,2021-08-04,Midwest,-83.13603,42.350342
6388 Barton St,2021-08-04,Midwest,-83.136362,42.350208
66 E Baltimore St,2021-08-04,Milwaukee Junction,-83.070351,42.368769
7736 Burnette St,2021-08-04,Midwest,-83.140643,42.350212
14691 Mapleridge St,2021-08-05,Mapleridge,-82.970733,42.429344
6403 Northfield St,2021-08-05,Midwest,-83.124875,42.350256
12707 Mendota St,2021-08-06,Grand River-I96,-83.164521,42.382174
13900 Kentucky St,2021-08-06,Davison-Schoolcraft,-83.157755,42.388671
19801 W Seven Mile Rd,2021-08-06,Evergreen-Outer Drive,-83.237944,42.429348
2642 Leslie St,2021-08-06,Dexter-Linwood,-83.120499,42.389271
2681 Fullerton St,2021-08-06,Dexter-Linwood,-83.120355,42.387786
10054 Memorial St,2021-08-09,Joy Community,-83.211592,42.369823
13525 Mendota St,2021-08-09,Northwest Community,-83.164691,42.386347
3431 Lockwood St,2021-08-09,Central Southwest,-83.108466,42.330186
6346 Floyd St,2021-08-09,Midwest,-83.134075,42.348314
6352 Floyd St,2021-08-09,Midwest,-83.134185,42.34827
7731 Prairie St,2021-08-09,Midwest,-83.143329,42.350071
15477 Riverdale Ave,2021-08-10,Brightmoor,-83.270527,42.403069
15506 Grayfield St,2021-08-10,Brightmoor,-83.268822,42.403519
15510 Grayfield St,2021-08-10,Brightmoor,-83.268826,42.403612
14 E Longwood Ave,2021-08-11,Greenfield Park,-83.101514,42.421464
15774 Iliad St,2021-08-11,Brightmoor,-83.272154,42.405274
15874 Riverdale Ave,2021-08-11,Brightmoor,-83.270064,42.406733
1975 W Buena Vista St,2021-08-11,Dexter-Linwood,-83.11287,42.393409
19980 Yacama Rd,2021-08-11,Nolan,-83.096937,42.440922
2631 Schaefer,2021-08-11,Boynton,-83.146081,42.275979
2691 Fullerton St,2021-08-11,Dexter-Linwood,-83.12047,42.387743
2720 Fullerton St,2021-08-11,Dexter-Linwood,-83.121259,42.387999
4629 Oregon St,2021-08-11,Midwest,-83.12089,42.357348
11317 Belleterre St,2021-08-12,Nardin Park,-83.13725,42.371741
13244 Linwood St,2021-08-12,Dexter-Linwood,-83.121182,42.392302
1644 Richton St,2021-08-12,Dexter-Linwood,-83.107264,42.390192
2418 Cortland St,2021-08-12,Dexter-Linwood,-83.11474,42.387877
15735 W Parkway St,2021-08-13,Brightmoor,-83.267208,42.404614
19711 Fleming St,2021-08-13,Nolan,-83.079771,42.439385
41 E Longwood Ave,2021-08-13,Greenfield Park,-83.101054,42.421887
8037 E Robinwood St,2021-08-13,Mount Olivet,-83.023381,42.431977
1124 Annin St,2021-08-16,Penrose,-83.11656,42.436333
13621 Birwood St,2021-08-16,Northwest Community,-83.163539,42.387675
13643 Birwood St,2021-08-16,Northwest Community,-83.163527,42.387987
13910 Birwood St,2021-08-16,Northwest Community,-83.162647,42.388644
13954 Kentucky St,2021-08-16,Davison-Schoolcraft,-83.157783,42.38937
20016 Yacama Rd,2021-08-16,Nolan,-83.096955,42.441399
2242 Garfield St,2021-08-16,McDougall-Hunt,-83.039701,42.361848
4799 Rohns St,2021-08-16,Gratiot Woods,-83.003212,42.378533
5016 Dailey St,2021-08-16,Midwest,-83.131133,42.363249
6409 Floyd St,2021-08-16,Midwest,-83.134736,42.347483
7869 Wetherby St,2021-08-16,Midwest,-83.140238,42.351341
1077 W Lantz St,2021-08-17,Penrose,-83.115694,42.436685
14232 Coyle St,2021-08-17,Hubbell-Lyndon,-83.193102,42.391214
15827 Dexter Ave,2021-08-17,Pilgrim Village,-83.136767,42.408195
196 E Arizona St,2021-08-17,Greenfield Park,-83.098058,42.419286
1058 W Lantz St,2021-08-18,Penrose,-83.115315,42.437133
14345 Bentler St,2021-08-18,Brightmoor,-83.251994,42.391463
174 E Arizona St,2021-08-18,Greenfield Park,-83.098404,42.419277
18841 Orleans St,2021-08-18,Hawthorne Park,-83.085592,42.430972
6353 Northfield St,2021-08-18,Midwest,-83.124375,42.349552
7819 Wetherby St,2021-08-18,Midwest,-83.140193,42.350689
9103 Chrysler Dr,2021-08-18,North End,-83.06955,42.387458
10058 Elmira St,2021-08-19,Barton-McFarland,-83.159693,42.371488
13539 Steel St,2021-08-19,Grand River-I96,-83.171157,42.38638
186 E Arizona St,2021-08-19,Greenfield Park,-83.098236,42.419282
19630 Fleming St,2021-08-19,Nolan,-83.079015,42.438281
3738 Pingree St,2021-08-19,Petoskey-Otsego,-83.115243,42.365284
6361 Northfield St,2021-08-19,Midwest,-83.124478,42.349698
6451 Barton St,2021-08-19,Midwest,-83.137062,42.349423
8078 Rangoon St,2021-08-19,Midwest,-83.138483,42.353253
1200 Canton St,2021-08-23,Islandview,-83.006574,42.350522
165 E Arizona St,2021-08-23,Greenfield Park,-83.098678,42.419682
19162 Goddard St,2021-08-23,Nolan,-83.077651,42.433863
2915 Garland St,2021-08-23,East Village,-82.984567,42.370264
3504 S Electric St,2021-08-23,Boynton,-83.164755,42.262289
6443 Barton St,2021-08-23,Midwest,-83.136952,42.349468
6458 Ellsworth St,2021-08-23,Chalfonte,-83.143269,42.402069
14059 Wisconsin St,2021-08-24,Davison-Schoolcraft,-83.156413,42.390849
14263 Wisconsin St,2021-08-24,Davison-Schoolcraft,-83.156487,42.39269
19234 Fenelon St,2021-08-24,Farwell,-83.053613,42.435289
2930 25th St,2021-08-24,Chadsey Condon,-83.093085,42.331914
431 Colton St,2021-08-24,Nolan,-83.107833,42.444618
5019 Hillsboro St,2021-08-24,Midwest,-83.129592,42.36263
5113 Hillsboro St,2021-08-24,Midwest,-83.130623,42.361399
5217 S Martindale St,2021-08-24,Midwest,-83.131119,42.3603
6327 Northfield St,2021-08-24,Midwest,-83.124168,42.349261
12771 Griggs St,2021-08-25,Grand River-I96,-83.16241,42.3831
12941 Hayes St,2021-08-25,Mapleridge,-82.965609,42.42626
14002 Indiana St,2021-08-25,Davison-Schoolcraft,-83.156819,42.39007
160 W Golden Gate Ave,2021-08-25,Grixdale Farms,-83.105333,42.429243
4852 Woodhall St,2021-08-25,Cornerstone Village,-82.925156,42.406598
5038 S Clarendon St,2021-08-25,Midwest,-83.128287,42.361775
5650 Newberry St,2021-08-25,Central Southwest,-83.103438,42.318383
8075 Vanderbilt St,2021-08-25,Delray,-83.116322,42.293955
9119 Mendota St,2021-08-25,Barton-McFarland,-83.164512,42.361393
13645 Monte Vista St,2021-08-26,Northwest Community,-83.166885,42.3879
156 W Greendale St,2021-08-26,Grixdale Farms,-83.105147,42.427043
250 Cedarhurst Pl,2021-08-26,Grixdale Farms,-83.10641,42.420672
433 W Robinwood St,2021-08-26,Grixdale Farms,-83.107859,42.42951
12626 Wyoming St,2021-08-27,Littlefield Community,-83.158522,42.381216
13517 Indiana St,2021-08-27,Davison-Schoolcraft,-83.157272,42.386434
13966 Indiana St,2021-08-27,Davison-Schoolcraft,-83.1568,42.38959
13988 Indiana St,2021-08-27,Davison-Schoolcraft,-83.156811,42.389878
14156 Lauder St,2021-08-27,Hubbell-Lyndon,-83.190208,42.390333
18112 Cardoni St,2021-08-27,Hawthorne Park,-83.090778,42.426621
6380 Grandville Ave,2021-08-27,Warrendale,-83.228702,42.337154
8313 Vanderbilt St,2021-08-27,Delray,-83.117489,42.293498
8340 Vanderbilt St,2021-08-27,Delray,-83.118199,42.293745
20141 Cardoni St,2021-08-30,Nolan,-83.092225,42.442981
6326 Northfield St,2021-08-30,Midwest,-83.123599,42.349493
6332 Northfield St,2021-08-30,Midwest,-83.123651,42.349566
6440 Floyd St,2021-08-30,Midwest,-83.13562,42.347688
71 W Brentwood St,2021-08-30,Grixdale Farms,-83.103786,42.431193
13580 Northlawn St,2021-08-31,Davison-Schoolcraft,-83.152625,42.387442
1493 S Annabelle St,2021-08-31,Boynton,-83.14855,42.27672
1802 E Grand Blvd,2021-08-31,Poletown East,-83.035755,42.375789
19381 Hanna St,2021-08-31,Nolan,-83.090093,42.436319
20156 Veach St,2021-08-31,Conner Creek,-83.021067,42.444588
2500 Merrick St,2021-08-31,Woodbridge,-83.092262,42.350517
4577 Beniteau St,2021-08-31,West End,-82.984312,42.38479
6376 Barton St,2021-08-31,Midwest,-83.13614,42.350297
7227 Vaughan St,2021-08-31,Warrendale,-83.236983,42.343604
9650 Meyers Rd,2021-08-31,Barton-McFarland,-83.167604,42.368174
14016 Wisconsin St,2021-09-01,Davison-Schoolcraft,-83.155835,42.390287
3245 Richton St,2021-09-01,Dexter-Linwood,-83.123505,42.38356
6360 Minock St,2021-09-01,Warrendale,-83.231085,42.336828
6411 Diversey,2021-09-01,Midwest,-83.136925,42.350398
6462 Floyd St,2021-09-01,Midwest,-83.135951,42.347553
7175 Clayton St,2021-09-01,Claytown,-83.12834,42.324299
8138 Desoto St,2021-09-01,Chalfonte,-83.150626,42.401308
9633 Broadstreet Ave,2021-09-01,Nardin Park,-83.128215,42.369961000000004
9640 Stahelin Ave,2021-09-01,Franklin Park,-83.224829,42.366926
12676 Pinehurst St,2021-09-02,Grand River-I96,-83.164941,42.381724
13043 Wilfred St,2021-09-02,Eden Gardens,-82.980814,42.416059
13104 Wilfred St,2021-09-02,Eden Gardens,-82.979479,42.41602
14243 Roselawn St,2021-09-02,Davison-Schoolcraft,-83.151231,42.392517
19981 Yacama Rd,2021-09-02,Nolan,-83.097522,42.440904
19989 Yacama Rd,2021-09-02,Nolan,-83.097528,42.441
6338 Northfield St,2021-09-02,Midwest,-83.123703,42.349638
7179 Milton St,2021-09-02,Airport Sub,-83.026588,42.407577
15707 Hazelton St,2021-09-03,Brightmoor,-83.268341,42.404034
16415 Bringard Dr,2021-09-03,Regent Park,-82.950859,42.446825
3811 Scovel Pl,2021-09-03,Midwest,-83.108004,42.353698
6437 Penrod St,2021-09-03,Warrendale,-83.2197,42.338034
7611 Tappan St,2021-09-03,Airport Sub,-83.024126,42.406816
7736 Prairie St,2021-09-03,Midwest,-83.142757,42.350153
7771 Prairie St,2021-09-03,Midwest,-83.143365,42.350606
13582 Griggs St,2021-09-07,Northwest Community,-83.161882,42.38717
13634 Pinehurst St,2021-09-07,Northwest Community,-83.165186,42.387896
13688 Cedargrove St,2021-09-07,Mapleridge,-82.980369,42.425161
13975 Kentucky St,2021-09-07,Davison-Schoolcraft,-83.15835,42.389648
14202 Indiana St,2021-09-07,Davison-Schoolcraft,-83.156891,42.391847
14205 Indiana St,2021-09-07,Davison-Schoolcraft,-83.157446,42.391836
14692 Mapleridge St,2021-09-07,Mapleridge,-82.970725,42.428819
18526 Hawthorne St,2021-09-07,Hawthorne Park,-83.092114,42.428403
3540 Hurlbut St,2021-09-07,East Village,-82.989151,42.373743
4016 Collingwood St,2021-09-07,Nardin Park,-83.125342,42.376026
5156 W Chicago St,2021-09-07,Nardin Park,-83.132885,42.368702999999996
7131 Tappan St,2021-09-07,Airport Sub,-83.027456,42.406757
8514 Vanderbilt St,2021-09-07,Delray,-83.120819,42.29271
11440 Indiana St,2021-09-08,Barton-McFarland,-83.156075,42.373007
2201 Puritan St,2021-09-08,Pilgrim Village,-83.121745,42.410063
6483 Northfield St,2021-09-08,Midwest,-83.125517,42.35117
7830 Prairie St,2021-09-08,Midwest,-83.142848,42.351458
13673 Cedargrove St,2021-09-09,Mapleridge,-82.980502,42.425627
13700 Cedargrove St,2021-09-09,Mapleridge,-82.98011,42.425163
14469 Fordham St,2021-09-09,Mapleridge,-82.973866,42.43456
14649 Mapleridge St,2021-09-09,Mapleridge,-82.971507,42.42932
17438 Saint Aubin St,2021-09-09,Cadillac Heights,-83.081079,42.421565
9520 Traverse St,2021-09-09,Airport Sub,-83.008876,42.400121
13649 Cherrylawn St,2021-09-10,Davison-Schoolcraft,-83.154378,42.38835
14856 Stoepel St,2021-09-10,Chalfonte,-83.140856,42.398967
15739 Lawton St,2021-09-10,Pilgrim Village,-83.129847,42.407095
18024 Dean St,2021-09-10,Krainz Woods,-83.061344,42.426394
5079 S Clarendon St,2021-09-10,Midwest,-83.128101,42.361027
6037 Northfield St,2021-09-10,Midwest,-83.12295,42.347524
6429 Clifton St,2021-09-10,Midwest,-83.135622,42.348118
8333 E Hollywood St,2021-09-10,Mount Olivet,-83.018369,42.432799
10167 Elmira St,2021-09-13,Barton-McFarland,-83.161646,42.370987
14225 Indiana St,2021-09-13,Davison-Schoolcraft,-83.157457,42.392116
14655 Cloverlawn St,2021-09-13,Chalfonte,-83.152523,42.39753
19165 Albany St,2021-09-13,Farwell,-83.045238,42.434554
19988 Omira St,2021-09-13,Nolan,-83.09592,42.441048
447 Erle St,2021-09-13,Grixdale Farms,-83.107827,42.424704
9770 Traverse St,2021-09-13,Airport Sub,-83.005259,42.400243
13850 Goddard St,2021-09-14,North Campau,-83.074846,42.414305
13887 Mackay St,2021-09-14,North Campau,-83.073898,42.415213
141 E Arizona St,2021-09-14,Greenfield Park,-83.099121,42.419665
16122 Lamphere St,2021-09-14,Riverdale,-83.261466,42.407798
20042 Rowe St,2021-09-14,Conner Creek,-83.003469,42.444221
20460 Prairie St,2021-09-14,Garden Homes,-83.145886,42.444477
5908 Northfield St,2021-09-14,Midwest,-83.121188,42.346082
9960 Belleterre St,2021-09-14,Nardin Park,-83.136167,42.370703
1070 Annin St,2021-09-15,Penrose,-83.115523,42.436352
122 E Arizona St,2021-09-15,Greenfield Park,-83.099429,42.419254
13741 Lappin St,2021-09-15,Franklin,-82.983226,42.437248
13845 Mackay St,2021-09-15,North Campau,-83.073549,42.414698
14420 Eastwood St,2021-09-15,Mapleridge,-82.974702,42.433348
14911 Park Grove St,2021-09-15,Mapleridge,-82.968024,42.430208
15411 Minock St,2021-09-15,Minock Park,-83.234146,42.402326
18115 McDougall St,2021-09-15,Northeast Central District,-83.07097,42.427536
19947 Omira St,2021-09-15,Nolan,-83.096483,42.440456
6477 Diversey,2021-09-15,Midwest,-83.13803,42.349952
1332 Wheelock St,2021-09-16,Central Southwest,-83.117947,42.307777
13814 Mackay St,2021-09-16,North Campau,-83.072805,42.414505
14172 Cedargrove St,2021-09-16,Mapleridge,-82.977732,42.425193
14190 Cedargrove St,2021-09-16,Mapleridge,-82.977219,42.425208
19740 Albion St,2021-09-16,Pulaski,-83.005647,42.440699
9736 Dundee St,2021-09-16,Nardin Park,-83.133419,42.368784
9927 Belleterre St,2021-09-16,Nardin Park,-83.136667,42.370079
9966 Nardin Park,2021-09-16,Nardin Park,-83.13309,42.371241
128 Edgevale St,2021-09-17,Greenfield Park,-83.099287,42.418499
14125 Pfent St,2021-09-17,Franklin,-82.97747,42.438176
20131 Charleston St,2021-09-17,Nolan,-83.107411,42.442537
74 Edgevale St,2021-09-17,Greenfield Park,-83.100259,42.418479
8091 Melville St,2021-09-17,Delray,-83.117788,42.295444
8181 Melville St,2021-09-17,Delray,-83.119256,42.294864
8571 Melville St,2021-09-17,Delray,-83.122523,42.29351
9150 Lyon St,2021-09-17,Delray,-83.126271,42.291391
14507 Cedargrove St,2021-09-20,Mapleridge,-82.972877,42.425729
14515 Cedargrove St,2021-09-20,Mapleridge,-82.972748,42.425732000000004
3119 Drexel St,2021-09-20,Riverbend,-82.958945,42.383318
3131 Drexel St,2021-09-20,Riverbend,-82.959066000000007,42.383503
3194 Drexel St,2021-09-20,Riverbend,-82.95905,42.384528
6501 Colfax St,2021-09-20,Midwest,-83.127722,42.350654
9200 Melville St,2021-09-20,Delray,-83.126743,42.29204
9303 Otsego St,2021-09-20,Nardin Park,-83.124347,42.369333
9326 Otsego St,2021-09-20,Nardin Park,-83.123938,42.369864
13557 Conant St,2021-09-21,North Campau,-83.062789,42.416955
14801 Mapleridge St,2021-09-21,Mapleridge,-82.970025,42.429365
14810 Mapleridge St,2021-09-21,Mapleridge,-82.96987,42.428856
14990 Wilfred St,2021-09-21,Outer Drive-Hayes,-82.965603,42.418961
19328 Reno St,2021-09-21,Franklin,-82.982554,42.437512
19667 Carrie St,2021-09-21,Nortown,-83.031246,42.439713
19941 Winston St,2021-09-21,Five Points,-83.284092,42.437043
19995 Omira St,2021-09-21,Nolan,-83.09651,42.441129
818 Wheelock St,2021-09-21,Central Southwest,-83.115164,42.30391
9883 Chenlot St,2021-09-21,Nardin Park,-83.134257,42.370627
14883 Cedargrove St,2021-09-22,Mapleridge,-82.968455,42.425813
14884 Cedargrove St,2021-09-22,Mapleridge,-82.96843,42.425334
15825 Wabash St,2021-09-22,Pilgrim Village,-83.119677,42.4094
15850 Saint Marys St,2021-09-22,Crary/St Marys,-83.206213,42.407557
7553 Nuernberg St,2021-09-22,Airport Sub,-83.025665,42.418127
138 Gates St,2021-09-23,Carbon Works,-83.135546,42.29104
14890 Hazelridge St,2021-09-24,Mapleridge,-82.968239,42.424496
14900 Hazelridge St,2021-09-24,Mapleridge,-82.968092,42.424498
4350 Nottingham Rd,2021-09-24,Morningside,-82.945721,42.395012
5027 Courville St,2021-09-24,Morningside,-82.93956,42.403096
5871 Northfield St,2021-09-24,Midwest,-83.121454,42.34542
7016 Milton St,2021-09-24,Airport Sub,-83.029577,42.407089
7041 Milton St,2021-09-24,Airport Sub,-83.029143,42.407533
7554 Tappan St,2021-09-24,Airport Sub,-83.025112,42.406354
7600 Nuernberg St,2021-09-24,Airport Sub,-83.024719,42.417699
7661 Brace St,2021-09-24,Warrendale,-83.223649,42.347866
112 Gates St,2021-09-27,Carbon Works,-83.135345,42.290769
11645 Indiana St,2021-09-27,Grand River-I96,-83.15676,42.374226
11665 Indiana St,2021-09-27,Grand River-I96,-83.156771,42.374515
12744 Monica St,2021-09-27,Oakman Blvd Community,-83.142332,42.383212
14203 Hazelridge St,2021-09-27,Mapleridge,-82.976888,42.424864
14219 Troester St,2021-09-27,Mapleridge,-82.976660999999993,42.426486
14536 Ilene St,2021-09-27,Bethune Community,-83.16117,42.395835
241 S Fortune St,2021-09-27,Delray,-83.12451,42.293769
6008 Whitewood St,2021-09-27,Midwest,-83.119728,42.348027
9626 Herkimer St,2021-09-27,Carbon Works,-83.131575,42.290971
17268 Moenart St,2021-09-28,Davison,-83.049398,42.421123
3059 Drexel St,2021-09-28,Riverbend,-82.958488,42.382613
526 S Cottrell St,2021-09-28,Delray,-83.110786,42.297113
7137 Tappan St,2021-09-28,Airport Sub,-83.027345,42.406759
7173 Milton St,2021-09-28,Airport Sub,-83.026701,42.407568
7520 Milton St,2021-09-28,Airport Sub,-83.025794,42.407148
7532 Milton St,2021-09-28,Airport Sub,-83.025572,42.407151
8173 Lyford St,2021-09-28,Airport Sub,-83.020306,42.408234
10380 American St,2021-09-29,Oakman Blvd Community,-83.144053,42.372154
12082 Kenmoor St,2021-09-29,LaSalle College Park,-82.997205,42.420118
7253 MCDONALD,2021-09-29,Midwest,-83.146994,42.345539
8075 Molena St,2021-09-29,Airport Sub,-83.021851,42.406715
8910 Dawes St,2021-09-29,Barton-McFarland,-83.157367,42.360328
10090 Greensboro St,2021-09-30,Outer Drive-Hayes,-82.955132,42.412296
10436 Greensboro St,2021-09-30,Outer Drive-Hayes,-82.952739,42.41546
14100 Pinehurst St,2021-09-30,Northwest Community,-83.165304,42.390275
14149 Pinehurst St,2021-09-30,Northwest Community,-83.165968,42.390909
14210 Greenlawn St,2021-09-30,Davison-Schoolcraft,-83.149592,42.392097
14835 Troester St,2021-09-30,Mapleridge,-82.969361,42.4266
14916 Cedargrove St,2021-09-30,Mapleridge,-82.967837,42.425339
15401 Manor St,2021-09-30,Bethune Community,-83.168721,42.404191
1710 Military St,2021-09-30,Central Southwest,-83.105853,42.315012
191 W Golden Gate Ave,2021-09-30,Grixdale Farms,-83.105899,42.428787
19416 Danbury St,2021-09-30,Penrose,-83.106018,42.435909
19422 Danbury St,2021-09-30,Penrose,-83.106022,42.43599
19428 Danbury St,2021-09-30,Penrose,-83.106022,42.436071
7541 Joy Rd,2021-09-30,Midwest,-83.144687,42.358995
8110 Vanderbilt St,2021-09-30,Delray,-83.117218,42.294128
8170 Lyford St,2021-09-30,Airport Sub,-83.020157,42.407793
8184 Lyford St,2021-09-30,Airport Sub,-83.019928,42.407883
8389 Thaddeus St,2021-09-30,Delray,-83.118361,42.292279
8474 Vanderbilt St,2021-09-30,Delray,-83.120131,42.292976
9345 Traverse St,2021-09-30,Airport Sub,-83.012134,42.400486
11400 Pinehurst St,2021-10-01,Barton-McFarland,-83.16537,42.372574
12125 Barlow St,2021-10-01,Gratiot-Findlay,-82.990749,42.4195
12544 Racine St,2021-10-01,Gratiot-Findlay,-82.993305,42.420891
12767 Loretto St,2021-10-01,Eden Gardens,-82.984765,42.417776
13065 Flanders St,2021-10-01,Eden Gardens,-82.980936,42.416963
13874 Mitchell St,2021-10-01,North Campau,-83.06933,42.416711
15308 Harper Ave,2021-10-01,Outer Drive-Hayes,-82.955668,42.407001
4402 Holcomb St,2021-10-01,Gratiot Woods,-82.999259,42.376203
451 Erle St,2021-10-01,Grixdale Farms,-83.10793,42.424628
5872 Northfield St,2021-10-01,Midwest,-83.120879,42.345644
5889 Northfield St,2021-10-01,Midwest,-83.121596,42.34562
8162 Lyford St,2021-10-01,Airport Sub,-83.020273,42.40775
9722 Woodlawn Ave,2021-10-01,Airport Sub,-83.006088,42.399377
19953 Strasburg St,2021-10-04,Conner Creek,-82.999268,42.443051
21485 Curtis St,2021-10-04,Holcomb Community,-83.254867,42.421718
6430 Vancourt St,2021-10-04,Midwest,-83.123551,42.351224
8076 Jordan St,2021-10-04,Airport Sub,-83.02156,42.403252
8106 Burdeno St,2021-10-04,Delray,-83.115492,42.29272
8156 Lyford St,2021-10-04,Airport Sub,-83.020389,42.407707
11671 Indiana St,2021-10-05,Grand River-I96,-83.156775,42.37461
12601 Southfield Service Drive,2021-10-05,Schoolcraft Southfield,-83.218316,42.381594
13529 Newbern St,2021-10-05,North Campau,-83.065208,42.416249
13560 Goddard St,2021-10-05,North Campau,-83.074253,42.413416
5625 Vinewood St,2021-10-05,Midwest,-83.108951,42.34858
5926 Northfield St,2021-10-05,Midwest,-83.12134,42.346296
6421 Vancourt St,2021-10-05,Midwest,-83.124004,42.350821
6444 Vancourt St,2021-10-05,Midwest,-83.123654,42.35137
7152 Milton St,2021-10-05,Airport Sub,-83.027022,42.407127
8151 Lyford St,2021-10-05,Airport Sub,-83.020658,42.408111
13060 Maiden St,2021-10-06,Outer Drive-Hayes,-82.974055,42.405947
13075 Maiden St,2021-10-06,Outer Drive-Hayes,-82.97409,42.406441
13564 Wisconsin St,2021-10-06,Davison-Schoolcraft,-83.155753,42.387147
17147 Asbury Park,2021-10-06,College Park,-83.209363,42.416529
2001 Florence St,2021-10-06,Martin Park,-83.120608,42.412461
3005 Williams St,2021-10-06,Chadsey Condon,-83.089507,42.333063
7564 Nuernberg St,2021-10-06,Airport Sub,-83.025366,42.417683
7891 Medina St,2021-10-06,Delray,-83.112263,42.29182
8109 Lyford St,2021-10-06,Airport Sub,-83.021369000000007,42.407854
13018 Maiden St,2021-10-07,Outer Drive-Hayes,-82.974761,42.405705
15339 Woodingham Dr,2021-10-07,Fitzgerald/Marygrove,-83.149811,42.403238
18418 Westmoreland Rd,2021-10-07,Evergreen-Outer Drive,-83.236082,42.424907
20513 Alcoy St,2021-10-07,Conner Creek,-82.989621,42.447791
6333 Begole St,2021-10-07,Midwest,-83.122171,42.350199
7522 Nuernberg St,2021-10-07,Airport Sub,-83.026143,42.417666
8045 Medina St,2021-10-07,Delray,-83.113414,42.291109
8079 Lyford St,2021-10-07,Airport Sub,-83.021892,42.407662
8081 Lyford St,2021-10-07,Airport Sub,-83.021792,42.407703
8965 Armour St,2021-10-07,Airport Sub,-83.00589,42.396727
9103 S Sire St,2021-10-07,Delray,-83.126205,42.293651
9716 Chenlot St,2021-10-07,Nardin Park,-83.135163,42.368357
12624 Wilfred St,2021-10-08,Eden Gardens,-82.984564,42.414214
12768 Camden Ave,2021-10-08,Ravendale,-82.975776,42.403647
12772 Camden Ave,2021-10-08,Ravendale,-82.975658,42.403687
12780 Camden Ave,2021-10-08,Ravendale,-82.975539,42.403726
12786 Camden Ave,2021-10-08,Ravendale,-82.975421,42.403766
12802 Camden Ave,2021-10-08,Ravendale,-82.975177,42.40385
12808 Camden Ave,2021-10-08,Ravendale,-82.975057,42.403886
13565 Orleans St,2021-10-08,North Campau,-83.080133,42.411366
5901 Beechwood St,2021-10-08,Midwest,-83.11925,42.347381
6000 Beechwood St,2021-10-08,Midwest,-83.118658,42.347966
6137 Huber St,2021-10-08,Airport Sub,-83.039521,42.397706
7516 Nuernberg St,2021-10-08,Airport Sub,-83.026273,42.41766
8094 Lyford St,2021-10-08,Airport Sub,-83.021425,42.407336
13081 Maiden St,2021-10-11,Outer Drive-Hayes,-82.973971,42.40648
13305 Wade St,2021-10-11,Outer Drive-Hayes,-82.971973,42.406285
13562 Maine St,2021-10-11,North Campau,-83.071612,42.414405
14671 Kentucky St,2021-10-11,Chalfonte,-83.158689,42.397683
15330 Chatham St,2021-10-11,Brightmoor,-83.262702,42.401003
19462 Prevost St,2021-10-11,Greenfield,-83.204057,42.434902
2541 W EDSEL FORD,2021-10-11,NA,-82.998501,42.392597
3837 Saint Clair St,2021-10-11,West End,-82.988069,42.377129
3949 Saint Clair St,2021-10-11,West End,-82.989033,42.378521
6196 Wabash St,2021-10-11,Elijah McCoy,-83.091802,42.361241
6370 Vancourt St,2021-10-11,Midwest,-83.123014,42.350465
6384 Vancourt St,2021-10-11,Midwest,-83.123117,42.350611
7592 Dobel St,2021-10-11,Airport Sub,-83.024795,42.416058
8105 Vanderbilt St,2021-10-11,Delray,-83.11681,42.29376
8126 Wetherby St,2021-10-11,Midwest,-83.139522,42.354063
8138 Wetherby St,2021-10-11,Midwest,-83.139534,42.354228
8207 Lyford St,2021-10-11,Airport Sub,-83.019725,42.408447
11373 Camden Ave,2021-10-12,Ravendale,-82.989562,42.399298
4475 15th St,2021-10-12,Core City,-83.086488,42.345921
8212 Lyford St,2021-10-12,Airport Sub,-83.019468,42.408059
9723 Woodlawn Ave,2021-10-12,Airport Sub,-83.006126,42.399848
5224 Elmer St,2021-10-13,Claytown,-83.142909,42.33254
5855 Hazlett St,2021-10-13,Midwest,-83.122603,42.345233
6122 Hazlett St,2021-10-13,Midwest,-83.124131,42.348393
6308 Hazlett St,2021-10-13,Midwest,-83.124508,42.348942
7056 Palmetto St,2021-10-13,Airport Sub,-83.028827,42.407887
7540 Alaska St,2021-10-13,Midwest,-83.144866,42.355552
8142 Lyford St,2021-10-13,Airport Sub,-83.020631,42.40763
9728 Woodlawn Ave,2021-10-13,Airport Sub,-83.005977,42.399381
9884 Chenlot St,2021-10-13,Nardin Park,-83.13364,42.370366
14301 Wade St,2021-10-14,Outer Drive-Hayes,-82.967599,42.407778
14312 Wade St,2021-10-14,Outer Drive-Hayes,-82.967175,42.407427
14315 Wade St,2021-10-14,Outer Drive-Hayes,-82.967364,42.407859
14321 Wade St,2021-10-14,Outer Drive-Hayes,-82.967249,42.407898
247 S Morrell St,2021-10-14,Delray,-83.091337,42.305862
5855 Begole St,2021-10-14,Midwest,-83.119743,42.346585
5867 Begole St,2021-10-14,Midwest,-83.119847,42.346731
6187 15th St,2021-10-14,NW Goldberg,-83.095137,42.359985
7518 Palmetto St,2021-10-14,Airport Sub,-83.025828,42.407934
8154 Kenney St,2021-10-14,Airport Sub,-83.020501,42.409416
9500 Woodlawn Ave,2021-10-14,Airport Sub,-83.009158,42.399268
109 E Hildale St,2021-10-15,Greenfield Park,-83.100046,42.428538
115 E Hildale St,2021-10-15,Greenfield Park,-83.099934,42.428556
11672 Appoline,2021-10-15,Pride Area Community,-83.169051,42.374238
11675 Appoline,2021-10-15,Pride Area Community,-83.169777,42.374332
11800 Engleside St,2021-10-15,LaSalle College Park,-82.999655,42.418207
14120 Forrer St,2021-10-15,Greenfield-Grand River,-83.201087,42.389672
17135 Strasburg St,2021-10-15,Von Steuben,-82.99831,42.422656
17185 Justine St,2021-10-15,Davison,-83.058521,42.420022
6019 Northfield St,2021-10-15,Midwest,-83.122795,42.347306
8041 Molena St,2021-10-15,Airport Sub,-83.022416,42.406509
8115 Molena St,2021-10-15,Airport Sub,-83.021173,42.406962
9375 Petoskey Ave,2021-10-15,Nardin Park,-83.123877,42.370618
9530 Traverse St,2021-10-15,Airport Sub,-83.008654,42.400129
9780 Chenlot St,2021-10-15,Nardin Park,-83.134587,42.369124
9844 Chenlot St,2021-10-15,Nardin Park,-83.134005,42.369889
10003 Belleterre St,2021-10-18,Nardin Park,-83.137046,42.37118
10303 Stoepel St,2021-10-18,Oakman Blvd Community,-83.14071,42.370958
10437 American St,2021-10-18,Oakman Blvd Community,-83.144614,42.372936
10443 American St,2021-10-18,Oakman Blvd Community,-83.144642,42.373044
11363 Ohio St,2021-10-18,Barton-McFarland,-83.154502,42.372175
11628 Mendota St,2021-10-18,Grand River-I96,-83.164206,42.373836
12336 Flanders St,2021-10-18,Eden Gardens,-82.987722,42.413994
12522 Flanders St,2021-10-18,Eden Gardens,-82.986783,42.414333
1401 Michigan Ave,2021-10-18,Corktown,-83.065537,42.33105
14215 Wade St,2021-10-18,Outer Drive-Hayes,-82.969009,42.407293
2001 Burlingame St,2021-10-18,Dexter-Linwood,-83.107192,42.384456
3400 Springle St,2021-10-18,Riverbend,-82.962234,42.381639
6320 Begole St,2021-10-18,Midwest,-83.12156,42.35019
6336 Begole St,2021-10-18,Midwest,-83.121755,42.350393
7814 Sherwood St,2021-10-18,Airport Sub,-83.031593,42.388662
8049 Molena St,2021-10-18,Airport Sub,-83.022304,42.406551
9766 Philip St,2021-10-18,Outer Drive-Hayes,-82.963206,42.411441
11324 Manor,2021-10-19,Barton-McFarland,-83.16654,42.371493
13103 Maiden St,2021-10-19,Outer Drive-Hayes,-82.973619,42.406602
5420 Martin St,2021-10-19,Claytown,-83.131556,42.337319
5638 Michigan Ave,2021-10-19,Chadsey Condon,-83.1123,42.331473
10020 Meyers Rd,2021-10-20,Barton-McFarland,-83.167692,42.370633
11330 Broadstreet Ave,2021-10-20,Nardin Park,-83.130455,42.374583
11339 Manor,2021-10-20,Barton-McFarland,-83.167231,42.371667
12031 Wade St,2021-10-20,Wade,-82.985394,42.401657
13144 Maiden St,2021-10-20,Outer Drive-Hayes,-82.972645,42.406431
14232 Wade St,2021-10-20,Outer Drive-Hayes,-82.968569,42.406946
14245 Wade St,2021-10-20,Outer Drive-Hayes,-82.968536,42.40745
14852 Young St,2021-10-20,Mapleridge,-82.968948,42.423698
15702 Tracey St,2021-10-20,Bethune Community,-83.180046,42.405881
3750 W Grand St,2021-10-20,Oakman Blvd Community,-83.133072,42.391181
5777 Vancourt St,2021-10-20,Midwest,-83.12023,42.34552
6002 Belvidere St,2021-10-20,Gratiot Woods,-83.007125,42.389172
7235 Greenfield,2021-10-20,Warren Ave Community,-83.196598,42.344307
8364 Vanderbilt St,2021-10-20,Delray,-83.118592,42.293592
8986 Vinton Ave,2021-10-20,Airport Sub,-83.009016,42.396458
9674 Traverse St,2021-10-20,Airport Sub,-83.007033,42.400183
9976 Belleterre St,2021-10-20,Nardin Park,-83.13624,42.370916
11644 Kentucky St,2021-10-21,Grand River-I96,-83.157196,42.374222
12323 Steel St,2021-10-21,Pride Area Community,-83.171207,42.379238
13332 Compass St,2021-10-21,Happy Homes,-83.176017,42.389228
14100 Linnhurst St,2021-10-21,Mapleridge,-82.977527,42.431109
14260 Wade St,2021-10-21,Outer Drive-Hayes,-82.968111,42.407104
18653 Hamburg St,2021-10-21,Von Steuben,-82.997547,42.431816
19136 Annott St,2021-10-21,Pulaski,-83.001902,42.435157
6589 Boxwood St,2021-10-21,Midwest,-83.117358,42.353165
8947 Vinton Ave,2021-10-21,Airport Sub,-83.009499,42.395834
12707 Hubbell St,2021-10-22,Schoolcraft Southfield,-83.188523,42.381611
14075 Linnhurst St,2021-10-22,Mapleridge,-82.978073,42.431531
15351 Princeton St,2021-10-22,Pilgrim Village,-83.128711,42.403814
18447 Pelkey St,2021-10-22,Franklin,-82.986478,42.430173
18592 Maine St,2021-10-22,Northeast Central District,-83.075601,42.429624
19911 Forrer St,2021-10-22,Greenfield,-83.203413,42.437892
22500 Kendall St,2021-10-22,Eliza Howell,-83.26328,42.38829
2650 Fullerton St,2021-10-22,Dexter-Linwood,-83.120108,42.388426
2717 Fullerton St,2021-10-22,Dexter-Linwood,-83.120933,42.387571
2723 Fullerton St,2021-10-22,Dexter-Linwood,-83.121049,42.387528
8914 May St,2021-10-22,Airport Sub,-83.009849,42.395309
11152 Corbett Ave,2021-10-25,Wade,-82.991496,42.40082
11346 Grandmont Ave,2021-10-25,Joy Community,-83.209185,42.370714
12851 Hubbell St,2021-10-25,Schoolcraft Southfield,-83.188605,42.383585
13310 Camden Ave,2021-10-25,Outer Drive-Hayes,-82.971212,42.405144
13374 Mark Twain St,2021-10-25,Schoolcraft Southfield,-83.185677,42.386652
13431 Wade St,2021-10-25,Outer Drive-Hayes,-82.969834,42.407024
14024 Liberal St,2021-10-25,Franklin,-82.979676,42.439368
14839 Lappin St,2021-10-25,Regent Park,-82.968968,42.437396
19980 Joann St,2021-10-25,Conner Creek,-82.98996,42.443535
20240 Waltham St,2021-10-25,Conner Creek,-82.994949,42.446164
5532 Collingwood St,2021-10-25,Nardin Park,-83.137561,42.371591
6423 Sparta St,2021-10-25,Midwest,-83.134411,42.346627
7045 Elmhurst St,2021-10-25,Oakman Blvd Community,-83.141026,42.375864
7539 Nuernberg St,2021-10-25,Airport Sub,-83.025922,42.418125
2660 W Buena Vista St,2021-10-26,Dexter-Linwood,-83.121859,42.390668
7572 Nuernberg St,2021-10-26,Airport Sub,-83.025237,42.417686
1106 S Liebold St,2021-10-27,Boynton,-83.14807,42.281181
1112 S Liebold St,2021-10-27,Boynton,-83.148139,42.281099
12720 Cloverlawn St,2021-10-27,Littlefield Community,-83.151389,42.382689
14017 Monte Vista St,2021-10-27,Northwest Community,-83.166986,42.389974
14425 Freeland St,2021-10-27,Hubbell-Lyndon,-83.185492,42.394244
180 E Grand Blvd,2021-10-27,Islandview,-83.002892,42.349482
18717 Beland St,2021-10-27,Mount Olivet,-83.009833,42.432338
2825 Williams St,2021-10-27,Chadsey Condon,-83.089054,42.332275
4675 31st St,2021-10-27,Chadsey Condon,-83.113911,42.338583
4681 31st St,2021-10-27,Chadsey Condon,-83.113964,42.338655
6754 Ashton Ave,2021-10-27,Warrendale,-83.21673,42.340579
12652 Birwood St,2021-10-28,Grand River-I96,-83.16279,42.381441
14125 Mark Twain St,2021-10-28,Hubbell-Lyndon,-83.18651,42.390856
14359 Montrose St,2021-10-28,Greenfield-Grand River,-83.200733,42.392593
17226 Healy St,2021-10-28,Davison,-83.054616,42.420674
17814 Arlington St,2021-10-28,Cadillac Heights,-83.07708,42.423651
2666 W Buena Vista St,2021-10-28,Dexter-Linwood,-83.121975,42.390625
8449 Gartner St,2021-10-28,Springwells,-83.130313,42.306685
14062 Pinewood St,2021-10-29,Franklin,-82.978622,42.438513
14135 Pinewood St,2021-10-29,Franklin,-82.977136,42.43903
14439 Young St,2021-10-29,Mapleridge,-82.974105,42.424082
14639 Hazelridge St,2021-10-29,Mapleridge,-82.971699,42.42493
20214 Hawthorne St,2021-10-29,Nolan,-83.092694,42.443991
2680 Elmhurst St,2021-10-29,Dexter-Linwood,-83.117826,42.384186
5879 Begole St,2021-10-29,Midwest,-83.119951,42.346876
5891 Begole St,2021-10-29,Midwest,-83.120055,42.347022
6394 Evergreen Rd,2021-10-29,Warrendale,-83.234748,42.337251
7249 American St,2021-10-29,Midwest,-83.144126,42.34557
10015 W Fort St,2021-11-01,Carbon Works,-83.136235,42.29331
11945 Visger St,2021-11-01,Boynton,-83.155365,42.265229
12451 Visger St,2021-11-01,Boynton,-83.159556,42.267174
12611 Birwood St,2021-11-01,Grand River-I96,-83.163411,42.380889
13585 Northlawn St,2021-11-01,Davison-Schoolcraft,-83.153303,42.38749
140 Harmon St,2021-11-01,Gateway Community,-83.084121,42.390951
14045 Pinewood St,2021-11-01,Franklin,-82.979152,42.438979
15839 Burgess St,2021-11-01,Brightmoor,-83.25486,42.406371
17551 Marx St,2021-11-01,Cadillac Heights,-83.083993,42.422733
19181 Healy St,2021-11-01,Farwell,-83.056104,42.434485
2462 Tuxedo St,2021-11-01,Dexter-Linwood,-83.11356,42.384723
2944 Waverly,2021-11-01,Dexter-Linwood,-83.125458,42.391183
2946 Tyler St,2021-11-01,Dexter-Linwood,-83.125018,42.390504
550 W Hollywood Ave,2021-11-01,Grixdale Farms,-83.110108,42.430752
6030 28th St,2021-11-01,Midwest,-83.115067,42.348446
7165 Tuxedo St,2021-11-01,Oakman Blvd Community,-83.142897,42.374886
7307 American St,2021-11-01,Midwest,-83.144181,42.346393
7692 Central St,2021-11-01,Midwest,-83.145838,42.350172
8766 Kercheval St,2021-11-01,East Village,-82.991808,42.36138
10020 Winthrop St,2021-11-02,Joy Community,-83.198281,42.36959
10059 Crocuslawn St,2021-11-02,Barton-McFarland,-83.159524,42.368114
15805 14th St,2021-11-02,Pilgrim Village,-83.12063,42.408968
2672 W Buena Vista St,2021-11-02,Dexter-Linwood,-83.122092,42.390585
3020 Tyler St,2021-11-02,Dexter-Linwood,-83.126259,42.390046
11351 Yellowstone St,2021-11-03,Nardin Park,-83.133217,42.373835
1151 Dickerson St,2021-11-03,Riverbend,-82.953594,42.371297
12686 Hartwell St,2021-11-03,Pride Area Community,-83.176485,42.381607
13112 Flanders St,2021-11-03,Eden Gardens,-82.979807,42.41679
13428 Camden Ave,2021-11-03,Outer Drive-Hayes,-82.969217,42.405803
14073 Pinewood St,2021-11-03,Franklin,-82.978374,42.438982
14216 Camden Ave,2021-11-03,Outer Drive-Hayes,-82.968283,42.406122
14291 Camden Ave,2021-11-03,Outer Drive-Hayes,-82.967363,42.407
1455 S Liddesdale St,2021-11-03,Boynton,-83.149004,42.277593
2638 S Liddesdale St,2021-11-03,Boynton,-83.157827,42.268659
3237 Whitney St,2021-11-03,Wildemere Park,-83.108303,42.361104
5170 S Martindale St,2021-11-03,Midwest,-83.130798,42.360936
6616 Stanford,2021-11-03,Midwest,-83.114401,42.353564
7253 American St,2021-11-03,Midwest,-83.144132,42.34566
7260 American St,2021-11-03,Midwest,-83.14352,42.34577
9900 Pinehurst St,2021-11-03,Barton-McFarland,-83.165266,42.369047
1245 S Patricia St,2021-11-04,Boynton,-83.1493,42.280308
14116 Pinewood St,2021-11-04,Franklin,-82.977538,42.43854
14117 Stout St,2021-11-04,Brightmoor,-83.241427,42.388883
2742 Tyler St,2021-11-04,Dexter-Linwood,-83.123612,42.39078
4708 30th St,2021-11-04,Chadsey Condon,-83.112213,42.33973
6121 Cecil St,2021-11-04,Claytown,-83.140688,42.342386
8155 South St,2021-11-04,Delray,-83.118258,42.29433
9640 Petoskey Ave,2021-11-04,Nardin Park,-83.123829,42.371582
13388 Camden Ave,2021-11-05,Outer Drive-Hayes,-82.969945,42.405562
14827 Lesure St,2021-11-05,Bethune Community,-83.181357,42.397661
16587 Inverness St,2021-11-05,Martin Park,-83.123312,42.413901
22701 S Riverdale Dr,2021-11-05,Riverdale,-83.266142,42.41228
2680 Tyler St,2021-11-05,Dexter-Linwood,-83.122606,42.39115
2690 Fullerton St,2021-11-05,Dexter-Linwood,-83.120794,42.388171
2697 Leslie St,2021-11-05,Dexter-Linwood,-83.121149,42.388477
5529 Cranshaw St,2021-11-05,Nardin Park,-83.137671,42.371929
9426 Burnette St,2021-11-05,Midwest,-83.141702,42.365763
12738 Evanston St,2021-11-08,Ravendale,-82.975378,42.402108
12746 Evanston St,2021-11-08,Ravendale,-82.975258,42.402145
13372 Camden Ave,2021-11-08,Outer Drive-Hayes,-82.970175,42.405486
13379 Camden Ave,2021-11-08,Outer Drive-Hayes,-82.97029,42.406008
14055 Manning St,2021-11-08,Franklin,-82.978812,42.440985
14230 Appoline St,2021-11-08,Happy Homes,-83.169709,42.391914
14230 Maiden St,2021-11-08,Outer Drive-Hayes,-82.96899,42.407692
14241 Maiden St,2021-11-08,Outer Drive-Hayes,-82.969136,42.408144
14609 Santa Rosa Dr,2021-11-08,Chalfonte,-83.142508,42.39696
2632 Tyler St,2021-11-08,Dexter-Linwood,-83.121794,42.39145
5021 S Clarendon St,2021-11-08,Midwest,-83.127616,42.361706
5046 S Clarendon St,2021-11-08,Midwest,-83.128349,42.361691
6395 Belfast St,2021-11-08,Midwest,-83.13697,42.351054
6403 Colfax St,2021-11-08,Midwest,-83.126902,42.349485
6415 Colfax St,2021-11-08,Midwest,-83.127004,42.349632
12724 Evanston St,2021-11-09,Ravendale,-82.975618,42.402036
12730 Evanston St,2021-11-09,Ravendale,-82.975498,42.402072
13354 Camden Ave,2021-11-09,Outer Drive-Hayes,-82.970521,42.405372
13366 Camden Ave,2021-11-09,Outer Drive-Hayes,-82.970291,42.405448
2646 Tyler St,2021-11-09,Dexter-Linwood,-83.122026,42.391364
440 W Hollywood Ave,2021-11-09,Grixdale Farms,-83.108034,42.43077
4721 23rd St,2021-11-09,Chadsey Condon,-83.098343,42.342908
5015 S Clarendon St,2021-11-09,Midwest,-83.127556,42.36179
9393 Burnette St,2021-11-09,Midwest,-83.142291,42.365235
12718 Evanston St,2021-11-10,Ravendale,-82.975738,42.402
12783 Corbett Ave,2021-11-10,Wade,-82.977138,42.406337
13131 Schoolcraft St,2021-11-10,Grand River-I96,-83.173689,42.387871
13559 Steel St,2021-11-10,Grand River-I96,-83.171169,42.386667
14024 Manning St,2021-11-10,Franklin,-82.979644,42.440455
14201 Camden Ave,2021-11-10,Outer Drive-Hayes,-82.968797,42.406501
14284 Maiden St,2021-11-10,Outer Drive-Hayes,-82.968048,42.408014
14292 Maiden St,2021-11-10,Outer Drive-Hayes,-82.96793,42.408054
14309 Maiden St,2021-11-10,Outer Drive-Hayes,-82.967959,42.408547
15816 Alden St,2021-11-10,Pilgrim Village,-83.130321,42.408134
2710 Fullerton St,2021-11-10,Dexter-Linwood,-83.121143,42.388042
2730 Tyler St,2021-11-10,Dexter-Linwood,-83.123411,42.390853
3304 Goldner St,2021-11-10,Central Southwest,-83.105729,42.329492
3752 Webb St,2021-11-10,Nardin Park,-83.125249,42.379432
6435 Colfax St,2021-11-10,Midwest,-83.127159,42.349851
6441 Colfax St,2021-11-10,Midwest,-83.12721,42.349924
12345 Chelsea Ave,2021-11-12,Wade,-82.983393,42.407596
12706 Lauder St,2021-11-12,Schoolcraft Southfield,-83.18991,42.381575
13000 Corbett Ave,2021-11-12,Outer Drive-Hayes,-82.975458,42.406367
13054 Chelsea Ave,2021-11-12,Outer Drive-Hayes,-82.976323,42.409432
13345 Camden Ave,2021-11-12,Outer Drive-Hayes,-82.970863,42.405812
13653 Tacoma St,2021-11-12,Franklin,-82.984253,42.441647
13680 Tacoma St,2021-11-12,Franklin,-82.98373,42.441215
14274 Corbett Ave,2021-11-12,Outer Drive-Hayes,-82.968725,42.408693
17404 Marx St,2021-11-12,Cadillac Heights,-83.083233,42.421718
17405 Marx St,2021-11-12,Cadillac Heights,-83.083943,42.421688
1987 Leslie St,2021-11-12,Dexter-Linwood,-83.112102,42.391911
3485 Van Dyke St,2021-11-12,Islandview,-83.005756,42.366013
3764 Webb St,2021-11-12,Nardin Park,-83.125447,42.379358
5229 Garland St,2021-11-12,West End,-82.995765,42.386334
7563 Jordan St,2021-11-12,Airport Sub,-83.024883,42.403482
815 S Crossley St,2021-11-12,Delray,-83.110478,42.294276
10312 Elmira St,2021-11-15,Barton-McFarland,-83.162159,42.371425
10370 Violetlawn St,2021-11-15,Barton-McFarland,-83.163042,42.367743
14655 Cedargrove St,2021-11-15,Mapleridge,-82.971447,42.425754
14659 Mayfield St,2021-11-15,Mapleridge,-82.971213,42.422547
14667 Cedargrove St,2021-11-15,Mapleridge,-82.971188,42.425757
1637 Leslie St,2021-11-15,Dexter-Linwood,-83.108956,42.393008
1691 Leslie St,2021-11-15,Dexter-Linwood,-83.10985,42.392677
1993 Leslie St,2021-11-15,Dexter-Linwood,-83.112201,42.391874
2276 Glendale St,2021-11-15,Dexter-Linwood,-83.115497,42.392004
3727 Wesson St,2021-11-15,Central Southwest,-83.114752,42.329601
3801 Elmhurst St,2021-11-15,Nardin Park,-83.12669,42.380111
4028 Beniteau St,2021-11-15,West End,-82.981274,42.381713
4269 Webb St,2021-11-15,Nardin Park,-83.12954,42.377309
8061 Tumey St,2021-11-15,Airport Sub,-83.022396,42.418821
8401 Saint Cyril Ave,2021-11-15,Airport Sub,-83.026539,42.389794
14163 Pinehurst St,2021-11-16,Northwest Community,-83.165978,42.391091
14524 Novara St,2021-11-16,Regent Park,-82.972917,42.439018
1744 W Willis St,2021-11-16,Woodbridge,-83.079009,42.345684
19440 Danbury St,2021-11-16,Penrose,-83.106027,42.436236
489 Adeline St,2021-11-16,Penrose,-83.109146,42.438348
8913 McClellan St,2021-11-16,Airport Sub,-83.012304,42.394855
10500 Plymouth Rd,2021-11-17,Grand River-I96,-83.164734,42.373602
13949 Mapleridge St,2021-11-17,Mapleridge,-82.980334,42.429257
14506 Liberal St,2021-11-17,Regent Park,-82.97325,42.439785
17911 Hoover St,2021-11-17,Von Steuben,-83.00471,42.427028
20259 Derby St,2021-11-17,Nolan,-83.10433,42.444355
2754 Tyler St,2021-11-17,Dexter-Linwood,-83.12381,42.390706
3749 Burlingame St,2021-11-17,Nardin Park,-83.124438,42.378435
3752 Burlingame St,2021-11-17,Nardin Park,-83.124794,42.378763
6587 Stanford,2021-11-17,Midwest,-83.115076,42.353133
6633 Stanford,2021-11-17,Midwest,-83.1151,42.353791
11765 Beaconsfield St,2021-11-18,Moross-Morang,-82.943071,42.42832
13310 Evanston St,2021-11-18,Outer Drive-Hayes,-82.970371,42.40359
13941 Cloverlawn St,2021-11-18,Davison-Schoolcraft,-83.152206,42.389294
14275 Fordham St,2021-11-18,Mapleridge,-82.975824,42.434511
1632 Leslie St,2021-11-18,Dexter-Linwood,-83.109158,42.393477
20467 Andover St,2021-11-18,Nolan,-83.099908,42.445616
2682 Fullerton St,2021-11-18,Dexter-Linwood,-83.120675,42.388216
2683 Glendale St,2021-11-18,Dexter-Linwood,-83.121447,42.389359
3833 Burlingame St,2021-11-18,Nardin Park,-83.125825,42.377914
4342 Algonquin St,2021-11-18,Fox Creek,-82.96699,42.38688
4345 Algonquin St,2021-11-18,Fox Creek,-82.96759,42.386645
6643 Vinewood St,2021-11-18,Midwest,-83.109227,42.353648
11709 Beaconsfield St,2021-11-19,Moross-Morang,-82.943603,42.427622
13428 Evanston St,2021-11-19,Outer Drive-Hayes,-82.968339,42.404187
14709 Mayfield St,2021-11-19,Mapleridge,-82.970306,42.422555
20216 Andover St,2021-11-19,Nolan,-83.099182,42.443856
20235 Andover St,2021-11-19,Nolan,-83.099832,42.44414
20256 Andover St,2021-11-19,Nolan,-83.099203,42.444431
4678 Pacific St,2021-11-19,Midwest,-83.121495,42.356659
12633 Wilfred St,2021-11-22,Eden Gardens,-82.984691,42.414685
12804 Wilfred St,2021-11-22,Eden Gardens,-82.982185,42.415075
12805 Elmdale St,2021-11-22,Wade,-82.977315,42.407372
14674 Mayfield St,2021-11-22,Mapleridge,-82.970933,42.422107
14682 Mayfield St,2021-11-22,Mapleridge,-82.970804,42.422106
14689 Mayfield St,2021-11-22,Mapleridge,-82.970695,42.422553
14709 Fordham St,2021-11-22,Mapleridge,-82.970512,42.434648
15025 Fordham St,2021-11-22,Mapleridge,-82.967341,42.434755
15408 Pierson St,2021-11-22,Brightmoor,-83.245738,42.402582
19300 Albion St,2021-11-22,Pulaski,-83.005546,42.436566
19380 Albion St,2021-11-22,Pulaski,-83.00558,42.437656
20172 Andover St,2021-11-22,Nolan,-83.099159,42.443279
20196 Andover St,2021-11-22,Nolan,-83.099169,42.443568
2660 Fullerton St,2021-11-22,Dexter-Linwood,-83.120287,42.388359
2944 Lenox St,2021-11-22,Riverbend,-82.957982,42.381046
5955 Northfield St,2021-11-22,Midwest,-83.122176,42.346441
5956 Northfield St,2021-11-22,Midwest,-83.121599,42.346666
12275 Wilfred St,2021-11-23,Eden Gardens,-82.988503,42.413384
14210 Evanston St,2021-11-23,Outer Drive-Hayes,-82.96738,42.404466
14238 Saratoga St,2021-11-23,Mapleridge,-82.976447,42.432609
14239 Saratoga St,2021-11-23,Mapleridge,-82.97645,42.433022
14250 Saratoga St,2021-11-23,Mapleridge,-82.976181,42.432605
1505 Ford St,2021-11-23,Pilgrim Village,-83.110696,42.400736
1511 Ford St,2021-11-23,Pilgrim Village,-83.110849,42.40073
1514 Pasadena St,2021-11-23,Pilgrim Village,-83.110672,42.400312
1518 Pasadena St,2021-11-23,Pilgrim Village,-83.110786,42.400293
15515 Pierson St,2021-11-23,Brightmoor,-83.246415,42.403984
15516 Pierson St,2021-11-23,Brightmoor,-83.245777,42.403934
18991 Alcoy St,2021-11-23,Franklin,-82.989114,42.434315
19421 W McNichols Rd,2021-11-23,North Rosedale Park,-83.233822,42.415038
1989 Geneva St,2021-11-23,Martin Park,-83.120439,42.413274
2123 W Eight Mile,2021-11-23,State Fair,-83.123338,42.446169
2681 E Forest Ave,2021-11-23,McDougall-Hunt,-83.038043,42.364366
2692 Monterey St,2021-11-23,Dexter-Linwood,-83.118646,42.384931
3832 Tuxedo St,2021-11-23,Nardin Park,-83.126987,42.379623
4700 Berkshire St,2021-11-23,Morningside,-82.943163,42.398696
4811 Berkshire St,2021-11-23,Morningside,-82.944081,42.399036
5101 Elmhurst St,2021-11-23,Nardin Park,-83.137113,42.376058
14230 Evanston St,2021-11-24,Outer Drive-Hayes,-82.967023,42.40457
14236 Evanston St,2021-11-24,Outer Drive-Hayes,-82.966903,42.404605
14467 Mayfield St,2021-11-24,Mapleridge,-82.973536,42.422515
15051 Glenwood St,2021-11-24,Mapleridge,-82.966741,42.431012
15717 Pierson St,2021-11-24,Brightmoor,-83.24645,42.404526
20117 Andover St,2021-11-24,Nolan,-83.099768,42.442506
20124 Andover St,2021-11-24,Nolan,-83.099133,42.442605
3024 Lenox St,2021-11-24,Riverbend,-82.958607,42.382011
6206 Frontenac St,2021-11-24,Gratiot Town/Kettering,-83.024979,42.383383
12765 Hampshire St,2021-11-29,Ravendale,-82.9756,42.403328
12831 Montville Pl,2021-11-29,Dexter-Linwood,-83.115705,42.392305
13539 Fleming St,2021-11-29,North Campau,-83.075438,42.412621
14216 Evanston St,2021-11-29,Outer Drive-Hayes,-82.967263,42.4045
14231 Saratoga St,2021-11-29,Mapleridge,-82.976583,42.433022
14667 Mayfield St,2021-11-29,Mapleridge,-82.971083,42.422548
20151 Andover St,2021-11-29,Nolan,-83.09979,42.442992
2427 Calvert St,2021-11-29,Dexter-Linwood,-83.110325,42.380261
3160 Drexel St,2021-11-29,Riverbend,-82.95876,42.384083
3229 Meldrum St,2021-11-29,Islandview,-83.01987,42.360437
3935 Haverhill St,2021-11-29,Morningside,-82.938122,42.393502
4333 Ashland St,2021-11-29,Fox Creek,-82.952333,42.392077
4338 Ashland St,2021-11-29,Fox Creek,-82.95189,42.392327
4356 Ashland St,2021-11-29,Fox Creek,-82.952039,42.392548
4362 Ashland St,2021-11-29,Fox Creek,-82.952088,42.392622
477 Adeline St,2021-11-29,Penrose,-83.108925,42.438356
5051 Newport St,2021-11-29,Chandler Park,-82.961998,42.39526
5348 Seneca St,2021-11-29,Pingree Park,-83.009676,42.381109
6109 Iroquois St,2021-11-29,Gratiot Town/Kettering,-83.015587,42.386585
6173 Canton St,2021-11-29,Gratiot Town/Kettering,-83.028197,42.382315
7548 Milton St,2021-11-29,Airport Sub,-83.025239,42.40716
8043 Stockton St,2021-11-29,Mount Olivet,-83.023128,42.428988
13954 Roselawn St,2021-11-30,Davison-Schoolcraft,-83.150526,42.389539
19311 Hasse St,2021-11-30,Farwell,-83.05719,42.436077
19399 Hasse St,2021-11-30,Farwell,-83.057254,42.437249
3101 Lenox St,2021-11-30,Riverbend,-82.959779,42.382781
6712 Stanford,2021-11-30,Midwest,-83.114437,42.354132
7038 Longyear St,2021-11-30,Gratiot Town/Kettering,-83.024955,42.381063
11414 Wisconsin St,2021-12-01,Barton-McFarland,-83.154938,42.372168
12251 Longview St,2021-12-01,Wade,-82.984407,42.40608
1264 E Grand Blvd,2021-12-01,Gratiot Town/Kettering,-83.020211,42.376411
12710 Longview St,2021-12-01,Wade,-82.979189,42.407235
14171 Pinewood St,2021-12-01,Franklin,-82.976487,42.439044
14474 Hazelridge St,2021-12-01,Mapleridge,-82.97347,42.424443
14939 Elmdale St,2021-12-01,Outer Drive-Hayes,-82.965807,42.410597
15703 Pierson St,2021-12-01,Brightmoor,-83.24644,42.404247
15729 Pierson St,2021-12-01,Brightmoor,-83.246463,42.404778
15735 Pierson St,2021-12-01,Brightmoor,-83.246454,42.404898
2656 Hunt St,2021-12-01,McDougall-Hunt,-83.03008,42.351561
2687 W Buena Vista St,2021-12-01,Dexter-Linwood,-83.122084,42.390156
2967 Hendricks St,2021-12-01,McDougall-Hunt,-83.026859,42.352538
3563 E Kirby St,2021-12-01,Poletown East,-83.032933,42.372785
3575 E Kirby St,2021-12-01,Poletown East,-83.032734,42.372857
3718 Ellery St,2021-12-01,McDougall-Hunt,-83.024589,42.361532
4268 Burlingame St,2021-12-01,Nardin Park,-83.129353,42.377036
447 W Hollywood Ave,2021-12-01,Grixdale Farms,-83.108156,42.430329
11371 Ohio St,2021-12-02,Barton-McFarland,-83.154505,42.37227
14005 Pinewood St,2021-12-02,Franklin,-82.98031,42.438951
14183 Rochelle St,2021-12-02,Mapleridge,-82.977387,42.423242
14210 Maiden St,2021-12-02,Outer Drive-Hayes,-82.969343,42.40757
14211 Evanston St,2021-12-02,Outer Drive-Hayes,-82.967614,42.404879
15740 Pierson St,2021-12-02,Brightmoor,-83.245825,42.405033
18250 Monte Vista St,2021-12-02,Schulze,-83.168055,42.424863
19175 Lamont St,2021-12-02,Farwell,-83.05512,42.434432
19267 Fenelon St,2021-12-02,Farwell,-83.054209,42.435725
19625 Alcoy St,2021-12-02,Pulaski,-82.989277,42.440234
20554 Caldwell St,2021-12-02,Farwell,-83.047245,42.447042
3156 E Palmer St,2021-12-02,Poletown East,-83.037989,42.372827
4254 Burlingame St,2021-12-02,Nardin Park,-83.129135,42.377112
5821 Springfield St,2021-12-02,West End,-82.992356,42.392179
5838 Springfield St,2021-12-02,West End,-82.991928,42.392616
5839 Springfield St,2021-12-02,West End,-82.992507,42.392399
13073 Longview St,2021-12-03,Outer Drive-Hayes,-82.975745,42.409074
13675 Tacoma St,2021-12-03,Franklin,-82.983865,42.441658
14203 Rochelle St,2021-12-03,Mapleridge,-82.976828,42.423253
14484 Glenwood St,2021-12-03,Mapleridge,-82.97349,42.430385
19132 Lamont St,2021-12-03,Farwell,-83.054527,42.433827
19195 Fenelon St,2021-12-03,Farwell,-83.054154,42.434738
19200 Verona St,2021-12-03,Franklin,-82.981419,42.436505
19236 Grandview St,2021-12-03,Five Points,-83.284587,42.430617
20238 Moross Rd,2021-12-03,Moross-Morang,-82.93495,42.42672
20242 Moross Rd,2021-12-03,Moross-Morang,-82.93495,42.42672
2722 W Buena Vista St,2021-12-03,Dexter-Linwood,-83.122903,42.390282
5562 Farmbrook St,2021-12-03,Cornerstone Village,-82.921983,42.414124
5962 Northfield St,2021-12-03,Midwest,-83.121651,42.346738
6731 Majestic St,2021-12-03,Midwest,-83.139407,42.347621
9318 Bessemore St,2021-12-03,Airport Sub,-83.010947,42.393863
14171 Rochelle St,2021-12-06,Mapleridge,-82.97772,42.42324
14211 Rochelle St,2021-12-06,Mapleridge,-82.976687,42.423255
14250 Young St,2021-12-06,Mapleridge,-82.975913,42.423593
14913 Ward St,2021-12-06,Bethune Community,-83.173854,42.399266
158 E Hildale St,2021-12-06,Greenfield Park,-83.09921,42.428259
17552 McDougall St,2021-12-06,Cadillac Heights,-83.070706,42.423235
19162 Fenelon St,2021-12-06,Farwell,-83.053553,42.434288
2736 Tyler St,2021-12-06,Dexter-Linwood,-83.123513,42.390817
2916 Waverly,2021-12-06,Dexter-Linwood,-83.124994,42.391354
3154 E Kirby St,2021-12-06,Poletown East,-83.036783,42.370788
3531 Farnsworth St,2021-12-06,Poletown East,-83.032272,42.370848
3571 E Kirby St,2021-12-06,Poletown East,-83.032834,42.372821
5304 Oregon St,2021-12-06,Midwest,-83.126141,42.355928
6062 Cooper St,2021-12-06,West End,-83.004674,42.390352
6067 Leidich St,2021-12-06,Chandler Park,-82.985024,42.397283
6310 Colfax St,2021-12-06,Midwest,-83.125501,42.348555
6375 Colfax St,2021-12-06,Midwest,-83.126645,42.34912
6388 Colfax St,2021-12-06,Midwest,-83.126141,42.349464
6520 Colfax St,2021-12-06,Midwest,-83.12733,42.351139
6532 Colfax St,2021-12-06,Midwest,-83.127434,42.351284
6538 Colfax St,2021-12-06,Midwest,-83.127485,42.351357
11814 Longview St,2021-12-07,Wade,-82.988808,42.403923
12780 Downing St,2021-12-07,Boynton,-83.159758,42.272942
14245 Rochelle St,2021-12-07,Mapleridge,-82.976036,42.423266
14251 Rochelle St,2021-12-07,Mapleridge,-82.975906,42.423268
20521 Oakfield St,2021-12-07,Greenfield,-83.216444,42.443054
2510 Waverly St,2021-12-07,Dexter-Linwood,-83.120815,42.392896
9165 OLDTOWN,2021-12-07,Yorkshire Woods,-82.936726,42.418333
1640 Gray St,2021-12-08,Riverbend,-82.956248,42.3745
6128 Northfield St,2021-12-08,Midwest,-83.123143,42.34884
8007 Joy Rd,2021-12-08,Midwest,-83.147796,42.358887
9254 Cairney St,2021-12-08,Gratiot Woods,-83.005992,42.387761
10982 Chelsea Ave,2021-12-09,Wade,-82.99352,42.403445
1132 S Deacon St,2021-12-09,Boynton,-83.144578,42.279147
13866 Fordham St,2021-12-09,Franklin,-82.981273,42.433833
13925 Steel St,2021-12-09,Happy Homes,-83.17125,42.388626
14127 Seymour St,2021-12-09,Mapleridge,-82.979008,42.42724
1544 Waterman St,2021-12-09,Central Southwest,-83.11244,42.310807
3220 Taylor St,2021-12-09,Jamison,-83.11405,42.370101
4120 Central St,2021-12-09,Claytown,-83.133638,42.326052
5042 3 Mile Dr,2021-12-09,Morningside,-82.940089,42.403148
5973 Pennsylvania St,2021-12-09,West End,-83.004034,42.390306
6580 Stanford,2021-12-09,Midwest,-83.114389,42.35307
7031 Hyde St,2021-12-09,Gratiot Town/Kettering,-83.026326,42.382969
7060 Hyde St,2021-12-09,Gratiot Town/Kettering,-83.025535,42.38268
9376 Wyoming St,2021-12-09,Barton-McFarland,-83.157767,42.36515
13716 Tacoma St,2021-12-10,Franklin,-82.983064,42.441231
14003 Steel St,2021-12-10,Happy Homes,-83.171304,42.389682
14184 Steel St,2021-12-10,Happy Homes,-83.170765,42.391261
14261 Fordham St,2021-12-10,Mapleridge,-82.97609,42.434514
14296 Fordham St,2021-12-10,Mapleridge,-82.975421,42.434102
14850 Troester St,2021-12-10,Mapleridge,-82.969113,42.426125999999996
15067 Fordham St,2021-12-10,Mapleridge,-82.966564,42.434777
2505 Glendale St,2021-12-10,Dexter-Linwood,-83.118935,42.390349
3337 Taylor St,2021-12-10,Jamison,-83.115721,42.36903
3438 Mount Elliott St,2021-12-10,Islandview,-83.02012,42.359773
3720 Fenkell St,2021-12-10,Pilgrim Village,-83.136207,42.402978
5896 Vancourt St,2021-12-10,Midwest,-83.120699,42.34718
7044 Miles St,2021-12-10,Gratiot Town/Kettering,-83.026393,42.383429
13677 Stoepel St,2021-12-13,Oakman Blvd Community,-83.141029,42.389038
14696 Seymour St,2021-12-13,Mapleridge,-82.970692,42.426883
1640 Glendale St,2021-12-13,Dexter-Linwood,-83.109894,42.394204
1654 Glendale St,2021-12-13,Dexter-Linwood,-83.110094,42.394131
20 W Arizona St,2021-12-13,Grixdale Farms,-83.102428,42.419266
502 S Cottrell St,2021-12-13,Delray,-83.110996,42.297403
7550 W Warren Ave,2021-12-13,Midwest,-83.14466,42.345063
11807 Camden Ave,2021-12-14,Ravendale,-82.986675,42.400285
13940 Eastwood St,2021-12-14,Franklin,-82.979851,42.432972
13960 Ward St,2021-12-14,Happy Homes,-83.172834,42.389063
14104 Mayfield St,2021-12-14,Mapleridge,-82.979465,42.421987
15544 Inverness St,2021-12-14,Pilgrim Village,-83.122192,42.406162
16139 Petoskey Ave,2021-12-14,Martin Park,-83.13971,42.410574
5449 Grandy St,2021-12-14,Poletown East,-83.041562,42.370177
5742 14th St,2021-12-14,Elijah McCoy,-83.090187,42.356284
12185 Waltham St,2021-12-15,Gratiot-Findlay,-82.989756,42.419819
13135 Compass St,2021-12-15,Happy Homes,-83.173843,42.388782
13192 Compass St,2021-12-15,Happy Homes,-83.174889,42.389257
1351 E Jefferson Ave,2021-12-15,Lafayette Park,-83.033392,42.333957
1487 Bewick St,2021-12-15,East Village,-82.981149,42.363428
15357 Mendota St,2021-12-15,Bethune Community,-83.165414,42.403284
17190 Detroit St,2021-12-15,Cornerstone Village,-82.92448,42.401095
19351 Saint Aubin St,2021-12-15,Nolan,-83.082124,42.436154
20211 Charleston St,2021-12-15,Nolan,-83.107448,42.443641
3611 Charlevoix St,2021-12-15,McDougall-Hunt,-83.021175,42.35643
3699 Maxwell St,2021-12-15,Gratiot-Grand,-83.005321,42.368922
484 Colton St,2021-12-15,Nolan,-83.108889,42.445143
5233 Oregon St,2021-12-15,Midwest,-83.124628,42.35592
5252 Oregon St,2021-12-15,Midwest,-83.125255,42.356272
5433 Mitchell St,2021-12-15,Poletown East,-83.039487,42.370656
6008 Hazlett St,2021-12-15,Midwest,-83.123154,42.347007
62 Edgevale St,2021-12-15,Greenfield Park,-83.100509,42.418474
7032 Miles St,2021-12-15,Gratiot Town/Kettering,-83.026586,42.383359
7059 Hyde St,2021-12-15,Gratiot Town/Kettering,-83.025838,42.383141
9100 Sorrento St,2021-12-15,Barton-McFarland,-83.171125,42.36107
102 Edgevale St,2021-12-16,Greenfield Park,-83.099731,42.41849
1190 Ashland St,2021-12-16,Riverbend,-82.941853,42.377121
134 E Arizona St,2021-12-16,Greenfield Park,-83.099207,42.419258
15674 Eastwood St,2021-12-16,Mapleridge,-82.958324,42.433696
8254 Plainview Ave,2021-12-16,Warrendale,-83.234174,42.352993
10311 Elmira St,2021-12-17,Barton-McFarland,-83.162141,42.370966
10415 Elmira St,2021-12-17,Barton-McFarland,-83.164134,42.370917
12781 Kentucky St,2021-12-17,Littlefield Community,-83.158165,42.383351
13178 Compass St,2021-12-17,Happy Homes,-83.17463,42.389263
13642 Sorrento St,2021-12-17,Grand River-I96,-83.171692,42.387776
14126 Mayfield St,2021-12-17,Mapleridge,-82.978909,42.421991
14139 Sorrento St,2021-12-17,Happy Homes,-83.17242,42.390582
14173 Mayfield St,2021-12-17,Mapleridge,-82.977692,42.422445
14179 Mayfield St,2021-12-17,Mapleridge,-82.977468,42.422451
16061 Novara St,2021-12-17,Regent Park,-82.954599,42.439483
3778 Maxwell St,2021-12-17,Gratiot-Grand,-83.005464,42.3701
4466 Lillibridge St,2021-12-17,West End,-82.98394,42.383273
4850 Maynard St,2021-12-17,Fox Creek,-82.972545,42.389446
517 S Crossley St,2021-12-17,Delray,-83.112221,42.296683
5256 Oregon St,2021-12-17,Midwest,-83.125354,42.356233
5908 Belvidere St,2021-12-17,Gratiot Woods,-83.006354,42.388077
6021 Colfax St,2021-12-17,Midwest,-83.124816,42.34653
7055 Hyde St,2021-12-17,Gratiot Town/Kettering,-83.02594,42.383109
9634 Herkimer St,2021-12-17,Carbon Works,-83.131706,42.29092
14131 Sorrento St,2021-12-20,Happy Homes,-83.172415,42.390486
14238 Sorrento St,2021-12-20,Happy Homes,-83.171901,42.391952
14660 Fordham St,2021-12-20,Mapleridge,-82.971396,42.434206
14666 Fordham St,2021-12-20,Mapleridge,-82.971285,42.434211
15031 Fordham St,2021-12-20,Mapleridge,-82.967212,42.434757
19385 Dresden St,2021-12-20,Pulaski,-83.000257,42.437611
19981 Omira St,2021-12-20,Nolan,-83.096503,42.440936
4504 Saint Clair St,2021-12-20,East Canfield,-82.990245,42.381339
5263 Oregon St,2021-12-20,Midwest,-83.12512,42.355728
5849 Hazlett St,2021-12-20,Midwest,-83.122552,42.34516
6407 Hazlett St,2021-12-20,Midwest,-83.125922,42.349914
6438 Fischer St,2021-12-20,Airport Sub,-83.013584,42.389948
6438 Iroquois St,2021-12-20,Airport Sub,-83.016502,42.388821
15044 Fordham St,2021-12-21,Mapleridge,-82.966942,42.434337
15720 Pierson St,2021-12-21,Brightmoor,-83.245809,42.404663
15741 Pierson St,2021-12-21,Brightmoor,-83.24646,42.405021
15758 Pierson St,2021-12-21,Brightmoor,-83.245841,42.405403
10334 Beechdale St,2021-12-22,Barton-McFarland,-83.162569,42.370682
12264 Evanston St,2021-12-22,Ravendale,-82.981291,42.400332
14189 Mayfield St,2021-12-22,Mapleridge,-82.977181,42.422454
14301 Sorrento St,2021-12-22,Happy Homes,-83.172531,42.392814
14390 Maddelein St,2021-12-22,Regent Park,-82.975219,42.435731
14472 Troester St,2021-12-22,Mapleridge,-82.973538,42.42606
14917 Fordham St,2021-12-22,Mapleridge,-82.968094,42.434742
15352 Pinehurst St,2021-12-22,Bethune Community,-83.165985,42.403167
2698 S Edsel St,2021-12-22,Boynton,-83.16036,42.26886
33 Louisiana St,2021-12-22,Greenfield Park,-83.10122,42.422645
4613 Oregon St,2021-12-22,Midwest,-83.120627,42.357446
57 E Longwood Ave,2021-12-22,Greenfield Park,-83.100749,42.421893
5911 Colfax St,2021-12-22,Midwest,-83.124363,42.345881
5923 Colfax St,2021-12-22,Midwest,-83.124467,42.346026
5931 Colfax St,2021-12-22,Midwest,-83.124515,42.346094
6344 Evergreen Rd,2021-12-22,Warrendale,-83.234724,42.336579
6759 Iroquois St,2021-12-22,Airport Sub,-83.01825,42.391631
8631 Traverse St,2021-12-22,Airport Sub,-83.016879,42.400314
9252 Auburn St,2021-12-22,Franklin Park,-83.233201,42.362287
9651 Otsego St,2021-12-22,Nardin Park,-83.125591,42.371166
13127 Compass St,2021-12-23,Happy Homes,-83.173711,42.388786
14219 Seymour St,2021-12-23,Mapleridge,-82.97669,42.427267
2742 Norman St,2021-12-23,Springwells,-83.132271,42.315156
5287 Larchmont St,2021-12-23,Midwest,-83.123246,42.352349
6403 Hazlett St,2021-12-23,Midwest,-83.12587,42.349841
6417 Hazlett St,2021-12-23,Midwest,-83.125974,42.349988
156 E Margaret St,2021-12-28,Greenfield Park,-83.09895,42.426042
12290 Evanston St,2021-12-29,Ravendale,-82.980858,42.400464
13325 Compass St,2021-12-29,Happy Homes,-83.17587,42.388723
13918 Steel St,2021-12-29,Happy Homes,-83.170636,42.388534
14639 Troester St,2021-12-29,Mapleridge,-82.971745,42.426566
14653 Seymour St,2021-12-29,Mapleridge,-82.971541,42.427353
14666 Troester St,2021-12-29,Mapleridge,-82.971199,42.42608
14702 Troester St,2021-12-29,Mapleridge,-82.970551,42.426087
14800 Seymour St,2021-12-29,Mapleridge,-82.969968,42.4269
14803 Young St,2021-12-29,Mapleridge,-82.969861,42.424152
14811 Young St,2021-12-29,Mapleridge,-82.969726,42.424154
14909 Fordham St,2021-12-29,Mapleridge,-82.968223,42.434738
18103 Mitchell St,2021-12-29,Northeast Central District,-83.071991,42.427364
19351 Andover St,2021-12-29,Nolan,-83.099552,42.435656
4180 Springle St,2021-12-29,Fox Creek,-82.965042,42.385933
4697 Chalmers St,2021-12-29,Fox Creek,-82.957856,42.393344
5388 Belvidere St,2021-12-29,Gratiot Woods,-83.003602,42.384146
5842 Hazlett St,2021-12-29,Midwest,-83.121899,42.34525
6396 Hazlett St,2021-12-29,Midwest,-83.125274,42.350022
6401 Stanford,2021-12-29,Midwest,-83.114729,42.351415
6449 Hazlett St,2021-12-29,Midwest,-83.126283,42.350426
6469 Hazlett St,2021-12-29,Midwest,-83.126437,42.350645
6473 Hazlett St,2021-12-29,Midwest,-83.126488,42.350718
7311 Navy St,2021-12-29,Springwells,-83.121687,42.310932
13918 Ward St,2021-12-30,Happy Homes,-83.172806,42.388487
14116 Steel St,2021-12-30,Happy Homes,-83.170718,42.390331
14914 Young St,2021-12-30,Mapleridge,-82.967762,42.423711
200 E Margaret St,2021-12-30,Greenfield Park,-83.098201,42.426067
5941 Hazlett St,2021-12-30,Midwest,-83.123327,42.346253
6325 Hazlett St,2021-12-30,Midwest,-83.125193,42.348896
11142 Charlemagne Ave,2022-01-04,Gratiot-Findlay,-82.99764,42.407882
11359 Roxbury St,2022-01-04,Yorkshire Woods,-82.948104,42.423491
11811 Chelsea Ave,2022-01-04,Wade,-82.989841,42.405351
12050 Dresden St,2022-01-04,Gratiot-Findlay,-82.993149,42.41781
12220 Chelsea Ave,2022-01-04,Wade,-82.985184,42.406352
14521 Maddelein St,2022-01-04,Regent Park,-82.972838,42.436352
15080 Fordham St,2022-01-04,Mapleridge,-82.966295,42.434358
15095 Eastwood St,2022-01-04,Mapleridge,-82.966019,42.434059
175 E Margaret St,2022-01-04,Greenfield Park,-83.098638,42.426465
19337 Dresden St,2022-01-04,Pulaski,-83.00023,42.436953
19900 Moross Rd,2022-01-04,Moross-Morang,-82.938505,42.428151
4646 17th St,2022-01-04,Core City,-83.088761,42.346377
4813 Chalmers St,2022-01-04,Fox Creek,-82.958267,42.393969
6104 Colfax St,2022-01-04,Midwest,-83.124941,42.347755
6324 Guilford St,2022-01-04,Cornerstone Village,-82.933464,42.4174
6479 Hazlett St,2022-01-04,Midwest,-83.126565,42.350827
8456 Wisner St,2022-01-04,Airport Sub,-83.016036,42.413709
11852 Grand River Ave,2022-01-05,Littlefield Community,-83.156252,42.375982
14167 Mapleridge St,2022-01-05,Mapleridge,-82.977868,42.429228
3829 Fredro St,2022-01-05,Buffalo Charles,-83.056666,42.409629
3830 Sobieski St,2022-01-05,Buffalo Charles,-83.056914,42.409908
14487 Lappin St,2022-01-06,Regent Park,-82.973531,42.437296
14495 Lappin St,2022-01-06,Regent Park,-82.973402,42.437299
3067 Algonquin St,2022-01-06,Riverbend,-82.963751,42.380787
4217 Lawton St,2022-01-06,Core City,-83.091521,42.341443
5127 Garland St,2022-01-06,West End,-82.99489,42.385025
5133 Garland St,2022-01-06,West End,-82.994964,42.385135
5887 Colfax St,2022-01-06,Midwest,-83.124159,42.345588
1798 E Grand Blvd,2022-01-07,Poletown East,-83.035624,42.375838
19621 Keating St,2022-01-07,Nolan,-83.10069,42.437565
5563 Vancouver St,2022-01-07,Midwest,-83.129439,42.355121
5649 Driggs St,2022-01-07,Delray,-83.094273,42.305656
5701 Chopin St,2022-01-07,Claytown,-83.138654,42.337987
5830 Chopin St,2022-01-07,Claytown,-83.138658,42.338902
5860 Chopin St,2022-01-07,Claytown,-83.138919,42.339264
6456 Hazlett St,2022-01-07,Midwest,-83.125785,42.350747
651 W Brentwood St,2022-01-07,Grixdale Farms,-83.111942,42.431101
11743 Longview St,2022-01-10,Wade,-82.990357,42.404032
12075 Pinehurst St,2022-01-10,Grand River-I96,-83.16619,42.376757
12320 Evanston St,2022-01-10,Ravendale,-82.980306,42.400624
12502 Hampshire St,2022-01-10,Ravendale,-82.979155,42.401782
14295 Ardmore St,2022-01-10,Hubbell-Lyndon,-83.184421,42.392485
14452 Troester St,2022-01-10,Mapleridge,-82.973927,42.426052
14889 Park Grove St,2022-01-10,Mapleridge,-82.968477,42.430194
16220 Bringard Dr,2022-01-10,Regent Park,-82.953166,42.446278
19600 Keating St,2022-01-10,Nolan,-83.100035,42.437336
4823 Springle St,2022-01-10,Fox Creek,-82.968619,42.390374
6318 Colfax St,2022-01-10,Midwest,-83.125552,42.348628
7348 Marcus Ave,2022-01-10,Airport Sub,-83.025273,42.395881
7354 Marcus Ave,2022-01-10,Airport Sub,-83.025163,42.395882
11679 Broadstreet Ave,2022-01-11,Nardin Park,-83.13268,42.37649
12045 Pinehurst St,2022-01-11,Grand River-I96,-83.166175,42.376318
12329 Evanston St,2022-01-11,Ravendale,-82.980458,42.401142
13927 Mackay St,2022-01-11,North Campau,-83.074246,42.415728
14186 Young St,2022-01-11,Mapleridge,-82.977301,42.423604
14236 Corbett Ave,2022-01-11,Outer Drive-Hayes,-82.969396,42.40846
14522 Maddelein St,2022-01-11,Regent Park,-82.972831,42.43581
15059 Glenwood St,2022-01-11,Mapleridge,-82.966612,42.431018
15295 Faircrest St,2022-01-11,Mapleridge,-82.96344,42.432617
20425 Danbury St,2022-01-11,Nolan,-83.106496,42.444885
8248 Mandalay St,2022-01-11,Midwest,-83.138836,42.355291
12500 Evanston St,2022-01-12,Ravendale,-82.978769,42.401111
1496 W Grand Blvd,2022-01-12,Chadsey Condon,-83.106563,42.344001
20003 Omira St,2022-01-12,Nolan,-83.096514,42.441228
525 W Brentwood St,2022-01-12,Grixdale Farms,-83.109609,42.431125
5868 Vancourt St,2022-01-12,Midwest,-83.120441,42.346816
6034 Leidich St,2022-01-12,Chandler Park,-82.984181,42.397145
6068 Barrett St,2022-01-12,Chandler Park,-82.983252,42.397909
6454 Concord St,2022-01-12,Airport Sub,-83.030404,42.384114
6476 Concord St,2022-01-12,Airport Sub,-83.030593,42.384325
10068 Morley,2022-01-13,Barton-McFarland,-83.159622,42.367107
12009 Pinehurst St,2022-01-13,Grand River-I96,-83.166156,42.375771
13067 Evanston St,2022-01-13,Outer Drive-Hayes,-82.972573,42.403415
1430 S Liebold St,2022-01-13,Boynton,-83.150248,42.278529
14922 Monica St,2022-01-13,Chalfonte,-83.143136,42.39984
1510 S Liebold St,2022-01-13,Boynton,-83.151014,42.277621
19423 Danbury St,2022-01-13,Penrose,-83.106619,42.435979
4604 Military St,2022-01-13,Chadsey Condon,-83.121655,42.335625
4986 32nd St,2022-01-13,Chadsey Condon,-83.115638,42.340168
5621 Vinewood St,2022-01-13,Midwest,-83.108903,42.348506
5740 Lakewood St,2022-01-13,Chandler Park-Chalmers,-82.963388,42.400802
6460 Colfax St,2022-01-13,Midwest,-83.126812,42.350411
75 Louisiana St,2022-01-13,Greenfield Park,-83.100443,42.422661
1051 S Liebold St,2022-01-14,Boynton,-83.14698,42.281578
12304 Evanston St,2022-01-14,Ravendale,-82.980719,42.400502
12390 Evanston St,2022-01-14,Ravendale,-82.979091,42.400987
13655 Sorrento St,2022-01-14,Grand River-I96,-83.17231,42.387945
14182 Young St,2022-01-14,Mapleridge,-82.977412,42.423605
14240 Hampshire St,2022-01-14,Outer Drive-Hayes,-82.967302,42.405316
14253 Mapleridge St,2022-01-14,Mapleridge,-82.97608,42.42924
14563 Cloverdale St,2022-01-14,Chalfonte,-83.149305,42.396295
14861 Appoline St,2022-01-14,Bethune Community,-83.170562,42.398659
19415 Andover St,2022-01-14,Nolan,-83.099574,42.436557
2709 Fullerton St,2022-01-14,Dexter-Linwood,-83.120818,42.387614
3046 Williams St,2022-01-14,Chadsey Condon,-83.089455,42.333731
3823 Scovel Pl,2022-01-14,Midwest,-83.108225,42.353695
6003 Larkins St,2022-01-14,Claytown,-83.138575,42.341373
6105 Larkins St,2022-01-14,Claytown,-83.139491,42.342593
7645 Bryden St,2022-01-14,Midwest,-83.145366,42.349518
8316 Foster St,2022-01-14,Airport Sub,-83.033426,42.389256
9319 N Martindale St,2022-01-14,Nardin Park,-83.125874,42.369013
13121 Wilfred St,2022-01-18,Eden Gardens,-82.979477,42.416532
14154 Mendota St,2022-01-18,Northwest Community,-83.164247,42.391064
14288 Hampshire St,2022-01-18,Outer Drive-Hayes,-82.96645,42.405567
14486 Maddelein St,2022-01-18,Regent Park,-82.973487,42.435789
14500 Maddelein St,2022-01-18,Regent Park,-82.97322,42.435797
18651 Pelkey St,2022-01-18,Franklin,-82.986563,42.432049
18684 Hickory St,2022-01-18,Franklin,-82.987119,42.43253
18699 Pelkey St,2022-01-18,Franklin,-82.986587,42.432722
20475 Andover St,2022-01-18,Nolan,-83.099912,42.44571
2755 Tyler St,2022-01-18,Dexter-Linwood,-83.123579,42.390372
3195 Lenox St,2022-01-18,Riverbend,-82.960545,42.383969
3508 S Edsel St,2022-01-18,Boynton,-83.165899,42.262308
4574 Oregon St,2022-01-18,Midwest,-83.120267,42.358174
4665 Oregon St,2022-01-18,Midwest,-83.121426,42.357132
6015 Florida St,2022-01-18,Claytown,-83.143126,42.339701
7276 Stahelin Ave,2022-01-18,Warrendale,-83.224034,42.344496
8133 Radcliffe St,2022-01-18,Claytown,-83.149096,42.339547
8668 Auburn St,2022-01-18,Warrendale,-83.233124,42.356815
10350 Beechdale St,2022-01-19,Barton-McFarland,-83.162865,42.370674
10425 Morley,2022-01-19,Barton-McFarland,-83.163989,42.366584
11738 Camden Ave,2022-01-19,Ravendale,-82.987566,42.399459
11851 Camden Ave,2022-01-19,Ravendale,-82.985967,42.40053
13966 Park Grove St,2022-01-19,Mapleridge,-82.98015,42.429589
14143 Washburn St,2022-01-19,Northwest Community,-83.160718,42.390935
14841 Park Grove St,2022-01-19,Mapleridge,-82.969384,42.430167
14860 Park Grove St,2022-01-19,Mapleridge,-82.968984,42.42973
18511 Hickory St,2022-01-19,Franklin,-82.987753,42.431005
18664 Hickory St,2022-01-19,Franklin,-82.987107,42.432239
18664 Pelkey St,2022-01-19,Franklin,-82.985888,42.432251
20314 Hickory St,2022-01-19,Conner Creek,-82.987679,42.447441
3983 Devonshire Rd,2022-01-19,Morningside,-82.937553,42.394445
6411 Barton St,2022-01-19,Midwest,-83.1364,42.349691
8201 Burt Rd,2022-01-19,Warrendale,-83.245809,42.35209
10075 Maplelawn St,2022-01-20,Barton-McFarland,-83.15989,42.369566
10411 Beechdale St,2022-01-20,Barton-McFarland,-83.163953,42.370194
11420 Wisconsin St,2022-01-20,Barton-McFarland,-83.154941,42.372264
11865 Camden Ave,2022-01-20,Ravendale,-82.985733,42.400605
13143 Monte Vista St,2022-01-20,Grand River-I96,-83.166731,42.384127
14163 Mendota St,2022-01-20,Northwest Community,-83.164908,42.391117
1570 Highland St,2022-01-20,Dexter-Linwood,-83.106673,42.392381
2154 Junction St,2022-01-20,Central Southwest,-83.103093,42.320193
21748 Grand River Ave,2022-01-20,Holcomb Community,-83.257164,42.41664
2573 Military St,2022-01-20,Central Southwest,-83.111901,42.320989
5760 Vancourt St,2022-01-20,Midwest,-83.119512,42.345504
8080 Fielding St,2022-01-20,Warrendale,-83.240237,42.351511
1251 S Liddesdale St,2022-01-21,Boynton,-83.147542,42.279383
13405 Elmdale St,2022-01-21,Outer Drive-Hayes,-82.971773,42.409273
14185 Spring Garden St,2022-01-21,Mapleridge,-82.977434,42.428175
18031 Hickory St,2022-01-21,Franklin,-82.987641,42.428121
18453 Hickory St,2022-01-21,Franklin,-82.987726,42.430215
19362 Andover St,2022-01-21,Nolan,-83.098912,42.435837
3010 Saint Clair St,2022-01-21,East Village,-82.984005,42.372556
3827 Wesson St,2022-01-21,Central Southwest,-83.115348,42.330328
4885 Drexel St,2022-01-21,Fox Creek,-82.965044,42.392633
5316 Lakeview St,2022-01-21,Chandler Park,-82.965133,42.397128
5516 McDougall St,2022-01-21,Poletown East,-83.038494,42.372034
6901 Westwood,2022-01-21,Warrendale,-83.230786,42.342398
9529 W Fort St,2022-01-21,Carbon Works,-83.132668,42.294759
11698 Longacre St,2022-01-24,Plymouth-I96,-83.214137,42.373793
13116 Monte Vista St,2022-01-24,Grand River-I96,-83.166092,42.38381
14889 Lauder St,2022-01-24,Hubbell-Lyndon,-83.19103,42.398254
14890 Young St,2022-01-24,Mapleridge,-82.968208,42.423707
14909 Young St,2022-01-24,Mapleridge,-82.967933,42.424177
14915 Young St,2022-01-24,Mapleridge,-82.967783,42.424178
19197 Irvington St,2022-01-24,Nolan,-83.098411,42.433818
19427 Tireman St,2022-01-24,Warrendale,-83.231406,42.350175
3316 E Palmer St,2022-01-24,Poletown East,-83.037242,42.373104
4677 Oregon St,2022-01-24,Midwest,-83.121637,42.357054
620 S Harrington St,2022-01-24,Delray,-83.10804,42.296713
6780 Grandville Ave,2022-01-24,Warrendale,-83.228825,42.340794
1143 Drexel St,2022-01-25,Riverbend,-82.951999,42.372715
14175 Spring Garden St,2022-01-25,Mapleridge,-82.977686,42.428173
14188 Spring Garden St,2022-01-25,Mapleridge,-82.977309,42.427568
14211 Young St,2022-01-25,Mapleridge,-82.976714,42.42405
18700 Hickory St,2022-01-25,Franklin,-82.987128,42.432723
19126 Hickory St,2022-01-25,Pulaski,-82.987201,42.435434
20028 Hickory St,2022-01-25,Conner Creek,-82.987585,42.444418
20226 Hickory St,2022-01-25,Conner Creek,-82.987651,42.446233
3032 Saint Clair St,2022-01-25,East Village,-82.984209,42.372848
4176 Cabot St,2022-01-25,Claytown,-83.145899,42.325176
9455 Dearborn St,2022-01-25,Carbon Works,-83.130678,42.293061
9465 Dearborn St,2022-01-25,Carbon Works,-83.130818,42.29307
10392 American St,2022-01-26,Oakman Blvd Community,-83.144059,42.372318
12666 Manor,2022-01-26,Grand River-I96,-83.167057,42.381584
12841 Sanders St,2022-01-26,Oakwood Heights,-83.149848,42.286185
13080 Alma St,2022-01-26,Mapleridge,-82.985361,42.421022
9001 Woodward Ave,2022-01-26,Piety Hill,-83.081602,42.382141
14066 Faircrest St,2022-01-27,Mapleridge,-82.978213,42.43186
14122 Rochelle St,2022-01-27,Mapleridge,-82.979045,42.422794
15427 Braile St,2022-01-27,Brightmoor,-83.245263,42.402795
15445 Braile St,2022-01-27,Brightmoor,-83.245273,42.403022
15708 Braile St,2022-01-27,Brightmoor,-83.244668,42.404396
15723 Braile St,2022-01-27,Brightmoor,-83.245344,42.404672
15750 Braile St,2022-01-27,Brightmoor,-83.244709,42.40526
15766 Braile St,2022-01-27,Brightmoor,-83.244727,42.405644
2234 Montclair St,2022-01-27,East Village,-82.978378,42.369179
26 W Parkhurst Pl,2022-01-27,Grixdale Farms,-83.102553,42.421158
2975 Saint Clair St,2022-01-27,East Village,-82.98402,42.371455
3105 Saint Clair St,2022-01-27,East Village,-82.985027,42.373045
6327 Frontenac St,2022-01-27,Gratiot Town/Kettering,-83.026253,42.384266
8942 Thaddeus St,2022-01-27,Delray,-83.123054,42.290937
8972 Thaddeus St,2022-01-27,Delray,-83.123543,42.290743
10940 Chelsea Ave,2022-01-28,Wade,-82.994217,42.403189
12684 Manor,2022-01-28,Grand River-I96,-83.167064,42.381749
14430 Spring Garden St,2022-01-28,Mapleridge,-82.974369,42.427621
2636 Drexel St,2022-01-28,Riverbend,-82.956157,42.380103
3347 Gratiot Ave,2022-01-28,McDougall-Hunt,-83.02779,42.359616
8490 Vaughan St,2022-01-28,Warrendale,-83.236743,42.355276
11351 Belleterre St,2022-01-31,Nardin Park,-83.137399,42.372166
12011 Camden Ave,2022-01-31,Ravendale,-82.98527,42.400755
12017 Camden Ave,2022-01-31,Ravendale,-82.985134,42.400791
14134 Rochelle St,2022-01-31,Mapleridge,-82.978712,42.422798
14187 Rochelle St,2022-01-31,Mapleridge,-82.977285,42.423245
14460 Spring Garden St,2022-01-31,Mapleridge,-82.97385,42.427632
14560 Manning St,2022-01-31,Regent Park,-82.972272,42.440571
14581 Liberal St,2022-01-31,Regent Park,-82.971954,42.440272
15372 Kentucky St,2022-01-31,Fitzgerald/Marygrove,-83.158343,42.403695
19185 Hawthorne St,2022-01-31,Nolan,-83.092952,42.433825
216 S Morrell St,2022-01-31,Delray,-83.092191,42.305932
3786 Montclair St,2022-01-31,West End,-82.98432,42.378057
4017 Columbus St,2022-01-31,Petoskey-Otsego,-83.113992,42.359847
724 S Green St,2022-01-31,Delray,-83.108679,42.295888
9297 Minock St,2022-01-31,Franklin Park,-83.232702,42.362829
11336 Broadstreet Ave,2022-02-01,Nardin Park,-83.130504,42.374656
12139 Mansfield St,2022-02-01,Plymouth-I96,-83.204067,42.376624
14291 Hampshire St,2022-02-01,Outer Drive-Hayes,-82.966711,42.406042
15518 Iliad St,2022-02-01,Brightmoor,-83.272086,42.40365
3058 Montclair St,2022-02-01,East Village,-82.98172,42.3741
4743 McClellan St,2022-02-01,Gratiot Woods,-82.999566,42.379235
4757 McClellan St,2022-02-01,Gratiot Woods,-82.999668,42.379381
5021 Burlingame St,2022-02-01,Nardin Park,-83.134851,42.374277
5822 Beechwood St,2022-02-01,Midwest,-83.118594,42.346417
5854 Beechwood St,2022-02-01,Midwest,-83.118615,42.346829
6764 Memorial St,2022-02-01,Warren Ave Community,-83.210553,42.340834
6905 Rutland St,2022-02-01,Warren Ave Community,-83.212552,42.342728
8889 Mettetal St,2022-02-01,Joy Community,-83.205899,42.359319
9224 Genessee St,2022-02-01,Dexter-Linwood,-83.113708,42.372166
13411 Maiden St,2022-02-02,Outer Drive-Hayes,-82.970639,42.407635
13417 Maiden St,2022-02-02,Outer Drive-Hayes,-82.970523,42.40768
1404 Atkinson St,2022-02-02,Historic Atkinson,-83.094555,42.379551
5131 Cooper St,2022-02-02,West End,-83.000159,42.382628
7048 Burwell St,2022-02-02,Claytown,-83.140572,42.3429
7166 Holmes St,2022-02-02,Claytown,-83.142633,42.344207
8336 Navy St,2022-02-02,Springwells,-83.129113,42.308338
1515 S Liddesdale St,2022-02-03,Boynton,-83.149617,42.276874
11757 Broadstreet Ave,2022-02-08,Nardin Park,-83.133327,42.377446
12067 Pinehurst St,2022-02-08,Grand River-I96,-83.166186,42.376647
3630 Ludden St,2022-02-08,McDougall-Hunt,-83.02306,42.359914
6046 Beechwood St,2022-02-08,Midwest,-83.118684,42.348542
1014 Annin St,2022-02-09,Penrose,-83.114495,42.43637
12274 Maiden St,2022-02-09,Wade,-82.982064,42.403189
12277 Sorrento St,2022-02-09,Pride Area Community,-83.172406,42.378596
13747 Caldwell St,2022-02-09,Davison,-83.046947,42.417847
13751 Caldwell St,2022-02-09,Davison,-83.04695,42.41793
14439 Spring Garden St,2022-02-09,Mapleridge,-82.974272,42.428228
4350 Springwells St,2022-02-09,Claytown,-83.136592,42.326982
5286 24th St,2022-02-09,Chadsey Condon,-83.102263,42.348022
6563 Woodrow St,2022-02-09,Midwest,-83.118446,42.352764
8365 Carbondale St,2022-02-09,Midwest,-83.137089,42.355136
106 Gates St,2022-02-10,Carbon Works,-83.135268,42.290694
11700 Cheyenne St,2022-02-10,Pride Area Community,-83.174038,42.37453
120 Gates St,2022-02-10,Carbon Works,-83.135407,42.290854
14243 Spring Garden St,2022-02-10,Mapleridge,-82.976266,42.428201
14246 Hampshire St,2022-02-10,Outer Drive-Hayes,-82.967178,42.405353
20139 Keating St,2022-02-10,Nolan,-83.100863,42.442762
4191 Lawndale St,2022-02-10,Claytown,-83.14546,42.325256
5943 Lola St,2022-02-10,Central Southwest,-83.115501,42.329526
6388 Woodrow St,2022-02-10,Midwest,-83.117682,42.351111
6569 Woodrow St,2022-02-10,Midwest,-83.118354,42.352914
12634 Cloverlawn St,2022-02-11,Littlefield Community,-83.151356,42.381477
13519 Dean St,2022-02-11,Davison,-83.060278,42.416573
13525 Dean St,2022-02-11,Davison,-83.060326,42.416647
14567 Novara St,2022-02-11,Regent Park,-82.972112,42.439482
15386 Roselawn St,2022-02-11,Fitzgerald/Marygrove,-83.151293,42.404278
160 Gates St,2022-02-11,Carbon Works,-83.135128,42.289497
18044 Caldwell St,2022-02-11,Krainz Woods,-83.046488,42.426937
20057 Omira St,2022-02-11,Nolan,-83.096546,42.441993
6045 Braden St,2022-02-11,Claytown,-83.137791000000007,42.342334
7064 Palmetto St,2022-02-11,Airport Sub,-83.028716,42.407889
7632 Wetherby St,2022-02-11,Midwest,-83.139633,42.34932
12305 Evanston St,2022-02-14,Ravendale,-82.98087,42.401019
13641 Tacoma St,2022-02-14,Franklin,-82.984513,42.44164
13930 Ward St,2022-02-14,Happy Homes,-83.172815,42.388679
14461 Spring Garden St,2022-02-14,Mapleridge,-82.973837,42.428238
14505 Novara St,2022-02-14,Regent Park,-82.973241,42.439455
14566 Novara St,2022-02-14,Regent Park,-82.972112,42.439032
15061 Rochelle St,2022-02-14,Mapleridge,-82.966331,42.423416
15793 Belden St,2022-02-14,Pilgrim Village,-83.135781,42.407746
16624 Log Cabin St,2022-02-14,Martin Park,-83.121393,42.413918
16936 Stoepel St,2022-02-14,Fitzgerald/Marygrove,-83.141667,42.416676
1771 E Grand Blvd,2022-02-14,Poletown East,-83.034278,42.37541
19974 Yacama Rd,2022-02-14,Nolan,-83.096932,42.440823
9510 Hayes St,2022-02-14,Outer Drive-Hayes,-82.964188,42.409597
1639 Richton St,2022-02-15,Dexter-Linwood,-83.106909,42.389867
17624 Dwyer St,2022-02-15,Davison,-83.040875,42.423686
17639 Dwyer St,2022-02-15,Davison,-83.041517,42.423816
5421 McDougall St,2022-02-15,Poletown East,-83.038433,42.370864
13110 Monte Vista St,2022-02-16,Grand River-I96,-83.166087,42.3837
14126 Rochelle St,2022-02-16,Mapleridge,-82.978934,42.422795
14506 Novara St,2022-02-16,Regent Park,-82.973223,42.439014
5042 Belvidere St,2022-02-16,Gratiot Woods,-83.001493,42.381143
8541 Alpine St,2022-02-16,Midwest,-83.147696,42.357518
14127 Rochelle St,2022-02-17,Mapleridge,-82.978942,42.423235
14131 Rochelle St,2022-02-17,Mapleridge,-82.978831,42.423235
14469 Spring Garden St,2022-02-17,Mapleridge,-82.973693,42.428241
15461 Fielding St,2022-02-17,Brightmoor,-83.243053,42.40329
15816 Baylis St,2022-02-17,Pilgrim Village,-83.123514,42.408122
19675 Keating St,2022-02-17,Nolan,-83.100709,42.438303
2201 Harding St,2022-02-17,East Village,-82.980098,42.367943
4314 Algonquin St,2022-02-17,Fox Creek,-82.966797,42.386584
4703 Montclair St,2022-02-17,East Canfield,-82.989603,42.384672
6549 Garland St,2022-02-17,Airport Sub,-83.001201,42.394522
8411 Elgin St,2022-02-17,Airport Sub,-83.016615,42.413147
8416 Dubay St,2022-02-17,Airport Sub,-83.01626,42.414404
8438 Elgin St,2022-02-17,Airport Sub,-83.015936,42.412875
13567 Dean St,2022-02-18,Davison,-83.060672,42.417164
14028 Liberal St,2022-02-18,Franklin,-82.979547,42.439371
14489 Mayfield St,2022-02-18,Mapleridge,-82.973146,42.422522
14494 Spring Garden St,2022-02-18,Mapleridge,-82.973203,42.427646
20117 Derby St,2022-02-18,Nolan,-83.10425,42.442356
20400 Ilene St,2022-02-18,Pembroke,-83.163245,42.443343
4649 Montclair St,2022-02-18,East Canfield,-82.989145,42.384014
4835 Eastlawn St,2022-02-18,Fox Creek,-82.961764,42.393093
8611 ALPINE,2022-02-18,Midwest,-83.147509,42.35776
8612 Alpine St,2022-02-18,Midwest,-83.147167,42.358491
12038 Maiden St,2022-02-21,Wade,-82.985487,42.402015
14631 Mayfield St,2022-02-21,Mapleridge,-82.971768,42.42254
3797 Webb St,2022-02-21,Nardin Park,-83.125724,42.378783
79 Westminster St,2022-02-21,North End,-83.082216,42.38606
8100 Middlepoint St,2022-02-21,Aviation Sub,-83.161837,42.353127
13820 Joseph Campau St,2022-02-22,North Campau,-83.07021,42.415616
15604 Wabash St,2022-02-22,Pilgrim Village,-83.118783,42.407066
180 W Margaret St,2022-02-22,Grixdale Farms,-83.105598,42.426313
18156 Russell St,2022-02-22,Hawthorne Park,-83.089599,42.427278
3739 Montclair St,2022-02-22,East Canfield,-82.984424,42.37726
12118 Maiden St,2022-02-23,Wade,-82.984197,42.402464
12200 Maiden St,2022-02-23,Wade,-82.983253,42.402789
13637 Monte Vista St,2022-02-23,Northwest Community,-83.166882,42.387815
14013 Manning St,2022-02-23,Franklin,-82.979978,42.44096
14042 Santa Rosa Dr,2022-02-23,Oakman Blvd Community,-83.141622,42.391496
14066 Linnhurst St,2022-02-23,Mapleridge,-82.978193,42.431116
1611 Cortland St,2022-02-23,Dexter-Linwood,-83.106932,42.390744
20234 Danbury St,2022-02-23,Nolan,-83.105903,42.444005
20239 Derby St,2022-02-23,Nolan,-83.104318,42.444051
21670 Bennett St,2022-02-23,Holcomb Community,-83.256845,42.419851
3745 Belvidere St,2022-02-23,Gratiot Woods,-82.99581,42.372087
7367 Erbie St,2022-02-23,Airport Sub,-83.024914,42.392922
9503 Harper Ave,2022-02-23,Airport Sub,-83.008842,42.392777
9509 Harper Ave,2022-02-23,Airport Sub,-83.008724,42.39279
1035 Adeline St,2022-02-24,Penrose,-83.114932,42.438294
14080 Linnhurst St,2022-02-24,Mapleridge,-82.977927,42.431113
14211 Hazelridge St,2022-02-24,Mapleridge,-82.976739,42.424865
14445 Spring Garden St,2022-02-24,Mapleridge,-82.974126,42.428231
14716 Mayfield St,2022-02-24,Mapleridge,-82.970158,42.422117
14877 Cedargrove St,2022-02-24,Mapleridge,-82.968603,42.425808
14907 Hazelridge St,2022-02-24,Mapleridge,-82.967973,42.424994
151 Edgevale St,2022-02-24,Greenfield Park,-83.098861,42.418929
15411 Patton St,2022-02-24,Brightmoor,-83.244138,42.402594
15412 Patton St,2022-02-24,Brightmoor,-83.243488,42.402604
15701 Patton St,2022-02-24,Brightmoor,-83.24417,42.404272
15826 Fielding St,2022-02-24,Brightmoor,-83.242546,42.406433
15844 Patton St,2022-02-24,Brightmoor,-83.243647,42.406666
19305 Hasse St,2022-02-24,Farwell,-83.057183,42.435953
19367 Hasse St,2022-02-24,Farwell,-83.057231,42.436824
20240 Roselawn St,2022-02-24,Garden Homes,-83.15315,42.443092
20317 Charleston St,2022-02-24,Nolan,-83.107461,42.444241
21669 Glenco St,2022-02-24,Holcomb Community,-83.25692,42.421107
3466 Anderdon Ave,2022-02-24,Riverbend,-82.964894,42.381651
6595 Boxwood St,2022-02-24,Midwest,-83.117265,42.353315
7450 Georgia St,2022-02-24,Airport Sub,-83.023373,42.393232
11656 Wayburn St,2022-02-25,Denby,-82.95072,42.424558
12280 Maiden St,2022-02-25,Wade,-82.981947,42.403229
12725 August St,2022-02-25,Eden Gardens,-82.986557,42.418818
15003 Cedargrove St,2022-02-25,Mapleridge,-82.967479,42.425817
15086 Glenwood St,2022-02-25,Mapleridge,-82.966078,42.430585
15731 Burt Rd,2022-02-25,Brightmoor,-83.24763,42.404773
19176 Danbury St,2022-02-25,Penrose,-83.105949,42.433387
2405 Ewald Cir,2022-02-25,Oakman Blvd Community,-83.13714,42.392196
499 Adeline St,2022-02-25,Penrose,-83.10937,42.43835
14246 Young St,2022-02-28,Mapleridge,-82.976043,42.423592
14301 Hampshire St,2022-02-28,Outer Drive-Hayes,-82.96657,42.406083
14424 Hazelridge St,2022-02-28,Mapleridge,-82.974375,42.424425
14803 Linnhurst St,2022-02-28,Mapleridge,-82.970108,42.431646
15080 Glenwood St,2022-02-28,Mapleridge,-82.966207,42.430582
16551 Woodingham Dr,2022-02-28,Fitzgerald/Marygrove,-83.150188,42.413012
17220 Shields St,2022-02-28,Davison,-83.058995,42.420507
19342 Hershey St,2022-02-28,Penrose,-83.110972,42.434838
19354 Hershey St,2022-02-28,Penrose,-83.110977,42.435027
20007 Pinehurst St,2022-02-28,McDowell,-83.168106,42.440077
233 S Morrell St,2022-02-28,Delray,-83.091442,42.306009
2604 Saint Clair St,2022-02-28,East Village,-82.98236,42.370167
731 S Cottrell St,2022-02-28,Delray,-83.109019,42.295647
7784 Senator St,2022-02-28,Springwells,-83.124966,42.310884
14023 Manning St,2022-03-01,Franklin,-82.979719,42.440966
14038 Manning St,2022-03-01,Franklin,-82.979253,42.440463
14042 Manning St,2022-03-01,Franklin,-82.97906,42.440471
14105 Faircrest St,2022-03-01,Mapleridge,-82.977527,42.432279
15065 Glenwood St,2022-03-01,Mapleridge,-82.966483,42.431023
6530 Woodrow St,2022-03-01,Midwest,-83.117786,42.352321
13044 E Canfield St,2022-03-02,Fox Creek,-82.963812,42.389223
13825 Manning St,2022-03-02,Franklin,-82.982311,42.440906
14900 Tacoma St,2022-03-02,Regent Park,-82.968632,42.441517
15036 Glenwood St,2022-03-02,Mapleridge,-82.966984,42.43056
193 E Arizona St,2022-03-02,Greenfield Park,-83.098148,42.419682
195 E Nevada St,2022-03-02,Greenfield Park,-83.098386,42.424992
2177 Algonquin St,2022-03-02,Riverbend,-82.960225,42.375403
503 Horton St,2022-03-02,North End,-83.067815,42.373585
5459 Mitchell St,2022-03-02,Poletown East,-83.039682,42.370952
7765 Helen St,2022-03-02,Airport Sub,-83.030281,42.387965
8848 E Warren Ave,2022-03-02,Gratiot Woods,-83.003818,42.379209
12281 Maiden St,2022-03-03,Wade,-82.982231,42.403651
12333 Maiden St,2022-03-03,Wade,-82.981409,42.403934
12369 Evanston St,2022-03-03,Ravendale,-82.97977,42.401348
13520 Compass St,2022-03-03,Happy Homes,-83.177414,42.389193
13919 Manning St,2022-03-03,Franklin,-82.98061,42.440947
14818 Linnhurst St,2022-03-03,Mapleridge,-82.969807,42.431246
14819 Linnhurst St,2022-03-03,Mapleridge,-82.969836,42.431655
15000 Glenwood St,2022-03-03,Mapleridge,-82.967634,42.430563
15360 Braile St,2022-03-03,Brightmoor,-83.244574,42.401909
18155 Stout St,2022-03-03,Holcomb Community,-83.243067,42.422402
3857 French Rd,2022-03-03,East Canfield,-82.986344,42.378287
4007 French Rd,2022-03-03,East Canfield,-82.987627,42.380112
522 W Hollywood Ave,2022-03-03,Grixdale Farms,-83.109589,42.430757
6578 Helen St,2022-03-03,Airport Sub,-83.029275,42.385428
12090 GREENLAWN,2022-03-04,Littlefield Community,-83.149421,42.378989
14811 Linnhurst St,2022-03-04,Mapleridge,-82.969965,42.431649
14812 Linnhurst St,2022-03-04,Mapleridge,-82.969936,42.431241
15334 Braile St,2022-03-04,Brightmoor,-83.244565,42.401361
3570 Springle St,2022-03-04,Riverbend,-82.963581,42.383727
3810 W Davison St,2022-03-04,Oakman Blvd Community,-83.133027,42.389298
531 W Hollywood Ave,2022-03-04,Grixdale Farms,-83.109711,42.430312
5761 Grandy St,2022-03-04,Poletown East,-83.043056000000007,42.372407
6030 Helen St,2022-03-04,Gratiot Town/Kettering,-83.025896,42.381612
8405 Military,2022-03-04,Midwest,-83.136603,42.355927
8933 Dailey Ct,2022-03-04,Midwest,-83.131829,42.361857
13842 Manning St,2022-03-07,Franklin,-82.981963,42.440411
13887 Manning St,2022-03-07,Franklin,-82.981145,42.440936
13895 Manning St,2022-03-07,Franklin,-82.981016,42.440939
14037 Manning St,2022-03-07,Franklin,-82.97933,42.440976
14097 Linnhurst St,2022-03-07,Mapleridge,-82.977673,42.431523
14496 Glenwood St,2022-03-07,Mapleridge,-82.973238,42.430392
14508 Glenwood St,2022-03-07,Mapleridge,-82.972986,42.430399
14841 Linnhurst St,2022-03-07,Mapleridge,-82.969447,42.431671
15100 Linnhurst St,2022-03-07,Mapleridge,-82.965833,42.431374
15330 Braile St,2022-03-07,Brightmoor,-83.244568,42.401259
19935 Archdale St,2022-03-07,Greenfield,-83.217439,42.438112
2944 S Beatrice St,2022-03-07,Boynton,-83.157318,42.265587
3046 S Beatrice St,2022-03-07,Boynton,-83.158325,42.264402
482 W Hollywood Ave,2022-03-07,Grixdale Farms,-83.108812,42.430765
523 W Hollywood Ave,2022-03-07,Grixdale Farms,-83.109582,42.430311
5921 Begole St,2022-03-07,Midwest,-83.120314,42.347386
6360 Varney St,2022-03-07,Airport Sub,-83.037028,42.386705
7344 Ellsworth St,2022-03-07,Chalfonte,-83.144449,42.402089
8562 Ellsworth St,2022-03-07,Chalfonte,-83.156042,42.401999000000004
15110 Monte Vista St,2022-03-08,Bethune Community,-83.166905,42.401704
9504 Dearborn St,2022-03-08,Carbon Works,-83.131425,42.293502
11702 Camden Ave,2022-03-09,Ravendale,-82.988158,42.399261
11745 Corbett Ave,2022-03-09,Wade,-82.989198,42.402175
13596 Turner St,2022-03-09,Oakman Blvd Community,-83.147252,42.387784
20173 Keating St,2022-03-09,Nolan,-83.100881,42.443242
408 W Hollywood Ave,2022-03-09,Grixdale Farms,-83.107368,42.430779
4600 Oakman Blvd,2022-03-09,Barton-McFarland,-83.151973,42.368228
5546 Martin St,2022-03-09,Claytown,-83.132427,42.338456
6104 Beniteau St,2022-03-09,Airport Sub,-82.990515,42.396048
8706 Ellsworth St,2022-03-09,Chalfonte,-83.158708,42.401982
12350 Garnet St,2022-03-10,Mapleridge,-82.984582,42.421259
12356 Garnet St,2022-03-10,Mapleridge,-82.984584,42.421353
14019 Liberal St,2022-03-10,Franklin,-82.97979,42.439957
14025 Liberal St,2022-03-10,Franklin,-82.97966,42.43996
14282 Glenwood St,2022-03-10,Mapleridge,-82.975587,42.430346
15722 Trinity St,2022-03-10,Brightmoor,-83.248073,42.404656
15792 Holmur St,2022-03-10,Pilgrim Village,-83.137179,42.407688
1701 Leslie St,2022-03-10,Dexter-Linwood,-83.110049,42.392604
1964 Leslie St,2022-03-10,Dexter-Linwood,-83.112033,42.392454
2627 Coplin St,2022-03-10,Riverbend,-82.955676,42.38014
4144 Gray St,2022-03-10,Fox Creek,-82.963669,42.385871
5727 Grandy St,2022-03-10,Poletown East,-83.042761,42.371964
5778 Harding St,2022-03-10,West End,-82.996396,42.391693
5972 Garland St,2022-03-10,Airport Sub,-82.999395,42.39297
6377 Selkirk St,2022-03-10,Airport Sub,-83.036008,42.389855
8701 Intervale St,2022-03-10,Davison-Schoolcraft,-83.156333,42.391476
13969 Washburn St,2022-03-11,Northwest Community,-83.160653,42.389509
14056 Liberal St,2022-03-11,Franklin,-82.978768,42.439386
14161 Seymour St,2022-03-11,Mapleridge,-82.978101,42.427242
14238 Glenwood St,2022-03-11,Mapleridge,-82.976387,42.430352
14487 Glenwood St,2022-03-11,Mapleridge,-82.973495,42.43081
20008 Yacama Rd,2022-03-11,Nolan,-83.09695,42.4413
20439 Hanna St,2022-03-11,Nolan,-83.09045,42.44542
6306 Beechwood St,2022-03-11,Midwest,-83.118756,42.350027
994 E Brentwood St,2022-03-11,Hawthorne Park,-83.092893,42.431547
11724 Birwood St,2022-03-14,Grand River-I96,-83.16306,42.375229
13400 Tacoma St,2022-03-14,Pulaski,-82.987606,42.441096
13932 Washburn St,2022-03-14,Northwest Community,-83.159965,42.389014
13940 Washburn St,2022-03-14,Northwest Community,-83.15997,42.389124
14122 Seymour St,2022-03-14,Mapleridge,-82.979134,42.426796
14231 Linnhurst St,2022-03-14,Mapleridge,-82.976536,42.431519
14261 Glenwood St,2022-03-14,Mapleridge,-82.975993,42.430758
14477 Glenwood St,2022-03-14,Mapleridge,-82.973636,42.430807
14512 Novara St,2022-03-14,Regent Park,-82.973084,42.439014
14862 San Juan Dr,2022-03-14,Chalfonte,-83.145469,42.399031
2927 Lenox St,2022-03-14,Riverbend,-82.958392,42.380626
3691 E Willis St,2022-03-14,McDougall-Hunt,-83.025322,42.365276
8251 Elgin St,2022-03-14,Airport Sub,-83.019172,42.412185
15081 Rockdale St,2022-03-15,Brightmoor,-83.258382,42.398761
3528 Springle St,2022-03-15,Riverbend,-82.963254,42.383201
3749 W Grand St,2022-03-15,Oakman Blvd Community,-83.132794,42.390755
14050 Glenwood St,2022-03-16,Mapleridge,-82.978573,42.430356
149 W Golden Gate Ave,2022-03-16,Grixdale Farms,-83.105158,42.42879
7244 Lane St,2022-03-16,Springwells,-83.119309,42.309682
7818 Prairie St,2022-03-16,Midwest,-83.142835,42.351271
7831 Burnette St,2022-03-16,Midwest,-83.141318,42.351491
11478 Flanders St,2022-03-17,Gratiot-Findlay,-82.999044,42.410033
11678 Cheyenne St,2022-03-17,Pride Area Community,-83.174031,42.374324
11814 Corbett Ave,2022-03-17,Wade,-82.987695,42.402158
13744 Troester St,2022-03-17,Mapleridge,-82.980638,42.425974
13750 Troester St,2022-03-17,Mapleridge,-82.980508,42.425975
14045 Manning St,2022-03-17,Franklin,-82.979071,42.440982
17200 Pembroke Ave,2022-03-17,Greenfield,-83.21333,42.437622
21142 Santa Clara Ave,2022-03-17,Holcomb Community,-83.250078,42.419155
5500 Tarnow St,2022-03-17,Claytown,-83.137655,42.335937
8568 Ellsworth St,2022-03-17,Chalfonte,-83.156153,42.401998
8574 Ellsworth St,2022-03-17,Chalfonte,-83.156264,42.401998
11406 Saint Marys St,2022-03-18,Joy Community,-83.204409,42.371664
11427 Saint Marys St,2022-03-18,Joy Community,-83.205096,42.371936
11704 Cheyenne St,2022-03-18,Pride Area Community,-83.174043,42.374667
12126 Flanders St,2022-03-18,Eden Gardens,-82.991267,42.412763
12229 Sorrento St,2022-03-18,Pride Area Community,-83.172383,42.377938
12270 Sorrento St,2022-03-18,Pride Area Community,-83.17169,42.378478
12290 Sorrento St,2022-03-18,Pride Area Community,-83.171702,42.378807
13587 Steel St,2022-03-18,Grand River-I96,-83.171184,42.387052
13679 Troester St,2022-03-18,Mapleridge,-82.981735,42.426431
14980 Rosemary Ave,2022-03-18,Outer Drive-Hayes,-82.965507,42.415506
15701 Lamphere St,2022-03-18,Brightmoor,-83.262281,42.404013
15713 Lamphere St,2022-03-18,Brightmoor,-83.262289,42.404216
176 E Greendale St,2022-03-18,Greenfield Park,-83.098762,42.426776
17602 Stout St,2022-03-18,Holcomb Community,-83.242281,42.4206
19318 Gilchrist St,2022-03-18,Greenfield,-83.212649,42.432475
200 E Greendale St,2022-03-18,Greenfield Park,-83.098262,42.426793
20036 Hamburg St,2022-03-18,Conner Creek,-82.997293,42.444276
7024 Longyear St,2022-03-18,Gratiot Town/Kettering,-83.025148,42.381001
7647 Sherwood St,2022-03-18,Airport Sub,-83.032116,42.386294
9607 Patton St,2022-03-18,Franklin Park,-83.242626,42.3662
14059 Manning St,2022-03-21,Franklin,-82.978682,42.440991
14131 Troester St,2022-03-21,Mapleridge,-82.978872,42.426467
14204 Ward St,2022-03-21,Happy Homes,-83.172949,42.391448
180 E Greendale St,2022-03-21,Greenfield Park,-83.098651,42.42678
19344 Gilchrist St,2022-03-21,Greenfield,-83.21267,42.433023
19412 Hamburg St,2022-03-21,Pulaski,-82.997008,42.43806
19796 Ferguson St,2022-03-21,Greenfield,-83.210595,42.437044
1303 Lenox St,2022-03-22,Riverbend,-82.954379,42.374503
14261 Ward St,2022-03-22,Happy Homes,-83.17358,42.392217
17124 McDougall St,2022-03-22,Cadillac Heights,-83.069902,42.419142
17130 McDougall St,2022-03-22,Cadillac Heights,-83.069952,42.419215
17142 McDougall St,2022-03-22,Cadillac Heights,-83.070051,42.419363
19537 Hoyt St,2022-03-22,Franklin,-82.980741,42.439279
19742 Burgess St,2022-03-22,Evergreen Lahser 7/8,-83.255708,42.435298
19954 Lindsay St,2022-03-22,Greenfield,-83.21438,42.438605
3005 Elmwood St,2022-03-22,McDougall-Hunt,-83.025432,42.355728
5630 W Vernor Hwy,2022-03-22,Central Southwest,-83.102629,42.317724
66 E Greendale St,2022-03-22,Greenfield Park,-83.100761,42.42671
74 E Greendale St,2022-03-22,Greenfield Park,-83.100649,42.426714
85 E Greendale St,2022-03-22,Greenfield Park,-83.100436,42.427127
93 E Greendale St,2022-03-22,Greenfield Park,-83.100325,42.42713
1105 Drexel St,2022-03-23,Riverbend,-82.951659,42.372197
115 E Greendale St,2022-03-23,Greenfield Park,-83.099881,42.427145
11751 Broadstreet Ave,2022-03-23,Nardin Park,-83.133279,42.377372
11807 Maiden St,2022-03-23,Wade,-82.987614,42.40178
12019 Christy St,2022-03-23,Gratiot-Findlay,-82.995989,42.416113
13353 Hampshire St,2022-03-23,Outer Drive-Hayes,-82.9703,42.404953
13426 Hampshire St,2022-03-23,Outer Drive-Hayes,-82.968732,42.40489
14294 Ward St,2022-03-23,Happy Homes,-83.173008,42.392703
14667 Tuller St,2022-03-23,Chalfonte,-83.147181,42.397771
17122 Mitchell St,2022-03-23,Cadillac Heights,-83.070974,42.419113
17130 Mitchell St,2022-03-23,Cadillac Heights,-83.071024,42.419187
17208 Charest St,2022-03-23,Cadillac Heights,-83.069519,42.420207
19340 Irvington St,2022-03-23,Nolan,-83.097816,42.435555
19961 Lindsay St,2022-03-23,Greenfield,-83.215087,42.438704
22439 Santa Maria St,2022-03-23,Oak Grove District 1,-83.263276,42.416224
6332 Ironwood St,2022-03-23,Midwest,-83.120871,42.350307
11788 Maiden St,2022-03-24,Wade,-82.987571,42.401285
13068 Wade St,2022-03-24,Outer Drive-Hayes,-82.973415,42.405282
13072 Wade St,2022-03-24,Outer Drive-Hayes,-82.973298,42.405323
13336 Hampshire St,2022-03-24,Outer Drive-Hayes,-82.970271,42.404436
13509 Steel St,2022-03-24,Grand River-I96,-83.17114,42.385947
18270 Telegraph Rd,2022-03-24,Oak Grove District 1,-83.276937,42.422733
18834 Lumpkin St,2022-03-24,Northeast Central District,-83.080043,42.431034
19410 Harlow St,2022-03-24,Greenfield,-83.215919,42.433969
2650 Springle St,2022-03-24,Riverbend,-82.960369,42.378761
4430 Baldwin St,2022-03-24,Gratiot-Grand,-83.012005,42.371601
4501 Pacific St,2022-03-24,Midwest,-83.118259,42.357349
9682 Broadstreet Ave,2022-03-24,Nardin Park,-83.127874,42.370832
9695 Broadstreet Ave,2022-03-24,Nardin Park,-83.128714,42.370697
10395 Beechdale St,2022-03-25,Barton-McFarland,-83.163648,42.370202
11791 Corbett Ave,2022-03-25,Wade,-82.988392,42.402456
13046 Wade St,2022-03-25,Outer Drive-Hayes,-82.973769,42.405162
16255 Lamphere St,2022-03-25,Riverdale,-83.262467,42.40923
16865 Lamphere St,2022-03-25,Riverdale,-83.262699,42.413815
16924 Lamphere St,2022-03-25,Riverdale,-83.262008,42.414165
181 W Nevada St,2022-03-25,Grixdale Farms,-83.105565,42.424242
20121 Andover St,2022-03-25,Nolan,-83.099772,42.442605
3115 Newport St,2022-03-25,Riverbend,-82.955024,42.38467
4573 Pacific St,2022-03-25,Midwest,-83.119415,42.356905
4581 Pacific St,2022-03-25,Midwest,-83.11952,42.356865
6533 Vinewood St,2022-03-25,Midwest,-83.1092,42.352516
8551 Kenney St,2022-03-25,Airport Sub,-83.014173,42.412302
11840 Corbett Ave,2022-03-28,Wade,-82.987295,42.402301
12505 Maiden St,2022-03-28,Wade,-82.980706,42.404173
12539 Maiden St,2022-03-28,Wade,-82.980107,42.404379
13072 Elmdale St,2022-03-28,Outer Drive-Hayes,-82.974809,42.407596
13136 Wade St,2022-03-28,Outer Drive-Hayes,-82.972184,42.405702
13785 Conley St,2022-03-28,Davison,-83.052037,42.418323
14109 Mapleridge St,2022-03-28,Mapleridge,-82.979553,42.429246
14770 Flanders St,2022-03-28,Outer Drive-Hayes,-82.969869,42.419675
15372 Mendota St,2022-03-28,Bethune Community,-83.164841,42.403595
3951 Lenox St,2022-03-28,Fox Creek,-82.961547,42.385514
4643 Gray St,2022-03-28,Fox Creek,-82.966581,42.389294
6619 Vinewood St,2022-03-28,Midwest,-83.10922,42.353339
8303 Chalfonte St,2022-03-28,Chalfonte,-83.152509,42.400043
9337 Marietta St,2022-03-28,East Village,-82.991126,42.3692
9919 Chenlot St,2022-03-28,Nardin Park,-83.13389,42.371104
19138 Lamont St,2022-03-29,Farwell,-83.054536,42.433976
4443 Lemay Ave,2022-03-29,West End,-82.986319,42.381881
6550 Vinewood St,2022-03-29,Midwest,-83.108512,42.352774
14636 Littlefield St,2022-03-30,Bethune Community,-83.175303,42.39686
14863 Wilfred St,2022-03-30,Outer Drive-Hayes,-82.967905,42.419397
15720 Lamphere St,2022-03-30,Brightmoor,-83.261537,42.404366
15737 Lamphere St,2022-03-30,Brightmoor,-83.262308,42.404706
15742 Lamphere St,2022-03-30,Brightmoor,-83.261555,42.404832
15755 Lamphere St,2022-03-30,Brightmoor,-83.262325,42.405129
15764 Lamphere St,2022-03-30,Brightmoor,-83.261571,42.405252
15794 Wisconsin St,2022-03-30,Fitzgerald/Marygrove,-83.156332,42.407694
15796 Wisconsin St,2022-03-30,Fitzgerald/Marygrove,-83.156339,42.407777
16741 W Parkway St,2022-03-30,Riverdale,-83.26762,42.41172
19147 Lumpkin St,2022-03-30,Nolan,-83.08082,42.433644
4377 Allendale St,2022-03-30,Midwest,-83.117111,42.356774
5241 Larchmont St,2022-03-30,Midwest,-83.122456,42.352651
6651 Diversey,2022-03-30,Midwest,-83.139067,42.349533
8150 Dubay St,2022-03-30,Airport Sub,-83.020701,42.412699
8534 Lyford St,2022-03-30,Airport Sub,-83.014042,42.410061
9185 EAST EDSEL FORD,2022-03-30,NA,-83.113677,42.343782
13595 Birwood St,2022-03-31,Northwest Community,-83.163593,42.387341
14701 Wilfred St,2022-03-31,Outer Drive-Hayes,-82.97089,42.419359
14871 Wilfred St,2022-03-31,Outer Drive-Hayes,-82.967756,42.419399
19333 Danbury St,2022-03-31,Penrose,-83.10659,42.434766
4924 30th St,2022-03-31,Chadsey Condon,-83.112714,42.340412
7037 Chalfonte St,2022-03-31,Chalfonte,-83.142037,42.400126
7447 Roland St,2022-03-31,Airport Sub,-83.023551,42.397027
8141 Dubay St,2022-03-31,Airport Sub,-83.021041,42.413018
8174 Burnette St,2022-03-31,Midwest,-83.140607,42.354705
8238 Marion Ave,2022-03-31,Airport Sub,-83.019004,42.394683
9421 Knodell St,2022-03-31,Airport Sub,-83.010594,42.398866
9427 Knodell St,2022-03-31,Airport Sub,-83.010483,42.39887
14305 Indiana St,2022-04-01,Davison-Schoolcraft,-83.157501,42.39322
14903 Glenfield Ave,2022-04-01,Outer Drive-Hayes,-82.967154,42.418573
14946 Glenfield Ave,2022-04-01,Outer Drive-Hayes,-82.966334,42.418125
15786 Wisconsin St,2022-04-01,Fitzgerald/Marygrove,-83.156331,42.407607
20407 Andover St,2022-04-01,Nolan,-83.09988,42.444846
8300 Dubay St,2022-04-01,Airport Sub,-83.018278,42.413618
9440 Knodell St,2022-04-01,Airport Sub,-83.010284,42.398455
11830 Elmdale St,2022-04-04,Wade,-82.987951,42.403061
14754 Glenfield Ave,2022-04-04,Outer Drive-Hayes,-82.969499,42.418091
19151 Reno St,2022-04-04,Franklin,-82.983275,42.435758
1985 W Buena Vista St,2022-04-04,Dexter-Linwood,-83.113069,42.393336
20022 Yacama Rd,2022-04-04,Nolan,-83.09696,42.441495
2021 W Buena Vista St,2022-04-04,Dexter-Linwood,-83.113661,42.393117
22254 Grove St,2022-04-04,Riverdale,-83.260778,42.413109
564 W Hollywood Ave,2022-04-04,Grixdale Farms,-83.110365,42.430752
6543 Vinewood St,2022-04-04,Midwest,-83.109204,42.352681
6625 Eagle,2022-04-04,Midwest,-83.138831,42.350262
8462 Montlieu St,2022-04-04,Airport Sub,-83.015468,42.412191
8514 Montlieu St,2022-04-04,Airport Sub,-83.014578,42.412529
9463 Knodell St,2022-04-04,Airport Sub,-83.009817,42.398894
15751 Lamphere St,2022-04-05,Brightmoor,-83.26232,42.40502
16836 Lamphere St,2022-04-05,Riverdale,-83.261856,42.413444
1993 W Buena Vista St,2022-04-05,Dexter-Linwood,-83.113168,42.393299
2535 Chalmers St,2022-04-05,Riverbend,-82.949616,42.380937
11350 Camden Ave,2022-04-06,Ravendale,-82.989699,42.398769
12645 Wilfred St,2022-04-06,Eden Gardens,-82.984523,42.414745
13602 Turner St,2022-04-06,Oakman Blvd Community,-83.147256,42.387874
14203 Hampshire St,2022-04-06,Outer Drive-Hayes,-82.968219,42.40558
19135 Reno St,2022-04-06,Franklin,-82.983276,42.435538
19342 Reno St,2022-04-06,Franklin,-82.982553,42.437711
1957 W Buena Vista St,2022-04-06,Dexter-Linwood,-83.112572,42.393519
4187 Algonquin St,2022-04-06,Fox Creek,-82.966711,42.385311
551 W Hollywood Ave,2022-04-06,Grixdale Farms,-83.1101,42.430307
6544 Vinewood St,2022-04-06,Midwest,-83.10851,42.352692
8160 Leander St,2022-04-06,Airport Sub,-83.020362,42.408596
8172 Kenney St,2022-04-06,Airport Sub,-83.020207,42.409531
11824 Elmdale St,2022-04-07,Wade,-82.988085,42.403015
1454 N Green St,2022-04-07,Central Southwest,-83.117049,42.308286
14931 Kilbourne Ave,2022-04-07,Outer Drive-Hayes,-82.966512,42.416894
1702 Glendale St,2022-04-07,Dexter-Linwood,-83.110891,42.39384
19618 Hoyt St,2022-04-07,Franklin,-82.980126,42.439982
20031 Forrer St,2022-04-07,Greenfield,-83.203489,42.43984
4694 Gray St,2022-04-07,Fox Creek,-82.966425,42.390176
6342 Stanford,2022-04-07,Midwest,-83.114085,42.350617
6447 Desoto St,2022-04-07,Chalfonte,-83.142999,42.400964
680 W Hollywood Ave,2022-04-07,Grixdale Farms,-83.112572,42.430727
10815 Stratman St,2022-04-08,Outer Drive-Hayes,-82.95767,42.417205
14036 Park Grove St,2022-04-08,Mapleridge,-82.978816,42.429575
15458 Hartwell St,2022-04-08,Bethune Community,-83.177853,42.404811
15815 Dacosta St,2022-04-08,Brightmoor,-83.261066,42.405948
15816 Dacosta St,2022-04-08,Brightmoor,-83.260372,42.405975
15830 Dacosta St,2022-04-08,Brightmoor,-83.260383,42.406192
15838 Dacosta St,2022-04-08,Brightmoor,-83.260386,42.406288
15875 Dacosta St,2022-04-08,Brightmoor,-83.261097,42.406767
15887 Dacosta St,2022-04-08,Brightmoor,-83.261106,42.406947
1695 W Buena Vista St,2022-04-08,Dexter-Linwood,-83.111062,42.394212
1696 Glendale St,2022-04-08,Dexter-Linwood,-83.110791,42.393877
2141 Algonquin St,2022-04-08,Riverbend,-82.959942,42.374972
2994 Cadillac Blvd,2022-04-08,East Village,-82.987906,42.370221
395 Eastlawn St,2022-04-08,Jefferson Chalmers,-82.942736,42.363347
8300 Desoto St,2022-04-08,Chalfonte,-83.153627,42.401289
8380 Lyford St,2022-04-08,Airport Sub,-83.016688,42.409096
8480 Lyford St,2022-04-08,Airport Sub,-83.014996,42.409713000000004
10156 Woodlawn Ave,2022-04-11,Airport Sub,-83.002783,42.399494
12630 Maiden St,2022-04-11,Wade,-82.978303,42.404474
12801 Mack Ave,2022-04-11,Fox Creek,-82.964191,42.385067
13601 Cloverlawn St,2022-04-11,Davison-Schoolcraft,-83.152155,42.387734
14274 Fordham St,2022-04-11,Mapleridge,-82.975823,42.434104
14668 Forrer St,2022-04-11,Grand River-St Marys,-83.200866,42.396217
1641 W Buena Vista St,2022-04-11,Dexter-Linwood,-83.110146,42.394545
1690 Glendale St,2022-04-11,Dexter-Linwood,-83.110692,42.393913
1691 Glendale St,2022-04-11,Dexter-Linwood,-83.11039,42.393454
17169 Moran St,2022-04-11,Cadillac Heights,-83.065686,42.419615
3454 Harding St,2022-04-11,East Village,-82.983759,42.374637
3563 Gaylord St,2022-04-11,Cadillac Heights,-83.066221,42.419693
4132 Cadillac Blvd,2022-04-11,West End,-82.992324,42.376354
5001 Rohns St,2022-04-11,Gratiot Woods,-83.003745,42.379637
6343 Vaughan St,2022-04-11,Warrendale,-83.236704,42.336453
11712 Findlay St,2022-04-12,Gratiot-Findlay,-82.998609,42.413738
14411 Hazelridge St,2022-04-12,Mapleridge,-82.974727,42.424882
14439 Sussex St,2022-04-12,Hubbell-Lyndon,-83.195044,42.394232
15059 Eastwood St,2022-04-12,Mapleridge,-82.966667,42.434042
2339 W Buena Vista St,2022-04-12,Dexter-Linwood,-83.116842,42.392043
2942 Garland St,2022-04-12,East Village,-82.98424,42.370869
5453 Bewick St,2022-04-12,West End,-82.998575,42.388706
8717 Prairie St,2022-04-12,Midwest,-83.143539,42.358791
11848 Maiden St,2022-04-13,Wade,-82.986633,42.401613
13377 Hubbell St,2022-04-13,Schoolcraft Southfield,-83.188722,42.386537
13443 Hampshire St,2022-04-13,Outer Drive-Hayes,-82.968771,42.405424
14130 Chapel St,2022-04-13,Brightmoor,-83.252412,42.388811
14255 Marlowe St,2022-04-13,Hubbell-Lyndon,-83.189787,42.391781
14310 Marlowe St,2022-04-13,Hubbell-Lyndon,-83.189267,42.392558
14459 Hazelridge St,2022-04-13,Mapleridge,-82.973746,42.4249
14486 Hazelridge St,2022-04-13,Mapleridge,-82.973211,42.424448
14508 Mayfield St,2022-04-13,Mapleridge,-82.972739,42.42208
14828 Hazelridge St,2022-04-13,Mapleridge,-82.969425,42.424479
1697 Glendale St,2022-04-13,Dexter-Linwood,-83.11049,42.393418
2336 W Buena Vista St,2022-04-13,Dexter-Linwood,-83.117139,42.392479
2344 W Buena Vista St,2022-04-13,Dexter-Linwood,-83.117255,42.392437
3719 Joseph Campau St,2022-04-13,McDougall-Hunt,-83.032629,42.358497
4427 Garland St,2022-04-13,West End,-82.991283,42.379724
11843 Maiden St,2022-04-14,Wade,-82.987029,42.401987
14874 Hazelridge St,2022-04-14,Mapleridge,-82.968536,42.424493
2211 Fullerton St,2022-04-14,Dexter-Linwood,-83.112626,42.390788
2418 Leslie St,2022-04-14,Dexter-Linwood,-83.116741,42.39073
3335 Medbury St,2022-04-14,Poletown East,-83.038535,42.375818
3549 E Kirby St,2022-04-14,Poletown East,-83.033132,42.372711
441 W Hollywood Ave,2022-04-14,Grixdale Farms,-83.108026,42.43033
4909 Cadillac Blvd,2022-04-14,West End,-82.996843,42.381844
5567 Woodhall St,2022-04-14,Cornerstone Village,-82.92913,42.411546
6109 Helen St,2022-04-14,Gratiot Town/Kettering,-83.02671,42.381842
13230 Marlowe St,2022-04-18,Schoolcraft Southfield,-83.189022,42.384551
13414 Sparling St,2022-04-18,Davison,-83.045354,42.415702
13420 Sparling St,2022-04-18,Davison,-83.045356,42.415784
13620 Forrer St,2022-04-18,Schoolcraft Southfield,-83.201353,42.386514
14360 Marlowe St,2022-04-18,Hubbell-Lyndon,-83.189294,42.393206
14891 Hazelridge St,2022-04-18,Mapleridge,-82.96827,42.424991
14914 Hazelridge St,2022-04-18,Mapleridge,-82.967794,42.424502
2410 Fullerton St,2022-04-18,Dexter-Linwood,-83.116135,42.390026
2425 Fullerton St,2022-04-18,Dexter-Linwood,-83.116078,42.389518
2435 Fullerton St,2022-04-18,Dexter-Linwood,-83.116193,42.389475
2466 W Buena Vista St,2022-04-18,Dexter-Linwood,-83.11908,42.391761
3536 Beaconsfield St,2022-04-18,Morningside,-82.94281,42.388782
4277 Allendale St,2022-04-18,Midwest,-83.115434,42.357416
4658 Philip St,2022-04-18,Fox Creek,-82.954998,42.393717
48 W State Fair St,2022-04-18,Nolan,-83.10337,42.439739
5071 Iroquois St,2022-04-18,Pingree Park,-83.009638,42.378347
5460 Canton St,2022-04-18,Gratiot Town/Kettering,-83.023902,42.376779
5939 Marcus St,2022-04-18,Airport Sub,-83.041675,42.396152
6138 Canton St,2022-04-18,Gratiot Town/Kettering,-83.027362,42.382062
6264 Canton St,2022-04-18,Gratiot Town/Kettering,-83.028366,42.383577
8235 Intervale St,2022-04-18,Davison-Schoolcraft,-83.151649,42.391586
8523 Montlieu St,2022-04-18,Airport Sub,-83.014634,42.412971
9513 Knodell St,2022-04-18,Airport Sub,-83.008931,42.398927
14444 Seymour St,2022-04-19,Mapleridge,-82.974091,42.426837
156 E Greendale St,2022-04-19,Greenfield Park,-83.099097,42.426765
157 E Greendale St,2022-04-19,Greenfield Park,-83.099104,42.427171
38 E Greendale St,2022-04-19,Greenfield Park,-83.101315,42.426691
4808 Dubois St,2022-04-19,McDougall-Hunt,-83.041971,42.364201
8929 May St,2022-04-19,Airport Sub,-83.010411,42.395369
9155 Holcomb Ave,2022-04-19,Airport Sub,-83.013853,42.397383
9165 Holcomb Ave,2022-04-19,Airport Sub,-83.013869,42.397548
1127 S Patricia St,2022-04-20,Boynton,-83.148651,42.281104
12750 Sussex,2022-04-20,Schoolcraft Southfield,-83.194248,42.382131
12761 Strathmoor St,2022-04-20,Schoolcraft Southfield,-83.187538,42.382405
13875 Moran St,2022-04-20,North Campau,-83.064911,42.418476
14244 Ilene St,2022-04-20,Northwest Community,-83.1613,42.392337
14659 Seymour St,2022-04-20,Mapleridge,-82.97143,42.427351
14857 Seymour St,2022-04-20,Mapleridge,-82.968975,42.427394
17170 Birwood St,2022-04-20,Schulze,-83.164377,42.417909
2696 Hooker St,2022-04-20,NW Goldberg,-83.098472,42.356025
30 E Greendale St,2022-04-20,Greenfield Park,-83.101428,42.426684
7415 Prairie St,2022-04-20,Midwest,-83.143161,42.347496
7754 Central St,2022-04-20,Midwest,-83.145884,42.351077
9014 May St,2022-04-20,Airport Sub,-83.010067,42.396699
10377 Devine St,2022-04-21,Airport Sub,-83.000979,42.398487
105 E Greendale St,2022-04-21,Greenfield Park,-83.100105,42.427134
14254 Ilene St,2022-04-21,Northwest Community,-83.161304,42.392433
1688 Clements St,2022-04-21,Oakman Blvd Community,-83.113279,42.397657
18430 Concord St,2022-04-21,Grant,-83.032265,42.429007
19986 Irvington St,2022-04-21,Nolan,-83.097968,42.440967
3843 Montclair St,2022-04-21,East Canfield,-82.985286,42.378494
14263 Northlawn St,2022-04-22,Davison-Schoolcraft,-83.1535,42.392738
14486 Young St,2022-04-22,Mapleridge,-82.973189,42.423655
17587 Russell St,2022-04-22,Cadillac Heights,-83.090128000000007,42.423056
17593 Russell St,2022-04-22,Cadillac Heights,-83.090131,42.423139
18424 Conley St,2022-04-22,Krainz Woods,-83.051773,42.42833
19195 Derby St,2022-04-22,Penrose,-83.104436,42.433656
19356 Andover St,2022-04-22,Nolan,-83.098908,42.435756
20020 Irvington St,2022-04-22,Nolan,-83.09799,42.441444
20242 Coventry St,2022-04-22,Nolan,-83.10136,42.444189
2328 Richton St,2022-04-22,Dexter-Linwood,-83.112876,42.387666
2485 Clements St,2022-04-22,Oakman Blvd Community,-83.121052,42.394131
5937 Crane St,2022-04-22,Gratiot Town/Kettering,-83.010555,42.386534
5948 Crane St,2022-04-22,Gratiot Town/Kettering,-83.010253,42.387109
7596 Giese St,2022-04-22,Airport Sub,-83.024664,42.41523
7615 Doyle St,2022-04-22,Airport Sub,-83.024458,42.417378
955 Continental St,2022-04-22,Jefferson Chalmers,-82.954442,42.369465
1684 S Liddesdale St,2022-04-24,Boynton,-83.151313,42.275894
6224 Horatio St,2022-04-24,Chadsey Condon,-83.123173,42.336165
6612 Pittsburg St,2022-04-24,Claytown,-83.132514,42.340122
122 E Parkhurst Pl,2022-04-25,Greenfield Park,-83.099489,42.420753
14275 Northlawn St,2022-04-25,Davison-Schoolcraft,-83.153508,42.392919
17475 Saint Aubin St,2022-04-25,Cadillac Heights,-83.081656,42.422056
17806 Arlington St,2022-04-25,Cadillac Heights,-83.077077,42.423569
20132 Hawthorne St,2022-04-25,Nolan,-83.092645,42.442877
3731 Garland St,2022-04-25,West End,-82.988381,42.375333
3817 Collingwood St,2022-04-25,Nardin Park,-83.124204,42.375988
4708 Philip St,2022-04-25,Fox Creek,-82.955436,42.394382
5035 Rohns St,2022-04-25,Gratiot Woods,-83.00424,42.379937
5738 Saint Aubin St,2022-04-25,Poletown East,-83.04791,42.370272
1690 Fullerton St,2022-04-26,Dexter-Linwood,-83.1096,42.39232
20466 Andover St,2022-04-26,Nolan,-83.099258,42.445629
2634 Lakeview St,2022-04-26,Riverbend,-82.954183,42.38079
3127 Medbury St,2022-04-26,Poletown East,-83.040175,42.375316
12080 Stoepel St,2022-04-27,Oakman Blvd Community,-83.139886,42.377367
14027 Mayfield St,2022-04-27,Mapleridge,-82.979905,42.422428
16500 Lamphere St,2022-04-27,Riverdale,-83.261818,42.409648
16501 Lamphere St,2022-04-27,Riverdale,-83.262487,42.409625
16632 Lamphere St,2022-04-27,Riverdale,-83.261663,42.410722
1679 Fullerton St,2022-04-27,Dexter-Linwood,-83.109113,42.391937
19654 Reno St,2022-04-27,Franklin,-82.982564,42.440419
20400 Andover St,2022-04-27,Nolan,-83.099227,42.444765
2486 Richton St,2022-04-27,Dexter-Linwood,-83.115439,42.386707
2945 Gray St,2022-04-27,Riverbend,-82.960651,42.380076
2980 Gray St,2022-04-27,Riverbend,-82.96033,42.380752
5069 Baldwin St,2022-04-27,Gratiot-Grand,-83.01567,42.375989
5767 Hereford St,2022-04-27,Cornerstone Village,-82.927847,42.414031
6121 Maxwell Ave,2022-04-27,Gratiot Town/Kettering,-83.017638,42.38595
7595 Nuernberg St,2022-04-27,Airport Sub,-83.024887,42.418146
11823 Evanston St,2022-04-28,Ravendale,-82.985907,42.39953
11837 Evanston St,2022-04-28,Ravendale,-82.985667,42.399603
14647 Hazelridge St,2022-04-28,Mapleridge,-82.971551,42.424934
1643 Fullerton St,2022-04-28,Dexter-Linwood,-83.108516,42.392156
20474 Irvington St,2022-04-28,Nolan,-83.098151,42.445742
2474 Richton St,2022-04-28,Dexter-Linwood,-83.115241,42.386782
4474 Fairview St,2022-04-28,West End,-82.984877,42.383006
50 Minnesota St,2022-04-28,Greenfield Park,-83.100896,42.422978
7259 MCDONALD,2022-04-28,Midwest,-83.146998,42.345625
9614 Otsego St,2022-04-28,Nardin Park,-83.124692,42.370932
11677 Asbury Park,2022-04-29,Plymouth-I96,-83.207574,42.373624
11759 Evanston St,2022-04-29,Ravendale,-82.986984,42.399201
12027 Camden Ave,2022-04-29,Ravendale,-82.984999,42.40084
12604 Evanston St,2022-04-29,Ravendale,-82.976992,42.401636
12701 Evanston St,2022-04-29,Ravendale,-82.976207,42.402331
13109 Cherrylawn St,2022-04-29,Littlefield Community,-83.154282,42.383982
13403 Maiden St,2022-04-29,Outer Drive-Hayes,-82.970757,42.407597
14608 Faircrest St,2022-04-29,Mapleridge,-82.972312,42.43193
17810 Cardoni St,2022-04-29,Cadillac Heights,-83.090669,42.423708
20495 Irvington St,2022-04-29,Nolan,-83.098838,42.446026
3362 Heidelberg St,2022-04-29,McDougall-Hunt,-83.024643,42.357279
447 Adeline St,2022-04-29,Penrose,-83.10837,42.438366
4660 Algonquin St,2022-04-29,Fox Creek,-82.968277,42.388954
79 Cedarhurst Pl,2022-04-29,Grixdale Farms,-83.103318,42.421313
94 Cedarhurst Pl,2022-04-29,Grixdale Farms,-83.103876,42.421635
2420 Richton St,2022-05-01,Dexter-Linwood,-83.11433,42.387122
2475 Richton St,2022-05-01,Dexter-Linwood,-83.114982,42.386417
2646 Glynn Ct,2022-05-01,Dexter-Linwood,-83.113347,42.378746
2900 Leslie St,2022-05-01,Dexter-Linwood,-83.122566,42.388504
4011 Lawrence,2022-05-01,Nardin Park,-83.125446,42.376358
4015 Lawrence,2022-05-01,Nardin Park,-83.125545,42.376321
4047 W Grand St,2022-05-01,Oakman Blvd Community,-83.135083,42.389884
9609 Petoskey Ave,2022-05-01,Nardin Park,-83.124182,42.371039
9615 Petoskey Ave,2022-05-01,Nardin Park,-83.124232,42.371113
9626 Otsego St,2022-05-01,Nardin Park,-83.12479,42.37108
11062 Charlemagne Ave,2022-05-02,Gratiot-Findlay,-82.999096,42.407357
11072 Charlemagne Ave,2022-05-02,Gratiot-Findlay,-82.99881,42.407470000000004
11149 Charlemagne Ave,2022-05-02,Gratiot-Findlay,-82.997915,42.4083
11152 Charlemagne Ave,2022-05-02,Gratiot-Findlay,-82.997523,42.407924
11166 Charlemagne Ave,2022-05-02,Gratiot-Findlay,-82.997289,42.408006
11174 Charlemagne Ave,2022-05-02,Gratiot-Findlay,-82.997172,42.408047
11177 Charlemagne Ave,2022-05-02,Gratiot-Findlay,-82.997448,42.408465
11180 Charlemagne Ave,2022-05-02,Gratiot-Findlay,-82.997054,42.408087
11186 Charlemagne Ave,2022-05-02,Gratiot-Findlay,-82.996937,42.408129
11191 Charlemagne Ave,2022-05-02,Gratiot-Findlay,-82.997214,42.408548
11214 Charlemagne Ave,2022-05-02,Gratiot-Findlay,-82.996469,42.408294
11228 Charlemagne Ave,2022-05-02,Gratiot-Findlay,-82.996235,42.408377
14474 Rochelle St,2022-05-02,Mapleridge,-82.973417,42.422844
17863 Cardoni St,2022-05-02,Cadillac Heights,-83.091394,42.424472
2481 Richton St,2022-05-02,Dexter-Linwood,-83.115081,42.38638
2487 Richton St,2022-05-02,Dexter-Linwood,-83.115181,42.386343
2565 Gray St,2022-05-02,Riverbend,-82.959224,42.377897
37 W Dakota Ave,2022-05-02,Grixdale Farms,-83.102531,42.41966
5779 Garland St,2022-05-02,West End,-82.998482,42.390418
5797 Garland St,2022-05-02,West End,-82.998629,42.39064
6281 McClellan St,2022-05-02,Airport Sub,-83.009783,42.3915
8376 Kenney St,2022-05-02,Airport Sub,-83.016855,42.410754
8901 Otsego St,2022-05-02,Petoskey-Otsego,-83.122263,42.365912
9699 Otsego St,2022-05-02,Nardin Park,-83.125988,42.371755
12541 Hampshire St,2022-05-03,Ravendale,-82.978708,42.402321
12598 Hampshire St,2022-05-03,Ravendale,-82.977548,42.40227
11668 Birwood St,2022-05-04,Grand River-I96,-83.163031,42.374461
18090 Dwyer St,2022-05-04,Grant,-83.041038,42.42777
2993 Glendale St,2022-05-04,Dexter-Linwood,-83.124289,42.388306
3339 Webb St,2022-05-04,Dexter-Linwood,-83.122812,42.379679
4062 Lawrence,2022-05-04,Nardin Park,-83.126587,42.376404
5012 Vancouver St,2022-05-04,Midwest,-83.123286,42.358069
5039 Vancouver St,2022-05-04,Midwest,-83.123374,42.357442
5227 Vancouver St,2022-05-04,Midwest,-83.125105,42.35678
11344 Yosemite St,2022-05-05,Nardin Park,-83.13356,42.373603
12261 Sorrento St,2022-05-05,Pride Area Community,-83.172398,42.378378
4747 Tireman St,2022-05-05,Midwest,-83.118003,42.353307
5309 Vancouver St,2022-05-05,Midwest,-83.126487,42.356244
8900 Otsego St,2022-05-05,Petoskey-Otsego,-83.121809,42.366076
9231 Cameron St,2022-05-05,North End,-83.072362,42.388407
13159 Monte Vista St,2022-05-06,Grand River-I96,-83.166739,42.384346
13167 Monte Vista St,2022-05-06,Grand River-I96,-83.166743,42.384456
2952 Gray St,2022-05-06,Riverbend,-82.960104,42.380406
3751 Brown Pl,2022-05-06,Midwest,-83.107757,42.350731
4152 Gray St,2022-05-06,Fox Creek,-82.963725,42.385958
5052 Vancouver St,2022-05-06,Midwest,-83.123917,42.357826
5058 Vancouver St,2022-05-06,Midwest,-83.124021,42.357786
5071 Vancouver St,2022-05-06,Midwest,-83.12389,42.357242
5077 Vancouver St,2022-05-06,Midwest,-83.123991,42.357202
5254 Vancouver St,2022-05-06,Midwest,-83.125941,42.357056
5280 Vancouver St,2022-05-06,Midwest,-83.126335,42.356904
5919 Wabash St,2022-05-06,Elijah McCoy,-83.090171,42.357436
5952 Wabash St,2022-05-06,Elijah McCoy,-83.089734000000007,42.358057
8967 Otsego St,2022-05-06,Petoskey-Otsego,-83.122856,42.366796
11321 Yellowstone St,2022-05-09,Nardin Park,-83.132965,42.373468
11355 Yellowstone St,2022-05-09,Nardin Park,-83.133267,42.373909
13145 Pinehurst St,2022-05-09,Grand River-I96,-83.165673,42.384152
13402 Maiden St,2022-05-09,Outer Drive-Hayes,-82.970488,42.407151
13446 Maiden St,2022-05-09,Outer Drive-Hayes,-82.96977,42.407399
14530 Novara St,2022-05-09,Regent Park,-82.972778,42.439021
14909 Novara St,2022-05-09,Regent Park,-82.968471,42.439577
14920 Novara St,2022-05-09,Regent Park,-82.968227,42.439139
176 S Gates St,2022-05-09,Carbon Works,-83.134968,42.289284
18508 Pelkey St,2022-05-09,Franklin,-82.985809,42.431037
18518 Pelkey St,2022-05-09,Franklin,-82.985830000000007,42.431135
2427 W Buena Vista St,2022-05-09,Dexter-Linwood,-83.11817,42.391567
2435 W Buena Vista St,2022-05-09,Dexter-Linwood,-83.11828,42.391527
2581 Gray St,2022-05-09,Riverbend,-82.959338,42.37807
5017 Holcomb Ave,2022-05-09,Gratiot Woods,-83.002895,42.380216
5645 Woodrow St,2022-05-09,Midwest,-83.118035,42.345446
875 Calvert St,2022-05-09,Gateway Community,-83.093372,42.386466
9915 Chenlot St,2022-05-09,Nardin Park,-83.133965,42.371009
11365 Yosemite St,2022-05-10,Nardin Park,-83.134248,42.373648
132 E Greendale St,2022-05-10,Greenfield Park,-83.099539,42.426751
13600 Sorrento St,2022-05-10,Grand River-I96,-83.17167,42.387236
14157 Liberal St,2022-05-10,Franklin,-82.976787,42.440031
19362 Derby St,2022-05-10,Penrose,-83.103874,42.435178
19368 Derby St,2022-05-10,Penrose,-83.103974,42.435448
3235 Columbus St,2022-05-10,Wildemere Park,-83.108785,42.361811
3752 Brown Pl,2022-05-10,Midwest,-83.107729,42.351303
4081 Lawrence,2022-05-10,Nardin Park,-83.126634,42.375911
42 E Greendale St,2022-05-10,Greenfield Park,-83.101205,42.426696
4334 Buchanan St,2022-05-10,Chadsey Condon,-83.108417,42.337744
5040 Vancouver St,2022-05-10,Midwest,-83.123706,42.357905
5046 Vancouver St,2022-05-10,Midwest,-83.123811,42.357866
5076 Vancouver St,2022-05-10,Midwest,-83.124327,42.357667
5143 28th St,2022-05-10,Chadsey Condon,-83.113461,42.342462
5206 Vancouver St,2022-05-10,Midwest,-83.125138,42.357366
5962 14th St,2022-05-10,Elijah McCoy,-83.091036,42.357806
6515 Hanson St,2022-05-10,Claytown,-83.12837,42.337203
6709 Vinewood St,2022-05-10,Midwest,-83.109246,42.354153
8219 Intervale St,2022-05-10,Davison-Schoolcraft,-83.151358,42.391593
11391 Yosemite St,2022-05-11,Nardin Park,-83.134453,42.37394
120 E Greendale St,2022-05-11,Greenfield Park,-83.099761,42.426743
13440 Maiden St,2022-05-11,Outer Drive-Hayes,-82.969901,42.407354
13545 Turner St,2022-05-11,Oakman Blvd Community,-83.147845,42.387045
13615 Stoepel St,2022-05-11,Oakman Blvd Community,-83.140988,42.388174
17896 Hawthorne St,2022-05-11,Cadillac Heights,-83.091921,42.424375
19409 Andover St,2022-05-11,Nolan,-83.099574,42.436476
281 Newport St,2022-05-11,Jefferson Chalmers,-82.940427,42.36167
5101 Vancouver St,2022-05-11,Midwest,-83.1244,42.357042
5138 30th St,2022-05-11,Chadsey Condon,-83.114071,42.342227
5658 Woodrow St,2022-05-11,Midwest,-83.117269,42.345687
7155 Van Buren St,2022-05-11,Midwest,-83.142197,42.357564000000004
7696 Central St,2022-05-11,Midwest,-83.145842,42.350254
11428 Saint Marys St,2022-05-12,Joy Community,-83.204423,42.371952
12243 Flanders St,2022-05-12,Eden Gardens,-82.989688,42.413895
14134 Mendota St,2022-05-12,Northwest Community,-83.164231,42.390756
14312 Robson St,2022-05-12,Hubbell-Lyndon,-83.192179,42.391814
14537 Monica St,2022-05-12,Chalfonte,-83.143586,42.395971
15001 Liberal St,2022-05-12,Regent Park,-82.966796,42.440385
15729 Dacosta St,2022-05-12,Brightmoor,-83.261012,42.404553
15733 Dacosta St,2022-05-12,Brightmoor,-83.261016,42.404652
15736 Dacosta St,2022-05-12,Brightmoor,-83.260328,42.404744
15737 Dacosta St,2022-05-12,Brightmoor,-83.26102,42.404741
15746 Dacosta St,2022-05-12,Brightmoor,-83.260335,42.404931
15750 Dacosta St,2022-05-12,Brightmoor,-83.260339,42.405024
15760 Dacosta St,2022-05-12,Brightmoor,-83.260346,42.40521
15764 Dacosta St,2022-05-12,Brightmoor,-83.26035,42.4053
15774 Dacosta St,2022-05-12,Brightmoor,-83.260354,42.405489
1690 Burlingame St,2022-05-12,Dexter-Linwood,-83.104609,42.386289
19159 Yacama Rd,2022-05-12,Nolan,-83.097297,42.433326
19167 Yacama Rd,2022-05-12,Nolan,-83.097297,42.433425
3454 Anderdon Ave,2022-05-12,Riverbend,-82.96478,42.381478
5711 Woodrow St,2022-05-12,Midwest,-83.118068,42.346351
6416 Hartford St,2022-05-12,Midwest,-83.113075,42.351614
6613 Vinewood St,2022-05-12,Midwest,-83.109218,42.353253
6647 Vinewood St,2022-05-12,Midwest,-83.109229,42.353751
7168 Van Buren St,2022-05-12,Midwest,-83.142518,42.357964
7180 Van Buren St,2022-05-12,Midwest,-83.142777,42.357959
7738 Central St,2022-05-12,Midwest,-83.145871,42.35083
9381 Yellowstone St,2022-05-12,Nardin Park,-83.129624,42.368507
11386 Yosemite St,2022-05-13,Nardin Park,-83.133909,42.374118
11839 Findlay St,2022-05-13,Gratiot-Findlay,-82.996716,42.414954
136 Minnesota St,2022-05-13,Greenfield Park,-83.099341,42.423008
15494 Wildemere St,2022-05-13,Pilgrim Village,-83.132217,42.406011
17227 Healy St,2022-05-13,Davison,-83.0552,42.420663
2215 Monterey St,2022-05-13,Dexter-Linwood,-83.110299,42.387356
5640 30th St,2022-05-13,Midwest,-83.11611,42.345904
5717 Woodrow St,2022-05-13,Midwest,-83.118069,42.346431
6031 Scotten St,2022-05-13,Midwest,-83.112512,42.348502
7710 Central St,2022-05-13,Midwest,-83.14585,42.350419
9208 Archdale St,2022-05-13,Joy Community,-83.214973,42.361739
9383 Pierson St,2022-05-13,Franklin Park,-83.245065,42.363937
17657 Dwyer St,2022-05-16,Davison,-83.041529,42.424063
19751 Conant St,2022-05-16,Nolan,-83.078836,42.439643
2630 Hendrie St,2022-05-16,Poletown East,-83.044084,42.371919
3016 Clairmount St,2022-05-16,Jamison,-83.113327,42.371193
5088 S Clarendon St,2022-05-16,Midwest,-83.128721,42.361185
5286 Seebaldt St,2022-05-16,Midwest,-83.124154,42.353637
5328 Seebaldt St,2022-05-16,Midwest,-83.124839,42.353376
5643 30th St,2022-05-16,Midwest,-83.116681,42.345952
5794 Woodrow St,2022-05-16,Midwest,-83.117305,42.347498
6434 Riopelle St,2022-05-16,Milwaukee Junction,-83.056252,42.374088
8203 Intervale St,2022-05-16,Davison-Schoolcraft,-83.151064,42.391599
8527 American St,2022-05-16,Midwest,-83.144509,42.357391
8531 Desoto St,2022-05-16,Chalfonte,-83.15537,42.400866
11350 Pinehurst St,2022-05-17,Barton-McFarland,-83.165348,42.371902
13416 Maiden St,2022-05-17,Outer Drive-Hayes,-82.970253,42.407232
13422 Maiden St,2022-05-17,Outer Drive-Hayes,-82.970136,42.407273000000004
144 E Greendale St,2022-05-17,Greenfield Park,-83.099317,42.426758
151 E Greendale St,2022-05-17,Greenfield Park,-83.099214,42.42717
17184 Caldwell St,2022-05-17,Davison,-83.046217,42.420263
17202 Caldwell St,2022-05-17,Davison,-83.046226,42.42051
19150 Hershey St,2022-05-17,Penrose,-83.110899,42.432975
19202 Hershey St,2022-05-17,Penrose,-83.110924,42.433702
211 E Greendale St,2022-05-17,Greenfield Park,-83.098105,42.427204
3534 Gray St,2022-05-17,Riverbend,-82.962258,42.383688
4215 Mount Elliott St,2022-05-17,McDougall-Hunt,-83.024808,42.365448
5333 Seebaldt St,2022-05-17,Midwest,-83.124616,42.352883
6001 Scotten St,2022-05-17,Midwest,-83.112495,42.34809
7750 W Fort St,2022-05-17,Delray,-83.117614,42.301143
7764 Concord St,2022-05-17,Airport Sub,-83.030674,42.387976
7823 Concord St,2022-05-17,Airport Sub,-83.031198,42.388756
7901 Concord St,2022-05-17,Airport Sub,-83.031192,42.389843
8310 Chalfonte St,2022-05-17,Chalfonte,-83.152654,42.400539
14232 Goddard St,2022-05-18,North Campau,-83.076588,42.416865
4654 Fairview St,2022-05-18,West End,-82.98637,42.38526
5266 Seebaldt St,2022-05-18,Midwest,-83.123858,42.35375
5317 Seebaldt St,2022-05-18,Midwest,-83.124327,42.352994
5646 30th St,2022-05-18,Midwest,-83.116018,42.346046
5663 30th St,2022-05-18,Midwest,-83.116691,42.346199
5793 Woodrow St,2022-05-18,Midwest,-83.118158,42.347502
8172 Almont St,2022-05-18,Airport Sub,-83.020376,42.413638
4607 French Rd,2022-05-19,East Canfield,-82.989749,42.38312
4816 Parker St,2022-05-19,Gratiot-Grand,-83.010492,42.375297
5609 N Campbell,2022-05-19,Chadsey Condon,-83.12281,42.342871
7717 Concord St,2022-05-19,Airport Sub,-83.031207,42.38735
7756 Concord St,2022-05-19,Airport Sub,-83.030674,42.38788
8175 Desoto St,2022-05-19,Chalfonte,-83.151283,42.400898
8347 Kenney St,2022-05-19,Airport Sub,-83.017537,42.411009
11250 Wade St,2022-05-20,Ravendale,-82.990414,42.399403
12120 Wilshire Dr,2022-05-20,Wade,-82.98689,42.406874
13303 Corbett Ave,2022-05-20,Outer Drive-Hayes,-82.972938,42.407793
14025 La Salle Blvd,2022-05-20,Oakman Blvd Community,-83.122157,42.398053
2608 Gray St,2022-05-20,Riverbend,-82.958957,42.378632
3843 Harding St,2022-05-20,East Canfield,-82.987118,42.377686
3999 Harding St,2022-05-20,East Canfield,-82.988462,42.379581
4031 Harding St,2022-05-20,East Canfield,-82.98872,42.379945
5303 Seebaldt St,2022-05-20,Midwest,-83.12413,42.353069
5934 Epworth St,2022-05-20,Midwest,-83.124454,42.345124
5986 Epworth St,2022-05-20,Midwest,-83.124951,42.345767
81 W Arizona St,2022-05-20,Grixdale Farms,-83.103254,42.418417
8220 Almont St,2022-05-20,Airport Sub,-83.019588,42.413942
5619 N Campbell,2022-05-22,Chadsey Condon,-83.122916,42.343015
5670 30th St,2022-05-22,Midwest,-83.11603,42.346374
11112 Charlemagne Ave,2022-05-23,Gratiot-Findlay,-82.998225,42.407676
11183 Charlemagne Ave,2022-05-23,Gratiot-Findlay,-82.997331,42.408507
13682 Manning St,2022-05-23,Franklin,-82.983663,42.440339
14044 Ward St,2022-05-23,Happy Homes,-83.172873,42.389831
14452 Camden Ave,2022-05-23,Outer Drive-Hayes,-82.964966,42.407395
14663 Ohio St,2022-05-23,Chalfonte,-83.155609,42.397598
14670 Ohio St,2022-05-23,Chalfonte,-83.155042,42.397703
1564 Highland St,2022-05-23,Dexter-Linwood,-83.106473,42.392453
2639 Farnsworth St,2022-05-23,Poletown East,-83.041128,42.367643
5632 Wesson St,2022-05-23,Chadsey Condon,-83.123437,42.342998
5650 Wesson St,2022-05-23,Chadsey Condon,-83.12361,42.343234
5700 30th St,2022-05-23,Midwest,-83.116044,42.346786
5734 30th St,2022-05-23,Midwest,-83.11606,42.347197
6387 Beechton St,2022-05-23,Midwest,-83.132731,42.345333
7121 Van Buren St,2022-05-23,Midwest,-83.141549,42.357576
7729 Concord St,2022-05-23,Airport Sub,-83.031207,42.38746
7742 Concord St,2022-05-23,Airport Sub,-83.030675,42.387688
8247 Desoto St,2022-05-23,Chalfonte,-83.152617,42.400889
8901 McClellan St,2022-05-23,Airport Sub,-83.012285,42.394731
8990 McClellan St,2022-05-23,Airport Sub,-83.011914,42.395949
9616 Bessemore St,2022-05-23,Airport Sub,-83.006653,42.394622
2976 Montclair St,2022-05-24,East Village,-82.981197,42.373071
6064 30th St,2022-05-24,Midwest,-83.116107,42.348926
9623 Bessemore St,2022-05-24,Airport Sub,-83.006657,42.395047
9624 Bessemore St,2022-05-24,Airport Sub,-83.006545,42.394641
106 W Montana St,2022-05-25,Grixdale Farms,-83.104093,42.423879
11030 Rosemary Ave,2022-05-25,Gratiot-Findlay,-82.998659,42.406614
11050 Rosemary Ave,2022-05-25,Gratiot-Findlay,-82.998405,42.406704
13332 Corbett Ave,2022-05-25,Outer Drive-Hayes,-82.972106,42.407503
14151 Liberal St,2022-05-25,Franklin,-82.976918,42.440031
14226 Elmdale St,2022-05-25,Outer Drive-Hayes,-82.970057,42.409227
14245 Elmdale St,2022-05-25,Outer Drive-Hayes,-82.970094,42.409842
14457 Promenade Ave,2022-05-25,Outer Drive-Hayes,-82.969243,42.414134
160 W Montana St,2022-05-25,Grixdale Farms,-83.105122,42.423849
"20110 WOODWARD AVE A.K.A 1300 E STATE FAIR,",2022-05-25,State Fair,-83.120887,42.440952
5052 S Clarendon St,2022-05-25,Midwest,-83.128411,42.361606
5065 S Clarendon St,2022-05-25,Midwest,-83.12798,42.361197
5694 Wesson St,2022-05-25,Chadsey Condon,-83.123988,42.343748
5742 Garland St,2022-05-25,West End,-82.997478,42.390148
692 W Brentwood St,2022-05-25,Grixdale Farms,-83.11273,42.431546
7340 Burnette St,2022-05-25,Midwest,-83.140411,42.346939
8374 Almont St,2022-05-25,Airport Sub,-83.017043,42.414911
11075 Rosemary Ave,2022-05-26,Gratiot-Findlay,-82.998262,42.407281
11125 Rosemary Ave,2022-05-26,Gratiot-Findlay,-82.997454,42.407565
11157 Rosemary Ave,2022-05-26,Gratiot-Findlay,-82.996885,42.407765
13404 Corbett Ave,2022-05-26,Outer Drive-Hayes,-82.970897,42.407918
14445 Camden Ave,2022-05-26,Outer Drive-Hayes,-82.965319,42.407711
1551 McClellan St,2022-05-26,East Village,-82.986935,42.361558
2621 Gray St,2022-05-26,Riverbend,-82.959676,42.378588
2811 17th St,2022-05-26,North Corktown,-83.082159,42.333723
6338 Beechton St,2022-05-26,Midwest,-83.132267,42.346072
7312 Burnette St,2022-05-26,Midwest,-83.140385,42.346567
7729 Holmes St,2022-05-26,Claytown,-83.146397,42.343685
8389 Almont St,2022-05-26,Airport Sub,-83.017075,42.415374
10162 Woodlawn Ave,2022-05-27,Airport Sub,-83.002672,42.399499
111 W Nevada St,2022-05-27,Grixdale Farms,-83.104231,42.424281
11637 Manor,2022-05-27,Grand River-I96,-83.167326,42.373861
14590 Santa Rosa Dr,2022-05-27,Chalfonte,-83.141869,42.396714
18866 Brinker St,2022-05-27,Northeast Central District,-83.073615,42.431476
18883 Brinker St,2022-05-27,Northeast Central District,-83.074185,42.4317
2192 Garland St,2022-05-27,East Village,-82.981654,42.367215
2194 Meldrum St,2022-05-27,Islandview,-83.015064,42.354414
2582 Inglis St,2022-05-27,Springwells,-83.130358,42.313975
38 E Nevada St,2022-05-27,Greenfield Park,-83.101176,42.424479
5634 Parkdale Ter,2022-05-27,Chadsey Condon,-83.121645,42.343796
6314 Vaughan St,2022-05-27,Warrendale,-83.235983,42.336085
6414 Willette St,2022-05-27,Claytown,-83.130898,42.34266
7246 Burnette St,2022-05-27,Midwest,-83.140322,42.34565
63 W Montana St,2022-05-30,Grixdale Farms,-83.103233,42.423397
18840 Sherwood St,2022-05-31,Grant,-83.033652,42.432593
2954 Saint Clair St,2022-05-31,East Village,-82.983546,42.371898
452 Harper Ave,2022-05-31,Medbury Park,-83.064141,42.367149
456 Harper Ave,2022-05-31,Medbury Park,-83.064141,42.367149
5623 Parkdale Ter,2022-05-31,Chadsey Condon,-83.121981,42.34338
5626 Parkdale Ter,2022-05-31,Chadsey Condon,-83.121536,42.343645
5937 Beaubien St,2022-05-31,Medbury Park,-83.064141,42.367149
5943 Beaubien St,2022-05-31,Medbury Park,-83.064141,42.367149
5947 Beaubien St,2022-05-31,Medbury Park,-83.064141,42.367149
7471 American St,2022-05-31,Midwest,-83.144286,42.34822
12544 Hampshire St,2022-06-01,Ravendale,-82.978543,42.401957
2614 Algonquin St,2022-06-01,Riverbend,-82.961147,42.377951
8463 Lyford St,2022-06-01,Airport Sub,-83.015469,42.410034
12750 Wilfred St,2022-06-02,Eden Gardens,-82.98312,42.414744
14544 Santa Rosa Dr,2022-06-02,Chalfonte,-83.14184,42.396084
1606 Bewick St,2022-06-02,East Village,-82.981622,42.365182
4055 Fairview St,2022-06-02,West End,-82.984193,42.380866
4123 Ashland St,2022-06-02,Fox Creek,-82.950947,42.390006
4339 Ashland St,2022-06-02,Fox Creek,-82.952382,42.392151
544 W Brentwood St,2022-06-02,Grixdale Farms,-83.110005,42.431571
552 W Brentwood St,2022-06-02,Grixdale Farms,-83.110135,42.431572
5649 30th St,2022-06-02,Midwest,-83.116685,42.346034
5675 30th St,2022-06-02,Midwest,-83.116698,42.346363
7763 Dayton St,2022-06-02,Claytown,-83.145629,42.340002
7780 Dayton St,2022-06-02,Claytown,-83.146199,42.340279
2554 Algonquin St,2022-06-03,Riverbend,-82.960667,42.377216
4860 Algonquin St,2022-06-03,Fox Creek,-82.969405,42.390701
8062 Jordan St,2022-06-03,Airport Sub,-83.021805,42.40325
11738 Manor,2022-06-06,Grand River-I96,-83.166635,42.375286
11746 Manor,2022-06-06,Grand River-I96,-83.166638,42.375396
12576 Wilfred St,2022-06-06,Eden Gardens,-82.985371,42.413937
14450 Houston Whittier Ave,2022-06-06,Outer Drive-Hayes,-82.972926,42.420357
19251 Russell St,2022-06-06,Nolan,-83.090979,42.434795
19300 Harlow St,2022-06-06,Greenfield,-83.215833,42.432062
19423 Gable St,2022-06-06,Farwell,-83.043159,42.437871
4500 Lawton St,2022-06-06,Core City,-83.092527,42.345072
5721 Dubois St,2022-06-06,Poletown East,-83.046717,42.370443
5727 Dubois St,2022-06-06,Poletown East,-83.046766,42.370515
580 W Brentwood St,2022-06-06,Grixdale Farms,-83.110653,42.431562
6465 Colfax St,2022-06-06,Midwest,-83.127415,42.350216
8746 Orangelawn St,2022-06-06,Barton-McFarland,-83.156457,42.36964
9611 Forrer St,2022-06-06,Joy Community,-83.201292,42.366966
9661 Forrer St,2022-06-06,Joy Community,-83.201319,42.36764
10390 Violetlawn St,2022-06-07,Barton-McFarland,-83.163413,42.367738
12627 Wilfred St,2022-06-07,Eden Gardens,-82.984843,42.414634
14517 Cheyenne St,2022-06-07,Bethune Community,-83.174798,42.39524
14903 Monte Vista St,2022-06-07,Bethune Community,-83.167396,42.399231
19436 Ferguson St,2022-06-07,Greenfield,-83.210546,42.434492
5605 Stanford,2022-06-07,Midwest,-83.114437,42.346248
6081 Braden St,2022-06-07,Claytown,-83.138118,42.342764
6557 Saint Clair St,2022-06-07,Airport Sub,-83.0002,42.394815
9301 Sussex,2022-06-07,We Care Community,-83.194294,42.363312
9654 Forrer St,2022-06-07,Joy Community,-83.200626,42.367556
14711 Troester St,2022-06-08,Mapleridge,-82.970449,42.426579
14828 Troester St,2022-06-08,Mapleridge,-82.969501,42.426115
19209 Prevost St,2022-06-08,Greenfield,-83.204576,42.431916
19455 Asbury Park,2022-06-08,Greenfield,-83.210075,42.434722
19460 Ferguson St,2022-06-08,Greenfield,-83.210497,42.434809
2000 Magnolia St,2022-06-08,Core City,-83.079374,42.341643
594 W Brentwood St,2022-06-08,Grixdale Farms,-83.110913,42.431562
12709 Wilfred St,2022-06-09,Eden Gardens,-82.984054,42.41493
14552 Hartwell St,2022-06-09,Bethune Community,-83.177438,42.395677
15867 Log Cabin St,2022-06-09,Pilgrim Village,-83.121804,42.408895
19321 Danbury St,2022-06-09,Penrose,-83.106586,42.43458
19782 Ferguson St,2022-06-09,Greenfield,-83.210587,42.436822
3577 Algonquin St,2022-06-09,Riverbend,-82.965327,42.383206
455 W Brentwood St,2022-06-09,Grixdale Farms,-83.108313,42.431139
7754 Helen St,2022-06-09,Airport Sub,-83.029775,42.387878
9555 Manor,2022-06-09,Barton-McFarland,-83.167074,42.366843
12650 Hartwell St,2022-06-10,Pride Area Community,-83.176466,42.381127
12737 Hartwell St,2022-06-10,Pride Area Community,-83.177291,42.382293
12740 Hartwell St,2022-06-10,Pride Area Community,-83.176516,42.382375
12743 Hartwell St,2022-06-10,Pride Area Community,-83.177294,42.382385
12827 French Rd,2022-06-10,Airport Sub,-83.01567,42.415346
14433 Tacoma St,2022-06-10,Franklin,-82.974855,42.441879
14695 Troester St,2022-06-10,Mapleridge,-82.970708,42.426575
17221 Healy St,2022-06-10,Davison,-83.0552,42.42058
19357 Danbury St,2022-06-10,Penrose,-83.106598,42.435072
19649 Regent Dr,2022-06-10,Franklin,-82.97581,42.440483
2587 Springle St,2022-06-10,Riverbend,-82.960447,42.377764
5741 Otis St,2022-06-10,Central Southwest,-83.111721,42.327986
7160 Burlingame St,2022-06-10,Oakman Blvd Community,-83.142786,42.373601
7820 Helen St,2022-06-10,Airport Sub,-83.029774,42.388772
9588 Manor,2022-06-10,Barton-McFarland,-83.166426,42.367334
9592 Manor,2022-06-10,Barton-McFarland,-83.166428,42.36743
12638 Hartwell St,2022-06-13,Pride Area Community,-83.176459,42.380935
12878 Patton St,2022-06-13,Brightmoor,-83.242757,42.382654
16508 Log Cabin St,2022-06-13,Martin Park,-83.121328,42.412877
19165 Forrer St,2022-06-13,Greenfield,-83.203477,42.431317
20158 Cameron St,2022-06-13,Nolan,-83.093685,42.443193
20400 Derby St,2022-06-13,Nolan,-83.103568,42.444641
3508 Burns St,2022-06-13,Indian Village,-82.999594,42.368773
7166 Burlingame St,2022-06-13,Oakman Blvd Community,-83.142934,42.373599
9362 Burnette St,2022-06-13,Midwest,-83.141664,42.364858
128 W Nevada St,2022-06-14,Grixdale Farms,-83.104569,42.424713
189 W Nevada St,2022-06-14,Grixdale Farms,-83.105703,42.424236
19174 Havana St,2022-06-14,Penrose,-83.109964,42.433353
19327 Hershey St,2022-06-14,Penrose,-83.111504,42.434586
19656 Keating St,2022-06-14,Nolan,-83.100053,42.438057
20010 Stahelin Ave,2022-06-14,O'Hair Park,-83.227863,42.439008
5658 28th St,2022-06-14,Midwest,-83.114995,42.346645
5665 28th St,2022-06-14,Midwest,-83.11558,42.346631
7552 Holmes St,2022-06-14,Claytown,-83.144632,42.344172
100 W Margaret St,2022-06-15,Grixdale Farms,-83.104106,42.42635
1030 S Patricia St,2022-06-15,Boynton,-83.148165,42.28246
1056 S Patricia St,2022-06-15,Boynton,-83.148476,42.28215
1216 S Patricia St,2022-06-15,Boynton,-83.14951,42.280914
1304 S Patricia St,2022-06-15,Boynton,-83.150383,42.279882
1321 S Patricia St,2022-06-15,Boynton,-83.150048,42.27941
1334 S Patricia St,2022-06-15,Boynton,-83.150699,42.27946
189 Worcester Pl,2022-06-15,Grixdale Farms,-83.105557,42.422441
19303 Andover St,2022-06-15,Nolan,-83.099534,42.435
247 Worcester Pl,2022-06-15,Grixdale Farms,-83.106481,42.422132
3443 Montclair St,2022-06-15,East Village,-82.983094,42.374672
3583 28th St,2022-06-15,Chadsey Condon,-83.105993,42.332754
5565 Joseph Campau St,2022-06-15,Poletown East,-83.041369,42.371709
5673 28th St,2022-06-15,Midwest,-83.115584,42.346713
9381 Burnette St,2022-06-15,Midwest,-83.142283,42.36505
17326 Greeley St,2022-06-16,Cadillac Heights,-83.086869,42.420536
17869 Cardoni St,2022-06-16,Cadillac Heights,-83.091396,42.424554
19141 Archdale St,2022-06-16,Greenfield,-83.21754,42.430734
2537 Gray St,2022-06-16,Riverbend,-82.958999,42.377551
3983 Meldrum St,2022-06-16,Gratiot-Grand,-83.022862,42.364976
5103 32nd St,2022-06-16,Chadsey Condon,-83.11662,42.340644
5375 Pacific St,2022-06-16,Midwest,-83.12647,42.354261
6013 Maxwell Ave,2022-06-16,Gratiot Town/Kettering,-83.016957,42.384998
6467 Cymbal St,2022-06-16,Airport Sub,-83.03395,42.388523
9562 Prairie St,2022-06-16,Midwest,-83.143208,42.367479
12492 Westphalia St,2022-06-17,Gratiot-Findlay,-82.989548,42.422715
14295 Maiden St,2022-06-17,Outer Drive-Hayes,-82.968194,42.408466
19614 Hanna St,2022-06-17,Nolan,-83.08958,42.437817
2311 S Edsel St,2022-06-17,Boynton,-83.156764,42.272382
8613 Ashton Ave,2022-06-17,Warrendale,-83.217965,42.356235
18426 Dean St,2022-06-20,Krainz Woods,-83.061451,42.428204
18456 Gable St,2022-06-20,Grant,-83.042211,42.428767
20410 Derby St,2022-06-20,Nolan,-83.103573,42.44476
20415 Derby St,2022-06-20,Nolan,-83.10435,42.444753
20524 Derby St,2022-06-20,Nolan,-83.103635,42.446315
2257 S Edsel St,2022-06-20,Boynton,-83.156238,42.273012
2717 S Edsel St,2022-06-21,Boynton,-83.160066,42.268439
2728 S Edsel St,2022-06-21,Boynton,-83.160651,42.26851
6129 Vancourt St,2022-06-21,Midwest,-83.122725,42.349012
9255 N Martindale St,2022-06-21,Nardin Park,-83.125343,42.368242
11386 Dalrymple St,2022-06-22,Nardin Park,-83.135857,42.373263
12222 Grandmont Ave,2022-06-22,Plymouth-I96,-83.209425,42.377278
14385 Chapel St,2022-06-22,Brightmoor,-83.253195,42.391998
16930 Stoepel St,2022-06-22,Fitzgerald/Marygrove,-83.141586,42.416554
18708 Hamburg St,2022-06-22,Von Steuben,-82.996808,42.432601
1888 S Edsel St,2022-06-22,Boynton,-83.155427,42.274724
1908 S Edsel St,2022-06-22,Boynton,-83.155605,42.274516
6385 Linsdale St,2022-06-22,Midwest,-83.139908,42.356078
15422 Chatham St,2022-06-23,Brightmoor,-83.262778,42.402452
15423 Chatham St,2022-06-23,Brightmoor,-83.263509,42.40245
2224 Gray St,2022-06-23,Riverbend,-82.957903,42.377028
7544 Nuernberg St,2022-06-23,Airport Sub,-83.025755,42.417673
11341 Dalrymple St,2022-06-24,Nardin Park,-83.136256,42.372469
11351 Dalrymple St,2022-06-24,Nardin Park,-83.136292,42.372576
11365 Dalrymple St,2022-06-24,Nardin Park,-83.136364,42.372789
2136 Theodore St,2022-06-24,Poletown East,-83.043936,42.365192
2685 Hendrie St,2022-06-24,Poletown East,-83.043598,42.372783
5715 Vinewood St,2022-06-24,Midwest,-83.109087,42.349313
1765 E Grand Blvd,2022-06-27,Poletown East,-83.034122,42.375468
15429 Chatham St,2022-06-28,Brightmoor,-83.263513,42.402543
15455 Chatham St,2022-06-28,Brightmoor,-83.263529,42.402909
15463 Chatham St,2022-06-28,Brightmoor,-83.263532,42.403
3737 Garland St,2022-06-28,West End,-82.98843,42.375407
13930 Sussex,2022-06-29,Cadillac Community,-83.194699,42.387725
15348 Strathmoor St,2022-06-29,Bethune Community,-83.187447,42.4028
15424 Freeland St,2022-06-29,Bethune Community,-83.185334,42.404157
15713 Chatham St,2022-06-29,Brightmoor,-83.263583,42.404226
6300 Vancourt St,2022-06-29,Midwest,-83.122396,42.34959
6306 Vancourt St,2022-06-29,Midwest,-83.122447,42.349663
6330 Vancourt St,2022-06-29,Midwest,-83.122653,42.349955
6433 Vancourt St,2022-06-29,Midwest,-83.124125,42.350992
11635 Nardin Park,2022-06-30,Nardin Park,-83.136221,42.374564
15701 Chatham St,2022-06-30,Brightmoor,-83.263574,42.404013
15723 Chatham St,2022-06-30,Brightmoor,-83.263592,42.404418
3425 Gray St,2022-06-30,Riverbend,-82.961944,42.382081
11385 Nardin Park,2022-07-01,Nardin Park,-83.135487,42.373419
15324 Strathmoor St,2022-07-01,Bethune Community,-83.187426,42.40232
15746 Chatham St,2022-07-01,Brightmoor,-83.262885,42.404909
11343 Nardin Park,2022-07-05,Nardin Park,-83.135142,42.372934
14083 Faircrest St,2022-07-05,Mapleridge,-82.977927,42.432279
14091 Faircrest St,2022-07-05,Mapleridge,-82.977794,42.432278
15437 Dacosta St,2022-07-05,Brightmoor,-83.26094,42.4026
15700 Chatham St,2022-07-05,Brightmoor,-83.262848,42.404013
19237 Russell St,2022-07-05,Nolan,-83.090975,42.434617
12746 Hubbell St,2022-07-06,Schoolcraft Southfield,-83.187899,42.382176
19320 Lenore Ave,2022-07-06,Five Points,-83.280348,42.431879
7824 W Fort St,2022-07-06,Delray,-83.11817,42.300959
11337 Nardin Park,2022-07-07,Nardin Park,-83.135073,42.372837
12010 Westwood,2022-07-07,Weatherby,-83.231113,42.374404
12021 Rosemary Ave,2022-07-07,Eden Gardens,-82.99059,42.409502
13265 Hubbell St,2022-07-07,Schoolcraft Southfield,-83.188668,42.385001
14450 Seymour St,2022-07-07,Mapleridge,-82.973961,42.426839
14695 Seymour St,2022-07-07,Mapleridge,-82.970735,42.427355
15066 Saratoga St,2022-07-07,Mapleridge,-82.966513,42.432835
15087 Saratoga St,2022-07-07,Mapleridge,-82.966153,42.433283
22118 Kessler St,2022-07-07,Riverdale,-83.259321,42.408643
5421 Canton St,2022-07-07,Gratiot Town/Kettering,-83.024062,42.376076
5626 14th St,2022-07-07,Elijah McCoy,-83.08936,42.354803
9101 W Fort St,2022-07-07,Carbon Works,-83.127495,42.296783
14859 Cedargrove St,2022-07-08,Mapleridge,-82.968899,42.425803
14900 Cedargrove St,2022-07-08,Mapleridge,-82.968135,42.425335
2010 Merrick St,2022-07-10,Woodbridge,-83.086047,42.352506
14221 Young St,2022-07-11,Mapleridge,-82.976584,42.424051
14274 Young St,2022-07-11,Mapleridge,-82.975522,42.423601
14910 Cedargrove St,2022-07-11,Mapleridge,-82.967987,42.425337
3464 Gray St,2022-07-11,Riverbend,-82.961689,42.382825
8933 Marlowe St,2022-07-11,We Care Community,-83.188703,42.36028
3345 17th St,2022-07-12,North Corktown,-83.084076,42.337143
9621 Cascade St,2022-07-12,Nardin Park,-83.129187,42.369535
9626 Cascade St,2022-07-12,Nardin Park,-83.128677,42.369774
20150 Hull St,2022-07-13,Nolan,-83.088806,42.44319
6647 Burns St,2022-07-13,Airport Sub,-83.016179,42.390899
6653 Burns St,2022-07-13,Airport Sub,-83.01623,42.390971
9281 Cascade St,2022-07-13,Nardin Park,-83.127854,42.367605
9488 Stone St,2022-07-13,Carbon Works,-83.131684,42.293993
9494 Stone St,2022-07-13,Carbon Works,-83.131754,42.293925
9536 Stone St,2022-07-13,Carbon Works,-83.132438,42.293655
100 E Euclid St,2022-07-14,North End,-83.075954,42.377697
11600 Yosemite St,2022-07-14,Nardin Park,-83.134329,42.374747
11620 Yosemite St,2022-07-14,Nardin Park,-83.134456,42.374935
1661 Highland St,2022-07-14,Dexter-Linwood,-83.108258,42.391246
1667 Highland St,2022-07-14,Dexter-Linwood,-83.108358,42.391209
1673 Highland St,2022-07-14,Dexter-Linwood,-83.108458,42.391173
1679 Highland St,2022-07-14,Dexter-Linwood,-83.108557,42.391136
1685 Highland St,2022-07-14,Dexter-Linwood,-83.108656,42.3911
19644 Hanna St,2022-07-14,Nolan,-83.089588,42.43823
9933 Yosemite St,2022-07-14,Nardin Park,-83.13248,42.371099
19182 Cardoni St,2022-07-15,Nolan,-83.091386,42.433864
19407 Omira St,2022-07-15,Nolan,-83.096374,42.436521
3815 Clairmount St,2022-07-15,Petoskey-Otsego,-83.118974,42.36855
8100 MELVILLE ST,2022-07-15,Delray,-83.118873,42.29519
9321 Quincy St,2022-07-15,Nardin Park,-83.122451,42.370292
3233 Cortland St,2022-07-18,Dexter-Linwood,-83.12382,42.384463
8954 Thaddeus St,2022-07-18,Delray,-83.123274,42.29085
9331 Quincy St,2022-07-18,Nardin Park,-83.122522,42.370413
12129 Stoepel St,2022-07-19,Oakman Blvd Community,-83.140533,42.378006
12274 Rosemary Ave,2022-07-19,Eden Gardens,-82.986557,42.410324
14694 Spring Garden St,2022-07-19,Mapleridge,-82.970747,42.427728
15339 Pierson St,2022-07-19,Brightmoor,-83.246305,42.401442
15361 Pierson St,2022-07-19,Brightmoor,-83.246324,42.401881
15509 Lamphere St,2022-07-19,Brightmoor,-83.262251,42.403637
4855 Gray St,2022-07-19,Fox Creek,-82.967802,42.39116
5838 Hurlbut St,2022-07-19,West End,-82.999939,42.389746
6068 Epworth St,2022-07-19,Midwest,-83.12573,42.346943
6083 Stanford,2022-07-19,Midwest,-83.114649,42.349205
6275 McClellan St,2022-07-19,Airport Sub,-83.009692,42.391453
11067 Rosemary Ave,2022-07-20,Gratiot-Findlay,-82.998378,42.40724
11645 Washburn St,2022-07-20,Grand River-I96,-83.159982,42.374155
11657 Washburn St,2022-07-20,Grand River-I96,-83.159989,42.374346
12085 Barlow St,2022-07-20,Gratiot-Findlay,-82.990214,42.419121
12385 Cloverdale St,2022-07-20,Littlefield Community,-83.148448,42.380433
15090 Steel St,2022-07-20,Bethune Community,-83.171152,42.401329
15335 Birwood St,2022-07-20,Bethune Community,-83.164354,42.402992
15360 Pierson St,2022-07-20,Brightmoor,-83.245704,42.401891
15366 Pierson St,2022-07-20,Brightmoor,-83.245708,42.402001
15367 Saint Marys St,2022-07-20,Crary/St Marys,-83.206615,42.402765
19381 Danbury St,2022-07-20,Penrose,-83.106606,42.435424
19435 Danbury St,2022-07-20,Penrose,-83.106624,42.436144
19744 Gilchrist St,2022-07-20,Greenfield,-83.212811,42.436254
19962 Biltmore St,2022-07-20,Greenfield,-83.212013,42.438787
20200 Irvington St,2022-07-20,Nolan,-83.098089,42.443694
20264 Irvington St,2022-07-20,Nolan,-83.09812,42.444558
2926 Newport St,2022-07-20,Riverbend,-82.952954,42.38258
13112 Camden Ave,2022-07-21,Outer Drive-Hayes,-82.972278,42.404797
13121 Camden Ave,2022-07-21,Outer Drive-Hayes,-82.972396,42.405273
13151 Ilene St,2022-07-21,Grand River-I96,-83.161376,42.384371
13344 Longview St,2022-07-21,Outer Drive-Hayes,-82.973113,42.409334
17555 Winthrop St,2022-07-21,College Park,-83.20133,42.420461
19601 Healy St,2022-07-21,Farwell,-83.056339,42.438328
19713 Healy St,2022-07-21,Farwell,-83.056424,42.439837
20519 Ferguson St,2022-07-21,Greenfield,-83.211703,42.443158
2749 Tyler St,2022-07-21,Dexter-Linwood,-83.123479,42.390408
643 W Hollywood Ave,2022-07-21,Grixdale Farms,-83.111785,42.430288
15506 Dacosta St,2022-07-22,Brightmoor,-83.260284,42.403585
6329 Helen St,2022-07-22,Gratiot Town/Kettering,-83.027933,42.38369
7734 Concord St,2022-07-22,Airport Sub,-83.030676,42.387592
9127 Rutherford St,2022-07-22,Joy Community,-83.202768,42.361056
9999 Asbury Park,2022-07-22,Joy Community,-83.207451,42.36913
11629 Woodmont Ave,2022-07-25,Plymouth-I96,-83.208735,42.372931
12060 Stoepel St,2022-07-25,Oakman Blvd Community,-83.139884,42.3771
12108 Ward St,2022-07-25,Pride Area Community,-83.172864,42.377094
12505 Hampshire St,2022-07-25,Ravendale,-82.979306,42.402129
12636 Hampshire St,2022-07-25,Ravendale,-82.976867,42.402485
14688 Spring Garden St,2022-07-25,Mapleridge,-82.970876,42.427722
15360 Patton St,2022-07-25,Brightmoor,-83.243459,42.401928
15400 Dacosta St,2022-07-25,Brightmoor,-83.260233,42.402186
4196 Holcomb St,2022-07-25,Gratiot Woods,-82.998439,42.375061
7130 Holmes St,2022-07-25,Claytown,-83.141967,42.344222
8644 Faust Ave,2022-07-25,Warrendale,-83.220934,42.356662
13380 Promenade Ave,2022-07-26,Outer Drive-Hayes,-82.974314,42.412425
19621 Coventry St,2022-07-26,Nolan,-83.101774,42.437528
19627 Coventry St,2022-07-26,Nolan,-83.101776,42.43761
521 Horton St,2022-07-26,North End,-83.067686,42.373581
14671 Spring Garden St,2022-07-27,Mapleridge,-82.971095,42.428307
15140 Westbrook St,2022-07-27,Brightmoor,-83.250215,42.399884
15499 Patton St,2022-07-27,Brightmoor,-83.24419,42.40378
1659 Lawrence St,2022-07-27,Dexter-Linwood,-83.103105,42.384982
4075 Lawrence,2022-07-27,Nardin Park,-83.126535,42.375948
66 W Parkhurst Pl,2022-07-27,Grixdale Farms,-83.103218,42.420918
8967 Petoskey Ave,2022-07-27,Petoskey-Otsego,-83.121841,42.366928
11665 N Martindale St,2022-07-28,Nardin Park,-83.131566,42.377041
11717 N Martindale St,2022-07-28,Nardin Park,-83.131991,42.377689
11773 Camden Ave,2022-07-28,Ravendale,-82.987263,42.400084
14007 Pfent St,2022-07-28,Franklin,-82.980173,42.43811
14027 Pfent St,2022-07-28,Franklin,-82.979528,42.438124
15851 Burt Rd,2022-07-28,Brightmoor,-83.247712,42.40666
19393 Healy St,2022-07-28,Farwell,-83.056272,42.437197
19624 Rogge St,2022-07-28,Nortown,-83.029529,42.43918
2294 Glendale St,2022-07-28,Dexter-Linwood,-83.115855,42.391981
2428 Glendale St,2022-07-28,Dexter-Linwood,-83.11795,42.391221
3758 Collingwood St,2022-07-28,Nardin Park,-83.12353,42.376709
3864 Lillibridge St,2022-07-28,West End,-82.981152,42.379127
7846 Carrie St,2022-07-28,Airport Sub,-83.028788,42.388082
8998 Petoskey Ave,2022-07-28,Petoskey-Otsego,-83.121619,42.367503
9746 Otsego St,2022-07-28,Nardin Park,-83.125774,42.372556
9914 Petoskey Ave,2022-07-28,Nardin Park,-83.125193,42.37359
13594 Ohio St,2022-07-29,Davison-Schoolcraft,-83.154781,42.387557
15767 Chatham St,2022-07-29,Brightmoor,-83.263633,42.405346
15843 Burt Rd,2022-07-29,Brightmoor,-83.247707,42.40655
3812 Collingwood St,2022-07-29,Nardin Park,-83.124421,42.376375
6685 Barton St,2022-07-29,Midwest,-83.139099,42.348598
7303 W McNichols Rd,2022-07-29,Fitzgerald/Marygrove,-83.144239,42.416841
9632 Otsego St,2022-07-29,Nardin Park,-83.124839,42.371154
12627 Rosa Parks Blvd,2022-08-01,Dexter-Linwood,-83.1107,42.392193
13910 Monte Vista St,2022-08-02,Northwest Community,-83.16628,42.388531
15730 Chatham St,2022-08-02,Brightmoor,-83.262874,42.404616
15731 Chatham St,2022-08-02,Brightmoor,-83.263599,42.404607
15810 Trinity St,2022-08-02,Brightmoor,-83.248136,42.406119
15820 Trinity St,2022-08-02,Brightmoor,-83.248141,42.406229
15828 Trinity St,2022-08-02,Brightmoor,-83.248146,42.406339
19481 Ferguson St,2022-08-02,Greenfield,-83.211146,42.435031
19487 Ferguson St,2022-08-02,Greenfield,-83.211151,42.435147
2130 Theodore St,2022-08-02,Poletown East,-83.044036,42.365157
2415 Richton St,2022-08-02,Dexter-Linwood,-83.113976,42.386793
2496 Parker St,2022-08-02,Islandview,-83.001031,42.362209
3111 Mount Elliott St,2022-08-02,McDougall-Hunt,-83.020127,42.358509
3888 Lillibridge St,2022-08-02,West End,-82.981352,42.379421
6696 Majestic St,2022-08-02,Midwest,-83.139082,42.348194
6725 Majestic St,2022-08-02,Midwest,-83.139274,42.347633
8082 Quinn St,2022-08-02,Mount Olivet,-83.022414,42.430836
8458 Chalfonte St,2022-08-02,Chalfonte,-83.154556,42.400525
8974 Petoskey Ave,2022-08-02,Petoskey-Otsego,-83.121422,42.367212
15741 Chatham St,2022-08-03,Brightmoor,-83.263608,42.404805
15745 Chatham St,2022-08-03,Brightmoor,-83.263612,42.404904
15750 Chatham St,2022-08-03,Brightmoor,-83.26289,42.405018
15757 Chatham St,2022-08-03,Brightmoor,-83.263623,42.405126
1923 Florence St,2022-08-03,Martin Park,-83.119164,42.412485
430 Junction St,2022-08-03,Delray,-83.092909,42.304875
5362 Vancouver St,2022-08-03,Midwest,-83.127714,42.356373
5677 Harvey St,2022-08-03,Delray,-83.09412,42.304696
9985 Yellowstone St,2022-08-03,Nardin Park,-83.132007,42.372061
13902 Monte Vista St,2022-08-04,Northwest Community,-83.166275,42.388429
13931 Monte Vista St,2022-08-04,Northwest Community,-83.166928,42.388822
14886 Prest St,2022-08-04,Hubbell-Lyndon,-83.197034,42.398011
15889 Baylis St,2022-08-04,Pilgrim Village,-83.124247,42.40911
1101 Washington Blvd,2022-08-05,Downtown,-83.051529,42.332018
1348 Springwells St,2022-08-05,Springwells,-83.122335,42.305175
13925 Monte Vista St,2022-08-05,Northwest Community,-83.166923,42.388726
13969 Monte Vista St,2022-08-05,Northwest Community,-83.166952,42.389302
13994 Pinehurst St,2022-08-05,Northwest Community,-83.165271,42.389727
15899 Trinity St,2022-08-05,Brightmoor,-83.24882,42.407298
17424 Marene St,2022-08-05,Oak Grove District 1,-83.266942,42.418717
19165 Lindsay St,2022-08-05,Greenfield,-83.214302,42.431138
19171 Lindsay St,2022-08-05,Greenfield,-83.214307,42.431248
2215 Kendall St,2022-08-05,Oakman Blvd Community,-83.119209,42.399218
2599 Algonquin St,2022-08-05,Riverbend,-82.961612,42.377523
5074 Roosevelt St,2022-08-05,Chadsey Condon,-83.103353,42.346097
5634 25th St,2022-08-05,Midwest,-83.104771,42.350034
5786 Woodrow St,2022-08-05,Midwest,-83.117302,42.347416
579 W Hollywood Ave,2022-08-05,Grixdale Farms,-83.110618,42.430302
6601 Barton St,2022-08-05,Midwest,-83.137775,42.349136
12122 Rutherford St,2022-08-08,Plymouth-I96,-83.202148,42.376457
13160 Mendota St,2022-08-08,Grand River-I96,-83.163974,42.384413
14814 Tuller St,2022-08-08,Chalfonte,-83.146535,42.398355
17548 Greeley St,2022-08-08,Cadillac Heights,-83.086976,42.422659
19445 Asbury Park,2022-08-08,Greenfield,-83.210005,42.434616
2241 Indiandale St,2022-08-08,Dexter-Linwood,-83.116231,42.394031
3737 Brown Pl,2022-08-08,Midwest,-83.107514,42.350733
5535 Hillsboro St,2022-08-08,Midwest,-83.13276,42.360591
5544 Hillsboro St,2022-08-08,Midwest,-83.133167,42.360974
7329 W. MCNICHOLS RD,2022-08-08,Bagley,-83.144417,42.417202
7355 W. MCNICHOLS RD,2022-08-08,Bagley,-83.14466,42.417201
14036 Ward St,2022-08-09,Happy Homes,-83.172868,42.389735
20166 Andover St,2022-08-09,Nolan,-83.099155,42.443183
12395 Northlawn St,2022-08-10,Littlefield Community,-83.153113,42.380425
12811 Montville Pl,2022-08-10,Dexter-Linwood,-83.115552,42.392085
12825 Montville Pl,2022-08-10,Dexter-Linwood,-83.115653,42.392231
13619 Steel St,2022-08-10,Grand River-I96,-83.171202,42.387527
14256 Greenlawn St,2022-08-10,Davison-Schoolcraft,-83.149616,42.392716
17193 Kentfield St,2022-08-10,Holcomb Community,-83.241562,42.416447
1974 Fullerton St,2022-08-10,Dexter-Linwood,-83.111687,42.391656
19759 Lindsay St,2022-08-10,Greenfield,-83.214529,42.436412
3930 Wabash St,2022-08-10,Core City,-83.081329,42.343137
80 W Hollywood Ave,2022-08-10,Grixdale Farms,-83.103916,42.430851
13359 Lauder St,2022-08-11,Schoolcraft Southfield,-83.190753,42.386256
13538 Ardmore St,2022-08-11,Schoolcraft Southfield,-83.18367,42.386221
13963 Washburn St,2022-08-11,Northwest Community,-83.160648,42.389413
14260 Greenlawn St,2022-08-11,Davison-Schoolcraft,-83.14962,42.392804
19325 Oakfield St,2022-08-11,Greenfield,-83.215434,42.432525
21485 Pickford St,2022-08-11,Holcomb Community,-83.25509,42.424074
4240 Tuxedo St,2022-08-11,Nardin Park,-83.1298,42.378549
4523 Lillibridge St,2022-08-11,West End,-82.984882,42.383746
4553 Pacific St,2022-08-11,Midwest,-83.1191,42.357027
578 W Hollywood Ave,2022-08-11,Grixdale Farms,-83.110626,42.430747
19373 Westbrook St,2022-08-12,Evergreen Lahser 7/8,-83.252718,42.432612
19401 Oakfield St,2022-08-12,Greenfield,-83.215497,42.433892
20810 Santa Clara Ave,2022-08-12,Holcomb Community,-83.247707,42.419219
4232 Tuxedo St,2022-08-12,Nardin Park,-83.129685,42.378592
426 W Hollywood Ave,2022-08-12,Grixdale Farms,-83.107775,42.430775
4516 Lillibridge St,2022-08-12,West End,-82.984331,42.383864
4882 Tarnow St,2022-08-14,Claytown,-83.135019,42.332311
4888 Tarnow St,2022-08-14,Claytown,-83.135071,42.332383
104 W Hollywood Ave,2022-08-15,Grixdale Farms,-83.104358,42.430851
14572 Lauder St,2022-08-15,Hubbell-Lyndon,-83.190366,42.395585
1923 Geneva St,2022-08-15,Martin Park,-83.119216,42.413292
19809 Oakfield St,2022-08-15,Greenfield,-83.21563,42.437053
19817 Oakfield St,2022-08-15,Greenfield,-83.215635,42.437159
2944 Lakeview St,2022-08-15,Riverbend,-82.955054,42.38209
3321 E Kirby St,2022-08-15,Poletown East,-83.036007,42.371563
3330 E Kirby St,2022-08-15,Poletown East,-83.035479,42.371163
3346 E Kirby St,2022-08-15,Poletown East,-83.035244,42.371347
40 W Hollywood Ave,2022-08-15,Grixdale Farms,-83.103174,42.430857
4014 Webb St,2022-08-15,Nardin Park,-83.127154,42.378703
7102 Linsdale St,2022-08-15,Midwest,-83.141217,42.356469
12119 Schaefer Hwy,2022-08-16,Paveway,-83.178432,42.376572
13809 Goddard St,2022-08-16,North Campau,-83.075004,42.413607
14268 Greenlawn St,2022-08-16,Davison-Schoolcraft,-83.149623,42.392892
14293 Appoline St,2022-08-16,Happy Homes,-83.17037,42.39296
17167 Barlow St,2022-08-16,Von Steuben,-82.995927,42.424004
19150 Biltmore St,2022-08-16,Greenfield,-83.211421,42.431015
21681 Bennett St,2022-08-16,Holcomb Community,-83.256964,42.419355
3273 Sturtevant St,2022-08-16,Dexter-Linwood,-83.12508,42.385005
4949 Ivanhoe St,2022-08-16,Midwest,-83.122676,42.358745
6135 Lemay St,2022-08-16,Airport Sub,-82.995332,42.394842
9311 Burt Rd,2022-08-16,Franklin Park,-83.24617,42.362913
16130 Holmur St,2022-08-17,Martin Park,-83.137032,42.410502
19215 Gilchrist St,2022-08-17,Greenfield,-83.21327,42.431851
3743 Garland St,2022-08-17,West End,-82.988479,42.375481
5006 Vancouver St,2022-08-17,Midwest,-83.123182,42.35811
5342 Larchmont St,2022-08-17,Midwest,-83.124507,42.352462
1112 S Patricia St,2022-08-18,Boynton,-83.149029,42.281501
11760 Littlefield St,2022-08-18,Pride Area Community,-83.175282,42.375342
1201 S Patricia St,2022-08-18,Boynton,-83.148892,42.280798
1339 S Patricia St,2022-08-18,Boynton,-83.150185,42.279247
1411 S Patricia St,2022-08-18,Boynton,-83.150435,42.278933
14157 Terry St,2022-08-18,Hubbell-Lyndon,-83.19177,42.390904
14304 Hubbell St,2022-08-18,Hubbell-Lyndon,-83.188186,42.392487
1908 Casgrain St,2022-08-18,Central Southwest,-83.11176,42.314346
3554 Algonquin St,2022-08-18,Riverbend,-82.964552,42.383158
3800 Lovett St,2022-08-18,Chadsey Condon,-83.10443,42.334038
4867 Dickerson St,2022-08-18,Fox Creek,-82.966878,42.391735
5850 Iroquois St,2022-08-18,Gratiot Town/Kettering,-83.01351,42.384683
12619 Mark Twain St,2022-08-19,Plymouth-Hubbell,-83.186167,42.380453
12625 Mark Twain St,2022-08-19,Plymouth-Hubbell,-83.186172,42.38055
14558 Burt Rd,2022-08-19,Brightmoor,-83.246511,42.394192
18080 Dwyer St,2022-08-19,Grant,-83.041029,42.427561
7764 Mansfield St,2022-08-19,Warren Ave Community,-83.202331,42.349313
8203 Carbondale St,2022-08-19,Midwest,-83.135728,42.35325
19755 Forrer St,2022-08-22,Greenfield,-83.203356,42.436577
6610 Eagle,2022-08-22,Midwest,-83.138601,42.350701
6677 Diversey,2022-08-22,Midwest,-83.139509,42.349354
11636 Kentucky St,2022-08-23,Grand River-I96,-83.157192,42.374125
11639 Wisconsin St,2022-08-23,Grand River-I96,-83.155676,42.37415
15759 Kentucky St,2022-08-23,Fitzgerald/Marygrove,-83.159096,42.407025
16128 Holmur St,2022-08-23,Martin Park,-83.137032,42.410502
19603 Rogge St,2022-08-23,Nortown,-83.030165,42.438864
2409 Richton St,2022-08-23,Dexter-Linwood,-83.113877,42.38683
2712 Cass Ave,2022-08-23,Midtown,-83.057673,42.341206
3051 24th St,2022-08-23,Chadsey Condon,-83.093047,42.332572
6334 Alaska St,2022-08-23,Midwest,-83.138979,42.355763
12022 Montrose St,2022-08-24,Plymouth-I96,-83.199701,42.37512
14259 Indiana St,2022-08-24,Davison-Schoolcraft,-83.157476,42.392582
14271 Indiana St,2022-08-24,Davison-Schoolcraft,-83.157483,42.392767
19304 Revere St,2022-08-24,Pershing,-83.06805,42.435785
2401 Richton St,2022-08-24,Dexter-Linwood,-83.113778,42.386868
3406 Gilbert St,2022-08-24,Michigan-Martin,-83.117884,42.325857
5099 Buckingham Ave,2022-08-24,Morningside,-82.944991,42.402192
6433 Roosevelt St,2022-08-24,Midwest,-83.107046,42.351567
7811 Carrie St,2022-08-24,Airport Sub,-83.029364,42.387496
11378 Ohio St,2022-08-25,Barton-McFarland,-83.153858,42.372383
14289 Ohio St,2022-08-25,Davison-Schoolcraft,-83.155511,42.393089
14300 Cherrylawn St,2022-08-25,Davison-Schoolcraft,-83.153969,42.393269
3930 Lillibridge St,2022-08-25,West End,-82.981701,42.379937
4087 Lillibridge St,2022-08-25,West End,-82.983493,42.381661
13925 Tuller St,2022-08-26,Oakman Blvd Community,-83.146779,42.389169
15726 Pierson St,2022-08-26,Brightmoor,-83.245814,42.404786
3791 Webb St,2022-08-26,Nardin Park,-83.125595,42.378832
7412 Burlingame St,2022-08-26,Oakman Blvd Community,-83.143647,42.373589
13396 Maiden St,2022-08-29,Outer Drive-Hayes,-82.970606,42.40711
14004 Northlawn St,2022-08-29,Davison-Schoolcraft,-83.152719,42.390166
14211 Indiana St,2022-08-29,Davison-Schoolcraft,-83.157449,42.391929
15871 Iliad St,2022-08-29,Brightmoor,-83.272828,42.406623
17782 Wanda St,2022-08-29,Greenfield Park,-83.095335,42.423813
41 W Hollywood Ave,2022-08-29,Grixdale Farms,-83.103152,42.43041
4235 Webb St,2022-08-29,Nardin Park,-83.128964,42.377529
6575 W Vernor Hwy,2022-08-29,Springwells,-83.115094,42.31422
13894 Fleming St,2022-08-30,North Campau,-83.076099,42.414493
20420 Derby St,2022-08-30,Nolan,-83.103579,42.444912
2259 Fullerton St,2022-08-30,Dexter-Linwood,-83.113418,42.390491
4105 Lillibridge St,2022-08-30,West End,-82.983643,42.381882
4408 Rohns St,2022-08-30,Gratiot Woods,-83.000244,42.375821
539 W Brentwood St,2022-08-30,Grixdale Farms,-83.109868,42.431122
5720 Sheridan St,2022-08-30,Gratiot Town/Kettering,-83.020227,42.380047
9303 Carlin St,2022-08-30,We Care Community,-83.17917,42.363708
14532 Promenade Ave,2022-08-31,Outer Drive-Hayes,-82.967768,42.413612
15349 Ohio St,2022-08-31,Fitzgerald/Marygrove,-83.155642,42.40333
21612 Thatcher Ave,2022-08-31,Holcomb Community,-83.25585,42.420788
10047 Saint Marys St,2022-09-01,Joy Community,-83.205,42.369823
10281 Prairie St,2022-09-01,Oakman Blvd Community,-83.143563,42.371721
10379 Prairie St,2022-09-01,Oakman Blvd Community,-83.143612,42.373038
15824 Iliad St,2022-09-01,Brightmoor,-83.272185,42.405983
7531 Wetherby St,2022-09-01,Midwest,-83.140006,42.34821
9533 Archdale St,2022-09-01,Joy Community,-83.215803,42.365666
10372 Prairie St,2022-09-02,Oakman Blvd Community,-83.14291,42.372928
11391 Nardin Park,2022-09-02,Nardin Park,-83.135557,42.373516
11680 Winthrop St,2022-09-02,Plymouth-I96,-83.198434,42.373795
12690 Lauder St,2022-09-02,Schoolcraft Southfield,-83.189901,42.381356
13130 Wyoming St,2022-09-02,Littlefield Community,-83.158627,42.384096
13203 Frankfort St,2022-09-02,Chandler Park,-82.966216,42.395131
14100 Manor,2022-09-02,Northwest Community,-83.167429,42.390219
15829 Burt Rd,2022-09-02,Brightmoor,-83.247698,42.406347
182 S Gates St,2022-09-02,Carbon Works,-83.134914,42.289211
19600 Pelkey St,2022-09-02,Pulaski,-82.98616,42.440029
6451 Plainview Ave,2022-09-06,Warrendale,-83.234255,42.338027
12672 Hartwell St,2022-09-07,Pride Area Community,-83.176478,42.381415
13248 Prest St,2022-09-07,Schoolcraft Southfield,-83.196399,42.384551
13509 Appoline St,2022-09-07,Grand River-I96,-83.170042,42.386027
13844 Mackay St,2022-09-07,North Campau,-83.073059,42.414871
13884 Mackay St,2022-09-07,North Campau,-83.073406,42.415387
13892 Anglin St,2022-09-07,North Campau,-83.071677,42.416125
13909 Mackay St,2022-09-07,North Campau,-83.074097,42.415507
14029 Anglin St,2022-09-07,North Campau,-83.073326,42.417633
1572 Temple St,2022-09-07,North Corktown,-83.0722,42.337656
2174 Lenox St,2022-09-07,Riverbend,-82.955453,42.377205
3415 E McNichols Rd,2022-09-07,Cadillac Heights,-83.066132,42.418963
14400 Fordham St,2022-09-08,Mapleridge,-82.975044,42.434111
571 W Hollywood Ave,2022-09-08,Grixdale Farms,-83.110486,42.430302
8107 Ashton Ave,2022-09-08,Warrendale,-83.217831,42.352164
8215 Ellsworth St,2022-09-08,Chalfonte,-83.152086,42.401613
11107 Charlemagne Ave,2022-09-09,Gratiot-Findlay,-82.998618,42.408053
12010 Santa Rosa Dr,2022-09-09,Oakman Blvd Community,-83.140936,42.376386
8205 Ellsworth St,2022-09-09,Chalfonte,-83.151864,42.401614
12619 Wilfred St,2022-09-12,Eden Gardens,-82.984979,42.414586
12830 Steel St,2022-09-12,Grand River-I96,-83.170383,42.382115
13867 Anglin St,2022-09-12,North Campau,-83.071975,42.415649
4670 Algonquin St,2022-09-12,Fox Creek,-82.968378,42.389108
4671 Algonquin St,2022-09-12,Fox Creek,-82.968978,42.388897
4678 Lillibridge St,2022-09-12,West End,-82.985651,42.385857
4681 Lillibridge St,2022-09-12,West End,-82.986157,42.385672
7030 Burlingame St,2022-09-12,Oakman Blvd Community,-83.141203,42.373636
8100 Smart St,2022-09-12,Claytown,-83.148489,42.33849
8333 Maxwell St,2022-09-12,Airport Sub,-83.020165,42.389781
8468 Vanderbilt St,2022-09-12,Delray,-83.120033,42.293014
12100 Manor,2022-09-13,Grand River-I96,-83.166704,42.377074
14515 Evanston St,2022-09-13,Outer Drive-Hayes,-82.963962,42.405921
1535 Saint Clair St,2022-09-13,East Village,-82.979648,42.365246
15491 Chatham St,2022-09-13,Brightmoor,-83.263548,42.403362
4797 Belvidere St,2022-09-13,Gratiot Woods,-83.001045,42.379465
8509 Ellsworth St,2022-09-13,Chalfonte,-83.155016,42.401598
14860 Cedargrove St,2022-09-14,Mapleridge,-82.968876,42.425329
15017 Cedargrove St,2022-09-14,Mapleridge,-82.967213,42.425819
9247 Homer St,2022-09-14,Springwells,-83.133619,42.300656
20215 Coventry St,2022-09-15,Nolan,-83.101986,42.443802
3955 Saint Clair St,2022-09-15,West End,-82.989084,42.378594
13150 Meyers Rd,2022-09-16,Grand River-I96,-83.168243,42.384188
13580 Cheyenne St,2022-09-16,Grand River-I96,-83.173728,42.386946
13630 Cheyenne St,2022-09-16,Grand River-I96,-83.173752,42.387604
14585 Griggs St,2022-09-16,Bethune Community,-83.162922,42.396482
15010 Wildemere St,2022-09-16,Dexter-Fenkell,-83.13162,42.400966
2414 McPherson St,2022-09-16,Campau/Banglatown,-83.068782,42.405317
3876 Lillibridge St,2022-09-16,West End,-82.981252,42.379274
5214 Bewick St,2022-09-16,West End,-82.996062,42.385949
5248 25th St,2022-09-16,Chadsey Condon,-83.102977,42.347237
5326 Bewick St,2022-09-16,West End,-82.996977,42.387335
8037 Stockton St,2022-09-16,Mount Olivet,-83.023119,42.429028
10007 Asbury Park,2022-09-19,Joy Community,-83.207453,42.369225
1286 14th St,2022-09-19,Hubbard Richard,-83.071784,42.32381
13932 Sorrento St,2022-09-19,Happy Homes,-83.171735,42.388708
14126 Birwood St,2022-09-19,Northwest Community,-83.162737,42.390686
1558 Saint Clair St,2022-09-19,East Village,-82.979213,42.365696
19536 Anvil St,2022-09-19,Franklin,-82.977641,42.439372
19537 Anvil St,2022-09-19,Franklin,-82.978257,42.439355
19542 Anvil St,2022-09-19,Franklin,-82.977643,42.439475
19545 Anvil St,2022-09-19,Franklin,-82.978259,42.439458
19548 Anvil St,2022-09-19,Franklin,-82.977644,42.439578
3789 Saint Clair St,2022-09-19,West End,-82.987663,42.376543
3797 Saint Clair St,2022-09-19,West End,-82.987765,42.37669
19374 Havana St,2022-09-20,Penrose,-83.110005,42.435279
3882 Saint Clair St,2022-09-20,East Canfield,-82.987888,42.377989
3890 Saint Clair St,2022-09-20,East Canfield,-82.987939,42.378063
4451 Fischer Ave,2022-09-20,Gratiot Woods,-83.003554,42.375141
5740 28th St,2022-09-20,Midwest,-83.115045,42.347714
1189 W Grand Blvd,2022-09-21,Chadsey Condon,-83.102265,42.336236
3934 French Rd,2022-09-21,East Canfield,-82.986462,42.379444
4006 French Rd,2022-09-21,East Canfield,-82.987075,42.38032
5374 Allendale St,2022-09-21,Midwest,-83.126179,42.353856
10187 Traverse St,2022-09-22,Airport Sub,-83.002324,42.400836
11712 Littlefield St,2022-09-22,Pride Area Community,-83.17526,42.374752
12039 Otsego St,2022-09-22,Nardin Park,-83.131765,42.379218
12515 Hampshire St,2022-09-22,Ravendale,-82.979161,42.402176
13395 Wilfred St,2022-09-22,Eden Gardens,-82.977152,42.417342
14008 Ward St,2022-09-22,Happy Homes,-83.172849,42.389351
14167 Ward St,2022-09-22,Happy Homes,-83.173511,42.39095
18027 Mitchell St,2022-09-22,Northeast Central District,-83.071945,42.426253
19154 Hawthorne St,2022-09-22,Nolan,-83.092352,42.43338
1965 Geneva St,2022-09-22,Martin Park,-83.119995,42.413283
2226 Hazelwood St,2022-09-22,Virginia Park Community,-83.102546,42.373535
2640 Clements St,2022-09-22,Oakman Blvd Community,-83.123508,42.393771
2675 Clements St,2022-09-22,Oakman Blvd Community,-83.123792,42.393112
2988 Kendall St,2022-09-22,Oakman Blvd Community,-83.129629,42.396453
533 W Lantz St,2022-09-22,Penrose,-83.109992,42.436782
6060 Chopin St,2022-09-22,Claytown,-83.140566,42.341504
6117 Scotten St,2022-09-22,Midwest,-83.112566,42.349777
11829 Evanston St,2022-09-23,Ravendale,-82.985787,42.399566
12511 Evanston St,2022-09-23,Ravendale,-82.978824,42.40155
6422 Sparta St,2022-09-23,Midwest,-83.134736,42.347052
12011 Rosemary Ave,2022-09-26,Eden Gardens,-82.99072,42.409456
13000 Houston Whittier Ave,2022-09-26,Eden Gardens,-82.985341,42.420139
13034 Camden Ave,2022-09-26,Outer Drive-Hayes,-82.973656,42.404342
14140 Ward St,2022-09-26,Happy Homes,-83.172903,42.390664
14197 Braile St,2022-09-26,Brightmoor,-83.24472,42.38994
15709 Bentler St,2022-09-26,Brightmoor,-83.252468,42.404341
2210 Clements St,2022-09-26,Oakman Blvd Community,-83.117008,42.396192
2243 Clements St,2022-09-26,Oakman Blvd Community,-83.117282,42.395529
6845 Iowa St,2022-09-26,Grant,-83.030811,42.425244
12994 Houston Whittier Ave,2022-09-27,Eden Gardens,-82.985476,42.420114
13162 Schoolcraft St,2022-09-27,Happy Homes,-83.174354,42.388372
15822 Chapel St,2022-09-27,Brightmoor,-83.253077,42.406212
8181 Lyford St,2022-09-27,Airport Sub,-83.020195,42.408286
88 W Hollywood Ave,2022-09-27,Grixdale Farms,-83.104065,42.430851
9025 Petoskey Ave,2022-09-27,Petoskey-Otsego,-83.122304,42.367617
11431 Abington Ave,2022-09-28,Joy Community,-83.211128,42.37184
12136 Grandmont Ave,2022-09-28,Plymouth-I96,-83.2094,42.376545
13135 Schoolcraft St,2022-09-28,Grand River-I96,-83.17384,42.387868
13140 Camden Ave,2022-09-28,Outer Drive-Hayes,-82.971803,42.404953
13521 Compass St,2022-09-28,Happy Homes,-83.177393,42.388689
13531 Ward St,2022-09-28,Grand River-I96,-83.173302,42.386238
13942 Dacosta St,2022-09-28,Brightmoor,-83.259725,42.386617
14218 Elmdale St,2022-09-28,Outer Drive-Hayes,-82.970192,42.40918
15434 14th St,2022-09-28,Pilgrim Village,-83.119734,42.40505
2460 Tyler St,2022-09-28,Dexter-Linwood,-83.119541,42.392524
2505 Waverly St,2022-09-28,Dexter-Linwood,-83.120415,42.392574
2920 Hogarth St,2022-09-28,Wildemere Park,-83.10511,42.361882
5694 Stanford,2022-09-28,Midwest,-83.113981,42.34748
5709 Stanford,2022-09-28,Midwest,-83.114589,42.34764
6881 Rosemont Ave,2022-09-28,Warrendale,-83.218658,42.342292
6970 Sarena St,2022-09-28,Claytown,-83.140162,42.343894
9645 Manor,2022-09-28,Barton-McFarland,-83.167029,42.368067
12530 Flanders St,2022-09-29,Eden Gardens,-82.986648,42.41438
12815 Wilfred St,2022-09-29,Eden Gardens,-82.98231,42.415533
13151 Hampshire St,2022-09-29,Outer Drive-Hayes,-82.971452,42.404593
13837 Liberal St,2022-09-29,Franklin,-82.98209,42.439916
13871 Liberal St,2022-09-29,Franklin,-82.981442,42.439931
14070 Liberal St,2022-09-29,Franklin,-82.978261,42.439561
14171 Liberal St,2022-09-29,Franklin,-82.976525,42.440039
2468 Tyler St,2022-09-29,Dexter-Linwood,-83.119656,42.392481
9323 Sussex,2022-09-29,We Care Community,-83.194304,42.363601
11765 Ilene St,2022-09-30,Grand River-I96,-83.160923,42.375681
12554 Flanders St,2022-09-30,Eden Gardens,-82.986247,42.414521
12712 Flanders St,2022-09-30,Eden Gardens,-82.984251,42.415241
13122 Steel St,2022-09-30,Grand River-I96,-83.170454,42.383754
13347 Schoolcraft St,2022-09-30,Grand River-I96,-83.176232,42.387813
1400 Newport St,2022-09-30,Riverbend,-82.949344,42.377283
17645 Salem St,2022-09-30,The Eye,-83.285814,42.419816
4866 Lenox St,2022-09-30,Fox Creek,-82.965281,42.392307
9243 Broadstreet Ave,2022-09-30,Nardin Park,-83.126596,42.367527
9343 Broadstreet Ave,2022-09-30,Nardin Park,-83.127445,42.368775
2223 Fullerton St,2022-10-03,Dexter-Linwood,-83.112824,42.390714
2482 Tyler St,2022-10-03,Dexter-Linwood,-83.119888,42.392395
9695 Pinehurst St,2022-10-03,Barton-McFarland,-83.165939,42.36879
11351 Pinehurst St,2022-10-04,Barton-McFarland,-83.166031,42.371889
13843 Liberal St,2022-10-04,Franklin,-82.981961,42.439919
14164 Liberal St,2022-10-04,Franklin,-82.976645,42.43945
14187 Mapleridge St,2022-10-04,Mapleridge,-82.977337,42.429223
14602 Glenwood St,2022-10-04,Mapleridge,-82.972336,42.430411
15392 Fairfield St,2022-10-04,Pilgrim Village,-83.134109,42.404493
21286 Pickford St,2022-10-04,Holcomb Community,-83.253049,42.424489
2440 Waverly St,2022-10-04,Dexter-Linwood,-83.119655,42.393324
2477 Tyler St,2022-10-04,Dexter-Linwood,-83.119492,42.392024
9797 Quincy St,2022-10-04,Nardin Park,-83.124366,42.373102
9909 Quincy St,2022-10-04,Nardin Park,-83.12473,42.373673
11676 Griggs St,2022-10-05,Grand River-I96,-83.161609,42.37459
11679 Griggs St,2022-10-05,Grand River-I96,-83.162459,42.374571
11755 Griggs St,2022-10-05,Grand River-I96,-83.162494,42.375623
14707 Linnhurst St,2022-10-05,Mapleridge,-82.970551,42.431645
14810 Faircrest St,2022-10-05,Mapleridge,-82.969956,42.431985
1662 Elsmere St,2022-10-05,Springwells,-83.133183,42.303805
2658 E Kirby St,2022-10-05,Poletown East,-83.041646,42.368974
5315 30th St,2022-10-05,Chadsey Condon,-83.115835,42.343429
14444 Park Grove St,2022-10-06,Mapleridge,-82.974174,42.429561
14539 Robson St,2022-10-06,Hubbell-Lyndon,-83.192862,42.395034
14651 Eastwood St,2022-10-06,Mapleridge,-82.971643,42.433865
3267 Sturtevant St,2022-10-06,Dexter-Linwood,-83.124963,42.38505
9974 Manor,2022-10-06,Barton-McFarland,-83.166503,42.369983
14665 Eastwood St,2022-10-07,Mapleridge,-82.971365,42.433876
15720 Iliad St,2022-10-07,Brightmoor,-83.272111,42.404248
2455 Waverly St,2022-10-07,Dexter-Linwood,-83.119633,42.392863
3225 Sturtevant St,2022-10-07,Dexter-Linwood,-83.12427,42.385311
3398 Medbury St,2022-10-07,Poletown East,-83.03713,42.375783
3800 Humphrey St,2022-10-07,Nardin Park,-83.125107,42.377809
5731 Grandy St,2022-10-07,Poletown East,-83.04281,42.372038
12210 Saint Marys St,2022-10-10,Plymouth-I96,-83.204608,42.377163
14096 Faircrest St,2022-10-10,Mapleridge,-82.97768,42.431859
14646 Eastwood St,2022-10-10,Mapleridge,-82.971609,42.433442
14853 Eastwood St,2022-10-10,Mapleridge,-82.969229,42.433944
14889 Wisconsin St,2022-10-10,Chalfonte,-83.156728,42.399304
2209 Sturtevant St,2022-10-10,Dexter-Linwood,-83.112116,42.390075
2566 Fullerton St,2022-10-10,Dexter-Linwood,-83.118681,42.389076
3562 E Ferry St,2022-10-10,Poletown East,-83.033229,42.373252
6009 Malcolm St,2022-10-10,Chandler Park,-82.985505,42.396178
6013 Malcolm St,2022-10-10,Chandler Park,-82.985553,42.396252
6044 Malcolm St,2022-10-10,Chandler Park,-82.985258,42.396843
14781 Maddelein St,2022-10-11,Regent Park,-82.969987,42.436417
14820 Young St,2022-10-11,Mapleridge,-82.969541,42.423693
15800 Blackstone St,2022-10-11,Brightmoor,-83.249211,42.405991
20566 Archdale St,2022-10-11,Greenfield,-83.216959,42.443714
5415 Grandy St,2022-10-11,Poletown East,-83.041269,42.369733
5426 Grandy St,2022-10-11,Poletown East,-83.040817,42.370077
6040 Malcolm St,2022-10-11,Chandler Park,-82.985198,42.39675
14737 Maddelein St,2022-10-12,Regent Park,-82.970811,42.436395
14837 Burt Rd,2022-10-12,Brightmoor,-83.247271,42.396205
15761 Dacosta St,2022-10-12,Brightmoor,-83.261038,42.405207
20203 Westphalia St,2022-10-12,Conner Creek,-82.993209,42.445764
2480 Fullerton St,2022-10-12,Dexter-Linwood,-83.117292,42.389595
4859 Lakewood St,2022-10-12,Fox Creek,-82.959984,42.394088000000004
13359 Young St,2022-10-13,Mapleridge,-82.983752,42.424
13483 Arlington St,2022-10-13,North Campau,-83.073209,42.412585
14607 Ohio St,2022-10-13,Chalfonte,-83.155572,42.39683
15747 Dacosta St,2022-10-13,Brightmoor,-83.261025,42.404881
2278 Garfield St,2022-10-13,McDougall-Hunt,-83.039099,42.36206
2519 Leslie St,2022-10-13,Dexter-Linwood,-83.118085,42.389694
2755 W Buena Vista St,2022-10-13,Dexter-Linwood,-83.123174,42.389756
9339 Birwood St,2022-10-13,Barton-McFarland,-83.163335,42.364511
10006 Rutherford St,2022-10-14,Joy Community,-83.201877,42.369331
11351 Camden Ave,2022-10-14,Ravendale,-82.989916,42.399178
13727 Lappin St,2022-10-14,Franklin,-82.983485,42.43724
13945 Young St,2022-10-14,Mapleridge,-82.981506,42.424011
14146 Young St,2022-10-14,Mapleridge,-82.978413,42.423595
14608 Santa Rosa Dr,2022-10-14,Chalfonte,-83.141882,42.396984
15508 Wabash St,2022-10-14,Pilgrim Village,-83.118718,42.405778
15724 Iliad St,2022-10-14,Brightmoor,-83.272113,42.404337
15728 Iliad St,2022-10-14,Brightmoor,-83.272119,42.404435
2647 Leslie St,2022-10-14,Dexter-Linwood,-83.120317,42.388785
6555 Garland St,2022-10-14,Airport Sub,-83.001251,42.394598
7183 Mackenzie St,2022-10-14,Midwest,-83.14268,42.356782
8322 Wisner St,2022-10-14,Airport Sub,-83.017855,42.41301
11328 Woodward Ave,2022-10-17,Gateway Community,-83.0867,42.390855
11334 Woodward Ave,2022-10-17,Gateway Community,-83.086809,42.391012
11739 Wyoming St,2022-10-17,Grand River-I96,-83.158947,42.375485
13130 Appoline,2022-10-17,Grand River-I96,-83.169366,42.383887
13747 Lappin St,2022-10-17,Franklin,-82.983095,42.437222
20251 Ferguson St,2022-10-17,Greenfield,-83.211648,42.441792
2280 Erskine St,2022-10-17,Eastern Market,-83.033627,42.353616
5237 Drexel St,2022-10-17,Chandler Park,-82.966859,42.395256
6024 Malcolm St,2022-10-17,Chandler Park,-82.985102,42.396601
7717 Burnette St,2022-10-17,Midwest,-83.141208,42.349911
13501 Arlington St,2022-10-18,North Campau,-83.073371,42.412824
14037 Stoepel St,2022-10-18,Oakman Blvd Community,-83.141144,42.391574
5643 Stanford,2022-10-18,Midwest,-83.114547,42.346735
7799 American St,2022-10-18,Midwest,-83.144444,42.350951
13100 Manor,2022-10-19,Grand River-I96,-83.167137,42.383565
7777 American St,2022-10-19,Midwest,-83.144427,42.350671
7785 American St,2022-10-19,Midwest,-83.144433,42.350764
8950 Dailey Ct,2022-10-19,Midwest,-83.13142,42.362311
1492 Hurlbut St,2022-10-20,East Village,-82.981512,42.363165
19372 Grandview St,2022-10-20,Five Points,-83.284645,42.432503
2188 Garland St,2022-10-20,East Village,-82.981603,42.367142
3800 Lonyo St,2022-10-20,Claytown,-83.137894,42.321703
4751 E Jeffries,2022-10-20,Chadsey Condon,-83.096384,42.344285
5914 Begole St,2022-10-20,Midwest,-83.119698,42.347472
6063 Vancourt St,2022-10-20,Midwest,-83.122171,42.348221
6123 Vancourt St,2022-10-20,Midwest,-83.122674,42.348939
7445 American St,2022-10-20,Midwest,-83.144264,42.347847
7456 American St,2022-10-20,Midwest,-83.143679,42.34804
7525 Burnette St,2022-10-20,Midwest,-83.141133,42.349021
7711 Burnette St,2022-10-20,Midwest,-83.141202,42.349829
8708 Crocuslawn St,2022-10-20,Barton-McFarland,-83.15568,42.368677
8901 Dailey Ct,2022-10-20,Midwest,-83.131551,42.36147
10034 Cedarlawn St,2022-10-21,Barton-McFarland,-83.159317,42.372958
15720 Burt Rd,2022-10-21,Brightmoor,-83.246936,42.404593
16720 Woodingham Dr,2022-10-21,Fitzgerald/Marygrove,-83.149722,42.415354
3258 Clements St,2022-10-21,Oakman Blvd Community,-83.129248,42.391656
2703 Fullerton St,2022-10-24,Dexter-Linwood,-83.120702,42.387657
3230 Waverly,2022-10-24,Dexter-Linwood,-83.12774,42.390331
7401 American St,2022-10-24,Midwest,-83.14423,42.347287
7437 American St,2022-10-24,Midwest,-83.144258,42.347753
8037 E Grixdale St,2022-10-24,Mount Olivet,-83.023284,42.429784
3736 Montclair St,2022-10-25,West End,-82.983909,42.377472
6435 Belfast St,2022-10-25,Midwest,-83.137725,42.351063
10111 Sterritt St,2022-10-26,Airport Sub,-83.003158,42.395333
10119 Sterritt St,2022-10-26,Airport Sub,-83.003057,42.395337
10149 Sterritt St,2022-10-26,Airport Sub,-83.002521,42.395502
11650 Yosemite St,2022-10-26,Nardin Park,-83.134708,42.375308
12728 Flanders St,2022-10-26,Eden Gardens,-82.983981,42.415331
13841 Tacoma St,2022-10-26,Franklin,-82.982074,42.441723
16752 Rockdale St,2022-10-26,Riverdale,-83.258175,42.412356
3829 Pennsylvania St,2022-10-26,West End,-82.993077,42.374109
7483 Prairie St,2022-10-26,Midwest,-83.143224,42.348428
7518 Burnette St,2022-10-26,Midwest,-83.140538,42.348938
8346 Oakland St,2022-10-26,North End,-83.068634,42.380378
8893 American St,2022-10-26,Midwest,-83.144272,42.360573
9741 American St,2022-10-26,Midwest,-83.144929,42.369843
1194 Calvert St,2022-10-27,Gateway Community,-83.09704,42.38568
13211 Strathmoor St,2022-10-27,Schoolcraft Southfield,-83.187632,42.384287
13889 Tacoma St,2022-10-27,Franklin,-82.98117,42.44175
2468 W Grand St,2022-10-27,Oakman Blvd Community,-83.121623,42.395424
5703 Stanford,2022-10-27,Midwest,-83.114586,42.347557
5912 Lakeview St,2022-10-27,Chandler Park,-82.967491,42.400728
6036 28th St,2022-10-27,Midwest,-83.115069,42.348528
7416 Prairie St,2022-10-27,Midwest,-83.142578,42.3475
7436 Prairie St,2022-10-27,Midwest,-83.142595,42.347779
7456 Burnette St,2022-10-27,Midwest,-83.140485,42.348099
8871 Prairie St,2022-10-27,Midwest,-83.143176,42.360329
13550 Anglin St,2022-10-28,North Campau,-83.070627,42.414581
13803 Tacoma St,2022-10-28,Franklin,-82.982741,42.441686
15744 Pierson St,2022-10-28,Brightmoor,-83.24583,42.405156
15771 Patton St,2022-10-28,Brightmoor,-83.244247,42.405667
2517 W Grand St,2022-10-28,Oakman Blvd Community,-83.122163,42.394697
3514 Cadillac Blvd,2022-10-28,East Village,-82.989915,42.373003
4293 Clements St,2022-10-28,Oakman Blvd Community,-83.137423,42.388029
4356 Clements St,2022-10-28,Oakman Blvd Community,-83.138757,42.388076
6072 Hartford St,2022-10-28,Midwest,-83.112989,42.349068
7451 Burnette St,2022-10-28,Midwest,-83.141066,42.347995
11422 N Martindale St,2022-10-31,Nardin Park,-83.130194,42.37605
14863 Turner St,2022-10-31,Chalfonte,-83.148346,42.399005
22164 Kessler St,2022-10-31,Riverdale,-83.260208,42.408876
2426 W Grand St,2022-10-31,Oakman Blvd Community,-83.120933,42.395679
2427 Pasadena St,2022-10-31,Oakman Blvd Community,-83.121144,42.39599
2489 Pasadena St,2022-10-31,Oakman Blvd Community,-83.122181,42.395606
3020 Blaine St,2022-10-31,Jamison,-83.111046,42.367746
3287 W Grand St,2022-10-31,Oakman Blvd Community,-83.129942,42.391821
3688 Medbury St,2022-10-31,Poletown East,-83.033366,42.377175
6442 Sheridan St,2022-10-31,Airport Sub,-83.024233,42.386075
7320 Prairie St,2022-10-31,Midwest,-83.14251,42.34662
7339 Prairie St,2022-10-31,Midwest,-83.143122,42.346898
13810 Tacoma St,2022-11-01,Franklin,-82.982579,42.441223
13825 Tacoma St,2022-11-01,Franklin,-82.982335,42.441694
15836 Rockdale St,2022-11-01,Brightmoor,-83.257967,42.406258
20019 Faust Ave,2022-11-01,O'Hair Park,-83.225007,42.439197
6404 Selkirk St,2022-11-01,Airport Sub,-83.035566,42.389467
7459 Burnette St,2022-11-01,Midwest,-83.141072,42.348089
8047 Saint Marys St,2022-11-01,Warren Ave Community,-83.204312,42.351494
8153 Mandalay St,2022-11-01,Midwest,-83.138485,42.353941
13599 Turner St,2022-11-02,Oakman Blvd Community,-83.147874,42.38777
13600 Ohio St,2022-11-02,Davison-Schoolcraft,-83.154784,42.387653
13644 Turner St,2022-11-02,Oakman Blvd Community,-83.147278,42.388427
14880 Washburn St,2022-11-02,Bethune Community,-83.16026,42.399164
15338 Pinehurst St,2022-11-02,Bethune Community,-83.165963,42.402978
2023 W Davison St,2022-11-02,Dexter-Linwood,-83.115168,42.395297
2716 Glendale St,2022-11-02,Dexter-Linwood,-83.122335,42.389675
3236 Tyler St,2022-11-02,Dexter-Linwood,-83.127411,42.389619
5401 Joseph Campau St,2022-11-02,Poletown East,-83.0402,42.369933
8247 Mettetal St,2022-11-02,Warren Ave Community,-83.205614,42.353305
8294 Mettetal St,2022-11-02,Warren Ave Community,-83.204977,42.353976
13197 Santa Rosa Dr,2022-11-03,Oakman Blvd Community,-83.141959,42.385467
14414 BLACKSTONE,2022-11-03,Brightmoor,-83.248911,42.391852
1986 Waverly St,2022-11-03,Dexter-Linwood,-83.114411,42.395288
2009 Highland St,2022-11-03,Dexter-Linwood,-83.111002,42.389622
2735 W Euclid St,2022-11-03,Wildemere Park,-83.106835,42.366164
3530 E Palmer St,2022-11-03,Poletown East,-83.034457,42.374177
3536 E Palmer St,2022-11-03,Poletown East,-83.034357,42.374214
3699 E Palmer St,2022-11-03,Poletown East,-83.032006,42.375708
5952 Epworth St,2022-11-03,Midwest,-83.124608,42.345343
6395 28th St,2022-11-03,Midwest,-83.115748,42.351321
6563 Carrie St,2022-11-03,Airport Sub,-83.028729,42.385485
6567 Carrie St,2022-11-03,Airport Sub,-83.028812,42.385545
6627 Scotten St,2022-11-03,Midwest,-83.112731,42.353769
7304 Prairie St,2022-11-03,Midwest,-83.142497,42.346433
7415 Burnette St,2022-11-03,Midwest,-83.141036,42.34753
14134 Alma St,2022-11-04,Mapleridge,-82.978632,42.421209
14151 Alma St,2022-11-04,Mapleridge,-82.978232,42.421644
14816 Greenlawn St,2022-11-04,Chalfonte,-83.149921,42.398357
4068 Scotten St,2022-11-04,Chadsey Condon,-83.104836,42.336808
5930 Lucky Pl,2022-11-04,Poletown East,-83.037688,42.376492
6832 Strong St,2022-11-04,Airport Sub,-83.030131,42.385395
7327 Prairie St,2022-11-04,Midwest,-83.143108,42.346711
7341 Wykes St,2022-11-04,Midwest,-83.142049,42.346913
7352 Wykes St,2022-11-04,Midwest,-83.141493,42.347114
14270 Kentucky St,2022-11-07,Davison-Schoolcraft,-83.15792,42.392757
14298 Kentucky St,2022-11-07,Davison-Schoolcraft,-83.157935,42.393123
20116 Greenview Ave,2022-11-07,O'Hair Park,-83.225539,42.440503
2510 Montclair St,2022-11-07,East Village,-82.978882,42.369939
3863 McGraw St,2022-11-07,Midwest,-83.10829,42.348974
4294 Larchmont St,2022-11-07,Midwest,-83.114791,42.356158
7328 Wykes St,2022-11-07,Midwest,-83.141467,42.346741
9111 Culver St,2022-11-07,Airport Sub,-83.00795,42.397326
9165 Decatur St,2022-11-07,We Care Community,-83.180342,42.361771
15724 Mendota St,2022-11-08,Bethune Community,-83.164983,42.406383
20090 Bloom St,2022-11-08,Farwell,-83.049276,42.443823
20528 Keating St,2022-11-08,Nolan,-83.100376,42.446469
7481 Wykes St,2022-11-08,Midwest,-83.142148,42.348355
8274 Almont St,2022-11-08,Airport Sub,-83.018702,42.414284
12827 Hickory St,2022-11-09,Gratiot-Findlay,-82.985395,42.424656
12927 Pelkey St,2022-11-09,Gratiot-Findlay,-82.984895,42.4254
14704 Alma St,2022-11-09,Mapleridge,-82.970346,42.421315
14717 Alma St,2022-11-09,Mapleridge,-82.970146,42.421767
14825 Indiana St,2022-11-09,Chalfonte,-83.15771,42.398391
18950 Ford Rd,2022-11-09,Warrendale,-83.224877,42.329347
3230 Doris St,2022-11-09,Oakman Blvd Community,-83.131969,42.396551
7476 Wykes St,2022-11-09,Midwest,-83.141569,42.348351
8922 Clarion St,2022-11-09,Airport Sub,-83.006211,42.396034
8934 Clarion St,2022-11-09,Airport Sub,-83.006236,42.396198
8941 Clarion St,2022-11-09,Airport Sub,-83.006801,42.396237
8950 Clarion St,2022-11-09,Airport Sub,-83.006276,42.396444
8989 Clarion St,2022-11-09,Airport Sub,-83.006902,42.396892
9393 Knodell St,2022-11-09,Airport Sub,-83.011148,42.398846
10321 Sterritt St,2022-11-10,Airport Sub,-83.001856,42.395535
13123 E McNichols Rd,2022-11-10,Von Steuben,-82.989795,42.425222
14641 Cherrylawn St,2022-11-10,Chalfonte,-83.154569,42.397321
14836 Indiana St,2022-11-10,Chalfonte,-83.157161,42.398593
17132 Gable St,2022-11-10,Davison,-83.041417,42.419627
18921 Anglin St,2022-11-10,Northeast Central District,-83.075231,42.432188
19410 Havana St,2022-11-10,Penrose,-83.110018,42.435774
22450 Pembroke Ave,2022-11-10,Berg-Lahser,-83.264259,42.436576
3703 S Deacon St,2022-11-10,Boynton,-83.161111,42.258285
428 S Solvay St,2022-11-10,Delray,-83.112205,42.297379
4414 Fairview St,2022-11-10,West End,-82.984375,42.382247
6466 Fischer St,2022-11-10,Airport Sub,-83.01386,42.390328
9212 Melville St,2022-11-10,Delray,-83.126938,42.291962
12701 Cloverlawn St,2022-11-14,Littlefield Community,-83.152012,42.382388
15382 Indiana St,2022-11-14,Fitzgerald/Marygrove,-83.157257,42.403924
2527 Montclair St,2022-11-14,East Village,-82.979788,42.36988
2654 Marlborough St,2022-11-14,Riverbend,-82.94913,42.382973
9171 Lyon St,2022-11-14,Delray,-83.126195,42.290941
12026 Cloverlawn St,2022-11-15,Littlefield Community,-83.151199,42.376384
12740 Alcoy St,2022-11-15,Gratiot-Findlay,-82.985681,42.424421
14467 Alma St,2022-11-15,Mapleridge,-82.973505,42.421718
14510 Washburn St,2022-11-15,Bethune Community,-83.160093,42.395466
14621 Cherrylawn St,2022-11-15,Chalfonte,-83.154559,42.397079
14802 Ilene St,2022-11-15,Bethune Community,-83.161264,42.398043
14850 Alma St,2022-11-15,Mapleridge,-82.968869,42.421315
14860 Alma St,2022-11-15,Mapleridge,-82.968721,42.421315
14940 Pinehurst St,2022-11-15,Bethune Community,-83.16571,42.399797
19924 Barlow St,2022-11-15,Conner Creek,-82.996012,42.442554
19953 Barlow St,2022-11-15,Conner Creek,-82.996736,42.443098
19959 Barlow St,2022-11-15,Conner Creek,-82.996741,42.443214
20494 Keating St,2022-11-15,Nolan,-83.100357,42.445989
7492 Wykes St,2022-11-15,Midwest,-83.141581,42.348538
7508 Wykes St,2022-11-15,Midwest,-83.141598,42.348817
7551 Wykes St,2022-11-15,Midwest,-83.142217,42.34938
9523 W Fort St,2022-11-15,Carbon Works,-83.132495,42.294818
13060 Wade St,2022-11-16,Outer Drive-Hayes,-82.973533,42.405242
13119 E Canfield St,2022-11-16,Fox Creek,-82.963607,42.389947
14227 Hazelridge St,2022-11-16,Mapleridge,-82.97648,42.424869
14440 Hazelridge St,2022-11-16,Mapleridge,-82.974118,42.424429
14472 Wilfred St,2022-11-16,Outer Drive-Hayes,-82.971727,42.418736
18639 Pembroke Ave,2022-11-16,O'Hair Park,-83.226434,42.436869
208 S Morrell St,2022-11-16,Delray,-83.09228,42.306055
4481 Montclair St,2022-11-16,East Canfield,-82.987718,42.381966
4547 Montclair St,2022-11-16,East Canfield,-82.988278,42.382771
574 S Cottrell St,2022-11-16,Delray,-83.110366,42.296533
12731 E Canfield St,2022-11-17,Fox Creek,-82.96757,42.388525
14910 Hazelridge St,2022-11-17,Mapleridge,-82.967944,42.4245
15343 Greenlawn St,2022-11-17,Fitzgerald/Marygrove,-83.150818,42.403369
15751 Cruse St,2022-11-17,Bethune Community,-83.183971,42.406584
1990 Waverly St,2022-11-17,Dexter-Linwood,-83.11451,42.395251
20526 Oakfield St,2022-11-17,Greenfield,-83.215755,42.443159
3956 16th St,2022-11-17,Core City,-83.084973,42.342355
7267 Prairie St,2022-11-17,Midwest,-83.143047,42.345879
7271 Prairie St,2022-11-17,Midwest,-83.143054,42.34597
7557 Wykes St,2022-11-17,Midwest,-83.142224,42.349473
11858 Maiden St,2022-11-18,Wade,-82.986516,42.401653
13961 Harper Ave,2022-11-18,Outer Drive-Hayes,-82.968039,42.403923
14145 Monte Vista St,2022-11-18,Northwest Community,-83.167029,42.390819
14163 Monte Vista St,2022-11-18,Northwest Community,-83.167041,42.391064
14883 Indiana St,2022-11-18,Chalfonte,-83.157746,42.399203
15370 Greenlawn St,2022-11-18,Fitzgerald/Marygrove,-83.150306,42.403939
15487 Lahser Rd,2022-11-18,Brightmoor,-83.257327,42.403358
20486 Keating St,2022-11-18,Nolan,-83.100357,42.44589
4378 Dickerson St,2022-11-18,Fox Creek,-82.96403,42.388492
4390 Dickerson St,2022-11-18,Fox Creek,-82.964144,42.388666
5119 Elmhurst St,2022-11-18,Nardin Park,-83.137393,42.375964
7609 Emily St,2022-11-18,Grant,-83.025198,42.428036
8040 Dubay St,2022-11-18,Airport Sub,-83.022488,42.412005
11359 Dalrymple St,2022-11-21,Nardin Park,-83.136303,42.372711
13700 Syracuse St,2022-11-21,Davison,-83.044445,42.417319
13710 Syracuse St,2022-11-21,Davison,-83.044447,42.417429
13715 Syracuse St,2022-11-21,Davison,-83.044946,42.41748
13718 Syracuse St,2022-11-21,Davison,-83.04445,42.417539
2317 Glendale St,2022-11-21,Dexter-Linwood,-83.115976,42.391434
6747 Clifton St,2022-11-21,Midwest,-83.139086,42.346732
7272 Prairie St,2022-11-21,Midwest,-83.142465,42.345969
7349 Wetherby St,2022-11-21,Midwest,-83.139901,42.346581
7885 Frontenac St,2022-11-21,Airport Sub,-83.028366,42.38783
11315 Dalrymple St,2022-11-22,Nardin Park,-83.136147,42.372149
11400 Dalrymple St,2022-11-22,Nardin Park,-83.136044,42.373624
11834 Maiden St,2022-11-22,Wade,-82.986868,42.401531
11840 Maiden St,2022-11-22,Wade,-82.98675,42.401571
11865 Maiden St,2022-11-22,Wade,-82.986676,42.402108
14857 Cloverlawn St,2022-11-22,Chalfonte,-83.152593,42.398875
14895 Cherrylawn St,2022-11-22,Chalfonte,-83.154671,42.399404
14921 Novara St,2022-11-22,Regent Park,-82.968249,42.439582
14924 Novara St,2022-11-22,Regent Park,-82.968116,42.439141
14932 Novara St,2022-11-22,Regent Park,-82.968005,42.439143
15324 Cheyenne St,2022-11-22,Bethune Community,-83.174519,42.40261
1548 Temple St,2022-11-22,North Corktown,-83.071773,42.337807
17140 Fenelon St,2022-11-22,Davison,-83.052524,42.419541
19608 Yacama Rd,2022-11-22,Nolan,-83.096838,42.437511
19959 Irvington St,2022-11-22,Nolan,-83.098603,42.440565
3684 E Canfield St,2022-11-22,McDougall-Hunt,-83.025914,42.365609
4887 PARKER,2022-11-22,Gratiot-Grand,-83.01112,42.375548
7245 Prairie St,2022-11-22,Midwest,-83.143028,42.345608
13432 Hampshire St,2022-11-23,Outer Drive-Hayes,-82.968609,42.404921
17170 Fenelon St,2022-11-23,Davison,-83.05253,42.419953
17176 Fenelon St,2022-11-23,Davison,-83.052531,42.420035
19614 Yacama Rd,2022-11-23,Nolan,-83.096838,42.437592
20034 Irvington St,2022-11-23,Nolan,-83.097999,42.441633
9930 Iris St,2022-11-23,Barton-McFarland,-83.169529,42.368975
12500 Maiden St,2022-11-28,Wade,-82.980434,42.403747
12510 Maiden St,2022-11-28,Wade,-82.980304,42.403791
14160 Ilene St,2022-11-28,Northwest Community,-83.161244,42.391171
14620 Chapel St,2022-11-28,Brightmoor,-83.252631,42.394921
14843 Prest St,2022-11-28,Hubbell-Lyndon,-83.197708,42.397394
14871 Cloverlawn St,2022-11-28,Chalfonte,-83.152602,42.399088
17188 Teppert St,2022-11-28,Von Steuben,-83.007383,42.421236
1955 Lawley St,2022-11-28,Campau/Banglatown,-83.075279,42.40822
19660 Yacama Rd,2022-11-28,Nolan,-83.096858,42.438255
19680 Fenelon St,2022-11-28,Farwell,-83.053861,42.43944
2141 Dearing St,2022-11-28,Campau/Banglatown,-83.072619,42.410011
2627 Bewick St,2022-11-28,East Village,-82.985384,42.369293
3646 E Willis St,2022-11-28,McDougall-Hunt,-83.025725,42.364543
4642 Springle St,2022-11-28,Fox Creek,-82.967053,42.389129
4742 Garland St,2022-11-28,West End,-82.992176,42.382186
6200 Sheridan St,2022-11-28,Gratiot Town/Kettering,-83.023204,42.384529
7730 Kirkwood St,2022-11-28,Claytown,-83.144229,42.339251
8130 Tumey St,2022-11-28,Airport Sub,-83.021068,42.418372
1354 Lakewood St,2022-11-29,Riverbend,-82.947931,42.377197
19135 Havana St,2022-11-29,Penrose,-83.11046,42.432752
4467 Lillibridge St,2022-11-29,West End,-82.984441,42.383081
6336 Epworth St,2022-11-29,Midwest,-83.126764,42.348403
7859 Bacon St,2022-11-29,Delray,-83.116179,42.296914
8228 Braile St,2022-11-29,Warrendale,-83.242717,42.352469
13547 Dequindre St,2022-11-30,North Campau,-83.079078,42.411427
13549 Meyers Rd,2022-11-30,Grand River-I96,-83.168976,42.386619
17387 Klinger St,2022-11-30,Cadillac Heights,-83.068278,42.422458
19145 Havana St,2022-11-30,Penrose,-83.110465,42.432917
19627 Andover St,2022-11-30,Nolan,-83.099596,42.437682
19633 Andover St,2022-11-30,Nolan,-83.099599,42.437765
20464 Keating St,2022-11-30,Nolan,-83.100343,42.445602
2643 Hooker St,2022-11-30,NW Goldberg,-83.097359,42.356092
4247 Hurlbut St,2022-11-30,West End,-82.992622,42.377958
4845 Maynard St,2022-11-30,Fox Creek,-82.973092,42.389132
5740 Harding St,2022-11-30,West End,-82.996042,42.391309
709 W Lantz St,2022-11-30,Penrose,-83.110559,42.436776
1037 S Patricia St,2022-12-01,Boynton,-83.147761,42.282163
1050 S Patricia St,2022-12-01,Boynton,-83.148399,42.282228
11815 Wade St,2022-12-01,Wade,-82.987011,42.401088
12120 Littlefield St,2022-12-01,Pride Area Community,-83.175353,42.377172
14925 Novara St,2022-12-01,Regent Park,-82.968138,42.439585
15382 Woodingham Dr,2022-12-01,Fitzgerald/Marygrove,-83.149206,42.404095
1622 Lemay Ave,2022-12-01,East Village,-82.975508,42.366856
19175 Havana St,2022-12-01,Penrose,-83.110478,42.433328
19187 Havana St,2022-12-01,Penrose,-83.110483,42.433493
19709 Omira St,2022-12-01,Nolan,-83.096437,42.438924
4833 Saint Clair St,2022-12-01,West End,-82.992471,42.383468
6008 Vancourt St,2022-12-01,Midwest,-83.121102,42.347754
6012 Vancourt St,2022-12-01,Midwest,-83.121152,42.34783
6024 Vancourt St,2022-12-01,Midwest,-83.121256,42.347976
6659 Clifton St,2022-12-01,Midwest,-83.137606,42.347328
6803 Brimson St,2022-12-01,Grant,-83.031574,42.422105
6875 Brimson St,2022-12-01,Grant,-83.030275,42.422137
7233 Prairie St,2022-12-01,Midwest,-83.143014,42.345427
9361 Appoline,2022-12-01,Barton-McFarland,-83.16945,42.364677
17298 Goulburn St,2022-12-02,Von Steuben,-82.993027,42.426691
19192 Havana St,2022-12-02,Penrose,-83.109933,42.43359
19699 Omira St,2022-12-02,Nolan,-83.096433,42.438762
7551 Dobel St,2022-12-02,Airport Sub,-83.025599,42.416544
103 W Hollywood Ave,2022-12-05,Grixdale Farms,-83.104335,42.430401
1094 Annin St,2022-12-05,Penrose,-83.115922,42.436323
11229 Promenade Ave,2022-12-05,Wade,-82.993409,42.406345
14680 Fordham St,2022-12-05,Mapleridge,-82.971062,42.434215
14968 Novara St,2022-12-05,Regent Park,-82.967338,42.439158
15016 Novara St,2022-12-05,Regent Park,-82.966431,42.439178
15366 Greenlawn St,2022-12-05,Fitzgerald/Marygrove,-83.150303,42.403856
15868 14th St,2022-12-05,Pilgrim Village,-83.120128,42.409864
18668 Dwyer St,2022-12-05,Grant,-83.041178,42.431037
19314 Havana St,2022-12-05,Penrose,-83.109983,42.434459
19685 Omira St,2022-12-05,Nolan,-83.096428,42.4386
19693 Omira St,2022-12-05,Nolan,-83.096431,42.43868
2097 Lawley St,2022-12-05,Campau/Banglatown,-83.072849,42.409127
8151 Tumey St,2022-12-05,Airport Sub,-83.020767,42.418852
8215 Nuernberg St,2022-12-05,Airport Sub,-83.020163,42.418007
8226 Nuernberg St,2022-12-05,Airport Sub,-83.019926,42.417542
11780 Promenade Ave,2022-12-06,Wade,-82.99116,42.406568
13500 Arlington St,2022-12-06,North Campau,-83.072871,42.413013
2214 Harding St,2022-12-06,East Village,-82.979523,42.368382
6008 Wabash St,2022-12-06,Elijah McCoy,-83.090116,42.358757
8236 Marcus Ave,2022-12-06,Airport Sub,-83.019063,42.395507
9532 Bryden St,2022-12-06,Midwest,-83.145266,42.367055
9564 Bryden St,2022-12-06,Midwest,-83.145284,42.367446
13560 Saint Aubin St,2022-12-07,North Campau,-83.076948,42.412428
13977 Saint Aubin St,2022-12-07,North Campau,-83.079219,42.414623
17405 Riopelle St,2022-12-07,Cadillac Heights,-83.086393,42.421623
20117 Exeter St,2022-12-07,Nolan,-83.105407,42.442374
20122 Charleston St,2022-12-07,Nolan,-83.106812,42.442445
5361 31st St,2022-12-07,Chadsey Condon,-83.117469,42.343524
6150 Hecla St,2022-12-07,Elijah McCoy,-83.087754,42.361583
715 W Lantz St,2022-12-07,Penrose,-83.11067,42.436772
750 W Lantz St,2022-12-07,Penrose,-83.111342,42.437205
19669 Omira St,2022-12-08,Nolan,-83.096423,42.438392
19696 Omira St,2022-12-08,Nolan,-83.095844,42.43878
6422 Barton St,2022-12-08,Midwest,-83.136914,42.349984
6507 Whitewood St,2022-12-08,Midwest,-83.12051,42.351964
756 W Lantz St,2022-12-08,Penrose,-83.111454,42.437205
7904 Frontenac St,2022-12-08,Airport Sub,-83.027812,42.388254
8141 Tumey St,2022-12-08,Airport Sub,-83.020915,42.418844
8341 Dubay St,2022-12-08,Airport Sub,-83.017706,42.414292
8862 Prairie St,2022-12-08,Midwest,-83.142556,42.360209
12040 Dresden St,2022-12-09,Gratiot-Findlay,-82.993063,42.417718
12100 Wayburn St,2022-12-09,Moross-Morang,-82.94734,42.429008
13327 Glenfield Ave,2022-12-09,Eden Gardens,-82.977802,42.41623
14211 Rosemary Ave,2022-12-09,Eden Gardens,-82.974193,42.415268
14453 Cedargrove St,2022-12-09,Mapleridge,-82.973914,42.425708
1552 La Belle St,2022-12-09,Pilgrim Village,-83.112193,42.401451
15751 Joslyn St,2022-12-09,Pilgrim Village,-83.116702,42.40882
240 W Margaret St,2022-12-09,Grixdale Farms,-83.106687,42.426287
3675 E Kirby St,2022-12-09,Poletown East,-83.031144,42.373438
4820 Newport St,2022-12-09,Fox Creek,-82.96011,42.393432
5084 Lodewyck St,2022-12-09,Cornerstone Village,-82.920887,42.410815
6110 Beniteau St,2022-12-09,Airport Sub,-82.990564,42.396122
88 W Arizona St,2022-12-09,Grixdale Farms,-83.103544,42.418865
10951 Chelsea Ave,2022-12-12,Wade,-82.994455,42.40375
12500 Barlow St,2022-12-12,Gratiot-Findlay,-82.991993,42.420969
12508 Barlow St,2022-12-12,Gratiot-Findlay,-82.9921,42.421045
13100 Ilene St,2022-12-12,Grand River-I96,-83.160718,42.383728
13426 Conley St,2022-12-12,Davison,-83.051377,42.415796
13465 Conley St,2022-12-12,Davison,-83.052014,42.416269
13500 Conley St,2022-12-12,Davison,-83.05139,42.416757
13501 Conley St,2022-12-12,Davison,-83.052019,42.416773
13727 Syracuse St,2022-12-12,Davison,-83.044953,42.417648
14154 Ilene St,2022-12-12,Northwest Community,-83.16124,42.391088
14294 Ohio St,2022-12-12,Davison-Schoolcraft,-83.154958,42.393165
17204 Orleans St,2022-12-12,Cadillac Heights,-83.084405,42.419892
18821 Kelly Rd,2022-12-12,Mapleridge,-82.95433,42.433529
19229 Omira St,2022-12-12,Nolan,-83.096307,42.434325
19235 Omira St,2022-12-12,Nolan,-83.096312,42.434424
19718 Faust Ave,2022-12-12,O'Hair Park,-83.223997,42.435675
226 W Savannah St,2022-12-12,Grixdale Farms,-83.106414,42.42555
6010 Woodhall St,2022-12-12,Cornerstone Village,-82.931068,42.415614
6501 Whitewood St,2022-12-12,Midwest,-83.120506,42.351882
6515 Whitewood St,2022-12-12,Midwest,-83.120419,42.352101
6660 Sparta St,2022-12-12,Midwest,-83.136743,42.346249
8515 Braile St,2022-12-12,Warrendale,-83.243544,42.355467
7001 Lisbon St,2022-12-13,Central Southwest,-83.113884,42.307569
13413 Syracuse St,2022-12-14,Davison,-83.044919,42.41571
13427 Syracuse St,2022-12-14,Davison,-83.044923,42.415875
13976 Mackay St,2022-12-14,North Campau,-83.074149,42.416492
17135 Hamburg St,2022-12-14,Von Steuben,-82.997102,42.423118
17151 Joann St,2022-12-14,Von Steuben,-82.989407,42.42609
17153 Conley St,2022-12-14,Davison,-83.052149,42.419584
17160 Hamburg St,2022-12-14,Von Steuben,-82.996335,42.423723
17175 Joann St,2022-12-14,Von Steuben,-82.989421,42.426419
17189 Conley St,2022-12-14,Davison,-83.05205,42.42021
17211 Omira St,2022-12-14,Greenfield Park,-83.096725,42.419602
17215 Joann St,2022-12-14,Von Steuben,-82.989446,42.426967
18883 Conley St,2022-12-14,Krainz Woods,-83.052542,42.432712
19141 Omira St,2022-12-14,Nolan,-83.096272,42.433076
19161 Omira St,2022-12-14,Nolan,-83.09628,42.433362
3655 E Ferry St,2022-12-14,Poletown East,-83.032161,42.374237
5978 Belvidere St,2022-12-14,Gratiot Woods,-83.006971,42.388953
11044 Whitehill St,2022-12-15,Outer Drive-Hayes,-82.957845,42.417717
16241 Mark Twain St,2022-12-15,Hubbell-Puritan,-83.187352,42.411157
16897 Pinehurst St,2022-12-15,Fitzgerald/Marygrove,-83.167118,42.415749
3271 Gladstone St,2022-12-15,Jamison,-83.113757,42.367984
4672 Cope St,2022-12-15,Fox Creek,-82.970536,42.388342
6660 Floyd St,2022-12-15,Midwest,-83.137351,42.346996
6688 Floyd St,2022-12-15,Midwest,-83.137807,42.346813
9252 Grayton St,2022-12-15,Yorkshire Woods,-82.94161,42.417271
13350 Rochelle St,2022-12-16,Mapleridge,-82.982652,42.422755
14103 Tacoma St,2022-12-16,Franklin,-82.977844,42.441815
17532 Orleans St,2022-12-16,Cadillac Heights,-83.084514,42.422475
17533 Orleans St,2022-12-16,Cadillac Heights,-83.085193,42.422455
17538 Orleans St,2022-12-16,Cadillac Heights,-83.084517,42.422553
17539 Orleans St,2022-12-16,Cadillac Heights,-83.085197,42.422537
9509 Cardoni St,2022-12-16,North End,-83.070976,42.389721
15016 Griggs St,2022-12-19,Bethune Community,-83.162457,42.400488
15730 Mendota St,2022-12-19,Bethune Community,-83.164988,42.406478
15786 Alden St,2022-12-19,Pilgrim Village,-83.130304,42.407744
17360 Klinger St,2022-12-19,Cadillac Heights,-83.067832,42.422173
17370 Klinger St,2022-12-19,Cadillac Heights,-83.067896,42.422351
19953 Hawthorne St,2022-12-19,Nolan,-83.093152,42.440661
4141 Neff Ave,2022-12-19,Cornerstone Village,-82.921046,42.401484
10620 Foley St,2022-12-20,Grand River-I96,-83.166068,42.37829
12773 Tuller St,2022-12-20,Oakman Blvd Community,-83.146604,42.383516
13451 Syracuse St,2022-12-20,Davison,-83.04493,42.416204
13464 Syracuse St,2022-12-20,Davison,-83.044422,42.416414
13469 Syracuse St,2022-12-20,Davison,-83.044936,42.416451
15332 Tuller St,2022-12-20,Fitzgerald/Marygrove,-83.146926,42.403176
18036 Gilchrist St,2022-12-20,College Park,-83.211934,42.421677
5614 Roosevelt St,2022-12-20,Midwest,-83.105528,42.349491
5640 25th St,2022-12-20,Midwest,-83.104818,42.350109
6366 30th St,2022-12-20,Midwest,-83.116174,42.350901
6703 Hartford St,2022-12-20,Midwest,-83.113937,42.353991
7100 Holmes St,2022-12-20,Claytown,-83.141412,42.344233
7142 Holmes St,2022-12-20,Claytown,-83.142189,42.344217
7181 Holmes St,2022-12-20,Claytown,-83.142958,42.343759
14002 Tacoma St,2022-12-21,Franklin,-82.980261,42.441303
14005 Tacoma St,2022-12-21,Franklin,-82.980303,42.441748
14110 Tacoma St,2022-12-21,Franklin,-82.977665,42.441352
14118 Tacoma St,2022-12-21,Franklin,-82.977535,42.441358
14136 Monte Vista St,2022-12-21,Northwest Community,-83.166391,42.390707
14158 Young St,2022-12-21,Mapleridge,-82.978107,42.423597
14436 Fordham St,2022-12-21,Mapleridge,-82.974433,42.434127
17210 Orleans St,2022-12-21,Cadillac Heights,-83.084409,42.419974
17302 Marx St,2022-12-21,Cadillac Heights,-83.083172,42.420319
17338 Marx St,2022-12-21,Cadillac Heights,-83.083194,42.420813
19144 Yacama Rd,2022-12-21,Nolan,-83.096712,42.433155
19207 Cameron St,2022-12-21,Nolan,-83.09398,42.434037
19215 Omira St,2022-12-21,Nolan,-83.096302,42.434082
19321 Keating St,2022-12-21,Nolan,-83.100628,42.435211
19627 Cardoni St,2022-12-21,Nolan,-83.092043,42.437905
19642 Cardoni St,2022-12-21,Nolan,-83.091496,42.438174
20538 W Warren Rd,2022-12-21,Warrendale,-83.240919,42.343299
5397 Oregon St,2022-12-21,Midwest,-83.12729,42.354899
6742 Sparta St,2022-12-21,Midwest,-83.138165,42.345676
6810 Covert St,2022-12-21,Grant,-83.031335,42.419981
6818 Covert St,2022-12-21,Grant,-83.031191,42.419984
6864 Covert St,2022-12-21,Grant,-83.030325,42.420001
7740 Northfield St,2022-12-21,Midwest,-83.127506,42.354819
8118 Wisner St,2022-12-21,Airport Sub,-83.021217,42.411735
12642 Chapel St,2022-12-22,Brightmoor,-83.251742,42.37996
12700 Westbrook St,2022-12-22,Brightmoor,-83.249584,42.380752
12851 Westbrook St,2022-12-22,Brightmoor,-83.250361,42.382126
13710 Moenart St,2022-12-22,Davison,-83.049348,42.4173
14538 Novara St,2022-12-22,Regent Park,-82.972556,42.439026
150 American Way,2022-12-22,Delray,-83.110788,42.301953
15745 Freeland St,2022-12-22,Bethune Community,-83.185977,42.40633
20190 Danbury St,2022-12-22,Nolan,-83.105877,42.443348
4151 Lenox St,2022-12-22,Fox Creek,-82.962175,42.386477
8817 Chalfonte St,2022-12-22,Chalfonte,-83.157888,42.400006
8823 Chalfonte St,2022-12-22,Chalfonte,-83.158007,42.400005
13260 Rochelle St,2022-12-27,Mapleridge,-82.984318,42.422749
13551 Westbrook St,2022-12-27,Brightmoor,-83.250412,42.384451
14011 Rochelle St,2022-12-27,Mapleridge,-82.980259,42.423212
14021 Mayfield St,2022-12-27,Mapleridge,-82.980016,42.422427
14044 Tacoma St,2022-12-27,Franklin,-82.979077,42.441326
14252 Faircrest St,2022-12-27,Mapleridge,-82.976161,42.431847
14266 Faircrest St,2022-12-27,Mapleridge,-82.975895,42.431847
15462 Turner St,2022-12-27,Fitzgerald/Marygrove,-83.148158,42.405323
15745 Mendota St,2022-12-27,Bethune Community,-83.165687,42.406653
17369 Marx St,2022-12-27,Cadillac Heights,-83.083919,42.421194
17375 Marx St,2022-12-27,Cadillac Heights,-83.083923,42.421276
17399 Marx St,2022-12-27,Cadillac Heights,-83.083937,42.421565
19357 Hanna St,2022-12-27,Nolan,-83.090084,42.436011
19387 Hanna St,2022-12-27,Nolan,-83.090097,42.436422
19641 Reno St,2022-12-27,Franklin,-82.983168,42.440229
20246 Danbury St,2022-12-27,Nolan,-83.105909,42.44414
3741 Cortland St,2022-12-27,Russell Woods,-83.127387,42.383054
733 E Margaret St,2022-12-27,Greenfield Park,-83.095275,42.426581
7756 Rutland St,2022-12-27,Warren Ave Community,-83.212516,42.349129
7817 Bacon St,2022-12-27,Delray,-83.115398,42.297226
8110 Doyle St,2022-12-27,Airport Sub,-83.021374,42.417019
5172 W Chicago St,2022-12-28,Nardin Park,-83.133033,42.368513
7037 Longyear St,2022-12-28,Gratiot Town/Kettering,-83.02524,42.381501
7581 Quinn St,2022-12-28,Grant,-83.025856,42.431388
8080 Doyle St,2022-12-28,Airport Sub,-83.021933,42.416895
8088 Doyle St,2022-12-28,Airport Sub,-83.021782,42.416928
12809 Westbrook St,2022-12-29,Brightmoor,-83.250319,42.38155
20101 Fenmore St,2022-12-29,Greenfield,-83.21871,42.440477
4950 Lovett St,2022-12-29,Chadsey Condon,-83.110203,42.34176
5260 W Chicago St,2022-12-29,Nardin Park,-83.13381,42.367482
12924 Dwyer St,2023-01-03,Buffalo Charles,-83.040175,42.413782
13550 Saint Aubin St,2023-01-03,North Campau,-83.076849,42.412275
17386 Marx St,2023-01-03,Cadillac Heights,-83.083222,42.421471
17416 Marx St,2023-01-03,Cadillac Heights,-83.08324,42.421882
17587 Hull St,2023-01-03,Cadillac Heights,-83.08891,42.423086
4785 Plumer St,2023-01-03,Central Southwest,-83.103751,42.322821
8908 Armour St,2023-01-03,Airport Sub,-83.005224,42.396035
1221 Concord St,2023-01-04,Islandview,-83.009243,42.351685
12936 Blackstone St,2023-01-04,Brightmoor,-83.248384,42.383322
17581 Orleans St,2023-01-04,Cadillac Heights,-83.085222,42.423114
19553 Hickory St,2023-01-04,Pulaski,-82.988024,42.4393
19559 Hickory St,2023-01-04,Pulaski,-82.988028,42.439396
19580 Hickory St,2023-01-04,Pulaski,-82.987362,42.439704
7344 Wheeler St,2023-01-04,Claytown,-83.14261,42.343441
8323 Montlieu St,2023-01-04,Airport Sub,-83.017969,42.411711
8341 Montlieu St,2023-01-04,Airport Sub,-83.017675,42.411828
8357 Montlieu St,2023-01-04,Airport Sub,-83.017377,42.411939
12396 Northlawn St,2023-01-05,Littlefield Community,-83.152447,42.380435
15363 Mendota St,2023-01-05,Bethune Community,-83.165414,42.403383
1697 Leslie St,2023-01-05,Dexter-Linwood,-83.10995,42.392641
17651 Dwyer St,2023-01-05,Davison,-83.041525,42.423981
4276 Belvidere St,2023-01-05,Gratiot Woods,-82.998150999999993,42.376383
5321 Collingwood St,2023-01-05,Nardin Park,-83.136048,42.371587
6040 Rohns St,2023-01-05,Gratiot Town/Kettering,-83.009547,42.38785
8925 Mansfield St,2023-01-05,Joy Community,-83.203624,42.359891
1029 S Liddesdale St,2023-01-06,Boynton,-83.145825,42.281397
14150 Appoline St,2023-01-06,Happy Homes,-83.169653,42.390838
15325 Tuller St,2023-01-06,Fitzgerald/Marygrove,-83.147556,42.403062
17145 Marx St,2023-01-06,Cadillac Heights,-83.083841,42.419084
17533 Marx St,2023-01-06,Cadillac Heights,-83.083984,42.422486
3767 Harding St,2023-01-06,East Canfield,-82.986448,42.376741
3800 Pennsylvania St,2023-01-06,West End,-82.992241,42.374026
5403 Oregon St,2023-01-06,Midwest,-83.127388,42.354861
601 S Solvay St,2023-01-06,Delray,-83.110558,42.296085
6329 Joy Rd,2023-01-06,Midwest,-83.139044,42.359126
7310 Sarena St,2023-01-06,Claytown,-83.142085,42.343082
12414 E Forest Ave,2023-01-09,Fox Creek,-82.971865,42.388421
13500 Mackay St,2023-01-09,North Campau,-83.072016,42.413343
13916 Appoline St,2023-01-09,Happy Homes,-83.169534,42.388564
13932 Appoline St,2023-01-09,Happy Homes,-83.169546,42.388756
17598 Marx St,2023-01-09,Cadillac Heights,-83.083302,42.423417
6136 Proctor St,2023-01-09,Claytown,-83.142964,42.341715
7320 Wheeler St,2023-01-09,Claytown,-83.142166,42.34345
7389 Brace St,2023-01-09,Warrendale,-83.223555,42.346043
8140 Montlieu St,2023-01-09,Airport Sub,-83.020789,42.410197
8188 Montlieu St,2023-01-09,Airport Sub,-83.020014,42.410493
8230 Montlieu St,2023-01-09,Airport Sub,-83.019317,42.410748
13408 Conley St,2023-01-10,Davison,-83.051374,42.415509
13569 Mackay St,2023-01-10,North Campau,-83.073044,42.41396
17409 Mackay St,2023-01-10,Cadillac Heights,-83.076555,42.421171
18440 Keystone St,2023-01-10,Krainz Woods,-83.05078,42.428601
3753 Eastern Pl,2023-01-10,Midwest,-83.107672,42.352723
5969 Domine St,2023-01-10,Airport Sub,-83.041038,42.39541
10085 Violetlawn St,2023-01-11,Barton-McFarland,-83.159932,42.367374
12682 Meyers Rd,2023-01-11,Grand River-I96,-83.168151,42.381858
15723 Bramell St,2023-01-11,Brightmoor,-83.264872,42.404418
4260 Burlingame St,2023-01-11,Nardin Park,-83.129238,42.377081
534 Bellevue St,2023-01-11,Islandview,-83.007069,42.347299
8423 Melville St,2023-01-11,Delray,-83.120077,42.294478
12762 Manor,2023-01-12,Grand River-I96,-83.16711,42.382873
14361 Gratiot Ave,2023-01-12,Franklin,-82.977638,42.436044
19208 Verona St,2023-01-12,Franklin,-82.981412,42.436614
3564 Toledo St,2023-01-12,Central Southwest,-83.089897,42.327175
5384 Oregon St,2023-01-12,Midwest,-83.127419,42.355432
6048 Florida St,2023-01-12,Claytown,-83.14299,42.340312
6096 Florida St,2023-01-12,Claytown,-83.143412,42.340892
6750 Sparta St,2023-01-12,Midwest,-83.138282,42.34563
8041 Elgin St,2023-01-12,Airport Sub,-83.022614,42.410869
8099 Elgin St,2023-01-12,Airport Sub,-83.021694,42.411224
8112 Elgin St,2023-01-12,Airport Sub,-83.021229,42.410881
9032 Dexter Ave,2023-01-12,Jamison,-83.116691,42.369446
10061 Dalrymple St,2023-01-13,Nardin Park,-83.135894,42.371474
10169 Morley,2023-01-13,Barton-McFarland,-83.161453,42.366651
11656 Appoline,2023-01-13,Pride Area Community,-83.169043,42.374023
15447 Bramell St,2023-01-13,Brightmoor,-83.264799,42.40277
15465 Bramell St,2023-01-13,Brightmoor,-83.26481,42.403023
18408 Moenart St,2023-01-13,Krainz Woods,-83.049745,42.428191
18627 Keystone St,2023-01-13,Krainz Woods,-83.051418,42.430251
3876 Rohns St,2023-01-13,Gratiot Woods,-82.998324,42.37308
42 W Longwood Pl,2023-01-13,Grixdale Farms,-83.102849,42.422125
7340 American St,2023-01-13,Midwest,-83.143596,42.346879
9039 American St,2023-01-13,Midwest,-83.144307,42.36136
103 Cedarhurst Pl,2023-01-17,Grixdale Farms,-83.103717,42.421169
10416 American St,2023-01-17,Oakman Blvd Community,-83.144073,42.372647
12238 Maiden St,2023-01-17,Wade,-82.982654,42.402989
13487 Caldwell St,2023-01-17,Davison,-83.046919,42.416657
13951 Harper Ave,2023-01-17,Outer Drive-Hayes,-82.968566,42.403707
13957 Harper Ave,2023-01-17,Outer Drive-Hayes,-82.968552,42.40377
15446 Bramell St,2023-01-17,Brightmoor,-83.264091,42.402776
15737 Bramell St,2023-01-17,Brightmoor,-83.264883,42.404702
18096 Syracuse St,2023-01-17,Krainz Woods,-83.04546,42.427686
3044 Richton St,2023-01-17,Dexter-Linwood,-83.122774,42.384417
4400 Concord St,2023-01-17,Gratiot-Grand,-83.019458,42.368396
4494 Harding St,2023-01-17,East Canfield,-82.989178,42.381563
4890 Edmonton St,2023-01-17,Midwest,-83.125476,42.361721
5859 Beechwood St,2023-01-17,Midwest,-83.119221,42.346803
5934 Whitewood St,2023-01-17,Midwest,-83.119708,42.347702
7265 Longacre St,2023-01-17,Warren Ave Community,-83.214034,42.344411
7774 Auburn St,2023-01-17,Warrendale,-83.232801,42.349329
79 W Dakota Ave,2023-01-17,Grixdale Farms,-83.103198,42.41942
8057 E Hildale St,2023-01-17,Mount Olivet,-83.022925,42.430549
8144 Mount Olivet St,2023-01-17,Airport Sub,-83.020897,42.415058
8240 Mount Olivet St,2023-01-17,Airport Sub,-83.019346,42.415657
8423 Minock St,2023-01-17,Warrendale,-83.232533,42.354353
8945 Petoskey Ave,2023-01-17,Petoskey-Otsego,-83.121642,42.366636
14800 Flanders St,2023-01-18,Outer Drive-Hayes,-82.969286,42.419682
1500 Helen St,2023-01-18,Islandview,-83.007054,42.353037
15491 Bramell St,2023-01-18,Brightmoor,-83.264824,42.403358
15701 Bramell St,2023-01-18,Brightmoor,-83.264852,42.404009
20484 Irvington St,2023-01-18,Nolan,-83.098158,42.445934
2300 E Eight Mile,2023-01-18,Butler,-83.078414,42.446878
8117 Mount Olivet St,2023-01-18,Airport Sub,-83.02154,42.415272
8125 Mount Olivet St,2023-01-18,Airport Sub,-83.021486,42.415371
8141 Mount Olivet St,2023-01-18,Airport Sub,-83.021175,42.41547
8151 Mount Olivet St,2023-01-18,Airport Sub,-83.020968,42.415533
12662 Bentler St,2023-01-19,Brightmoor,-83.25067,42.38026
13544 Arlington St,2023-01-19,North Campau,-83.073224,42.413525
13757 Helen St,2023-01-19,Airport Sub,-83.031209,42.418377
13767 Helen St,2023-01-19,Airport Sub,-83.031214,42.418541
19171 Mapleview St,2023-01-19,Franklin,-82.984361,42.436041
2262 Lemay Ave,2023-01-19,East Village,-82.977547,42.369901
5846 Beechwood St,2023-01-19,Midwest,-83.11861,42.346747
9591 Iris St,2023-01-19,Barton-McFarland,-83.17046,42.367279
9990 Cascade St,2023-01-19,Nardin Park,-83.130658,42.372673
11650 Ward St,2023-01-20,Pride Area Community,-83.172743,42.373951
14493 Fordham St,2023-01-20,Mapleridge,-82.973442,42.434571
4488 Harding St,2023-01-20,East Canfield,-82.989127,42.38149
4607 Oregon St,2023-01-20,Midwest,-83.120496,42.357497
5754 Harding St,2023-01-20,West End,-82.996144,42.391455
6658 Bruckner St,2023-01-20,Michigan-Martin,-83.122768,42.325898
12623 Chapel St,2023-01-23,Brightmoor,-83.252354,42.379686
12647 Chapel St,2023-01-23,Brightmoor,-83.252352,42.380036
12651 Chapel St,2023-01-23,Brightmoor,-83.252367,42.380154
12861 Chapel St,2023-01-23,Brightmoor,-83.252674,42.382122
13995 Dolphin St,2023-01-23,Brightmoor,-83.259224,42.38728
18519 Pierson St,2023-01-23,Holcomb Community,-83.247521,42.425969
3661 E Warren Ave,2023-01-23,Poletown East,-83.029241,42.370159
4331 Woodhall St,2023-01-23,Cornerstone Village,-82.923425,42.402848
471 Adeline St,2023-01-23,Penrose,-83.108814,42.438359
6382 Julian St,2023-01-23,Midwest,-83.140042,42.358771
7138 Tuxedo St,2023-01-23,Oakman Blvd Community,-83.142415,42.375447
8843 Pinehurst St,2023-01-23,Barton-McFarland,-83.165657,42.359435
13220 Mark Twain St,2023-01-24,Schoolcraft Southfield,-83.185603,42.384476
13929 Ashton Rd,2023-01-24,Grandmont #1,-83.219015,42.387143
14964 Kilbourne Ave,2023-01-24,Outer Drive-Hayes,-82.965832,42.416393
15347 Monte Vista St,2023-01-24,Bethune Community,-83.167564,42.403068
15533 14th St,2023-01-24,Pilgrim Village,-83.120437,42.406033
15709 Bramell St,2023-01-24,Brightmoor,-83.264857,42.404119
16865 Winston St,2023-01-24,South of Six,-83.284,42.412842
17572 Stoepel St,2023-01-24,Bagley,-83.141794,42.421895
17580 Stoepel St,2023-01-24,Bagley,-83.141799,42.421995
2337 Waverly St,2023-01-24,Dexter-Linwood,-83.117836,42.393548
415 Adeline St,2023-01-24,Penrose,-83.107814,42.438377
4356 Philip St,2023-01-24,Fox Creek,-82.953796,42.391917
5335 Riopelle St,2023-01-24,Poletown East,-83.051726,42.365259
5705 Seminole St,2023-01-24,Gratiot Town/Kettering,-83.014236,42.382993
5749 Harding St,2023-01-24,West End,-82.996692,42.39121
738 E Margaret St,2023-01-24,Greenfield Park,-83.095136,42.426176
9914 Winthrop St,2023-01-24,Joy Community,-83.198229,42.368149
17127 Lamont St,2023-01-25,Davison,-83.054129,42.419284
17158 Goulburn St,2023-01-25,Von Steuben,-82.992943,42.424773
17161 Lamont St,2023-01-25,Davison,-83.054139,42.419778
17184 Lamont St,2023-01-25,Davison,-83.053561,42.420118
17208 Lamont St,2023-01-25,Davison,-83.053567,42.420447
17214 Lamont St,2023-01-25,Davison,-83.053569,42.42053
17215 Lamont St,2023-01-25,Davison,-83.054154,42.420518
17221 Lamont St,2023-01-25,Davison,-83.054156,42.420601
17840 Anglin St,2023-01-25,Cadillac Heights,-83.074009,42.423995
3757 Rochester St,2023-01-25,Nardin Park,-83.121332,42.373491
7447 Wetherby St,2023-01-25,Midwest,-83.139957,42.347464
7806 Evergreen Rd,2023-01-25,Warrendale,-83.235258,42.34968
7810 Evergreen Rd,2023-01-25,Warrendale,-83.235258,42.349753
11509 Stoepel St,2023-01-26,Oakman Blvd Community,-83.140774,42.372707
11701 Sorrento St,2023-01-26,Pride Area Community,-83.172257,42.374617
12826 Whitcomb St,2023-01-26,Schoolcraft Southfield,-83.195189,42.382682
5240 Stanton St,2023-01-26,Woodbridge,-83.091457,42.351325
19162 Havana St,2023-01-27,Penrose,-83.109992,42.433182
7912 Frontenac St,2023-01-27,Airport Sub,-83.027812,42.388335
8259 Elgin St,2023-01-27,Airport Sub,-83.019054,42.412224
13988 Appoline St,2023-01-30,Happy Homes,-83.169589,42.389523
14100 Appoline St,2023-01-30,Happy Homes,-83.169616,42.390166
14144 Appoline St,2023-01-30,Happy Homes,-83.169648,42.390738
14876 Ohio St,2023-01-30,Chalfonte,-83.155115,42.399137
15003 Sorrento St,2023-01-30,Bethune Community,-83.172744,42.40012
15744 Princeton St,2023-01-30,Pilgrim Village,-83.128324,42.407204
16214 Sorrento St,2023-01-30,Harmony Village,-83.172676,42.411149
17842 Lumpkin St,2023-01-30,Cadillac Heights,-83.080183,42.424023
18479 Faust Ave,2023-01-30,Evergreen-Outer Drive,-83.224381,42.425976
19125 Andover St,2023-01-30,Nolan,-83.099481,42.432797
19552 Hickory St,2023-01-30,Pulaski,-82.987349,42.43932
19642 Reno St,2023-01-30,Franklin,-82.98256,42.440267
2027 Highland St,2023-01-30,Dexter-Linwood,-83.111275,42.389521
2285 Pasadena St,2023-01-30,Oakman Blvd Community,-83.119001,42.396775
2420 S Electric St,2023-01-30,Boynton,-83.157152,42.271326
5632 Parkdale Ter,2023-01-30,Chadsey Condon,-83.121588,42.343717
6617 Willette St,2023-01-30,Claytown,-83.133439,42.341167
10056 Bordeau St,2023-01-31,Nardin Park,-83.134288,42.371381
12734 Bentler St,2023-01-31,Brightmoor,-83.250738,42.381207
13939 Rochelle St,2023-01-31,Mapleridge,-82.981593,42.423205
14404 Tacoma St,2023-01-31,Franklin,-82.975371,42.441424
14425 Tacoma St,2023-01-31,Franklin,-82.974985,42.441876
19436 Montrose St,2023-01-31,Greenfield,-83.201897,42.434601
2712 Hazelwood St,2023-01-31,Jamison,-83.109562,42.370952
3401 Harding St,2023-01-31,East Village,-82.984082,42.373675
4900 Belvidere St,2023-01-31,Gratiot Woods,-83.000723,42.380062
14801 Indiana St,2023-02-01,Chalfonte,-83.157697,42.398104
15760 Bramell St,2023-02-01,Brightmoor,-83.2642,42.405234
19193 Havana St,2023-02-01,Penrose,-83.110485,42.433575
19450 Dean St,2023-02-01,Farwell,-83.062094,42.437853
12712 Bentler St,2023-02-02,Brightmoor,-83.250696,42.380929
13869 Saint Aubin St,2023-02-02,North Campau,-83.078318,42.4133
14057 Orleans St,2023-02-02,North Campau,-83.081443,42.413312
14060 Orleans St,2023-02-02,North Campau,-83.081017,42.413572
14119 Tacoma St,2023-02-02,Franklin,-82.977568,42.441824
14124 Tacoma St,2023-02-02,Franklin,-82.977406,42.44136
14131 Tacoma St,2023-02-02,Franklin,-82.977309,42.44183
14921 Liberal St,2023-02-02,Regent Park,-82.968277,42.440353
14933 Liberal St,2023-02-02,Regent Park,-82.96811,42.440357
14945 Liberal St,2023-02-02,Regent Park,-82.967832,42.440362
14954 Liberal St,2023-02-02,Regent Park,-82.967631,42.439927
14955 Liberal St,2023-02-02,Regent Park,-82.96761,42.440367
14960 Liberal St,2023-02-02,Regent Park,-82.967492,42.43993
15772 Bramell St,2023-02-02,Brightmoor,-83.26421,42.405454
1609 Lawrence St,2023-02-02,Dexter-Linwood,-83.10229,42.385276
3820 Collingwood St,2023-02-02,Nardin Park,-83.12452,42.376337
7001 Strong St,2023-02-02,Airport Sub,-83.029887,42.385869
11744 Flanders St,2023-02-03,Gratiot-Findlay,-82.996237,42.41102
14968 Liberal St,2023-02-03,Regent Park,-82.967367,42.439933
17175 Fleming St,2023-02-03,Cadillac Heights,-83.07955,42.419648
234 W Robinwood St,2023-02-03,Grixdale Farms,-83.1067,42.430033
3217 Hazelwood St,2023-02-03,Jamison,-83.113281,42.369056
3999 Beniteau St,2023-02-03,West End,-82.981831,42.381048
588 S Green St,2023-02-03,Delray,-83.109312,42.296767
723 S Green St,2023-02-03,Delray,-83.108155,42.296139
11766 Promenade Ave,2023-02-06,Wade,-82.991394,42.406487
12603 Bentler St,2023-02-06,Brightmoor,-83.251297,42.379409
12616 Bentler St,2023-02-06,Brightmoor,-83.250651,42.379606
12700 Bentler St,2023-02-06,Brightmoor,-83.250698,42.380748
13840 Saint Aubin St,2023-02-06,North Campau,-83.077454,42.413165
13954 Saint Aubin St,2023-02-06,North Campau,-83.078402,42.414563
14988 Liberal St,2023-02-06,Regent Park,-82.967006,42.439941
14996 Liberal St,2023-02-06,Regent Park,-82.966839,42.439945
15012 Liberal St,2023-02-06,Regent Park,-82.966534,42.439952
15022 Liberal St,2023-02-06,Regent Park,-82.966386,42.439956
4337 Virginia Park St,2023-02-06,Petoskey-Otsego,-83.11795,42.361092
4617 Harding St,2023-02-06,East Canfield,-82.990755,42.382814
5090 Vancouver St,2023-02-06,Midwest,-83.12453,42.357589
4962 Florida St,2023-02-07,Claytown,-83.136973,42.332056
5201 Stanton St,2023-02-07,Woodbridge,-83.091838,42.350682
101 W Golden Gate Ave,2023-02-08,Grixdale Farms,-83.104269,42.428803
12641 Chapel St,2023-02-08,Brightmoor,-83.252349,42.379943
14954 Sorrento St,2023-02-08,Bethune Community,-83.172123,42.399868
15450 W Parkway St,2023-02-08,Brightmoor,-83.266425,42.402765
15518 W Parkway St,2023-02-08,Brightmoor,-83.266468,42.403727
15700 W Parkway St,2023-02-08,Brightmoor,-83.266479,42.404004
19186 Danbury St,2023-02-08,Penrose,-83.105954,42.433551
7436 Burlingame St,2023-02-08,Oakman Blvd Community,-83.144094,42.373583000000004
12845 Blackstone St,2023-02-09,Brightmoor,-83.249021,42.382055
12931 Westbrook St,2023-02-09,Brightmoor,-83.250374,42.383187
15726 W Parkway St,2023-02-09,Brightmoor,-83.266499,42.404464
169 S Gates St,2023-02-09,Carbon Works,-83.134481,42.289556
19192 Danbury St,2023-02-09,Penrose,-83.105956,42.433634
1962 Sharon St,2023-02-09,Springwells,-83.133921,42.306883
2408 McPherson St,2023-02-09,Campau/Banglatown,-83.068879,42.405276
3294 W Grand St,2023-02-09,Oakman Blvd Community,-83.13035,42.392198
3758 W Philadelphia St,2023-02-09,Petoskey-Otsego,-83.115176,42.36443
419 S Cottrell St,2023-02-09,Delray,-83.11076,42.298049
4190 Springle St,2023-02-09,Fox Creek,-82.965127,42.386062
4444 Grandy St,2023-02-09,McDougall-Hunt,-83.036136,42.363028
5626 N Campbell,2023-02-09,Chadsey Condon,-83.122445,42.343288
6040 Hartford St,2023-02-09,Midwest,-83.112974,42.348657
7850 Bacon St,2023-02-09,Delray,-83.116272,42.297345
8848 E Canfield St,2023-02-09,Gratiot Woods,-83.00081,42.375132
10158 Morley,2023-02-10,Barton-McFarland,-83.161286,42.367066
13445 Manning St,2023-02-10,Pulaski,-82.986819,42.440793
13453 Manning St,2023-02-10,Pulaski,-82.986689,42.440795
13619 Manning St,2023-02-10,Franklin,-82.984888,42.440833
13668 Manning St,2023-02-10,Franklin,-82.983923,42.440333
13717 Manning St,2023-02-10,Franklin,-82.983065,42.440878
13877 Lumpkin St,2023-02-10,North Campau,-83.077305,42.413727
14145 Dequindre St,2023-02-10,North Campau,-83.08132,42.414736
19193 Danbury St,2023-02-10,Penrose,-83.106567,42.433713
3456 Garland St,2023-02-10,East Village,-82.986299,42.373769
6322 Epworth St,2023-02-10,Midwest,-83.126662,42.348257
12851 Blackstone St,2023-02-13,Brightmoor,-83.249024,42.382151
13132 Camden Ave,2023-02-13,Outer Drive-Hayes,-82.971922,42.404914
13411 Manning St,2023-02-13,Pulaski,-82.987467,42.440776
13425 Manning St,2023-02-13,Pulaski,-82.987208,42.440782
13690 Manning St,2023-02-13,Franklin,-82.983523,42.440342
13701 Manning St,2023-02-13,Franklin,-82.983333,42.440871
13804 Lumpkin St,2023-02-13,North Campau,-83.076222,42.413067
13912 Lumpkin St,2023-02-13,North Campau,-83.077119,42.414391
14015 Lumpkin St,2023-02-13,North Campau,-83.078476,42.415456
14925 Harper Ave,2023-02-13,Outer Drive-Hayes,-82.960124,42.406188
14929 Harper Ave,2023-02-13,Outer Drive-Hayes,-82.960106,42.406263
14933 Harper Ave,2023-02-13,Outer Drive-Hayes,-82.959921,42.406227
14937 Harper Ave,2023-02-13,Outer Drive-Hayes,-82.959898,42.406317
14941 Harper Ave,2023-02-13,Outer Drive-Hayes,-82.959795,42.406344
15497 Beaverland St,2023-02-13,Brightmoor,-83.265964,42.403513
15756 W Parkway St,2023-02-13,Brightmoor,-83.266526,42.405119
15766 Bramell St,2023-02-13,Brightmoor,-83.264205,42.405344
19330 Danbury St,2023-02-13,Penrose,-83.105988,42.434755
2252 Garfield St,2023-02-13,McDougall-Hunt,-83.039501,42.36192
3943 Springle St,2023-02-13,Fox Creek,-82.964911,42.384549
6871 Seminole St,2023-02-13,Airport Sub,-83.01929,42.39282
9603 Cascade St,2023-02-13,Nardin Park,-83.129063,42.369351
14679 Faircrest St,2023-02-14,Mapleridge,-82.971089,42.432373
14861 Eastwood St,2023-02-14,Mapleridge,-82.9691,42.433949
15761 Bramell St,2023-02-14,Brightmoor,-83.264907,42.405233
1652 S Liebold St,2023-02-14,Boynton,-83.151832,42.276654
1930 S Edsel St,2023-02-14,Boynton,-83.155843,42.274237
2731 McLean St,2023-02-14,Campau/Banglatown,-83.067113,42.408789
4305 Allendale St,2023-02-14,Midwest,-83.115928,42.357228
9575 Manor,2023-02-14,Barton-McFarland,-83.167082,42.367131
14498 Eastwood St,2023-02-15,Mapleridge,-82.973262,42.433392
14881 Eastwood St,2023-02-15,Mapleridge,-82.968712,42.433964
15777 Bramell St,2023-02-15,Brightmoor,-83.264921,42.405558
3810 Philip St,2023-02-15,Fox Creek,-82.951457,42.388362
404 S Solvay St,2023-02-15,Delray,-83.112421,42.297678
414 S Cottrell St,2023-02-15,Delray,-83.111359,42.297903
12243 Wayburn St,2023-02-16,Moross-Morang,-82.946556,42.430959
1524 S Liebold St,2023-02-16,Boynton,-83.151156,42.277453
19604 Reno St,2023-02-16,Franklin,-82.982547,42.439734
19610 Reno St,2023-02-16,Franklin,-82.982547,42.439833
19786 Gilchrist St,2023-02-16,Greenfield,-83.21283,42.436827
2579 Harding St,2023-02-16,East Village,-82.981554,42.370033
9681 Manor,2023-02-16,Barton-McFarland,-83.167124,42.368571
12126 Wilshire Dr,2023-02-17,Wade,-82.986732,42.406878
12701 Westbrook St,2023-02-17,Brightmoor,-83.250254,42.380739
14212 Elmdale St,2023-02-17,Outer Drive-Hayes,-82.970326,42.409134
15520 Bramell St,2023-02-17,Brightmoor,-83.264134,42.403734
9614 Meyers Rd,2023-02-17,Barton-McFarland,-83.16759,42.367694
11253 Corbett Ave,2023-02-20,Wade,-82.990178,42.40183
12266 Flanders St,2023-02-20,Eden Gardens,-82.988806,42.413625
19412 Gilchrist St,2023-02-20,Greenfield,-83.212717,42.434112
19778 Gilchrist St,2023-02-20,Greenfield,-83.212827,42.43671
3232 S Waring St,2023-02-20,Boynton,-83.165702,42.265473
9151 Isham Ave,2023-02-20,Airport Sub,-83.011896,42.397503
9230 Melville St,2023-02-20,Delray,-83.127231,42.291846
12800 Westbrook St,2023-02-21,Brightmoor,-83.249604,42.381467
13507 Lumpkin St,2023-02-21,North Campau,-83.076088,42.411916
13531 Lumpkin St,2023-02-21,North Campau,-83.076289,42.41221
14902 Beaverland St,2023-02-21,Brightmoor,-83.265037,42.396867
12008 Chelsea Ave,2023-02-22,Wade,-82.988204,42.405309
14494 Faircrest St,2023-02-22,Mapleridge,-82.973296,42.431897
14710 Maddelein St,2023-02-22,Regent Park,-82.97132,42.435851
1500 S Liebold St,2023-02-22,Boynton,-83.150945,42.277702
15038 Bentler St,2023-02-22,Brightmoor,-83.251501,42.398453
2251 E Outer Dr,2023-02-22,Farwell,-83.066782,42.440976
9622 Appoline,2023-02-22,Barton-McFarland,-83.168835,42.367755
9622 Graham St,2023-02-22,Carbon Works,-83.13284,42.291398
12667 Marlowe St,2023-02-23,Schoolcraft Southfield,-83.189518,42.381036
13561 Lumpkin St,2023-02-23,North Campau,-83.076535,42.412579
14901 Kercheval St,2023-02-23,Riverbend,-82.943054,42.380763
14911 Kercheval St,2023-02-23,Riverbend,-82.94305,42.380732
19511 Gilchrist St,2023-02-23,Greenfield,-83.213406,42.435403
3010 S Electric St,2023-02-23,Boynton,-83.161291,42.266368
3135 Coplin St,2023-02-23,Riverbend,-82.95815,42.383912
3150 Coplin St,2023-02-23,Riverbend,-82.957735,42.384324
3836 Saint Clair St,2023-02-23,East Canfield,-82.987478,42.377405
5020 Larchmont St,2023-02-23,Midwest,-83.120526,42.353985
5024 Larchmont St,2023-02-23,Midwest,-83.120625,42.353948
5087 Larchmont St,2023-02-23,Midwest,-83.121277,42.353106
5244 Larchmont St,2023-02-23,Midwest,-83.122886,42.353081
8047 Vanderbilt St,2023-02-23,Delray,-83.115834,42.29415
8128 E Robinwood St,2023-02-23,Mount Olivet,-83.021674,42.431617
9580 Graham St,2023-02-23,Carbon Works,-83.132114,42.291684
13333 Compass St,2023-02-24,Happy Homes,-83.175999,42.38872
13338 Rochelle St,2023-02-24,Mapleridge,-82.982874,42.422759
14021 Rochelle St,2023-02-24,Mapleridge,-82.980037,42.423214
14201 Maine St,2023-02-24,North Campau,-83.074211,42.41731
1494 S Liebold St,2023-02-24,Boynton,-83.150865,42.277788
592 S Cottrell St,2023-02-24,Delray,-83.110208,42.296315
11700 Conner St,2023-02-27,Gratiot-Findlay,-83.004147,42.410412
12959 Halley St,2023-02-27,Brightmoor,-83.253474,42.38315
14182 Manor,2023-02-27,Northwest Community,-83.167486,42.39132
14625 Greenlawn St,2023-02-27,Chalfonte,-83.150465,42.397161
16134 Freeland St,2023-02-27,Hubbell-Puritan,-83.185582,42.409737
19318 Ferguson St,2023-02-27,Greenfield,-83.210425,42.432532
20109 Oakfield St,2023-02-27,Greenfield,-83.21635,42.440633
2694 W Euclid St,2023-02-27,Jamison,-83.106429,42.366827
1072 Manistique St,2023-02-28,Riverbend,-82.941718,42.375213
18427 Filer St,2023-02-28,Grant,-83.03792,42.429132
18550 E Warren Ave,2023-02-28,Cornerstone Village,-82.913368,42.411843
19425 Oakfield St,2023-02-28,Greenfield,-83.215509,42.434187
2736 Cody St,2023-02-28,Campau/Banglatown,-83.067444,42.409458
5141 Ridgewood St,2023-02-28,Midwest,-83.136832,42.36358
8343 Vanderbilt St,2023-02-28,Delray,-83.117979,42.293305
13526 Maine St,2023-03-01,North Campau,-83.071312,42.413963
14156 Mapleridge St,2023-03-01,Mapleridge,-82.978225,42.428722
14411 Tacoma St,2023-03-01,Franklin,-82.975244,42.441869
17185 Shields St,2023-03-01,Davison,-83.059603,42.420001
3703 E Ferry St,2023-03-01,Poletown East,-83.031413,42.374508
7526 Oakland St,2023-03-01,North End,-83.065468,42.375681
8118 Medina St,2023-03-01,Delray,-83.114536,42.291144
13514 Maine St,2023-03-02,North Campau,-83.071212,42.413816
18901 Mapleview St,2023-03-02,Franklin,-82.984168,42.433265
562 S Cottrell St,2023-03-02,Delray,-83.110471,42.296678
12151 Chelsea Ave,2023-03-03,Wade,-82.986124,42.406656
12346 Dickerson St,2023-03-03,Mapleridge,-82.983248,42.421195
13708 Eastwood St,2023-03-03,Franklin,-82.983551,42.432879
13869 Reynolds St,2023-03-03,North Campau,-83.070229,42.416306
14490 Linnhurst St,2023-03-03,Mapleridge,-82.973358,42.43115
14493 Flanders St,2023-03-03,Outer Drive-Hayes,-82.972218,42.420032
14522 Cloverdale St,2023-03-03,Chalfonte,-83.148653,42.395759
15316 Linnhurst St,2023-03-03,Mapleridge,-82.963104,42.431429
17138 Shields St,2023-03-03,Davison,-83.058972,42.419437
17149 Shields St,2023-03-03,Davison,-83.059592,42.419507
17154 Shields St,2023-03-03,Davison,-83.058975,42.419601
3910 Calvert St,2023-03-03,Nardin Park,-83.123911,42.375718
4312 Allendale St,2023-03-03,Midwest,-83.116315,42.357637
6751 Bostwick St,2023-03-03,Central Southwest,-83.113806,42.310301
12802 Kercheval St,2023-03-06,Riverbend,-82.956951,42.372531
13525 Reynolds St,2023-03-06,North Campau,-83.069143,42.414711
13660 Saratoga St,2023-03-06,Franklin,-82.983743,42.431983
13668 Saratoga St,2023-03-06,Franklin,-82.983613,42.43199
14135 Cedargrove St,2023-03-06,Mapleridge,-82.978781,42.425662
3951 Beniteau St,2023-03-06,West End,-82.981432,42.380446
9120 Isham Ave,2023-03-06,Airport Sub,-83.011312,42.39713
9334 Richter Ave,2023-03-06,West End,-82.996281,42.376378
9721 Holmur St,2023-03-06,Nardin Park,-83.122814,42.372486
12720 Westbrook St,2023-03-07,Brightmoor,-83.249592,42.38104
13522 Gallagher St,2023-03-07,North Campau,-83.065593,42.416017
13667 Linnhurst St,2023-03-07,Franklin,-82.983606,42.431608
14680 Cedargrove St,2023-03-07,Mapleridge,-82.970913,42.425271
12623 Westbrook St,2023-03-08,Brightmoor,-83.250224,42.379692
13652 Glenwood St,2023-03-08,Franklin,-82.983828,42.430278
14134 Cedargrove St,2023-03-08,Mapleridge,-82.97877,42.425187
14874 Cedargrove St,2023-03-08,Mapleridge,-82.96858,42.42533
554 Lycaste St,2023-03-08,Conner Creek Industrial,-82.964317,42.364463
590 Lycaste St,2023-03-08,Conner Creek Industrial,-82.963968,42.364682
11847 Corbett Ave,2023-03-09,Wade,-82.987452,42.402775
12664 Westbrook St,2023-03-09,Brightmoor,-83.249571,42.380272
13870 Lumpkin St,2023-03-09,North Campau,-83.07684,42.41385
14220 Stout St,2023-03-09,Brightmoor,-83.240866,42.390321
1472 Harding St,2023-03-09,East Village,-82.977288,42.3652
14831 Cedargrove St,2023-03-09,Mapleridge,-82.969492,42.425793
14833 Spring Garden St,2023-03-09,Mapleridge,-82.969481,42.428352
19155 Yacama Rd,2023-03-09,Nolan,-83.097292,42.433218
21659 Barbara St,2023-03-09,Brightmoor,-83.255194,42.38752
6701 W Fort St,2023-03-09,Delray,-83.109294,42.303213
14425 Stout St,2023-03-10,Brightmoor,-83.241587,42.39278
18554 Brinker St,2023-03-10,Northeast Central District,-83.073527,42.42909
2438 Cody St,2023-03-10,Campau/Banglatown,-83.070549,42.408702
2456 Cody St,2023-03-10,Campau/Banglatown,-83.070302,42.408855
7328 Rosemont Ave,2023-03-10,Warrendale,-83.218096,42.345254
17833 Lumpkin St,2023-03-12,Cadillac Heights,-83.080745,42.423827
13604 Cedargrove St,2023-03-13,Mapleridge,-82.981924,42.425148
13935 Gallagher St,2023-03-13,North Campau,-83.067708,42.418231
14180 Cedargrove St,2023-03-13,Mapleridge,-82.977474,42.425206
17374 Moran St,2023-03-13,Cadillac Heights,-83.067005,42.422435
17452 Moran St,2023-03-13,Cadillac Heights,-83.067684,42.42338
6412 Linsdale St,2023-03-13,Midwest,-83.140466,42.356488
9326 Carleton St,2023-03-13,West End,-82.99866,42.379492
14160 Tacoma St,2023-03-14,Franklin,-82.976758,42.441374
3407 E Warren Ave,2023-03-14,Poletown East,-83.032488,42.368922
4708 Coplin St,2023-03-14,Fox Creek,-82.962589,42.39174
4767 Holcomb St,2023-03-14,Gratiot Woods,-83.001781,42.378693
9079 Pierson St,2023-03-14,Franklin Park,-83.24488,42.360276
1039 Chalmers St,2023-03-15,Riverbend,-82.944927,42.37353
12677 Bentler St,2023-03-15,Brightmoor,-83.251326,42.380435
14003 Sorrento St,2023-03-15,Happy Homes,-83.172383,42.389652
14125 Tacoma St,2023-03-15,Franklin,-82.977439,42.441827
14547 Stout St,2023-03-15,Brightmoor,-83.241635,42.394129
14889 Spring Garden St,2023-03-15,Mapleridge,-82.968444,42.428381
17315 Gallagher St,2023-03-15,Cadillac Heights,-83.069265,42.421516
18644 Concord St,2023-03-15,Grant,-83.032356,42.430929
19623 Pelkey St,2023-03-15,Pulaski,-82.986821,42.440315
5697 Stanford,2023-03-15,Midwest,-83.114582,42.347475
8113 Burt Rd,2023-03-15,Warrendale,-83.245797,42.351831
9038 Pierson St,2023-03-15,Franklin Park,-83.244137,42.359796
13629 Park Grove St,2023-03-16,Franklin,-82.984255,42.429925
13989 Braile St,2023-03-16,Brightmoor,-83.244603,42.387452
14029 Braile St,2023-03-16,Brightmoor,-83.244626,42.388012
14037 Braile St,2023-03-16,Brightmoor,-83.24463,42.388105
4357 Pingree St,2023-03-16,Petoskey-Otsego,-83.119741,42.363093
11325 Mendota St,2023-03-17,Barton-McFarland,-83.164818,42.371532
13701 Park Grove St,2023-03-17,Franklin,-82.982923,42.429966
14190 Burgess St,2023-03-17,Brightmoor,-83.253646,42.389673
14267 Sorrento St,2023-03-17,Happy Homes,-83.172509,42.392335
14834 Spring Garden St,2023-03-17,Mapleridge,-82.969386,42.427759
17208 Hasse St,2023-03-17,Davison,-83.055655,42.420407
17288 Keystone St,2023-03-17,Davison,-83.050412,42.421018
2141 E Jefferson Ave,2023-03-17,Elmwood Park,-83.025504,42.33735
4485 Saint Clair St,2023-03-17,West End,-82.990701,42.380937
5234 Coplin St,2023-03-17,Chandler Park,-82.965411,42.395807
6561 Scotten St,2023-03-17,Midwest,-83.11271,42.352876
13633 Liberal St,2023-03-20,Franklin,-82.984551,42.439842
13932 Steel St,2023-03-20,Happy Homes,-83.170645,42.388727
14150 Blackstone St,2023-03-20,Brightmoor,-83.248578,42.389165
14709 Spring Garden St,2023-03-20,Mapleridge,-82.970349,42.428321
14718 Spring Garden St,2023-03-20,Mapleridge,-82.970356,42.427731
14868 Spring Garden St,2023-03-20,Mapleridge,-82.968794,42.427774
17294 Keystone St,2023-03-20,Davison,-83.050413,42.421101
19600 Coventry St,2023-03-20,Nolan,-83.10113,42.437299
19933 Coventry St,2023-03-20,Nolan,-83.101847,42.440102
5825 Barrett St,2023-03-20,Chandler Park,-82.982488,42.395571
7420 Ironwood St,2023-03-20,Midwest,-83.121859,42.353477
14001 Fielding St,2023-03-21,Brightmoor,-83.242485,42.387678
14166 Ward St,2023-03-21,Happy Homes,-83.172917,42.390952
14192 Darcy St,2023-03-21,Brightmoor,-83.254836,42.389234
14264 Sorrento St,2023-03-21,Happy Homes,-83.171918,42.392336
15024 Novara St,2023-03-21,Regent Park,-82.966283,42.43918
3798 Hurlbut St,2023-03-21,West End,-82.990309,42.375444
4971 Ivanhoe St,2023-03-21,Midwest,-83.123061,42.358598
6338 Ironwood St,2023-03-21,Midwest,-83.120875,42.350389
7241 W Lafayette Blvd,2023-03-21,Central Southwest,-83.115773,42.304659
9668 Cascade St,2023-03-21,Nardin Park,-83.129051,42.370326
12406 Northlawn St,2023-03-22,Littlefield Community,-83.152453,42.380631
13144 Appoline,2023-03-22,Grand River-I96,-83.169374,42.38408
14001 Hazelridge St,2023-03-22,Mapleridge,-82.980491,42.424815
14147 Burt Rd,2023-03-22,Brightmoor,-83.247036,42.389222
17203 Healy St,2023-03-22,Davison,-83.055195,42.420334
17214 Hasse St,2023-03-22,Davison,-83.055657,42.420489
1926 Casgrain St,2023-03-22,Central Southwest,-83.111922,42.314562
4426 Hurlbut St,2023-03-22,West End,-82.992773,42.3791
4679 Coplin St,2023-03-22,Fox Creek,-82.96289,42.391157
4745 Hurlbut St,2023-03-22,West End,-82.994623,42.380693
4799 Hurlbut St,2023-03-22,West End,-82.995069,42.381356
4815 Hurlbut St,2023-03-22,West End,-82.995217,42.381577
6626 Vinewood St,2023-03-22,Midwest,-83.108546,42.353433
9593 Bessemore St,2023-03-22,Airport Sub,-83.007197,42.394951
12400 Dickerson St,2023-03-23,Mapleridge,-82.983265,42.421979
17293 Keystone St,2023-03-23,Davison,-83.050969,42.421005
18149 Vaughan St,2023-03-23,Holcomb Community,-83.23976,42.422386
18911 Vaughan St,2023-03-23,Holcomb Community,-83.239978,42.427352
4074 Scotten St,2023-03-23,Chadsey Condon,-83.104889,42.33688
447 EDSEL FORD,2023-03-23,Cultural Center,-83.06377,42.365694
4601 Harding St,2023-03-23,East Canfield,-82.990652,42.382668
7822 South St,2023-03-23,Delray,-83.114874,42.296233
81 W Hollywood Ave,2023-03-23,Grixdale Farms,-83.103889,42.430401
8372 Burdeno St,2023-03-23,Delray,-83.117547,42.291972
9561 American St,2023-03-23,Midwest,-83.14482,42.367375
13378 Young St,2023-03-24,Mapleridge,-82.983446,42.423548
14125 Vaughan St,2023-03-24,Brightmoor,-83.238307,42.389045
1947 Cortland St,2023-03-24,Dexter-Linwood,-83.109451,42.389322
20481 Hawthorne St,2023-03-24,Nolan,-83.093373,42.445935
3315 W Philadelphia St,2023-03-24,Jamison,-83.112664,42.364926
4461 W Jefferson Ave,2023-03-24,West Side Industrial,-83.084958,42.308172
6104 Epworth St,2023-03-24,Midwest,-83.126039,42.347376
6332 Auburn St,2023-03-24,Warrendale,-83.232277,42.336425
12260 Burt Rd,2023-03-27,Weatherby,-83.246031,42.377184
13966 Hazelridge St,2023-03-27,Mapleridge,-82.981117,42.42436
13987 Hazelridge St,2023-03-27,Mapleridge,-82.980751,42.424813
14005 Alma St,2023-03-27,Mapleridge,-82.980379,42.4216
14855 Mapleridge St,2023-03-27,Mapleridge,-82.969105,42.429393
14860 Mapleridge St,2023-03-27,Mapleridge,-82.968964,42.428884
14867 Mapleridge St,2023-03-27,Mapleridge,-82.968846,42.429401
15839 Wabash St,2023-03-27,Pilgrim Village,-83.119692,42.409647
15894 Kentucky St,2023-03-27,Fitzgerald/Marygrove,-83.158577,42.409251
19211 Danbury St,2023-03-27,Penrose,-83.106572,42.433875
19332 Patton St,2023-03-27,Evergreen Lahser 7/8,-83.244963,42.432004
1965 Cortland St,2023-03-27,Dexter-Linwood,-83.109748,42.38921
19804 Gilchrist St,2023-03-27,Greenfield,-83.21284,42.437118
5956 Pennsylvania St,2023-03-27,West End,-83.00325,42.390323
5960 Pennsylvania St,2023-03-27,West End,-83.003298,42.390397
9021 Archdale St,2023-03-27,Joy Community,-83.215623,42.359998
9354 Pryor St,2023-03-27,East Village,-82.987858,42.365187
13819 Pinewood St,2023-03-28,Franklin,-82.982425,42.438889
15051 Mapleridge St,2023-03-28,Mapleridge,-82.966689,42.429476
20493 Hawthorne St,2023-03-28,Nolan,-83.093381,42.44613
2087 Meade St,2023-03-28,Campau/Banglatown,-83.072208,42.407722
2673 E Canfield St,2023-03-28,McDougall-Hunt,-83.036872,42.362272
2925 Harding St,2023-03-28,East Village,-82.98276,42.371734
5116 Tillman St,2023-03-28,Chadsey Condon,-83.098665,42.347453
5901 Field St,2023-03-28,Gratiot Town/Kettering,-83.023012,42.381261
6326 Begole St,2023-03-28,Midwest,-83.121652,42.350247
9385 Pryor St,2023-03-28,East Village,-82.987626,42.365733
10090 Violetlawn St,2023-03-29,Barton-McFarland,-83.160102,42.367824
10169 Violetlawn St,2023-03-29,Barton-McFarland,-83.161464,42.367336
15000 Spring Garden St,2023-03-29,Mapleridge,-82.967554,42.427777
15010 Spring Garden St,2023-03-29,Mapleridge,-82.96742,42.427779
2124 Alter Rd,2023-03-29,Riverbend,-82.94324,42.380946
2215 Cortland St,2023-03-29,Dexter-Linwood,-83.111183,42.388661
6115 Field St,2023-03-29,Gratiot Town/Kettering,-83.0241,42.382881
9042 Burt Rd,2023-03-29,Franklin Park,-83.245324,42.359841
14345 Chapel St,2023-03-30,Brightmoor,-83.253175,42.391438
14900 Mapleridge St,2023-03-30,Mapleridge,-82.968187,42.428909
1646 Fullerton St,2023-03-30,Dexter-Linwood,-83.108903,42.392576
17287 Keystone St,2023-03-30,Davison,-83.050969,42.420905
18267 Evergreen Rd,2023-03-30,Holcomb Community,-83.238858,42.42337
19016 Heyden St,2023-03-30,Holcomb Community,-83.240426,42.428772
2227 Cortland St,2023-03-30,Dexter-Linwood,-83.111381,42.388587
248 W Savannah St,2023-03-30,Grixdale Farms,-83.106815,42.425541
2715 Carter St,2023-03-30,Jamison,-83.108433,42.369102
2983 Carter St,2023-03-30,Jamison,-83.110647,42.368275
2995 Carter St,2023-03-30,Jamison,-83.110845,42.368201
3651 E Warren Ave,2023-03-30,Poletown East,-83.02944,42.370087
14699 Spring Garden St,2023-03-31,Mapleridge,-82.970577,42.428318
17856 McDougall St,2023-03-31,Cadillac Heights,-83.07073,42.424282
3794 Lawrence,2023-03-31,Nardin Park,-83.124552,42.377169
4377 W Philadelphia St,2023-03-31,Petoskey-Otsego,-83.119606,42.362269
5251 Radnor St,2023-03-31,Cornerstone Village,-82.920454,42.412489
6118 Woodrow St,2023-03-31,Midwest,-83.117382,42.349639
12717 E Canfield St,2023-04-03,Fox Creek,-82.967833,42.388431
12723 Blackstone St,2023-04-03,Brightmoor,-83.248993,42.381051
13689 Cedargrove St,2023-04-03,Mapleridge,-82.980242,42.425628
14124 Greydale St,2023-04-03,Brightmoor,-83.254814,42.38873
14240 Burgess St,2023-04-03,Brightmoor,-83.253672,42.390324
14664 Mapleridge St,2023-04-03,Mapleridge,-82.971244,42.428805
15706 Bramell St,2023-04-03,Brightmoor,-83.264151,42.404121
18429 Plainview Ave,2023-04-03,Evergreen-Outer Drive,-83.237848,42.424962
18971 Plainview Ave,2023-04-03,Evergreen-Outer Drive,-83.238008,42.428238
21373 Karl St,2023-04-03,Holcomb Community,-83.252799,42.422677
2684 Columbus St,2023-04-03,Wildemere Park,-83.104281,42.364027
295 E Bethune St,2023-04-03,North End,-83.07097,42.37405
3227 Northwestern St,2023-04-03,Wildemere Park,-83.107154,42.359703
7780 Greenview Ave,2023-04-03,Warrendale,-83.221889,42.349518
9933 Manor,2023-04-03,Barton-McFarland,-83.167166,42.369396
11094 Rosemary Ave,2023-04-04,Gratiot-Findlay,-82.997705,42.406954
14158 Steel St,2023-04-04,Happy Homes,-83.170752,42.391003
17230 Strasburg St,2023-04-04,Von Steuben,-82.997676,42.424095
18269 Wyoming St,2023-04-04,Schulze,-83.16108,42.425271
2278 Cortland St,2023-04-04,Dexter-Linwood,-83.112525,42.388679
13939 Ward St,2023-04-05,Happy Homes,-83.173394,42.38877
15725 Beaverland St,2023-04-05,Brightmoor,-83.266002,42.404463
17868 Mitchell St,2023-04-05,Cadillac Heights,-83.07171,42.42443
2348 Cortland St,2023-04-05,Dexter-Linwood,-83.113718,42.388263
3663 E Kirby St,2023-04-05,Poletown East,-83.031343,42.373365
4602 Harding St,2023-04-05,East Canfield,-82.990113,42.382873
7500 E Robinwood St,2023-04-05,Grant,-83.0273,42.431824
10073 FORT,2023-04-06,Carbon Works,-83.137314,42.293402
10626 Foley St,2023-04-06,Grand River-I96,-83.166187,42.378357
15706 Iliad St,2023-04-06,Brightmoor,-83.2721,42.403968
16142 Hazelton St,2023-04-06,Riverdale,-83.267937,42.408665
17892 McDougall St,2023-04-06,Cadillac Heights,-83.070744,42.424775
18050 Joann St,2023-04-06,Franklin,-82.989379,42.42838
1933 Highland St,2023-04-06,Dexter-Linwood,-83.109743,42.390088
19421 Westbrook St,2023-04-06,Evergreen Lahser 7/8,-83.252738,42.433221
23500 Sunnyside St,2023-04-06,Brightmoor,-83.270364,42.407219
3622 E Ferry St,2023-04-06,Poletown East,-83.032329,42.373588
5149 S Clarendon St,2023-04-06,Midwest,-83.128993,42.360207
6313 Hartford St,2023-04-06,Midwest,-83.113636,42.35022
7711 Stahelin Ave,2023-04-06,Warrendale,-83.224862,42.348536
8066 Wetherby St,2023-04-06,Midwest,-83.139454,42.353109
8825 Intervale St,2023-04-06,Davison-Schoolcraft,-83.157713,42.391444
11737 Evergreen Rd,2023-04-10,Weatherby,-83.236683,42.373917
11757 Wade St,2023-04-10,Wade,-82.987948,42.400762
14638 Birwood St,2023-04-10,Bethune Community,-83.163357,42.397178
14800 Tracey St,2023-04-10,Bethune Community,-83.179664,42.397395
15828 Mansfield St,2023-04-10,Crary/St Marys,-83.205108,42.407237
17170 Fairport St,2023-04-10,Von Steuben,-82.99088,42.425689
17251 Keystone St,2023-04-10,Davison,-83.050962,42.420434
1952 Highland St,2023-04-10,Dexter-Linwood,-83.110347,42.390358
1960 Highland St,2023-04-10,Dexter-Linwood,-83.110446,42.390321
3201 Wesson St,2023-04-10,Central Southwest,-83.112289,42.326112
3336 Elmhurst St,2023-04-10,Dexter-Linwood,-83.124221,42.381833
4331 Lumley St,2023-04-10,Claytown,-83.137899,42.326253
5227 S Clarendon St,2023-04-10,Midwest,-83.130202,42.359721
556 S Cottrell St,2023-04-10,Delray,-83.110524,42.29675
13135 Wyoming St,2023-04-11,Grand River-I96,-83.159236,42.384207
18844 Hasse St,2023-04-11,Krainz Woods,-83.056105,42.43211
19474 Rosemont Ave,2023-04-11,O'Hair Park,-83.221567,42.434684
3228 Blaine St,2023-04-11,Jamison,-83.112315,42.367259
7544 Morgan St,2023-04-11,Airport Sub,-83.025248,42.403896
9330 Moffat St,2023-04-11,West End,-83.001256,42.38332
9352 Emmons St,2023-04-11,West End,-82.993546,42.373078
9675 Knodell St,2023-04-11,Airport Sub,-83.006954,42.399011
1025 E Forest Ave,2023-04-12,Forest Park,-83.052297,42.35931
11327 N Martindale St,2023-04-12,Nardin Park,-83.129932,42.374676
11856 Wade St,2023-04-12,Ravendale,-82.986063,42.400914
12260 Flanders St,2023-04-12,Eden Gardens,-82.98894,42.413579
17257 Keystone St,2023-04-12,Davison,-83.050964,42.420516
18088 Joann St,2023-04-12,Franklin,-82.989398,42.428874
1949 Highland St,2023-04-12,Dexter-Linwood,-83.109975,42.390002
2287 Highland St,2023-04-12,Dexter-Linwood,-83.112937,42.388905
542 S Cottrell St,2023-04-12,Delray,-83.110629,42.296895
11168 Corbett Ave,2023-04-13,Wade,-82.991228,42.400913
14611 Alma St,2023-04-13,Mapleridge,-82.972125,42.421744
14655 Alma St,2023-04-13,Mapleridge,-82.97131,42.421754
14749 Houston Whittier Ave,2023-04-13,Mapleridge,-82.970512,42.420969
3749 Moore Pl,2023-04-13,Midwest,-83.107724,42.351735
605 S Green St,2023-04-13,Delray,-83.108607,42.296769
616 S Green St,2023-04-13,Delray,-83.108997,42.296328
8774 Desoto St,2023-04-13,Chalfonte,-83.158003,42.401265
14250 Plymouth Rd,2023-04-14,Plymouth-Hubbell,-83.184867,42.376183
14730 Maddelein St,2023-04-14,Regent Park,-82.970931,42.435862
14775 Maddelein St,2023-04-14,Regent Park,-82.970135,42.436413
2310 Highland St,2023-04-14,Dexter-Linwood,-83.113607,42.389148
8912 Saint Marys St,2023-04-14,Joy Community,-83.204075,42.359731
9134 Mansfield St,2023-04-14,Joy Community,-83.203241,42.361155
9955 Mansfield St,2023-04-14,Joy Community,-83.203754,42.36856
9974 Mansfield St,2023-04-14,Joy Community,-83.203074,42.368862
14176 Cedargrove St,2023-04-17,Mapleridge,-82.977603,42.425205
14676 Glenwood St,2023-04-17,Mapleridge,-82.971021,42.43045
14931 Washburn St,2023-04-17,Bethune Community,-83.160913,42.399796
15026 Pinehurst St,2023-04-17,Bethune Community,-83.165759,42.400566
17301 Bloom St,2023-04-17,Davison,-83.048928,42.421875
3145 Coplin St,2023-04-17,Riverbend,-82.958248,42.38406
3562 McKinley St,2023-04-17,Chadsey Condon,-83.09754,42.335205
4248 Neff Ave,2023-04-17,Cornerstone Village,-82.921131,42.402375
8122 Medina St,2023-04-17,Delray,-83.114631,42.291099
8200 E Robinwood St,2023-04-17,Mount Olivet,-83.020765,42.431613
8223 Desoto St,2023-04-17,Chalfonte,-83.152172,42.400892
8358 Vanderbilt St,2023-04-17,Delray,-83.118492,42.293628
15013 Mapleridge St,2023-04-18,Mapleridge,-82.967465,42.429451
19634 Dresden St,2023-04-18,Pulaski,-82.999627,42.440095
21378 Karl St,2023-04-18,Holcomb Community,-83.2529,42.423183
6041 Vancourt St,2023-04-18,Midwest,-83.121958,42.347917
9345 Sorrento St,2023-04-18,Barton-McFarland,-83.171912,42.364444
11373 Steel St,2023-04-19,Barton-McFarland,-83.17093,42.371928
13846 Tacoma St,2023-04-19,Franklin,-82.981931,42.441239
15500 Virgil St,2023-04-19,Brightmoor,-83.270987,42.403435
17295 Bloom St,2023-04-19,Davison,-83.048926,42.421793
5171 Garland St,2023-04-19,West End,-82.995272,42.385597
5926 Epworth St,2023-04-19,Midwest,-83.124402,42.345051
6420 Waterloo St,2023-04-19,Islandview,-83.015343,42.354963
6462 Waterloo St,2023-04-19,Islandview,-83.014866,42.35508
6511 Woodrow St,2023-04-19,Midwest,-83.118407,42.352023
12749 Glenfield Ave,2023-04-20,Eden Gardens,-82.982917,42.414438
14139 Manning St,2023-04-20,Franklin,-82.977135,42.441045
14166 Cedargrove St,2023-04-20,Mapleridge,-82.977863,42.425192
14803 Cloverdale St,2023-04-20,Chalfonte,-83.149403,42.398176
15354 Cloverlawn St,2023-04-20,Fitzgerald/Marygrove,-83.152114,42.40351
15360 Cloverlawn St,2023-04-20,Fitzgerald/Marygrove,-83.152118,42.403607
17245 Bloom St,2023-04-20,Davison,-83.048917,42.421134
17251 Bloom St,2023-04-20,Davison,-83.048918,42.421216
18242 Evergreen Rd,2023-04-20,Evergreen-Outer Drive,-83.238224,42.423056
3046 Collingwood St,2023-04-20,Dexter-Linwood,-83.118886,42.378685
3432 Greusel St,2023-04-20,Central Southwest,-83.111254,42.329045
8907 Rutland St,2023-04-20,Joy Community,-83.213226,42.359515
9141 Harvard Rd,2023-04-20,Yorkshire Woods,-82.938668,42.417356
11650 Auburn St,2023-04-21,Weatherby,-83.233539,42.37281
13910 Tacoma St,2023-04-21,Franklin,-82.980765,42.441267
14821 Tuller St,2023-04-21,Chalfonte,-83.1472,42.398435
14832 Faircrest St,2023-04-21,Mapleridge,-82.969569,42.432
17149 Caldwell St,2023-04-21,Davison,-83.046781,42.419772
17240 Pembroke Ave,2023-04-21,Greenfield,-83.214106,42.437597
17253 Mackay St,2023-04-21,Cadillac Heights,-83.076529,42.420788
19329 Biltmore St,2023-04-21,Greenfield,-83.212226,42.432703
2989 Collingwood St,2023-04-21,Dexter-Linwood,-83.117634,42.37857
4125 Buchanan St,2023-04-21,Chadsey Condon,-83.105282,42.338107
5959 Wayburn St,2023-04-21,Morningside,-82.958753,42.40461
8859 Ashton Ave,2023-04-21,Franklin Park,-83.218043,42.358792
10840 Joy Rd,2023-04-24,Barton-McFarland,-83.167282,42.35906
13601 Mapleridge St,2023-04-24,Franklin,-82.98468,42.429093
14810 Indiana St,2023-04-24,Chalfonte,-83.157142,42.398161
15215 Lappin St,2023-04-24,Regent Park,-82.965111,42.437482
17160 Caldwell St,2023-04-24,Davison,-83.046201,42.419934
19344 Biltmore St,2023-04-24,Greenfield,-83.211513,42.433004
20035 Irvington St,2023-04-24,Nolan,-83.098649,42.441621
20037 W 8 Mile Rd,2023-04-24,Evergreen Lahser 7/8,-83.24032,42.443559
3002 Collingwood St,2023-04-24,Dexter-Linwood,-83.118172,42.378948
600 S Harrington St,2023-04-24,Delray,-83.108248,42.297004
6896 Faust Ave,2023-04-24,Warrendale,-83.22039,42.342489
7262 Archdale St,2023-04-24,Warren Ave Community,-83.214523,42.344408
7804 Piedmont St,2023-04-24,Warrendale,-83.227973,42.349806
9979 Winthrop St,2023-04-24,Joy Community,-83.198946,42.368998
10415 Violetlawn St,2023-04-25,Barton-McFarland,-83.163866,42.367268
10422 Violetlawn St,2023-04-25,Barton-McFarland,-83.164032,42.36772
10431 Violetlawn St,2023-04-25,Barton-McFarland,-83.164163,42.367263
13921 Pfent St,2023-04-25,Franklin,-82.981193,42.438096
2438 Tuxedo St,2023-04-25,Dexter-Linwood,-83.113164,42.384871
4432 24th St,2023-04-25,Chadsey Condon,-83.098072,42.341423
7271 CENTRAL,2023-04-25,Midwest,-83.146016,42.346138
12656 Westbrook St,2023-04-26,Brightmoor,-83.249568,42.380176
17148 Buffalo St,2023-04-26,Davison,-83.047263,42.419762
19152 Verona St,2023-04-26,Franklin,-82.981461,42.435847
2352 Highland St,2023-04-26,Dexter-Linwood,-83.114319,42.388896
3129 Coplin St,2023-04-26,Riverbend,-82.958078,42.383801
5275 Newport St,2023-04-26,Chandler Park,-82.96301,42.39727
9437 Northlawn St,2023-04-26,Barton-McFarland,-83.152496,42.36564
9549 Woodmont Ave,2023-04-26,Joy Community,-83.208523,42.365981
10008 Woodmont Ave,2023-04-27,Joy Community,-83.20795,42.369217
10020 Woodmont Ave,2023-04-27,Joy Community,-83.207955,42.369409
12364 Griggs St,2023-04-27,Grand River-I96,-83.161753,42.380427
18620 Hickory St,2023-04-27,Franklin,-82.987078,42.43153
4837 24th St,2023-04-27,Chadsey Condon,-83.100551,42.344251
5653 Driggs St,2023-04-27,Delray,-83.094371,42.305617
6044 Tarnow St,2023-04-27,Claytown,-83.141298,42.340926
6201 Rosa Parks Blvd,2023-04-27,Elijah McCoy,-83.08996,42.36168
6441 Hastings St,2023-04-27,Milwaukee Junction,-83.06312,42.371541
12629 Wyoming St,2023-04-28,Grand River-I96,-83.159147,42.381214
14166 Appoline St,2023-04-28,Happy Homes,-83.169663,42.39103
1648 Cortland St,2023-04-28,Dexter-Linwood,-83.107814,42.390963
1671 Cortland St,2023-04-28,Dexter-Linwood,-83.10789,42.390361
17270 Keystone St,2023-04-28,Davison,-83.050408,42.420776
17275 Keystone St,2023-04-28,Davison,-83.050967,42.420784
18036 Alcoy St,2023-04-28,Franklin,-82.988145,42.428205
18080 Joann St,2023-04-28,Franklin,-82.989395,42.428775
18578 Appleton St,2023-04-28,Seven Mile-Rouge,-83.273451,42.42565
19492 Bentler St,2023-04-28,Evergreen Lahser 7/8,-83.253266,42.434197
2123 Montclair St,2023-04-28,East Village,-82.978139,42.36751
5058 Garland St,2023-04-28,West End,-82.993771,42.384514
6011 Tarnow St,2023-04-28,Claytown,-83.141478,42.340323
7415 Sarena St,2023-04-28,Claytown,-83.142977,42.342318
9625 Woodmont Ave,2023-04-28,Joy Community,-83.208556,42.367037
11644 Indiana St,2023-05-01,Grand River-I96,-83.156115,42.374231
12359 Cherrylawn St,2023-05-01,Littlefield Community,-83.154126,42.37994
15323 Riverdale Ave,2023-05-01,Brightmoor,-83.270413,42.40073
15411 Riverdale Ave,2023-05-01,Brightmoor,-83.27049,42.402183
15445 Riverdale Ave,2023-05-01,Brightmoor,-83.270511,42.402692
15700 Riverdale Ave,2023-05-01,Brightmoor,-83.26995,42.403963
15750 Riverdale Ave,2023-05-01,Brightmoor,-83.269992,42.404938
15824 Riverdale Ave,2023-05-01,Brightmoor,-83.270038,42.40602
15833 Riverdale Ave,2023-05-01,Brightmoor,-83.270641,42.406109
15841 Riverdale Ave,2023-05-01,Brightmoor,-83.270646,42.406209
17886 Mackay St,2023-05-01,Cadillac Heights,-83.07613,42.424615
18467 Goulburn St,2023-05-01,Von Steuben,-82.993783,42.430279
6687 Baldwin St,2023-05-01,Airport Sub,-83.023272,42.388671
6953 Burwell St,2023-05-01,Claytown,-83.139144,42.342983
9248 Holmur St,2023-05-01,Nardin Park,-83.12046,42.369944
9366 Holmur St,2023-05-01,Nardin Park,-83.12143,42.371384
12204 Greenlawn St,2023-05-02,Littlefield Community,-83.149184,42.378844
13714 Glenwood St,2023-05-02,Franklin,-82.982644,42.430309
1436 Hibbard St,2023-05-02,East Village,-82.988833,42.359933
6703 Crowley St,2023-05-02,Claytown,-83.135449,42.343278
8851 Charlevoix St,2023-05-02,East Village,-82.99403,42.366408
12846 Greiner St,2023-05-03,Von Steuben,-82.992455,42.427252
13845 McDougall St,2023-05-03,North Campau,-83.068728,42.416475
13862 McDougall St,2023-05-03,North Campau,-83.068374,42.416893
15715 Riverdale Ave,2023-05-03,Brightmoor,-83.270574,42.404139
15830 Riverdale Ave,2023-05-03,Brightmoor,-83.270042,42.406119
18474 Goulburn St,2023-05-03,Von Steuben,-82.993114,42.43039
1921 Temple St,2023-05-03,North Corktown,-83.075322,42.336112
4477 23rd St,2023-05-03,Chadsey Condon,-83.097854,42.342115
6639 Stanford,2023-05-03,Midwest,-83.115103,42.353873
7155 Linsdale St,2023-05-03,Midwest,-83.14212,42.356046
9315 Holmur St,2023-05-03,Nardin Park,-83.121513,42.370531
1128 Lewerenz St,2023-05-04,Central Southwest,-83.111905,42.307867
12317 Roselawn St,2023-05-04,Littlefield Community,-83.150817,42.379403
13515 Keystone St,2023-05-04,Davison,-83.050923,42.41696
13774 Conley St,2023-05-04,Davison,-83.051403,42.418139
13893 McDougall St,2023-05-04,North Campau,-83.069126,42.417065
14477 Mapleridge St,2023-05-04,Mapleridge,-82.973592,42.429267
19150 Hoover St,2023-05-04,Pulaski,-83.004333,42.435254
2963 Harding St,2023-05-04,East Village,-82.983052,42.372155
9106 Abington Ave,2023-05-04,Joy Community,-83.209904,42.360561
11216 Corbett Ave,2023-05-05,Wade,-82.990422,42.401191
12658 Greenlawn St,2023-05-05,Littlefield Community,-83.14932,42.381844
12693 Washburn St,2023-05-05,Grand River-I96,-83.160238,42.382058
13916 McDougall St,2023-05-05,North Campau,-83.068821,42.417556
13982 Mayfield St,2023-05-05,Mapleridge,-82.980776,42.421959
14015 Mayfield St,2023-05-05,Mapleridge,-82.980127,42.422426
14416 Spring Garden St,2023-05-05,Mapleridge,-82.974628,42.427616
15517 Riverdale Ave,2023-05-05,Brightmoor,-83.270552,42.403654
4629 Vancouver St,2023-05-05,Midwest,-83.121483,42.358158
5106 Joseph Campau St,2023-05-05,Poletown East,-83.038095,42.367782
5112 Joseph Campau St,2023-05-05,Poletown East,-83.038142,42.367853
5283 Garland St,2023-05-05,West End,-82.996208,42.386998
11276 Maiden St,2023-05-08,Wade,-82.990492,42.400282
11310 Maiden St,2023-05-08,Wade,-82.989906,42.400487
11744 Wilfred St,2023-05-08,Gratiot-Findlay,-82.995776,42.410308
13402 Sparling St,2023-05-08,Davison,-83.04535,42.415539
13458 Fenelon St,2023-05-08,Davison,-83.052495,42.41621
13727 Sparling St,2023-05-08,Davison,-83.045945,42.417622
13935 McDougall St,2023-05-08,North Campau,-83.069474,42.417579
13945 McDougall St,2023-05-08,North Campau,-83.069573,42.417727
18500 Greenlawn St,2023-05-08,Bagley,-83.151338,42.427524
20203 Goulburn St,2023-05-08,Conner Creek,-82.994495,42.445721
2352 Richton St,2023-05-08,Dexter-Linwood,-83.113273,42.387517
4525 Seebaldt St,2023-05-08,Midwest,-83.117486,42.355606
4584 Seebaldt St,2023-05-08,Midwest,-83.118854,42.355663
4604 Seebaldt St,2023-05-08,Midwest,-83.119117,42.355562
735 Sloan St,2023-05-08,Delray,-83.116234,42.29273
9540 Abington Ave,2023-05-08,Joy Community,-83.210247,42.36585
2168 Lenox St,2023-05-09,Riverbend,-82.955404,42.377131
3052 Carter St,2023-05-09,Jamison,-83.112039,42.368252
5203 Chopin St,2023-05-09,Claytown,-83.135565,42.333782
9312 Memorial St,2023-05-09,Joy Community,-83.211407,42.36354
10040 Saint Marys St,2023-05-10,Joy Community,-83.204316,42.369726
11034 Cloverlawn St,2023-05-10,Littlefield Community,-83.151145,42.374373
11251 Maiden St,2023-05-10,Wade,-82.991219,42.400546
11319 Saint Marys St,2023-05-10,Joy Community,-83.205024,42.370405
11358 Camden Ave,2023-05-10,Ravendale,-82.989551,42.398818
11771 Wilfred St,2023-05-10,Gratiot-Findlay,-82.995601,42.410862
12352 Griggs St,2023-05-10,Grand River-I96,-83.161746,42.380218
12666 Mendota St,2023-05-10,Grand River-I96,-83.16387,42.381643
13893 Charest St,2023-05-10,North Campau,-83.068249,42.417407
13991 Mitchell St,2023-05-10,North Campau,-83.070801,42.41798
18466 Avon Ave,2023-05-10,Evergreen-Outer Drive,-83.226023,42.425799
2306 Sturtevant St,2023-05-10,Dexter-Linwood,-83.114008,42.389874
3010 Carter St,2023-05-10,Jamison,-83.111326,42.36852
9337 Jameson St,2023-05-10,East Village,-82.990673,42.368573
9384 Holmur St,2023-05-10,Nardin Park,-83.121582,42.371604
9463 Nottingham Rd,2023-05-10,Outer Drive-Hayes,-82.954878,42.409788
11781 Wilfred St,2023-05-11,Gratiot-Findlay,-82.995454,42.410914
13856 Anglin St,2023-05-11,North Campau,-83.07139,42.415702
13928 Mitchell St,2023-05-11,North Campau,-83.069778,42.417374
13975 Vaughan St,2023-05-11,Brightmoor,-83.238251,42.38742
14044 Vaughan St,2023-05-11,Brightmoor,-83.237715,42.388347
4464 23rd St,2023-05-11,Chadsey Condon,-83.097073,42.342244
4470 23rd St,2023-05-11,Chadsey Condon,-83.097118,42.342316
9332 Graves St,2023-05-11,West End,-82.999078,42.380282
11789 Wilfred St,2023-05-12,Gratiot-Findlay,-82.995307,42.410966
12950 Sorrento St,2023-05-12,Grand River-I96,-83.171507,42.382818
13102 Kentucky St,2023-05-12,Littlefield Community,-83.157613,42.383794
17226 Moran St,2023-05-12,Cadillac Heights,-83.065692,42.420438
17633 Saint Louis St,2023-05-12,Davison,-83.040282,42.423772
17820 Hull St,2023-05-12,Cadillac Heights,-83.088233,42.423991
17821 Hull St,2023-05-12,Cadillac Heights,-83.088962,42.423974
2208 Holcomb St,2023-05-12,East Village,-82.990186,42.363578
3777 Longfellow St,2023-05-12,Nardin Park,-83.120709,42.372023
4504 Allendale St,2023-05-12,Midwest,-83.118058,42.356978
7903 Frontenac St,2023-05-12,Airport Sub,-83.028366,42.388081
8317 Carrie St,2023-05-12,Airport Sub,-83.029357,42.38917
9640 N Martindale St,2023-05-12,Nardin Park,-83.126049,42.370803
9644 Otsego St,2023-05-12,Nardin Park,-83.124937,42.371302
11307 Maiden St,2023-05-15,Wade,-82.990279,42.40087
12608 Wilfred St,2023-05-15,Eden Gardens,-82.984833,42.414122
12697 Meyers Rd,2023-05-15,Grand River-I96,-83.168801,42.382038
13388 Flanders St,2023-05-15,Eden Gardens,-82.977477,42.4176
17115 Charest St,2023-05-15,Cadillac Heights,-83.06924,42.418944
17130 Charest St,2023-05-15,Cadillac Heights,-83.068953,42.419234
17219 Gallagher St,2023-05-15,Cadillac Heights,-83.068991,42.420229
17857 Hull St,2023-05-15,Cadillac Heights,-83.088977,42.424468
18129 Vaughan St,2023-05-15,Holcomb Community,-83.239748,42.422097
2162 Lenox St,2023-05-15,Riverbend,-82.955355,42.377057
4298 Allendale St,2023-05-15,Midwest,-83.116117,42.35771
4552 Allendale St,2023-05-15,Midwest,-83.11888,42.356663
4768 Casper St,2023-05-15,Claytown,-83.13822,42.330678
8035 Marcus Ave,2023-05-15,Airport Sub,-83.022034,42.395913
8773 Arcadia St,2023-05-15,Petoskey-Otsego,-83.123776,42.363894
9529 McQuade St,2023-05-15,Nardin Park,-83.121178,42.371725
14211 Promenade Ave,2023-05-16,Outer Drive-Hayes,-82.973041,42.413434
15826 Lesure St,2023-05-16,Bethune Community,-83.181171,42.407938
8105 Badger St,2023-05-16,Airport Sub,-83.020648,42.394283
10244 Flora St,2023-05-17,Carbon Works,-83.138971,42.292005
11178 Glenfield Ave,2023-05-17,Gratiot-Findlay,-82.997883,42.408684
11184 Glenfield Ave,2023-05-17,Gratiot-Findlay,-82.997766,42.408729
11833 Saint Louis St,2023-05-17,Buffalo Charles,-83.039568,42.410991
13922 Charest St,2023-05-17,North Campau,-83.067999,42.417963
14522 Turner St,2023-05-17,Chalfonte,-83.147574,42.395766
14527 Turner St,2023-05-17,Chalfonte,-83.14821,42.395854
14616 Cedargrove St,2023-05-17,Mapleridge,-82.972116,42.425245
14627 Turner St,2023-05-17,Chalfonte,-83.14826,42.397211
14883 Turner St,2023-05-17,Chalfonte,-83.148358,42.39927
14914 Turner St,2023-05-17,Chalfonte,-83.147738,42.399715
17432 Saint Louis St,2023-05-17,Davison,-83.039414,42.422229
17850 Cardoni St,2023-05-17,Cadillac Heights,-83.090689,42.424325
17862 Cardoni St,2023-05-17,Cadillac Heights,-83.090697,42.424572
4560 Allendale St,2023-05-17,Midwest,-83.118978,42.356625
4786 Belvidere St,2023-05-17,Gratiot Woods,-83.000386,42.379571
9308 Petoskey Ave,2023-05-17,Nardin Park,-83.122743,42.369995
10312 Prairie St,2023-05-18,Oakman Blvd Community,-83.142879,42.372105
12672 Joann St,2023-05-18,Gratiot-Findlay,-82.986617,42.423984
15865 Stoepel St,2023-05-18,Fitzgerald/Marygrove,-83.141864,42.408516
18040 Concord St,2023-05-18,Grant,-83.032201,42.427216
18462 Filer St,2023-05-18,Grant,-83.037309,42.42964
19690 Irvington St,2023-05-18,Nolan,-83.097899,42.438623
19702 Irvington St,2023-05-18,Nolan,-83.097904,42.438802
2370 Richton St,2023-05-18,Dexter-Linwood,-83.11357,42.387406
3339 Pingree St,2023-05-18,Jamison,-83.113425,42.365449
3785 Longfellow St,2023-05-18,Nardin Park,-83.120851,42.371969
4352 Larchmont St,2023-05-18,Midwest,-83.115779,42.355781
4564 Allendale St,2023-05-18,Midwest,-83.119076,42.356587
4618 Allendale St,2023-05-18,Midwest,-83.119889,42.356275
4665 Allendale St,2023-05-18,Midwest,-83.120368,42.355529
4671 Allendale St,2023-05-18,Midwest,-83.120467,42.355491
4672 Allendale St,2023-05-18,Midwest,-83.120825,42.355915
4677 Allendale St,2023-05-18,Midwest,-83.120565,42.355453
5015 Allendale St,2023-05-18,Midwest,-83.121254,42.355197
5033 Allendale St,2023-05-18,Midwest,-83.121526,42.355093
6080 Epworth St,2023-05-18,Midwest,-83.125832,42.347088
7587 Tumey St,2023-05-18,Airport Sub,-83.025059,42.418926
9647 N Martindale St,2023-05-18,Nardin Park,-83.126951,42.370586
9663 N Martindale St,2023-05-18,Nardin Park,-83.127067,42.370757
9826 Georgia St,2023-05-18,Airport Sub,-83.005773,42.395511
11070 Glenfield Ave,2023-05-19,Gratiot-Findlay,-82.99964,42.408071
11750 Ward St,2023-05-19,Pride Area Community,-83.172793,42.375284
11761 Sorrento St,2023-05-19,Pride Area Community,-83.172286,42.375417
14411 Camden Ave,2023-05-19,Outer Drive-Hayes,-82.965878,42.407511
15601 Maddelein St,2023-05-19,Regent Park,-82.960484,42.436704
2304 Richton St,2023-05-19,Dexter-Linwood,-83.112445,42.387827
3802 Clairmount St,2023-05-19,Petoskey-Otsego,-83.119083,42.368964
7677 Plainview Ave,2023-05-19,Warrendale,-83.234679,42.347943
7765 Burnette St,2023-05-19,Midwest,-83.141253,42.350558
9702 N Martindale St,2023-05-19,Nardin Park,-83.126576,42.371574
9711 N Martindale St,2023-05-19,Nardin Park,-83.127476,42.371358
10250 Flora St,2023-05-22,Carbon Works,-83.139086,42.29196
11730 Saint Patrick St,2023-05-22,Gratiot-Findlay,-82.996904,42.41166
11779 Flanders St,2023-05-22,Gratiot-Findlay,-82.995901,42.411628
13531 Appoline St,2023-05-22,Grand River-I96,-83.170057,42.386363
3626 E Ferry St,2023-05-22,Poletown East,-83.03223,42.373625
4061 Clairmount St,2023-05-22,Petoskey-Otsego,-83.120422,42.368008
6328 Alaska St,2023-05-22,Midwest,-83.138838,42.355766
6431 E Jefferson Ave,2023-05-22,Islandview,-83.008386,42.34464
8090 Georgia St,2023-05-22,Airport Sub,-83.020827,42.393029
9295 Holmur St,2023-05-22,Nardin Park,-83.121363,42.370311
9596 Archdale St,2023-05-22,Joy Community,-83.215136,42.366547
9776 Dundee St,2023-05-22,Nardin Park,-83.133053,42.369261
9919 Grandmont Ave,2023-05-22,Joy Community,-83.209799,42.367968
9961 Grandmont Ave,2023-05-22,Joy Community,-83.209814,42.368544
11780 Saint Patrick St,2023-05-23,Gratiot-Findlay,-82.996096,42.411946
13974 Patton St,2023-05-23,Brightmoor,-83.242904,42.387298
14136 Patton St,2023-05-23,Brightmoor,-83.242965,42.389133
14420 Patton St,2023-05-23,Brightmoor,-83.243126,42.392671
16165 Turner St,2023-05-23,Fitzgerald/Marygrove,-83.149138,42.410795
16170 Turner St,2023-05-23,Fitzgerald/Marygrove,-83.148587,42.410885
17163 Charest St,2023-05-23,Cadillac Heights,-83.069646,42.419523
4966 Ivanhoe St,2023-05-23,Midwest,-83.123248,42.359076
4972 Ivanhoe St,2023-05-23,Midwest,-83.123374,42.359022
8387 Military,2023-05-23,Midwest,-83.136444,42.35571
9917 Archdale St,2023-05-23,Joy Community,-83.215853,42.367867
9947 Broadstreet Ave,2023-05-23,Nardin Park,-83.129841,42.372316
11403 Saint Patrick St,2023-05-24,Gratiot-Findlay,-83.000967,42.410722
11667 Wisconsin St,2023-05-24,Grand River-I96,-83.15569,42.374534
12695 Cloverlawn St,2023-05-24,Littlefield Community,-83.152009,42.382292
12755 Hartwell St,2023-05-24,Pride Area Community,-83.177212,42.382584
15756 Beaverland St,2023-05-24,Brightmoor,-83.265365,42.405122
4000 Whitney St,2023-05-24,Petoskey-Otsego,-83.113551,42.359629
4053 Clairmount St,2023-05-24,Petoskey-Otsego,-83.120296,42.368058
4410 Sharon St,2023-05-24,Claytown,-83.150948,42.328403
5081 Lakepointe St,2023-05-24,Morningside,-82.952446,42.399162
9228 Longworth St,2023-05-24,Springwells,-83.134036,42.301792
9584 Archdale St,2023-05-24,Joy Community,-83.215131,42.366355
9669 Broadstreet Ave,2023-05-24,Nardin Park,-83.128515,42.370402
9805 Quincy St,2023-05-24,Nardin Park,-83.124416,42.373176
10387 Crocuslawn St,2023-05-25,Barton-McFarland,-83.163421,42.36801
13610 Vaughan St,2023-05-25,Brightmoor,-83.237574,42.385535
14492 Flanders St,2023-05-25,Outer Drive-Hayes,-82.971881,42.419564
14533 Stout St,2023-05-25,Brightmoor,-83.241627,42.393942
2186 Lenox St,2023-05-25,Riverbend,-82.955551,42.377352
2275 Sturtevant St,2023-05-25,Dexter-Linwood,-83.113205,42.389666
3826 Lawndale St,2023-05-25,Claytown,-83.141758,42.321032
3854 35th St,2023-05-25,Chadsey Condon,-83.113245,42.33204
7502 Quinn St,2023-05-25,Grant,-83.027261,42.430823
11464 Sanford St,2023-05-26,Gratiot-Findlay,-83.000124,42.411414
14151 Cedargrove St,2023-05-26,Mapleridge,-82.978262,42.425668
14249 Darcy St,2023-05-26,Brightmoor,-83.254827,42.390161
14868 Cedargrove St,2023-05-26,Mapleridge,-82.968727,42.425329
17149 Mitchell St,2023-05-26,Cadillac Heights,-83.071599,42.419354
2300 Sturtevant St,2023-05-26,Dexter-Linwood,-83.113909,42.389911
4469 Freer St,2023-05-26,Claytown,-83.133461,42.32999
4874 Eastlawn St,2023-05-26,Fox Creek,-82.961544,42.393776
8097 E Hollywood St,2023-05-26,Mount Olivet,-83.022243,42.43273
9332 Monica St,2023-05-26,Midwest,-83.140546,42.364478
9336 Monica St,2023-05-26,Midwest,-83.140549,42.364561
11085 Minden St,2023-05-30,LaSalle College Park,-83.005964,42.413473
11350 Grandmont Ave,2023-05-30,Joy Community,-83.209188,42.37081
12625 Bentler St,2023-05-30,Brightmoor,-83.251278,42.379704
12656 Bentler St,2023-05-30,Brightmoor,-83.250667000000007,42.380167
17431 Pomona St,2023-05-30,Cornerstone Village,-82.921502,42.401689
18458 Patton St,2023-05-30,Holcomb Community,-83.244889,42.425219
19267 Andover St,2023-05-30,Nolan,-83.099529,42.434778
4512 Bangor St,2023-05-30,Chadsey Condon,-83.105696,42.340133
5636 Saint Clair St,2023-05-30,West End,-82.99629,42.389991
5785 Loraine St,2023-05-30,NW Goldberg,-83.096944,42.354803
8056 Badger St,2023-05-30,Airport Sub,-83.021521,42.393836
9299 Petoskey Ave,2023-05-30,Nardin Park,-83.123212,42.369645
9303 Petoskey Ave,2023-05-30,Nardin Park,-83.123288,42.369754
9318 Monica St,2023-05-30,Midwest,-83.140536,42.364252
9348 Monica St,2023-05-30,Midwest,-83.140556,42.364725
9365 Monica St,2023-05-30,Midwest,-83.141174,42.364872
9396 Monica St,2023-05-30,Midwest,-83.140584,42.365383
9710 N Martindale St,2023-05-30,Nardin Park,-83.126634,42.37166
9724 N Martindale St,2023-05-30,Nardin Park,-83.126752,42.371831
10484 Duprey St,2023-05-31,Moross-Morang,-82.93632,42.42202
11005 Chelsea Ave,2023-05-31,Wade,-82.993526,42.404074
1503 Junction St,2023-05-31,Central Southwest,-83.100393,42.315453
15733 Parkside St,2023-05-31,Pilgrim Village,-83.131813,42.406995
15869 Parkside St,2023-05-31,Pilgrim Village,-83.131893,42.408869
15899 Parkside St,2023-05-31,Pilgrim Village,-83.131911,42.40928
15910 Parkside St,2023-05-31,Pilgrim Village,-83.131367,42.409461
19241 Winston St,2023-05-31,Five Points,-83.284037,42.430579
281 Worcester Pl,2023-05-31,Grixdale Farms,-83.106981,42.421953
8141 Georgia St,2023-05-31,Airport Sub,-83.019914,42.393497000000004
8142 Georgia St,2023-05-31,Airport Sub,-83.019858,42.393048
18030 Westphalia St,2023-06-01,Von Steuben,-82.991792,42.428041
2984 Rochester St,2023-06-01,Dexter-Linwood,-83.115882,42.376077
3304 Lothrop St,2023-06-01,Wildemere Park,-83.108204,42.358897
3620 McDougall St,2023-06-01,McDougall-Hunt,-83.029693,42.35875
4837 Saint Hedwig St,2023-06-01,Central Southwest,-83.107881,42.328557000000004
6437 Barton St,2023-06-01,Midwest,-83.136841,42.349512
8083 Morgan St,2023-06-01,Airport Sub,-83.021468,42.404439000000004
12833 Greiner St,2023-06-02,Von Steuben,-82.992528,42.427783
15778 Patton St,2023-06-02,Brightmoor,-83.243599,42.405857
2746 Hooker St,2023-06-02,NW Goldberg,-83.099217,42.355646
4087 W Euclid St,2023-06-02,Petoskey-Otsego,-83.11711,42.362315
6394 28th St,2023-06-02,Midwest,-83.115165,42.351318
14175 Darcy St,2023-06-05,Brightmoor,-83.255589,42.389457
14645 Greenlawn St,2023-06-05,Chalfonte,-83.150474,42.397449
14846 Greenlawn St,2023-06-05,Chalfonte,-83.149937,42.398758
15854 Iliad St,2023-06-05,Brightmoor,-83.272201,42.406376
15860 Iliad St,2023-06-05,Brightmoor,-83.272205,42.406472
18433 Goulburn St,2023-06-05,Von Steuben,-82.993765,42.429799
18503 Goulburn St,2023-06-05,Von Steuben,-82.993801,42.43076
4921 Vinewood St,2023-06-05,Chadsey Condon,-83.105496,42.343297
5262 Larchmont St,2023-06-05,Midwest,-83.123182,42.352968
5525 University Pl,2023-06-05,Cornerstone Village,-82.925149,42.412325
6179 Field St,2023-06-05,Gratiot Town/Kettering,-83.024638,42.383691
6915 Minock St,2023-06-05,Warrendale,-83.231998,42.342571
18481 Trinity St,2023-06-06,Holcomb Community,-83.249918,42.425641
2634 Lemay Ave,2023-06-06,East Village,-82.97885,42.371823
3026 Monterey St,2023-06-06,Dexter-Linwood,-83.121947,42.38369
3274 Vicksburg St,2023-06-06,Wildemere Park,-83.110717,42.363361
4297 17th St,2023-06-06,Core City,-83.087961,42.343814
8286 Marcus Ave,2023-06-06,Airport Sub,-83.018148,42.395519
10047 Mansfield St,2023-06-07,Joy Community,-83.2037,42.369876
11066 Promenade Ave,2023-06-07,Wade,-82.995827,42.404958
11709 Promenade Ave,2023-06-07,Wade,-82.992621,42.406619
13544 Westwood St,2023-06-07,Schoolcraft Southfield,-83.231545,42.384742
14170 Blackstone St,2023-06-07,Brightmoor,-83.248589,42.389445
15721 Muirland St,2023-06-07,Pilgrim Village,-83.133772,42.406777
19130 Bradford St,2023-06-07,Pulaski,-83.00067,42.435107
19543 Bradford St,2023-06-07,Pulaski,-83.001501,42.438824
1993 Richton St,2023-06-07,Dexter-Linwood,-83.109786,42.38837
2879 Tillman St,2023-06-07,Chadsey Condon,-83.090146,42.332373
4081 Elmhurst St,2023-06-07,Nardin Park,-83.128897,42.379274
4323 Buchanan St,2023-06-07,Chadsey Condon,-83.10789,42.337359
4452 23rd St,2023-06-07,Chadsey Condon,-83.096976,42.342093
4547 Cooper St,2023-06-07,West End,-82.997176,42.378247
4635 Lovett St,2023-06-07,Chadsey Condon,-83.109289,42.339512
4776 Pennsylvania St,2023-06-07,West End,-82.996832,42.38085
4777 Pennsylvania St,2023-06-07,West End,-82.997465,42.3806
4857 Cooper St,2023-06-07,West End,-82.998808,42.380667
5113 Bangor St,2023-06-07,Chadsey Condon,-83.109061,42.343829
5838 Anthon St,2023-06-07,Delray,-83.09808,42.307809
12254 Promenade Ave,2023-06-08,Wade,-82.98579,42.408449
12315 Promenade Ave,2023-06-08,Wade,-82.985037,42.409272
12696 Chapel St,2023-06-08,Brightmoor,-83.251766,42.380712
13840 Tacoma St,2023-06-08,Franklin,-82.982061,42.441236
3184 Eastlawn St,2023-06-08,Riverbend,-82.956032,42.385417
3365 Breckenridge St,2023-06-08,Chadsey Condon,-83.097554,42.342588
4162 Pennsylvania St,2023-06-08,West End,-82.993774,42.376305
5135 Cooper St,2023-06-08,West End,-83.000209,42.382701
5203 Cooper St,2023-06-08,West End,-83.000758,42.383508
8215 Lyford St,2023-06-08,Airport Sub,-83.019609,42.40849
9080 Bryden St,2023-06-08,Midwest,-83.144826,42.36201
9279 Otsego St,2023-06-08,Nardin Park,-83.124147,42.369039
18912 Lahser Rd,2023-06-09,Holcomb Community,-83.25778,42.426593
2903 Harrison St,2023-06-09,North Corktown,-83.074014,42.336972
3081 16th St,2023-06-09,North Corktown,-83.082287,42.336472
10011 Bordeau St,2023-06-12,Nardin Park,-83.135175,42.371029
11770 Wilfred St,2023-06-12,Gratiot-Findlay,-82.995382,42.410445
12131 Promenade Ave,2023-06-12,Wade,-82.987594,42.408369
12511 Greiner St,2023-06-12,Von Steuben,-82.996598,42.427652
12845 Westbrook St,2023-06-12,Brightmoor,-83.250359,42.38203
14180 Alma St,2023-06-12,Mapleridge,-82.97741,42.421221
16225 Santa Rosa Dr,2023-06-12,Fitzgerald/Marygrove,-83.143068,42.411709
19006 Fielding St,2023-06-12,Holcomb Community,-83.243903,42.428531
3773 Vicksburg St,2023-06-12,Petoskey-Otsego,-83.113654,42.361774
4215 Pennsylvania St,2023-06-12,West End,-82.994795,42.37667
4518 Pennsylvania St,2023-06-12,West End,-82.995274,42.378562
8061 Nuernberg St,2023-06-12,Airport Sub,-83.022387,42.417972
9336 Navarre St,2023-06-12,East Village,-82.987706,42.364445
11510 Wilfred St,2023-06-13,Gratiot-Findlay,-82.998031,42.409479
12728 Cloverlawn St,2023-06-13,Littlefield Community,-83.151391,42.382783
13041 Kilbourne Ave,2023-06-13,Eden Gardens,-82.979782,42.414465
14587 Washburn St,2023-06-13,Bethune Community,-83.160766,42.396527
17306 Braile St,2023-06-13,Holcomb Community,-83.245745,42.41786
19239 Hasse St,2023-06-13,Farwell,-83.057139,42.435324
7588 Tumey St,2023-06-13,Airport Sub,-83.025015,42.418482
8550 Desoto St,2023-06-13,Chalfonte,-83.155782,42.40128
11098 Chelsea Ave,2023-06-14,Wade,-82.991609,42.404108
15801 Blackstone St,2023-06-14,Brightmoor,-83.249852,42.406002
17505 Mitchell St,2023-06-14,Cadillac Heights,-83.072232,42.422556
17869 Mitchell St,2023-06-14,Cadillac Heights,-83.072267,42.424343
2193 Harding St,2023-06-14,East Village,-82.980039,42.367857
3273 Montgomery St,2023-06-14,Wildemere Park,-83.109868,42.362306
6443 Clifton St,2023-06-14,Midwest,-83.135842,42.348029
9382 Laura St,2023-06-14,West End,-82.99505,42.376045
11486 Wilfred St,2023-06-15,Gratiot-Findlay,-82.998385,42.409354
11501 Woodward Ave,2023-06-15,Gateway Community,-83.087811,42.391215
14760 Petoskey Ave,2023-06-15,Dexter-Fenkell,-83.138605,42.398289
14773 Petoskey Ave,2023-06-15,Dexter-Fenkell,-83.139277,42.398465
15851 Chapel St,2023-06-15,Brightmoor,-83.253758,42.40658
16134 Santa Rosa Dr,2023-06-15,Fitzgerald/Marygrove,-83.142425,42.410471
16254 Santa Rosa Dr,2023-06-15,Fitzgerald/Marygrove,-83.142494,42.412104
1645 Richton St,2023-06-15,Dexter-Linwood,-83.107008,42.389831
16514 Turner St,2023-06-15,Fitzgerald/Marygrove,-83.148647,42.412531
1653 Richton St,2023-06-15,Dexter-Linwood,-83.107109,42.389795
16588 Turner St,2023-06-15,Fitzgerald/Marygrove,-83.148683,42.413518
16655 Turner St,2023-06-15,Fitzgerald/Marygrove,-83.149266,42.414416
17222 Strasburg St,2023-06-15,Von Steuben,-82.997672,42.423984
17624 Stout St,2023-06-15,Holcomb Community,-83.242298,42.420956
3459 Edison St,2023-06-15,Dexter-Linwood,-83.11811,42.372198
4026 Saint Clair St,2023-06-15,East Canfield,-82.989119,42.379742
6939 Sarena St,2023-06-15,Claytown,-83.139408,42.343767
9987 Yosemite St,2023-06-15,Nardin Park,-83.132945,42.371754
11031 Saint Patrick St,2023-06-16,Gratiot-Findlay,-83.00304,42.409976
15030 Chapel St,2023-06-16,Brightmoor,-83.252763,42.398329
15120 Chapel St,2023-06-16,Brightmoor,-83.25281,42.399542
15811 Bentler St,2023-06-16,Brightmoor,-83.252538,42.406032
19919 Gilchrist St,2023-06-16,Greenfield,-83.213802,42.437853
4018 W Euclid St,2023-06-16,Petoskey-Otsego,-83.116223,42.363152
6523 Hazlett St,2023-06-16,Midwest,-83.1269,42.351302
6529 Hazlett St,2023-06-16,Midwest,-83.126952,42.351374
9386 Sylvester St,2023-06-16,West End,-82.994023,42.374779
9392 Sylvester St,2023-06-16,West End,-82.993915,42.374814
11064 Sanford St,2023-06-20,Gratiot-Findlay,-83.002924,42.410417
13227 Greiner St,2023-06-20,Franklin,-82.989097,42.427831
14893 Seymour St,2023-06-20,Mapleridge,-82.968327,42.427402
15751 Muirland St,2023-06-20,Pilgrim Village,-83.133789,42.407188
1631 Highland St,2023-06-20,Dexter-Linwood,-83.107761,42.391429
1637 Highland St,2023-06-20,Dexter-Linwood,-83.10786,42.391392
1643 Highland St,2023-06-20,Dexter-Linwood,-83.10796,42.391356
1647 Highland St,2023-06-20,Dexter-Linwood,-83.108059,42.391319
19620 Caldwell St,2023-06-20,Farwell,-83.046908,42.438756
19651 Caldwell St,2023-06-20,Farwell,-83.047507,42.439176
2562 Montclair St,2023-06-20,East Village,-82.979343,42.370619
2998 Montclair St,2023-06-20,East Village,-82.981253,42.373422
3004 Montclair St,2023-06-20,East Village,-82.981303,42.373496
3214 Virginia Park St,2023-06-20,Wildemere Park,-83.110141,42.364544
3220 Virginia Park St,2023-06-20,Wildemere Park,-83.11024,42.364507
4177 Drexel St,2023-06-20,Fox Creek,-82.961416,42.387122
5169 30th St,2023-06-20,Chadsey Condon,-83.115046,42.342309
7265 W Outer Dr,2023-06-20,College Park,-83.204495,42.419085
9359 Sanilac St,2023-06-20,Moross-Morang,-82.935003,42.421094
10157 Crocuslawn St,2023-06-21,Barton-McFarland,-83.161336,42.368065
15098 Greydale St,2023-06-21,Brightmoor,-83.255205,42.399205
16603 Stoepel St,2023-06-21,Fitzgerald/Marygrove,-83.142086,42.413804
16833 Stoepel St,2023-06-21,Fitzgerald/Marygrove,-83.142141,42.415235
20000 Andover St,2023-06-21,Nolan,-83.099067,42.441135
22060 Kessler St,2023-06-21,Riverdale,-83.25839,42.40875
3760 Bewick St,2023-06-21,West End,-82.989024,42.37545
3768 Bewick St,2023-06-21,West End,-82.989074,42.375524
441 W Robinwood St,2023-06-21,Grixdale Farms,-83.107989,42.429508
5857 Moran St,2023-06-21,Poletown East,-83.036772,42.376077
8030 Asbury Park,2023-06-21,Warren Ave Community,-83.20608,42.351304
10369 Maplelawn St,2023-06-22,Barton-McFarland,-83.163107,42.369476
4560 Bewick St,2023-06-22,West End,-82.992839,42.381143
50 W Hollywood Ave,2023-06-22,Grixdale Farms,-83.103323,42.430856
5278 Radnor St,2023-06-22,Cornerstone Village,-82.920049,42.413029
5795 Marlborough St,2023-06-22,Chandler Park-Chalmers,-82.961936,42.401976
5937 Wayburn St,2023-06-22,Morningside,-82.958581,42.404352
7390 Marjorie St,2023-06-22,Airport Sub,-83.024716,42.399293
8129 Nuernberg St,2023-06-22,Airport Sub,-83.02111,42.417998
8171 Dobel St,2023-06-22,Airport Sub,-83.020436,42.416873
8180 Dobel St,2023-06-22,Airport Sub,-83.020107,42.416489
8203 Dobel St,2023-06-22,Airport Sub,-83.019985,42.416993
15431 Rockdale St,2023-06-23,Brightmoor,-83.258517,42.402567
161 W Hollywood Ave,2023-06-23,Grixdale Farms,-83.105392,42.430392
17844 Charest St,2023-06-23,Cadillac Heights,-83.069736,42.424129
17886 Charest St,2023-06-23,Cadillac Heights,-83.069751,42.424705
17910 Charest St,2023-06-23,Cadillac Heights,-83.06976,42.425034
3822 Clairmount St,2023-06-23,Petoskey-Otsego,-83.119423,42.368837
401 W Hollywood Ave,2023-06-23,Grixdale Farms,-83.107357,42.430337
4572 Bewick St,2023-06-23,West End,-82.992937,42.381291
4595 Bewick St,2023-06-23,West End,-82.993686,42.381369
6030 Malcolm St,2023-06-23,Chandler Park,-82.985151,42.396676
10360 Morley,2023-06-26,Barton-McFarland,-83.162838,42.367023
11755 N Martindale St,2023-06-26,Nardin Park,-83.132265,42.378102
15331 Dacosta St,2023-06-26,Brightmoor,-83.260877,42.40101
19620 Coventry St,2023-06-26,Nolan,-83.101136,42.437546
19711 Andover St,2023-06-26,Nolan,-83.099628,42.438835
19957 Andover St,2023-06-26,Nolan,-83.09969,42.440546
5363 Spokane St,2023-06-26,Midwest,-83.128513,42.357503
5405 31st St,2023-06-26,Chadsey Condon,-83.117835,42.344032
5500 Webb St,2023-06-26,Nardin Park,-83.137878,42.374638
634 W Hollywood Ave,2023-06-26,Grixdale Farms,-83.111663,42.430737
8181 Darwin St,2023-06-26,Airport Sub,-83.020275,42.416142
8191 Knodell St,2023-06-26,Airport Sub,-83.019222,42.398563
11754 Broadstreet Ave,2023-06-27,Nardin Park,-83.132619,42.377734
15114 Dolphin St,2023-06-27,Brightmoor,-83.258919,42.399239
2134 Bewick St,2023-06-27,East Village,-82.982248,42.36606
2266 Bewick St,2023-06-27,East Village,-82.983439,42.367719
3873 Harding St,2023-06-27,East Canfield,-82.987376,42.378051
4232 Holcomb St,2023-06-27,Gratiot Woods,-82.998724,42.375461
4464 Bewick St,2023-06-27,West End,-82.992061,42.379958
5375 31st St,2023-06-27,Chadsey Condon,-83.117573,42.343669
10066 Aurora St,2023-06-28,Barton-McFarland,-83.159872,42.372208
10083 Aurora St,2023-06-28,Barton-McFarland,-83.16015,42.371751
10619 Duprey St,2023-06-28,Moross-Morang,-82.936296,42.423221
12070 Elmdale St,2023-06-28,Wade,-82.985901,42.403771
13894 Arlington St,2023-06-28,North Campau,-83.074333,42.415143
13913 Arlington St,2023-06-28,North Campau,-83.074962,42.415183
15362 Virgil St,2023-06-28,Brightmoor,-83.270919,42.401476
15372 Virgil St,2023-06-28,Brightmoor,-83.270927,42.401663
15376 Virgil St,2023-06-28,Brightmoor,-83.270929,42.401754
15723 Monte Vista St,2023-06-28,Bethune Community,-83.167804,42.40631
19644 Coventry St,2023-06-28,Nolan,-83.101145,42.437876
3342 W Warren Ave,2023-06-28,Chadsey Condon,-83.099064,42.345971
3501 Bewick St,2023-06-28,East Village,-82.988382,42.373447
3518 Bewick St,2023-06-28,East Village,-82.987869,42.373917
8087 Badger St,2023-06-28,Airport Sub,-83.020981,42.394279
8346 Alpine St,2023-06-28,Midwest,-83.147018,42.356096
13590 Heyden St,2023-06-29,Brightmoor,-83.238606,42.385236
226 W Greendale St,2023-06-29,Grixdale Farms,-83.106442,42.427013
227 W Savannah St,2023-06-29,Grixdale Farms,-83.106359,42.425145
3752 Tuxedo St,2023-06-29,Nardin Park,-83.125699,42.380106
3868 French Rd,2023-06-29,East Canfield,-82.985894,42.378642
4195 Cadillac Blvd,2023-06-29,West End,-82.993459,42.376798
4657 31st St,2023-06-29,Chadsey Condon,-83.113755,42.338365
4869 Marlborough St,2023-06-29,Fox Creek,-82.957677,42.395037
490 W Brentwood St,2023-06-29,Grixdale Farms,-83.108968,42.431585
5595 Marlborough St,2023-06-29,Chandler Park-Chalmers,-82.960865,42.400343
5793 Hurlbut St,2023-06-29,West End,-83.000187,42.388965
6555 Boxwood St,2023-06-29,Midwest,-83.117331,42.352671
9920 Memorial St,2023-06-29,Joy Community,-83.211531,42.367938
12195 Greenlawn St,2023-06-30,Littlefield Community,-83.149762,42.378671
12332 Greenlawn St,2023-06-30,Littlefield Community,-83.149205,42.37964
13522 Ryan Rd,2023-06-30,Davison,-83.060846,42.416724
13526 Ryan Rd,2023-06-30,Davison,-83.060889,42.4168
14279 Park Grove St,2023-06-30,Mapleridge,-82.975694,42.430016
15330 Grayfield St,2023-06-30,Brightmoor,-83.268728,42.400948
15453 Iliad St,2023-06-30,Brightmoor,-83.272622,42.402666
15483 Iliad St,2023-06-30,Brightmoor,-83.272731,42.403062
15746 Blackstone St,2023-06-30,Brightmoor,-83.249172,42.405076
15811 Grayfield St,2023-06-30,Brightmoor,-83.269555,42.405831
15816 Grayfield St,2023-06-30,Brightmoor,-83.268939,42.405941
3772 Burlingame St,2023-06-30,Nardin Park,-83.125091,42.378651
4048 Tuxedo St,2023-06-30,Nardin Park,-83.12821,42.379155
5564 Whitfield St,2023-06-30,Midwest,-83.135036,42.361585
8821 Colfax St,2023-06-30,Midwest,-83.134114,42.35973
10434 Goethe Ave,2023-07-03,East Village,-82.985245,42.372962
12602 Waltham St,2023-07-03,Gratiot-Findlay,-82.992237,42.422249
13808 Mackay St,2023-07-03,North Campau,-83.072755,42.414432
13952 Mackay St,2023-07-03,North Campau,-83.073951,42.416197
14210 Hazelridge St,2023-07-03,Mapleridge,-82.976721,42.424408
14436 Longview St,2023-07-03,Outer Drive-Hayes,-82.967755,42.411041
150 W Nevada St,2023-07-03,Grixdale Farms,-83.105012,42.424774
15860 Burgess St,2023-07-03,Brightmoor,-83.254291,42.406663
18541 Mitchell St,2023-07-03,Northeast Central District,-83.072044,42.428962
19608 Bloom St,2023-07-03,Farwell,-83.049016,42.438561
3778 Burlingame St,2023-07-03,Nardin Park,-83.12519,42.378614
3782 Burlingame St,2023-07-03,Nardin Park,-83.125289,42.378576
4240 Webb St,2023-07-03,Nardin Park,-83.129346,42.377876
4596 Seebaldt St,2023-07-03,Midwest,-83.118985,42.355612
8736 Epworth St,2023-07-03,Midwest,-83.13462,42.359593
9109 Longworth St,2023-07-03,Springwells,-83.131811,42.302187000000004
9714 Ohio St,2023-07-03,Barton-McFarland,-83.153712,42.369283
12120 Montrose St,2023-07-05,Plymouth-I96,-83.199751,42.376453
6213 Stahelin Ave,2023-07-05,Warrendale,-83.224344,42.334769
8562 Orangelawn St,2023-07-05,Barton-McFarland,-83.155412,42.369664
8791 Epworth St,2023-07-05,Midwest,-83.135706,42.359932
93 E Savannah St,2023-07-05,Greenfield Park,-83.100312,42.425694
11101 Lakepointe St,2023-07-06,Denby,-82.951797,42.42048
11627 Rutherford St,2023-07-06,Plymouth-I96,-83.202703,42.372989
12227 Chelsea Ave,2023-07-06,Wade,-82.985403,42.406893
130 W Hollywood Ave,2023-07-06,Grixdale Farms,-83.104823,42.430844
13949 Alma St,2023-07-06,Mapleridge,-82.981416,42.421575
13956 Kentfield St,2023-07-06,Brightmoor,-83.239691,42.3871
13977 Mackay St,2023-07-06,North Campau,-83.074643,42.416317
13992 Kentfield St,2023-07-06,Brightmoor,-83.239711,42.38758
14414 Kentfield St,2023-07-06,Brightmoor,-83.239923,42.392665
15295 Hazelridge St,2023-07-06,Mapleridge,-82.963229,42.425049
324 W Nevada St,2023-07-06,Grixdale Farms,-83.108105,42.424116
4677 18th St,2023-07-06,Core City,-83.090861,42.34618
4738 Lumley St,2023-07-06,Claytown,-83.139661,42.329569
5280 Philip St,2023-07-06,Chandler Park-Chalmers,-82.958211,42.399072
5967 Philip St,2023-07-06,Chandler Park-Chalmers,-82.961864,42.403601
8112 Edgewood Ave,2023-07-06,Airport Sub,-83.020671,42.397135
8163 Radcliffe St,2023-07-06,Claytown,-83.149603,42.339349
12169 Roselawn St,2023-07-07,Littlefield Community,-83.150787,42.378306
12325 Roselawn St,2023-07-07,Littlefield Community,-83.150819,42.379499
15485 Dolphin St,2023-07-07,Brightmoor,-83.259751,42.403311
15499 Dolphin St,2023-07-07,Brightmoor,-83.259759,42.403494
15504 Dolphin St,2023-07-07,Brightmoor,-83.259077,42.40359
15819 Tracey St,2023-07-07,Bethune Community,-83.180751,42.407847
17941 Goddard St,2023-07-07,Cadillac Heights,-83.078706,42.425355
18050 Binder St,2023-07-07,Conant Gardens,-83.063528,42.426686
4248 Webb St,2023-07-07,Nardin Park,-83.129462,42.377832
5352 Allendale St,2023-07-07,Midwest,-83.125784,42.354006
569 Rosedale Ct,2023-07-07,Gateway Community,-83.080225,42.394009
9202 Carlin St,2023-07-07,We Care Community,-83.178453,42.362338
11714 Rutherford St,2023-07-10,Plymouth-I96,-83.202056,42.374224
11747 Otsego St,2023-07-10,Nardin Park,-83.130887,42.377876
13982 Arlington St,2023-07-10,North Campau,-83.075066,42.416252
13988 Arlington St,2023-07-10,North Campau,-83.075116,42.416325
13991 Arlington St,2023-07-10,North Campau,-83.075617,42.416137
15775 Biltmore St,2023-07-10,Crary/St Marys,-83.210875,42.406222
17831 Arlington St,2023-07-10,Cadillac Heights,-83.077641,42.423863
2304 Elmhurst St,2023-07-10,Dexter-Linwood,-83.111588,42.386485
2917 Tuxedo St,2023-07-10,Dexter-Linwood,-83.118641,42.382257
3790 Webb St,2023-07-10,Nardin Park,-83.125843,42.379208
4828 25th St,2023-07-10,Chadsey Condon,-83.10093,42.344045
9100 Livernois Ave,2023-07-10,Midwest,-83.138125,42.362316
9994 Pinehurst St,2023-07-10,Barton-McFarland,-83.165306,42.370304
10114 Elmira St,2023-07-11,Barton-McFarland,-83.160728,42.371461
10127 Elmira St,2023-07-11,Barton-McFarland,-83.161001,42.371003
12166 Roselawn St,2023-07-11,Littlefield Community,-83.15021,42.378322
15853 Dolphin St,2023-07-11,Brightmoor,-83.259871,42.406483
15900 Dolphin St,2023-07-11,Brightmoor,-83.259211,42.407151
5610 Greenway St,2023-07-11,Midwest,-83.137486,42.361884
6310 Chopin St,2023-07-11,Claytown,-83.141347,42.342602
8115 Darwin St,2023-07-11,Airport Sub,-83.021413,42.415891
11136 Corbett Ave,2023-07-12,Wade,-82.991765,42.400727
1173 Lenox St,2023-07-12,Riverbend,-82.953523,42.373207
2628 Lemay Ave,2023-07-12,East Village,-82.978801,42.37175
2725 Elmhurst St,2023-07-12,Dexter-Linwood,-83.118202,42.38341
3024 Hurlbut St,2023-07-12,East Village,-82.987145,42.370966
5021 Oregon St,2023-07-12,Midwest,-83.122492,42.356753
5052 Pacific St,2023-07-12,Midwest,-83.122767,42.356195
15031 Bentler St,2023-07-13,Brightmoor,-83.252227,42.398342
17145 Detroit St,2023-07-13,Cornerstone Village,-82.925527,42.401184
18641 Glastonbury Rd,2023-07-13,Evergreen-Outer Drive,-83.223258,42.427472
3211 Glynn Ct,2023-07-13,Dexter-Linwood,-83.118064,42.376552
3917 McClellan St,2023-07-13,Gratiot Woods,-82.996338,42.374049
3995 Harding St,2023-07-13,East Canfield,-82.98841,42.379508
4025 Harding St,2023-07-13,East Canfield,-82.988669,42.379872
5037 Garland St,2023-07-13,West End,-82.994189,42.383973
5095 Oregon St,2023-07-13,Midwest,-83.123733,42.356274
5925 Woodhall St,2023-07-13,Cornerstone Village,-82.93094,42.414281
8097 Auburn St,2023-07-13,Warrendale,-83.233632,42.351828
9105 Burnette St,2023-07-13,Midwest,-83.142155,42.362307
9415 Prairie St,2023-07-13,Midwest,-83.143413,42.365538
10231 Mendota St,2023-07-14,Barton-McFarland,-83.164779,42.370127
12161 Roselawn St,2023-07-14,Littlefield Community,-83.150785,42.37821
15087 Westbrook St,2023-07-14,Brightmoor,-83.250927,42.39912
15349 Blackstone St,2023-07-14,Brightmoor,-83.249639,42.401559
15844 Rockdale St,2023-07-14,Brightmoor,-83.257971,42.40637
15887 Rockdale St,2023-07-14,Brightmoor,-83.258682,42.406968
15895 Rockdale St,2023-07-14,Brightmoor,-83.258688,42.407112
2683 Elmhurst St,2023-07-14,Dexter-Linwood,-83.117507,42.383669
2688 Elmhurst St,2023-07-14,Dexter-Linwood,-83.117966,42.384151
3820 Vicksburg St,2023-07-14,Petoskey-Otsego,-83.114732,42.361882
4080 Humphrey St,2023-07-14,Nardin Park,-83.127346,42.376959
5055 Neff Ave,2023-07-14,Cornerstone Village,-82.925857,42.408555
5592 S Martindale St,2023-07-14,Midwest,-83.133423,42.359938
6240 Field St,2023-07-14,Gratiot Town/Kettering,-83.02465,42.384637
8815 Burnette St,2023-07-14,Midwest,-83.142033,42.35956
8825 Burnette St,2023-07-14,Midwest,-83.14204,42.359724
1246 Lenox St,2023-07-17,Riverbend,-82.953412,42.374091
12930 Dale St,2023-07-17,Castle Rouge,-83.274296,42.382831
1553 La Belle St,2023-07-17,Pilgrim Village,-83.111938,42.401083
15746 Rockdale St,2023-07-17,Brightmoor,-83.257903,42.404941
19129 Teppert St,2023-07-17,Pulaski,-83.008146,42.434833
1966 W Davison St,2023-07-17,Oakman Blvd Community,-83.114633,42.396111
2674 Elmhurst St,2023-07-17,Dexter-Linwood,-83.117734,42.384237
3605 Balfour Rd,2023-07-17,Morningside,-82.940681,42.390065
3814 Pingree St,2023-07-17,Petoskey-Otsego,-83.11657,42.364792
4004 W Euclid St,2023-07-17,Petoskey-Otsego,-83.115989,42.363238
4037 W Philadelphia St,2023-07-17,Petoskey-Otsego,-83.116782,42.36332
8885 Burnette St,2023-07-17,Midwest,-83.142076,42.360547
9014 Burnette St,2023-07-17,Midwest,-83.141494,42.361082
9061 Burnette St,2023-07-17,Midwest,-83.14213,42.361731
9080 Burnette St,2023-07-17,Midwest,-83.141532,42.361987
15738 Lamphere St,2023-07-18,Brightmoor,-83.261549,42.404692
4031 W Philadelphia St,2023-07-18,Petoskey-Otsego,-83.116666,42.363363
4180 Drexel St,2023-07-18,Fox Creek,-82.960929,42.387381
5848 Canton St,2023-07-18,Gratiot Town/Kettering,-83.025939,42.379923
7279 Wykes St,2023-07-18,Midwest,-83.14199,42.346075
8499 Ashton Ave,2023-07-18,Warrendale,-83.217947,42.355738
15731 Westbrook St,2023-07-19,Brightmoor,-83.25099,42.404745
15841 Pierson St,2023-07-19,Brightmoor,-83.246541,42.406557
19358 Montrose St,2023-07-19,Greenfield,-83.20187,42.433495
2672 Richton St,2023-07-19,Dexter-Linwood,-83.118878,42.385873
3228 Livernois Ave,2023-07-19,Central Southwest,-83.115904,42.325668
3579 E Warren Ave,2023-07-19,Poletown East,-83.030468,42.369713
4046 W Philadelphia St,2023-07-19,Petoskey-Otsego,-83.117161,42.36368
4050 Collingwood St,2023-07-19,Nardin Park,-83.125936,42.375802
4052 W Philadelphia St,2023-07-19,Petoskey-Otsego,-83.117277,42.363637
5150 Garland St,2023-07-19,West End,-82.994537,42.38561
5200 Garland St,2023-07-19,West End,-82.994954,42.386208
5349 Garland St,2023-07-19,West End,-82.99675,42.387809
9087 Burnette St,2023-07-19,Midwest,-83.142145,42.36206
9338 Burnette St,2023-07-19,Midwest,-83.141651,42.364529
9444 American St,2023-07-19,Midwest,-83.143919,42.365939
9450 American St,2023-07-19,Midwest,-83.143922,42.366021
15858 Chapel St,2023-07-20,Brightmoor,-83.253097,42.406692
15900 Pierson St,2023-07-20,Brightmoor,-83.245928,42.407433
3223 Waverly,2023-07-20,Dexter-Linwood,-83.127393,42.390006
4030 Bewick St,2023-07-20,West End,-82.991239,42.378769
4040 Collingwood St,2023-07-20,Nardin Park,-83.125738,42.375876
4440 Bewick St,2023-07-20,West End,-82.991867,42.379662
4650 33rd St,2023-07-20,Chadsey Condon,-83.115052,42.337757
8078 Rosemont Ave,2023-07-20,Warrendale,-83.218314,42.351612
10174 Woodlawn Ave,2023-07-21,Airport Sub,-83.00245,42.399585
15449 14th St,2023-07-21,Pilgrim Village,-83.120397,42.405277
18828 Conley St,2023-07-21,Krainz Woods,-83.051926,42.431962
19335 Lamont St,2023-07-21,Farwell,-83.055237,42.4364
19341 Lamont St,2023-07-21,Farwell,-83.055243,42.436509
19380 Lamont St,2023-07-21,Farwell,-83.054714,42.437094
19423 Lamont St,2023-07-21,Farwell,-83.055306,42.437634
3736 W Philadelphia St,2023-07-21,Petoskey-Otsego,-83.114829,42.36456
3744 W Philadelphia St,2023-07-21,Petoskey-Otsego,-83.114945,42.364517
3792 Montgomery St,2023-07-21,Petoskey-Otsego,-83.11378,42.36134
3805 Montgomery St,2023-07-21,Petoskey-Otsego,-83.113727,42.360853
4013 Tuxedo St,2023-07-21,Nardin Park,-83.127254,42.379047
7330 Michigan Ave,2023-07-21,Claytown,-83.134148,42.331383
8508 Brace St,2023-07-21,Warrendale,-83.223208,42.355689
9388 Burnette St,2023-07-21,Midwest,-83.141678,42.365187
12001 Evergreen Rd,2023-07-24,Weatherby,-83.23671,42.374193
15045 Burgess St,2023-07-24,Brightmoor,-83.254637,42.398472
3302 Glynn Ct,2023-07-24,Dexter-Linwood,-83.119803,42.376348
3916 Calvert St,2023-07-24,Nardin Park,-83.124017,42.375678
8507 Stahelin Ave,2023-07-24,Warrendale,-83.225199,42.355662
8514 Stahelin Ave,2023-07-24,Warrendale,-83.224438,42.35578
9739 Edgewood Ave,2023-07-24,Airport Sub,-83.006943,42.398338
9745 Edgewood Ave,2023-07-24,Airport Sub,-83.006834,42.398343
9803 McQuade St,2023-07-24,Nardin Park,-83.122405,42.373528
13951 Lauder St,2023-07-25,Cadillac Community,-83.190399,42.388095
14905 Spring Garden St,2023-07-25,Mapleridge,-82.968185,42.428388
15774 Burgess St,2023-07-25,Brightmoor,-83.254248,42.405577
16135 Woodingham Dr,2023-07-25,Fitzgerald/Marygrove,-83.1501,42.410378
16696 Woodingham Dr,2023-07-25,Fitzgerald/Marygrove,-83.14971,42.414997
19483 Stout St,2023-07-25,Evergreen Lahser 7/8,-83.243659,42.434281
5149 Fairview St,2023-07-25,West End,-82.988786,42.387753
5202 Fairview St,2023-07-25,West End,-82.988714,42.388793
5317 Seneca St,2023-07-25,Pingree Park,-83.009955,42.380521
5585 Vancouver St,2023-07-25,Midwest,-83.129775,42.354994
7272 Auburn St,2023-07-25,Warrendale,-83.232632,42.344341
8247 Dubay St,2023-07-25,Airport Sub,-83.019285,42.413698
12116 Burt Rd,2023-07-26,Weatherby,-83.245919,42.375733
12760 Stoepel St,2023-07-26,Oakman Blvd Community,-83.140152,42.383451
13552 Kentfield St,2023-07-26,Brightmoor,-83.23962,42.384703
18659 Helen St,2023-07-26,Grant,-83.031875,42.431106
19480 Mansfield St,2023-07-26,Greenfield,-83.20615,42.435156
2223 Harding St,2023-07-26,East Village,-82.980275,42.368199
2249 Fairview St,2023-07-26,East Village,-82.976973,42.36994
3737 W Philadelphia St,2023-07-26,Petoskey-Otsego,-83.114549,42.364163
3763 Saint Clair St,2023-07-26,West End,-82.98746,42.37625
4675 Vancouver St,2023-07-26,Midwest,-83.122219,42.357875
5177 Fairview St,2023-07-26,West End,-82.989032,42.388123
5584 Vancouver St,2023-07-26,Midwest,-83.130116,42.355455
8088 Stockton St,2023-07-26,Mount Olivet,-83.022285,42.428606
15106 Dexter Ave,2023-07-27,Dexter-Fenkell,-83.135185,42.402214
15464 Rockdale St,2023-07-27,Brightmoor,-83.257846,42.403036
18710 Moenart St,2023-07-27,Krainz Woods,-83.04987,42.431443
19160 Rogge St,2023-07-27,Nortown,-83.029381,42.434804
19932 Coventry St,2023-07-27,Nolan,-83.101206,42.440123
4066 W Philadelphia St,2023-07-27,Petoskey-Otsego,-83.117508,42.36355
4801 Garland St,2023-07-27,West End,-82.993238,42.382682
5469 Field St,2023-07-27,Gratiot Town/Kettering,-83.020809,42.377939
5805 Beaconsfield St,2023-07-27,Morningside,-82.954296,42.404949
7367 Stahelin Ave,2023-07-27,Warrendale,-83.224751,42.345743
10343 Beechdale St,2023-07-28,Barton-McFarland,-83.162686,42.370227
17195 Arlington St,2023-07-28,Cadillac Heights,-83.077466,42.419938
4053 W Philadelphia St,2023-07-28,Petoskey-Otsego,-83.117013,42.363233
5353 Oregon St,2023-07-28,Midwest,-83.126574,42.35517
6414 30th St,2023-07-28,Midwest,-83.116197,42.351551
7305 Lane St,2023-07-28,Springwells,-83.120043,42.308929
8087 Stockton St,2023-07-28,Mount Olivet,-83.022369,42.429042
8129 Dubay St,2023-07-28,Airport Sub,-83.021303,42.412917
12101 Barlow St,2023-07-31,Gratiot-Findlay,-82.990428,42.419272
12189 Roselawn St,2023-07-31,Littlefield Community,-83.150795,42.378594
19665 Reno St,2023-07-31,Franklin,-82.983174,42.440524
20038 Danbury St,2023-07-31,Nolan,-83.105809,42.441534
21604 Bennett St,2023-07-31,Holcomb Community,-83.255637,42.419879
21637 Thatcher Ave,2023-07-31,Holcomb Community,-83.25624,42.420223
2317 Calvert St,2023-07-31,Dexter-Linwood,-83.109109,42.380695
5064 Bewick St,2023-07-31,West End,-82.994853,42.384119
5376 Oregon St,2023-07-31,Midwest,-83.127321,42.35547
5810 Maryland St,2023-07-31,Morningside,-82.95642,42.404211
6163 Iroquois St,2023-07-31,Gratiot Town/Kettering,-83.016068,42.387235
7594 E Grixdale St,2023-07-31,Grant,-83.025523,42.429247
8082 Pressler St,2023-07-31,Airport Sub,-83.020928,42.391423
8135 Dubay St,2023-07-31,Airport Sub,-83.021146,42.412977
8273 Almont St,2023-07-31,Airport Sub,-83.018861,42.414679
8312 Almont St,2023-07-31,Airport Sub,-83.018053,42.414524
9623 Graham St,2023-07-31,Carbon Works,-83.132593,42.290983
1198 Virginia Park St,2023-08-01,Virginia Park Community,-83.088244,42.372579
12483 Barlow St,2023-08-01,Gratiot-Findlay,-82.992174,42.420502
17325 Beaverland St,2023-08-01,Oak Grove District 1,-83.267031,42.417414
19463 Packard St,2023-08-01,Nortown,-83.027869,42.438278
4734 Crane St,2023-08-01,Gratiot Woods,-83.003359,42.377567
5086 Montclair St,2023-08-01,West End,-82.990078,42.386383
5109 Lillibridge St,2023-08-01,West End,-82.987518,42.387727
8029 Colfax St,2023-08-01,Midwest,-83.130476,42.354556
8035 Colfax St,2023-08-01,Midwest,-83.130535,42.354638
8279 Almont St,2023-08-01,Airport Sub,-83.018759,42.414713
11305 Yosemite St,2023-08-02,Nardin Park,-83.133735,42.372918
12123 Greenlawn St,2023-08-02,Littlefield Community,-83.149736,42.377683
12671 Greenlawn St,2023-08-02,Littlefield Community,-83.149873,42.382023
16830 Greydale Ave,2023-08-02,Miller Grove,-83.2558,42.41314
19350 Saint Louis St,2023-08-02,Farwell,-83.039961,42.43647
4375 W Buena Vista St,2023-08-02,Russell Woods,-83.136781,42.384598
605 S Solvay St,2023-08-02,Delray,-83.110509,42.296013
6092 Epworth St,2023-08-02,Midwest,-83.125934,42.347234
8221 Mount Olivet St,2023-08-02,Airport Sub,-83.019784,42.415893
9287 Yellowstone St,2023-08-02,Nardin Park,-83.12882,42.367332
11316 Cascade St,2023-08-03,Nardin Park,-83.131484,42.373929
15364 Braile St,2023-08-03,Brightmoor,-83.244579,42.402019
18447 Avon Ave,2023-08-03,Evergreen-Outer Drive,-83.226655,42.425473
20508 Carrie St,2023-08-03,Sherwood,-83.030505,42.447511
2572 Lemay Ave,2023-08-03,East Village,-82.978342,42.371071
6340 Epworth St,2023-08-03,Midwest,-83.126815,42.348476
8023 Colfax St,2023-08-03,Midwest,-83.130416,42.354474
8084 E Grixdale St,2023-08-03,Mount Olivet,-83.022413,42.429377
8221 Colfax St,2023-08-03,Midwest,-83.130932,42.355253
9268 Yellowstone St,2023-08-03,Nardin Park,-83.128153,42.367313
2480 Highland St,2023-08-04,Dexter-Linwood,-83.116308,42.388153
2483 Cortland St,2023-08-04,Dexter-Linwood,-83.115519,42.38704
2500 Cortland St,2023-08-04,Dexter-Linwood,-83.116123,42.387383
2531 Highland St,2023-08-04,Dexter-Linwood,-83.116873,42.387482
4733 McClellan St,2023-08-04,Gratiot Woods,-82.999463,42.379089
5079 Lillibridge St,2023-08-04,West End,-82.987268,42.387354
5919 McClellan St,2023-08-04,Gratiot Woods,-83.005953,42.388325
7534 E Grixdale St,2023-08-04,Grant,-83.026634,42.42922
8082 Walden St,2023-08-04,Airport Sub,-83.020966,42.392229
8091 E Hollywood St,2023-08-04,Mount Olivet,-83.022372,42.432727
8125 Darwin St,2023-08-04,Airport Sub,-83.021259,42.415924
8191 Darwin St,2023-08-04,Airport Sub,-83.020097,42.416181
9255 Yellowstone St,2023-08-04,Nardin Park,-83.12857,42.366965
12224 Flanders St,2023-08-07,Eden Gardens,-82.989477,42.413391
13345 Robson St,2023-08-07,Schoolcraft Southfield,-83.192891,42.385975
18974 Asbury Park,2023-08-07,College Park,-83.209194,42.429576
6344 Hazlett St,2023-08-07,Midwest,-83.124808,42.349362
6396 Van Buren St,2023-08-07,Midwest,-83.140211,42.358014
6409 Colfax St,2023-08-07,Midwest,-83.126955,42.349557
6517 Hazlett St,2023-08-07,Midwest,-83.126849000000007,42.351228
7510 E Hildale St,2023-08-07,Grant,-83.027121,42.43001
8041 Darwin St,2023-08-07,Airport Sub,-83.022708,42.415605
8045 Orion St,2023-08-07,Mount Olivet,-83.022979,42.427415
12022 Findlay St,2023-08-08,Gratiot-Findlay,-82.995196000000007,42.414939
3262 Northwestern St,2023-08-08,Wildemere Park,-83.108002,42.359904
3272 Northwestern St,2023-08-08,Wildemere Park,-83.108203,42.359826
9042 Petoskey Ave,2023-08-08,Petoskey-Otsego,-83.121953,42.367993
14545 Kentucky St,2023-08-09,Chalfonte,-83.158604,42.395954
17174 Orleans St,2023-08-09,Cadillac Heights,-83.084388,42.419481
17361 Buffalo St,2023-08-09,Davison,-83.047844,42.421734
17820 Cardoni St,2023-08-09,Cadillac Heights,-83.090676,42.423914
2026 Oakdale St,2023-08-09,Springwells,-83.133572,42.307961
2250 Highland St,2023-08-09,Dexter-Linwood,-83.112615,42.389518
8193 Almont St,2023-08-09,Airport Sub,-83.020141,42.414185
12269 Maiden St,2023-08-10,Wade,-82.982466,42.40357
15856 Mendota St,2023-08-10,Bethune Community,-83.165193,42.408612
18821 Bloom St,2023-08-10,Krainz Woods,-83.049443,42.431923
3143 Cass Ave,2023-08-10,Midtown,-83.060091,42.343686
4650 Harding St,2023-08-10,East Canfield,-82.99052,42.383458
5144 Lemay St,2023-08-10,West End,-82.989289,42.387573
5216 Pacific St,2023-08-10,Midwest,-83.124081,42.355683
5596 Lemay St,2023-08-10,West End,-82.991912,42.390787
6027 Colfax St,2023-08-10,Midwest,-83.124766,42.34665
6345 Colfax St,2023-08-10,Midwest,-83.126387,42.348755
7557 E Hildale St,2023-08-10,Grant,-83.026242,42.430468
8189 Almont St,2023-08-10,Airport Sub,-83.02024,42.414146
8732 Woodlawn Ave,2023-08-10,Airport Sub,-83.01491,42.39907
9651 Yellowstone St,2023-08-10,Nardin Park,-83.130301,42.369549
12138 Maiden St,2023-08-11,Wade,-82.983845,42.402587
14554 Cherrylawn St,2023-08-11,Chalfonte,-83.153934,42.396143
2421 Richton St,2023-08-11,Dexter-Linwood,-83.114076,42.386756
2427 Sturtevant St,2023-08-11,Dexter-Linwood,-83.11558,42.388794
2730 Whitney St,2023-08-11,Wildemere Park,-83.104646,42.362982
4045 Taylor St,2023-08-11,Petoskey-Otsego,-83.119728,42.367438
5275 Pacific St,2023-08-11,Midwest,-83.124751,42.35485
7124 E Seven Mile,2023-08-11,Grant,-83.030208,42.433652
7151 Julian St,2023-08-11,Midwest,-83.142167,42.358315
8085 E Grixdale St,2023-08-11,Mount Olivet,-83.022367,42.429803
8159 Almont St,2023-08-11,Airport Sub,-83.020739,42.413959
9402 Ravenswood St,2023-08-11,Nardin Park,-83.130539,42.367136
20070 Derby St,2023-08-14,Nolan,-83.103458,42.441957
20510 Andover St,2023-08-14,Nolan,-83.099278,42.446205
7162 Julian St,2023-08-14,Midwest,-83.142434,42.358726
7600 E Grixdale St,2023-08-14,Grant,-83.025412,42.42925
8041 Almont St,2023-08-14,Airport Sub,-83.02262,42.413226
8119 Almont St,2023-08-14,Airport Sub,-83.021401,42.413697
10039 Bordeau St,2023-08-15,Nardin Park,-83.135079,42.37148
13360 Hubbell St,2023-08-15,Schoolcraft Southfield,-83.188075,42.38634
14074 Cherrylawn St,2023-08-15,Davison-Schoolcraft,-83.153881,42.391103
14545 Cherrylawn St,2023-08-15,Chalfonte,-83.154503,42.395998
19191 Russell St,2023-08-15,Nolan,-83.090958,42.433972
4589 Montclair St,2023-08-15,East Canfield,-82.988635,42.383283
5115 Lillibridge St,2023-08-15,West End,-82.987567,42.387801
5139 Lillibridge St,2023-08-15,West End,-82.987762,42.388094
7180 Julian St,2023-08-15,Midwest,-83.142712,42.35872
8080 Georgia St,2023-08-15,Airport Sub,-83.021086,42.393025
8346 Almont St,2023-08-15,Airport Sub,-83.017497,42.414726
9118 Mansfield St,2023-08-15,Joy Community,-83.203222,42.360876
9141 Raymond Ave,2023-08-15,Airport Sub,-83.008954,42.397524
12437 Laurel St,2023-08-16,Mapleridge,-82.982685,42.421915
12618 Goulburn St,2023-08-16,Gratiot-Findlay,-82.991657,42.423018
12836 Hickory St,2023-08-16,Gratiot-Findlay,-82.9852,42.425145
14281 Greenlawn St,2023-08-16,Davison-Schoolcraft,-83.150207,42.393049
1665 Leslie St,2023-08-16,Dexter-Linwood,-83.109453,42.392824
17193 Mackay St,2023-08-16,Cadillac Heights,-83.076497,42.419966
17222 Mackay St,2023-08-16,Cadillac Heights,-83.075951,42.420385
1976 Leslie St,2023-08-16,Dexter-Linwood,-83.112233,42.392379
1988 Leslie St,2023-08-16,Dexter-Linwood,-83.112432,42.392306
1992 Fullerton St,2023-08-16,Dexter-Linwood,-83.111985,42.391546
2731 Tyler St,2023-08-16,Dexter-Linwood,-83.123179,42.390518
3520 Hurlbut St,2023-08-16,East Village,-82.988978,42.373504
3527 E Willis St,2023-08-16,McDougall-Hunt,-83.027902,42.364146
6375 Clifton St,2023-08-16,Midwest,-83.134737,42.348474
6448 Clifton St,2023-08-16,Midwest,-83.136275,42.348388
8111 E Grixdale St,2023-08-16,Mount Olivet,-83.021923,42.42981
8388 Almont St,2023-08-16,Airport Sub,-83.016813,42.415
11512 Whithorn St,2023-08-17,Gratiot-Findlay,-82.999817,42.412416
12644 Goulburn St,2023-08-17,Gratiot-Findlay,-82.991978,42.423246
13808 Midland St,2023-08-17,Bethune Community,-83.181725,42.405783
5714 28th St,2023-08-17,Midwest,-83.115029,42.347385
6368 Epworth St,2023-08-17,Midwest,-83.12707,42.348842
8238 Almont St,2023-08-17,Airport Sub,-83.019282,42.414055
8896 Kimberly Ct,2023-08-17,Petoskey-Otsego,-83.123634,42.364823
8903 Kimberly Ct,2023-08-17,Petoskey-Otsego,-83.124039,42.365197
8925 Kimberly Ct,2023-08-17,Petoskey-Otsego,-83.123861,42.365439
8937 Kimberly Ct,2023-08-17,Petoskey-Otsego,-83.12375,42.365588
1129 N Solvay St,2023-08-18,Central Southwest,-83.11794,42.304622
1533 Virginia Park St,2023-08-18,Virginia Park Community,-83.091259,42.370675
15406 La Salle Blvd,2023-08-18,Pilgrim Village,-83.124652,42.404598
18038 Goulburn St,2023-08-18,Von Steuben,-82.993008,42.428109
5645 Junction St,2023-08-18,Chadsey Condon,-83.121282,42.344023
6017 28th St,2023-08-18,Midwest,-83.115644,42.348276
6029 28th St,2023-08-18,Midwest,-83.11565,42.348441
7016 Holmes St,2023-08-18,Claytown,-83.13986,42.344268
7032 Sarena St,2023-08-18,Claytown,-83.140779,42.343703
7362 Wheeler St,2023-08-18,Claytown,-83.142942,42.343433
7539 E Grixdale St,2023-08-18,Grant,-83.026561,42.429672
7601 E Hildale St,2023-08-18,Grant,-83.025464,42.430487
8266 Wisner St,2023-08-18,Airport Sub,-83.018777,42.412659
12151 Whithorn St,2023-08-21,Gratiot-Findlay,-82.992873,42.41537
14016 Maine St,2023-08-21,North Campau,-83.073613,42.417345
15053 Faircrest St,2023-08-21,Mapleridge,-82.966762,42.432522
15744 Greenlawn St,2023-08-21,Fitzgerald/Marygrove,-83.15041,42.406871
17151 Westphalia St,2023-08-21,Von Steuben,-82.992455,42.424972
19621 Yacama Rd,2023-08-21,Nolan,-83.097413,42.437664
5900 Commonwealth St,2023-08-21,Elijah McCoy,-83.084404,42.360849
6615 Greenfield,2023-08-21,Warren Ave Community,-83.196498,42.339825
8260 Wisner St,2023-08-21,Airport Sub,-83.018892,42.412615
907 Tennessee St,2023-08-21,Jefferson Chalmers,-82.958594,42.367257
14810 Ilene St,2023-08-22,Bethune Community,-83.161269,42.398141
5651 28th St,2023-08-22,Midwest,-83.115573,42.346466
6078 28th St,2023-08-22,Midwest,-83.115087,42.349104
1165 Newport St,2023-08-23,Riverbend,-82.948051,42.37411
12699 Waltham St,2023-08-23,Gratiot-Findlay,-82.993985,42.422814
12729 Roselawn St,2023-08-23,Littlefield Community,-83.150918,42.382794
1405 Lakeview St,2023-08-23,Riverbend,-82.951929,42.376284
17385 Moran St,2023-08-23,Cadillac Heights,-83.067618,42.422412
3728 Webb St,2023-08-23,Nardin Park,-83.124878,42.379572
6106 Beechwood St,2023-08-23,Midwest,-83.118722,42.349365
7761 Mansfield St,2023-08-23,Warren Ave Community,-83.203003,42.349222
8976 Milner St,2023-08-23,Airport Sub,-83.004407,42.397109
9932 Georgia St,2023-08-23,Airport Sub,-83.004693,42.395702
12274 Flanders St,2023-08-24,Eden Gardens,-82.988671,42.413671
12709 Waltham St,2023-08-24,Gratiot-Findlay,-82.994093,42.422889
12747 Wade St,2023-08-24,Wade,-82.976808,42.404606
12753 Wade St,2023-08-24,Wade,-82.97669,42.404646
14316 Jane St,2023-08-24,Eden Gardens,-82.974857,42.419615
4508 Saint Clair St,2023-08-24,East Canfield,-82.990294,42.381407
6364 Northfield St,2023-08-24,Midwest,-83.123911,42.349929
6401 Floyd St,2023-08-24,Midwest,-83.134626,42.347528
6584 Mather St,2023-08-24,Claytown,-83.14626,42.341965
9115 Louis St,2023-08-24,East Village,-82.99197,42.36615
1177 Clairmount St,2023-08-25,Virginia Park Community,-83.092286,42.378707
12483 Strasburg St,2023-08-25,LaSalle College Park,-82.994221,42.418932
12761 Wade St,2023-08-25,Wade,-82.976573,42.404686
12775 Wade St,2023-08-25,Wade,-82.976337,42.404766
14566 Lannette St,2023-08-25,Outer Drive-Hayes,-82.971029,42.417272
3745 Tuxedo St,2023-08-25,Nardin Park,-83.125365,42.379769
4687 Lillibridge St,2023-08-25,West End,-82.986208,42.385749
4883 Gray St,2023-08-25,Fox Creek,-82.968054,42.391554
5509 Coplin St,2023-08-25,Chandler Park,-82.966817,42.396925
8837 Burnette St,2023-08-25,Midwest,-83.142047,42.359889
12644 Cherrylawn St,2023-08-28,Littlefield Community,-83.153608,42.381574
12766 Wade St,2023-08-28,Ravendale,-82.976205,42.404329
17291 Goulburn St,2023-08-28,Von Steuben,-82.993647,42.426482
19331 Albany St,2023-08-28,Farwell,-83.045312,42.436616
20549 Albany St,2023-08-28,Farwell,-83.045694,42.446977
2543 Eastlawn St,2023-08-28,Riverbend,-82.95302,42.37979
2908 Montclair St,2023-08-28,East Village,-82.980494,42.372323
4504 Lillibridge St,2023-08-28,West End,-82.984233,42.383716
4793 Hurlbut St,2023-08-28,West End,-82.994918,42.381324
6338 Burlingame St,2023-08-28,Oakman Blvd Community,-83.139769,42.373662
6629 May St,2023-08-28,Airport Sub,-83.010304,42.392733
854 Conner St,2023-08-28,Jefferson Chalmers,-82.956803,42.367117
8655 Ruth St,2023-08-28,Airport Sub,-83.01632,42.395812
8935 May St,2023-08-28,Airport Sub,-83.01043,42.395492
9812 Woodlawn Ave,2023-08-28,Airport Sub,-83.004423,42.399432
11394 Abington Ave,2023-08-29,Joy Community,-83.210412,42.371371
20400 Carrie St,2023-08-29,Sherwood,-83.03045,42.446088
4114 W Philadelphia St,2023-08-29,Petoskey-Otsego,-83.118319,42.363247
486 Chalmers St,2023-08-29,Jefferson Chalmers,-82.940134,42.36678
5980 Epworth St,2023-08-29,Midwest,-83.124865,42.345708
6124 Avery St,2023-08-29,Elijah McCoy,-83.0865,42.361613
6416 Wagner St,2023-08-29,Claytown,-83.130375,42.341915
6611 Sparta St,2023-08-29,Midwest,-83.135736,42.346197
8990 Petoskey Ave,2023-08-29,Petoskey-Otsego,-83.121553,42.367405
1049 Military St,2023-08-30,Central Southwest,-83.103251,42.310151
11640 Saint Marys St,2023-08-30,Plymouth-I96,-83.20446,42.373196
13301 Ardmore St,2023-08-30,Schoolcraft Southfield,-83.184128,42.385616
19130 Chester St,2023-08-30,Cornerstone Village,-82.922297,42.422552
19370 Albany St,2023-08-30,Farwell,-83.044763,42.437122
19386 Albany St,2023-08-30,Farwell,-83.044771,42.437342
3469 Rohns St,2023-08-30,East Village,-82.996416,42.369258
5131 Webb St,2023-08-30,Nardin Park,-83.136603,42.37444
6355 Webb St,2023-08-30,Oakman Blvd Community,-83.14016,42.374017
11126 Nottingham Rd,2023-08-31,Yorkshire Woods,-82.944788,42.423273
11630 Yosemite St,2023-08-31,Nardin Park,-83.134519,42.375028
12091 Findlay St,2023-08-31,Gratiot-Findlay,-82.994301,42.415798
12380 Dickerson St,2023-08-31,Mapleridge,-82.983258,42.421685
12450 Waltham St,2023-08-31,Gratiot-Findlay,-82.990602,42.421101
13224 Hubbell St,2023-08-31,Schoolcraft Southfield,-83.18801,42.384484
1546 Kendall St,2023-08-31,Pilgrim Village,-83.112571,42.402133
2239 Elmhurst St,2023-08-31,Dexter-Linwood,-83.110129,42.386433
2995 Clairmount St,2023-08-31,Jamison,-83.112731,42.370961
3003 Clairmount St,2023-08-31,Jamison,-83.112846,42.370917
3132 Medbury St,2023-08-31,Poletown East,-83.03971,42.374826
3502 Anderdon Ave,2023-08-31,Riverbend,-82.965178,42.382083
3642 Holborn St,2023-08-31,Poletown East,-83.034536,42.377688
3745 Gladstone St,2023-08-31,Petoskey-Otsego,-83.116569,42.366932
4176 Guilford St,2023-08-31,Cornerstone Village,-82.923126,42.401669
5125 Webb St,2023-08-31,Nardin Park,-83.136503,42.374476
9649 Winthrop St,2023-08-31,Joy Community,-83.198887,42.367492
12626 Waltham St,2023-09-01,Gratiot-Findlay,-82.992558,42.422477
13241 Strathmoor St,2023-09-01,Schoolcraft Southfield,-83.187647,42.384713
13525 Manning St,2023-09-01,Pulaski,-82.985952,42.440813
14211 Lauder St,2023-09-01,Hubbell-Lyndon,-83.190739,42.391159
17185 Dean St,2023-09-01,Davison,-83.061766,42.42
18085 Conley St,2023-09-01,Krainz Woods,-83.052327,42.427343
7755 Helen St,2023-09-01,Airport Sub,-83.030281,42.387857
8931 Culver St,2023-09-01,Airport Sub,-83.00774,42.395901
9136 Armour St,2023-09-01,Airport Sub,-83.005483,42.397885
9549 Winthrop St,2023-09-01,Joy Community,-83.198828,42.366148
11400 Nardin Park,2023-09-05,Nardin Park,-83.134997,42.373852
11707 Lauder St,2023-09-05,Plymouth-Hubbell,-83.190281,42.374354
14299 Cruse St,2023-09-05,Grand River-I96,-83.183352,42.392537
4819 Ashland St,2023-09-05,Fox Creek,-82.954604,42.395429
5095 Harding St,2023-09-05,West End,-82.992628,42.385465
5265 Harding St,2023-09-05,West End,-82.994125,42.387555
5278 Harding St,2023-09-05,West End,-82.993681,42.387941
5286 Harding St,2023-09-05,West End,-82.993733,42.388014
5843 Hazlett St,2023-09-05,Midwest,-83.1225,42.345087
11410 Belleterre St,2023-09-06,Nardin Park,-83.136981,42.373135
12034 Yosemite St,2023-09-06,Nardin Park,-83.136098,42.377345
122 W Nevada St,2023-09-06,Grixdale Farms,-83.104461,42.424704
3677 E Willis St,2023-09-06,McDougall-Hunt,-83.025522,42.365203
4127 Grandy St,2023-09-06,McDougall-Hunt,-83.035036,42.360297
4603 Mount Elliott St,2023-09-06,McDougall-Hunt,-83.026015,42.367301
4607 Farmbrook St,2023-09-06,Cornerstone Village,-82.918402,42.407705
5926 Seneca St,2023-09-06,Gratiot Town/Kettering,-83.01294,42.385635
8998 Vinton Ave,2023-09-06,Airport Sub,-83.009042,42.396622
9164 Fischer St,2023-09-06,Airport Sub,-83.016229,42.397319
13971 Saint Aubin St,2023-09-07,North Campau,-83.079169,42.41455
15811 Littlefield St,2023-09-07,Bethune Community,-83.17646,42.407814
15822 Linwood St,2023-09-07,Pilgrim Village,-83.127189,42.408188
18801 Healy St,2023-09-07,Krainz Woods,-83.055615,42.431546
18830 Healy St,2023-09-07,Krainz Woods,-83.055049,42.43194
18861 Healy St,2023-09-07,Krainz Woods,-83.055651,42.432313
19166 Andover St,2023-09-07,Nolan,-83.09885,42.433393
19336 Keating St,2023-09-07,Nolan,-83.099991,42.435474
19339 Keating St,2023-09-07,Nolan,-83.100635,42.435458
20130 Coventry St,2023-09-07,Nolan,-83.101302,42.44265
3656 E Ferry St,2023-09-07,Poletown East,-83.031731,42.373806
14214 Arlington St,2023-09-08,North Campau,-83.075565,42.416968
14235 Stansbury St,2023-09-08,Grand River-I96,-83.182131,42.391719
15348 Ilene St,2023-09-08,Bethune Community,-83.161533,42.403265
15866 Westbrook St,2023-09-08,Brightmoor,-83.250356,42.406856
15881 Blackstone St,2023-09-08,Brightmoor,-83.249877,42.407038
17530 Pierson St,2023-09-08,Holcomb Community,-83.246138,42.419492
18110 Mitchell St,2023-09-08,Northeast Central District,-83.071431,42.427485
20158 Yacama Rd,2023-09-08,Nolan,-83.097034,42.443132
2652 Superior St,2023-09-08,McDougall-Hunt,-83.035872,42.360075
6628 Crane St,2023-09-08,Airport Sub,-83.013526,42.391653
6634 Crane St,2023-09-08,Airport Sub,-83.013577,42.391726
8561 Quincy St,2023-09-08,Petoskey-Otsego,-83.120893,42.362884
8713 Quincy St,2023-09-08,Petoskey-Otsego,-83.119778,42.364833
8983 Clarion St,2023-09-08,Airport Sub,-83.006889,42.39681
9003 Edgewood Ave,2023-09-08,Airport Sub,-83.013469,42.397976
13508 Arlington St,2023-09-11,North Campau,-83.072926,42.413083
14367 Prevost St,2023-09-11,Greenfield-Grand River,-83.202963,42.392683
14656 Indiana St,2023-09-11,Chalfonte,-83.157084,42.397484
17335 Conley St,2023-09-11,Davison,-83.052069,42.421544
3172 E Palmer St,2023-09-11,Poletown East,-83.037877,42.373024
3253 Glynn Ct,2023-09-11,Dexter-Linwood,-83.118758,42.376294
4051 Humphrey St,2023-09-11,Nardin Park,-83.126592,42.376773
4095 Tuxedo St,2023-09-11,Nardin Park,-83.128652,42.378524
4860 Drexel St,2023-09-11,Fox Creek,-82.964298,42.392535
51 W Dakota Ave,2023-09-11,Grixdale Farms,-83.102798,42.419564
5409 Helen St,2023-09-11,Gratiot Town/Kettering,-83.022998,42.376284
5998 Fischer St,2023-09-11,Gratiot Town/Kettering,-83.011651,42.387304
8818 Quincy St,2023-09-11,Petoskey-Otsego,-83.11975,42.366478
8900 Quincy St,2023-09-11,Petoskey-Otsego,-83.120026,42.366872
9507 Edgewood Ave,2023-09-11,Airport Sub,-83.009486,42.398192
1119 PATRICIA,2023-09-12,Boynton,-83.148527,42.281782
1126 S Liebold St,2023-09-12,Boynton,-83.148276,42.280936
12131 Maiden St,2023-09-12,Wade,-82.984227,42.402945
12137 Maiden St,2023-09-12,Wade,-82.984109,42.402986
13521 Arlington St,2023-09-12,North Campau,-83.07352,42.413044
13551 Arlington St,2023-09-12,North Campau,-83.073769,42.413412
1400 S Liebold St,2023-09-12,Boynton,-83.149992,42.278833
1437 S Patricia St,2023-09-12,Boynton,-83.15071,42.278607
15357 Lamphere St,2023-09-12,Brightmoor,-83.262183,42.401571
15708 Alden St,2023-09-12,Pilgrim Village,-83.130258,42.406715
15804 Alden St,2023-09-12,Pilgrim Village,-83.130316,42.408011
15914 Linwood St,2023-09-12,Pilgrim Village,-83.127249,42.409436
16202 Lamphere St,2023-09-12,Riverdale,-83.261696,42.408524
3106 Chene St,2023-09-12,McDougall-Hunt,-83.032475,42.35367
4059 Tuxedo St,2023-09-12,Nardin Park,-83.128048,42.37875
5112 Montclair St,2023-09-12,West End,-82.990283,42.386675
5944 Lucky Pl,2023-09-12,Poletown East,-83.037786,42.376639
7557 Stockton St,2023-09-12,Grant,-83.026184,42.428871
14023 Robson St,2023-09-13,Cadillac Community,-83.192967,42.388998
2337 Tyler St,2023-09-13,Dexter-Linwood,-83.117357,42.392812
2475 Pasadena St,2023-09-13,Oakman Blvd Community,-83.121949,42.395692
3626 Holborn St,2023-09-13,Poletown East,-83.03481,42.377588
3775 Belvidere St,2023-09-13,Gratiot Woods,-82.996069,42.372451
4235 Tuxedo St,2023-09-13,Nardin Park,-83.129427,42.378219
5009 Ivanhoe St,2023-09-13,Midwest,-83.123467,42.358438
5019 Ivanhoe St,2023-09-13,Midwest,-83.123589,42.358392
5455 Roosevelt St,2023-09-13,Midwest,-83.105631,42.34861
8261 Artesian St,2023-09-13,Warrendale,-83.226402,42.353168
9435 Woodlawn Ave,2023-09-13,Airport Sub,-83.0104,42.399706
11760 Payton St,2023-09-14,Denby,-82.961214,42.421404
12752 Evanston St,2023-09-14,Ravendale,-82.975138,42.402181
1303 Atwater St,2023-09-14,Rivertown,-83.03247,42.331518
15045 Mapleridge St,2023-09-14,Mapleridge,-82.966818,42.429472
1663 Waterman St,2023-09-14,Central Southwest,-83.113952,42.311655
19434 Greydale Ave,2023-09-14,Evergreen Lahser 7/8,-83.256876,42.433351
3041 Townsend St,2023-09-14,Islandview,-83.008285,42.363143
3878 Fischer Ave,2023-09-14,Gratiot Woods,-83.000639,42.37206
4800 Farmbrook St,2023-09-14,Cornerstone Village,-82.918209,42.408423
5296 Spokane St,2023-09-14,Midwest,-83.127746,42.358351
5937 Seminole St,2023-09-14,Gratiot Town/Kettering,-83.01556,42.384816
11733 Otsego St,2023-09-15,Nardin Park,-83.130766,42.377694
13501 Syracuse St,2023-09-15,Davison,-83.044945,42.416883
14675 Santa Rosa Dr,2023-09-15,Chalfonte,-83.142551,42.397892
14826 Santa Rosa Dr,2023-09-15,Chalfonte,-83.141956,42.398545
17821 Conant St,2023-09-15,Cadillac Heights,-83.06765,42.424008
17880 McDougall St,2023-09-15,Cadillac Heights,-83.070739,42.424611
17930 Fleming St,2023-09-15,Cadillac Heights,-83.079152,42.425184
5268 Spokane St,2023-09-15,Midwest,-83.127252,42.358538
11821 Otsego St,2023-09-18,Nardin Park,-83.131102,42.378202
12115 Otsego St,2023-09-18,Nardin Park,-83.131986,42.379552
13519 Dequindre St,2023-09-18,North Campau,-83.07883,42.411059
1435 W Grand Blvd,2023-09-18,Chadsey Condon,-83.10661,42.342156
14570 San Juan Dr,2023-09-18,Chalfonte,-83.145332,42.396461
4859 Dickerson St,2023-09-18,Fox Creek,-82.966814,42.391636
5062 Ivanhoe St,2023-09-18,Midwest,-83.124657,42.358546
5063 Spokane St,2023-09-18,Midwest,-83.124904,42.358869
5068 Ivanhoe St,2023-09-18,Midwest,-83.124755,42.358508
5083 Vancouver St,2023-09-18,Midwest,-83.124093,42.357163
7465 Emily St,2023-09-18,Grant,-83.02808,42.427982
12042 Rosemary Ave,2023-09-19,Eden Gardens,-82.989894,42.409158
12315 Greenlawn St,2023-09-19,Littlefield Community,-83.149781,42.379384
15460 Manor St,2023-09-19,Bethune Community,-83.168154,42.404949
15503 Manor St,2023-09-19,Bethune Community,-83.168785,42.405543
3865 Holcomb St,2023-09-19,Gratiot Woods,-82.997758,42.373137
4078 Pingree St,2023-09-19,Petoskey-Otsego,-83.11822,42.36416
4115 Pingree St,2023-09-19,Petoskey-Otsego,-83.118522,42.363547
4197 Holcomb St,2023-09-19,Gratiot Woods,-82.998975,42.374831
4444 Maxwell St,2023-09-19,Gratiot-Grand,-83.007837,42.373368
8032 E Canfield St,2023-09-19,Gratiot-Grand,-83.008802,42.371871
12102 Monica St,2023-09-20,Oakman Blvd Community,-83.142072,42.377598
13558 Orleans St,2023-09-20,North Campau,-83.079559,42.411435
14130 Sorrento St,2023-09-20,Happy Homes,-83.171823,42.390502
17801 Klinger St,2023-09-20,Cadillac Heights,-83.068319,42.423607
4107 Pingree St,2023-09-20,Petoskey-Otsego,-83.118404,42.36359
4426 Seminole St,2023-09-20,Pingree Park,-83.006705,42.373551
5074 Ivanhoe St,2023-09-20,Midwest,-83.124853,42.35847
5335 Maplewood St,2023-09-20,Midwest,-83.128561,42.358461
5344 Maplewood St,2023-09-20,Midwest,-83.129088,42.358813
8054 Pressler St,2023-09-20,Airport Sub,-83.021446,42.39141
8419 Longworth St,2023-09-20,Springwells,-83.127817,42.303956
8953 Astor St,2023-09-20,Airport Sub,-83.017137,42.394535
12736 Monica St,2023-09-21,Oakman Blvd Community,-83.142328,42.383113
13997 McDougall St,2023-09-21,North Campau,-83.069999,42.418374
14904 Sorrento St,2023-09-21,Bethune Community,-83.172091,42.399196
17368 Moran St,2023-09-21,Cadillac Heights,-83.066952,42.422362
17435 Charest St,2023-09-21,Cadillac Heights,-83.070288,42.423079
19140 Hershey St,2023-09-21,Penrose,-83.110941,42.432849
5081 Ivanhoe St,2023-09-21,Midwest,-83.124625,42.357996
5922 Whitewood St,2023-09-21,Midwest,-83.119701,42.347538
13569 Ryan Rd,2023-09-22,Davison,-83.061796,42.417191
13978 Arlington St,2023-09-22,North Campau,-83.075017,42.416178
17391 Moran St,2023-09-22,Cadillac Heights,-83.06767,42.422485
17850 Goddard St,2023-09-22,Cadillac Heights,-83.07809,42.424127
3528 Dickerson St,2023-09-22,Riverbend,-82.961111,42.383993
4315 Audubon Rd,2023-09-22,Morningside,-82.935171,42.398514
5382 Linsdale St,2023-09-22,Midwest,-83.130181,42.359333
5388 Ivanhoe St,2023-09-22,Midwest,-83.128743,42.356994
7016 Alaska St,2023-09-22,Midwest,-83.140276,42.355692
1469 Virginia Park St,2023-09-24,Virginia Park Community,-83.090212,42.371088
11861 Wisconsin St,2023-09-25,Littlefield Community,-83.155968,42.376452
13225 Lauder St,2023-09-25,Schoolcraft Southfield,-83.190675,42.384391
15385 Petoskey Ave,2023-09-25,Pilgrim Village,-83.139512,42.404208
15803 Virgil St,2023-09-25,Brightmoor,-83.271698,42.405695
3670 E Kirby St,2023-09-25,Poletown East,-83.030887,42.372869
5422 Field St,2023-09-25,Gratiot Town/Kettering,-83.019897,42.377652
5710 Seminole St,2023-09-25,Gratiot Town/Kettering,-83.013751,42.383268
5907 Field St,2023-09-25,Gratiot Town/Kettering,-83.023067,42.381334
6137 Field St,2023-09-25,Gratiot Town/Kettering,-83.024298,42.38318
7581 Holmes St,2023-09-25,Claytown,-83.145161,42.343709
13911 Fleming St,2023-09-26,North Campau,-83.076742,42.414531
14202 Maine St,2023-09-26,North Campau,-83.073713,42.417492
14219 Sorrento St,2023-09-26,Happy Homes,-83.172478,42.391663
14250 Maine St,2023-09-26,North Campau,-83.074113,42.41808
15882 Evanston St,2023-09-26,Outer Drive-Hayes,-82.949569,42.409328
17131 Maine St,2023-09-26,Cadillac Heights,-83.07547,42.419146
17359 Klinger St,2023-09-26,Cadillac Heights,-83.068271,42.422128
17899 Goddard St,2023-09-26,Cadillac Heights,-83.078686,42.424861
19343 Fleming St,2023-09-26,Nolan,-83.07967,42.436107
5069 Spokane St,2023-09-26,Midwest,-83.125026,42.358824
5164 S Clarendon St,2023-09-26,Midwest,-83.129588,42.360485
5174 Grand River Ave,2023-09-26,Woodbridge,-83.092426,42.350282
5384 Allendale St,2023-09-26,Midwest,-83.126278,42.353818
9240 Avis St,2023-09-26,Springwells,-83.135241,42.302979
13814 Goddard St,2023-09-27,North Campau,-83.074547,42.413864
13838 Goddard St,2023-09-27,North Campau,-83.074746,42.414158
13952 Goddard St,2023-09-27,North Campau,-83.075692,42.415557
17209 Justine St,2023-09-27,Davison,-83.058528,42.420351
17369 Klinger St,2023-09-27,Cadillac Heights,-83.068273,42.422252
18850 Goddard St,2023-09-27,Northeast Central District,-83.07786,42.431273
18894 Maine St,2023-09-27,Northeast Central District,-83.075667,42.431861
5546 Field St,2023-09-27,Gratiot Town/Kettering,-83.020757,42.378953
5692 Seminole St,2023-09-27,Gratiot Town/Kettering,-83.013593,42.383051
5716 Seminole St,2023-09-27,Gratiot Town/Kettering,-83.013803,42.383341
14903 Pinehurst St,2023-09-28,Bethune Community,-83.166348,42.399297
17191 Justine St,2023-09-28,Davison,-83.058523,42.420104
17610 Marx St,2023-09-28,Cadillac Heights,-83.083309,42.423583
17827 Gallagher St,2023-09-28,Cadillac Heights,-83.06931,42.423892
18106 Mackay St,2023-09-28,Northeast Central District,-83.076588,42.427371
5079 S Martindale St,2023-09-28,Midwest,-83.129045,42.361534
5328 Pacific St,2023-09-28,Midwest,-83.125955,42.354961
5415 Baldwin St,2023-09-28,Gratiot Town/Kettering,-83.017287,42.378443
5713 Seminole St,2023-09-28,Gratiot Town/Kettering,-83.014302,42.383083
5916 Malcolm St,2023-09-28,Chandler Park,-82.984764,42.396084
1000 Farmer St,2023-09-29,Downtown,-83.044804,42.332877
12011 Cloverlawn St,2023-09-29,Littlefield Community,-83.15187,42.376176
12311 Cloverlawn St,2023-09-29,Littlefield Community,-83.151954,42.37929
5176 S Martindale St,2023-09-29,Midwest,-83.130897,42.360898
5182 S Martindale St,2023-09-29,Midwest,-83.130996,42.360861
815 Bates St,2023-09-29,Downtown,-83.044667,42.332912
13994 Minock St,2023-10-02,Westwood Park,-83.232921,42.387796
15055 Lesure St,2023-10-02,Bethune Community,-83.181487,42.400671
15874 Belden St,2023-10-02,Pilgrim Village,-83.135264,42.408803
17156 Justine St,2023-10-02,Davison,-83.057881,42.419623
17874 Charest St,2023-10-02,Cadillac Heights,-83.069747,42.42454
18577 Anglin St,2023-10-02,Northeast Central District,-83.075145,42.42944
19386 Omira St,2023-10-02,Nolan,-83.095763,42.436268
20211 Terrell St,2023-10-02,Conner Creek,-83.022745,42.445277
5614 23rd St,2023-10-02,Midwest,-83.102408,42.350552
6413 Ironwood St,2023-10-02,Midwest,-83.121533,42.351434
6447 Barlum St,2023-10-02,Claytown,-83.131628,42.342797
17403 Waltham St,2023-10-03,Von Steuben,-82.994839,42.42676
17422 Goddard St,2023-10-03,Cadillac Heights,-83.077983,42.421379
17934 Arlington St,2023-10-03,Cadillac Heights,-83.077145,42.425297
4001 W McNichols Rd,2023-10-03,Martin Park,-83.137081,42.412940999999996
5119 Tillman St,2023-10-03,Chadsey Condon,-83.099221,42.34729
5565 Linsdale St,2023-10-03,Midwest,-83.131662,42.358256
9061 American St,2023-10-03,Midwest,-83.144318,42.361607
9096 American St,2023-10-03,Midwest,-83.14373,42.362113
13862 Arlington St,2023-10-04,North Campau,-83.074072,42.41478
17839 McDougall St,2023-10-04,Cadillac Heights,-83.071268,42.424028
17844 Mitchell St,2023-10-04,Cadillac Heights,-83.0717,42.4241
3366 E Warren Ave,2023-10-04,McDougall-Hunt,-83.032895,42.368305
4521 E McNichols Rd,2023-10-04,Davison,-83.057663,42.418993
12741 Greiner St,2023-10-05,Von Steuben,-82.993577,42.427745
14535 Fielding St,2023-10-05,Brightmoor,-83.242733,42.393957
14938 Cruse St,2023-10-05,Bethune Community,-83.18293,42.399155
18028 Maine St,2023-10-05,Northeast Central District,-83.075466,42.426256
19203 Pierson St,2023-10-05,Evergreen Lahser 7/8,-83.247754,42.430923
3144 S Electric St,2023-10-05,Boynton,-83.162228,42.265278
3863 Nancy St,2023-10-05,Davison,-83.063654,42.421121
5027 Belvidere St,2023-10-05,Gratiot Woods,-83.001929,42.380704
5174 Belvidere St,2023-10-05,Gratiot Woods,-83.002626,42.382748
5693 Parkdale Ter,2023-10-05,Chadsey Condon,-83.1226,42.344163
5745 Baldwin St,2023-10-05,Gratiot Town/Kettering,-83.018918,42.380892
5938 Iroquois St,2023-10-05,Gratiot Town/Kettering,-83.014031,42.385411
5992 Iroquois St,2023-10-05,Gratiot Town/Kettering,-83.014503,42.386064
6009 Seneca St,2023-10-05,Gratiot Town/Kettering,-83.014247,42.386459
6016 Iroquois St,2023-10-05,Gratiot Town/Kettering,-83.014712,42.386355
8411 Lynch Rd,2023-10-05,Airport Sub,-83.015462,42.405426
8768 Olivet St,2023-10-05,Springwells,-83.127598,42.299686
8941 Petoskey Ave,2023-10-05,Petoskey-Otsego,-83.121577,42.366535
12737 Camden Ave,2023-10-06,Ravendale,-82.976493,42.403872
13932 Meyers Rd,2023-10-06,Northwest Community,-83.168422,42.388984
14607 Northlawn St,2023-10-06,Chalfonte,-83.153514,42.396854
17211 Anglin St,2023-10-06,Cadillac Heights,-83.074604,42.420261000000004
17320 Goulburn St,2023-10-06,Von Steuben,-82.993039,42.426979
19428 Saint Aubin St,2023-10-06,Nolan,-83.081435,42.437229
5287 23rd St,2023-10-06,Chadsey Condon,-83.101752,42.348232
12525 Camden Ave,2023-10-09,Ravendale,-82.979391,42.402871
12615 Camden Ave,2023-10-09,Ravendale,-82.977912,42.403378
12809 Camden Ave,2023-10-09,Ravendale,-82.975267,42.404288
13928 Anglin St,2023-10-09,North Campau,-83.071977,42.416566
18421 Patton St,2023-10-09,Holcomb Community,-83.245478,42.424655
18524 Anglin St,2023-10-09,Northeast Central District,-83.074551,42.428742
19255 Riopelle St,2023-10-09,Nolan,-83.086967,42.43498
19390 Marx St,2023-10-09,Nolan,-83.08384,42.436694
4975 Daniels St,2023-10-09,Claytown,-83.129239,42.335008
5322 Ivanhoe St,2023-10-09,Midwest,-83.127681,42.357397
5756 Maxwell Ave,2023-10-09,Gratiot Town/Kettering,-83.014546,42.382683
9016 Vinton Ave,2023-10-09,Airport Sub,-83.009079,42.396853
15711 Ardmore St,2023-10-10,Bethune Community,-83.184903,42.405804
16192 Prairie St,2023-10-10,Fitzgerald/Marygrove,-83.144609,42.411219
17167 Fenelon St,2023-10-10,Davison,-83.053105,42.41988
17197 Fenelon St,2023-10-10,Davison,-83.053112,42.420291
17226 Gitre St,2023-10-10,Von Steuben,-82.989876,42.42685
19185 Andover St,2023-10-10,Nolan,-83.099501,42.433625
19261 Hanna St,2023-10-10,Nolan,-83.090054,42.434974
19375 Andover St,2023-10-10,Nolan,-83.09956,42.435985
2415 S Liddesdale St,2023-10-10,Boynton,-83.155359,42.270583
5960 Lakepointe St,2023-10-10,Morningside,-82.955982,42.405635
8928 Clarion St,2023-10-10,Airport Sub,-83.006224,42.396115
12716 Wade St,2023-10-11,Ravendale,-82.977027,42.404046
15106 Park Grove St,2023-10-11,Mapleridge,-82.965664,42.429816
16251 Sussex St,2023-10-11,Hubbell-Puritan,-83.195712,42.411055
17183 Joann St,2023-10-11,Von Steuben,-82.989426,42.426528
17315 Orleans St,2023-10-11,Cadillac Heights,-83.085103,42.420417
17331 Orleans St,2023-10-11,Cadillac Heights,-83.085115,42.420664
17337 Orleans St,2023-10-11,Cadillac Heights,-83.085119,42.420746
17351 Orleans St,2023-10-11,Cadillac Heights,-83.085126,42.42091
18444 Westphalia St,2023-10-11,Von Steuben,-82.991879,42.43004
18817 Brinker St,2023-10-11,Northeast Central District,-83.074158,42.430794
18871 Anglin St,2023-10-11,Northeast Central District,-83.07521,42.431509
6334 Whitewood St,2023-10-11,Midwest,-83.119842,42.350333
6462 Clifton St,2023-10-11,Midwest,-83.136495,42.348299
8928 Culver St,2023-10-11,Airport Sub,-83.007185,42.395956
13364 Evanston St,2023-10-12,Outer Drive-Hayes,-82.969435,42.403865
13491 Gable St,2023-10-12,Davison,-83.042112,42.416835
14171 Cedargrove St,2023-10-12,Mapleridge,-82.977744,42.425673
14182 Burgess St,2023-10-12,Brightmoor,-83.253645,42.389577
17184 Joann St,2023-10-12,Franklin,-82.988829,42.426648
17196 Hasse St,2023-10-12,Davison,-83.055652,42.420242
17280 Westphalia St,2023-10-12,Von Steuben,-82.991944,42.42681
17850 Mitchell St,2023-10-12,Cadillac Heights,-83.071702,42.424183
18618 Westphalia St,2023-10-12,Von Steuben,-82.991932,42.431478
18866 Greeley St,2023-10-12,Hawthorne Park,-83.087332,42.43132
19142 Cardoni St,2023-10-12,Nolan,-83.091369,42.433288
19366 Danbury St,2023-10-12,Penrose,-83.106001,42.435248
19395 Albany St,2023-10-12,Farwell,-83.045334,42.43744
19434 Danbury St,2023-10-12,Penrose,-83.106025,42.436154
20103 Coventry St,2023-10-12,Nolan,-83.101927,42.442266
2510 Tuxedo St,2023-10-12,Dexter-Linwood,-83.114353,42.384426
5018 Holcomb Ave,2023-10-12,Gratiot Woods,-83.002336,42.380454
8926 Astor St,2023-10-12,Airport Sub,-83.016558,42.394246
8964 Clarion St,2023-10-12,Airport Sub,-83.006293,42.396566
9427 Peter Hunt St,2023-10-12,Airport Sub,-83.009773,42.393746
13488 Syracuse St,2023-10-13,Davison,-83.044429,42.416688
13504 Syracuse St,2023-10-13,Davison,-83.044436,42.416963
13511 McDougall St,2023-10-13,North Campau,-83.067731,42.415044
13638 Cedargrove St,2023-10-13,Mapleridge,-82.981276,42.425152
13710 Saint Louis St,2023-10-13,Davison,-83.03909,42.417532
13771 Conley St,2023-10-13,Davison,-83.052035,42.418131
14205 Braile St,2023-10-13,Brightmoor,-83.244717,42.390036
17225 Joann St,2023-10-13,Von Steuben,-82.98945,42.427077
19165 Derby St,2023-10-13,Penrose,-83.104426,42.433245
19236 Greeley St,2023-10-13,Nolan,-83.087466,42.4347
19415 Albany St,2023-10-13,Farwell,-83.04534,42.437676
5147 Van Dyke St,2023-10-13,Gratiot-Grand,-83.014258,42.377697
5517 Sheridan St,2023-10-13,Gratiot Town/Kettering,-83.020098,42.378768
7043 Longyear St,2023-10-13,Gratiot Town/Kettering,-83.025144,42.38153
7744 Montrose St,2023-10-13,Warren Ave Community,-83.198611,42.349066
8052 Medbury St,2023-10-13,Gratiot Town/Kettering,-83.016712,42.383325
8127 Dill Pl,2023-10-13,Delray,-83.117616,42.294209
8952 Isham Ave,2023-10-13,Airport Sub,-83.010879,42.395623
9386 Pierson St,2023-10-13,Franklin Park,-83.244294,42.364071
18888 Gable St,2023-10-16,Grant,-83.042389,42.43303
19126 Saint Louis St,2023-10-16,Farwell,-83.039881,42.43415
19331 Hawthorne St,2023-10-16,Nolan,-83.092988,42.435577
19368 Exeter St,2023-10-16,Penrose,-83.10496,42.435252
19386 Exeter St,2023-10-16,Penrose,-83.104966,42.435532
19435 Exeter St,2023-10-16,Penrose,-83.105569,42.436157
3807 Pingree St,2023-10-16,Petoskey-Otsego,-83.116185,42.36443
13951 McDougall St,2023-10-17,North Campau,-83.069648,42.417837
19423 Albany St,2023-10-17,Farwell,-83.045344,42.437796
19693 Orleans St,2023-10-17,Nolan,-83.085854,42.438973
5810 Rohns St,2023-10-17,Gratiot Woods,-83.007541,42.385914
5829 Seneca St,2023-10-17,Gratiot Town/Kettering,-83.012666,42.384294
6437 Sparta St,2023-10-17,Midwest,-83.134634,42.346539
8230 Burt Rd,2023-10-17,Warrendale,-83.245122,42.352445
14147 Trinity St,2023-10-18,Brightmoor,-83.248056,42.389145
15339 La Salle Blvd,2023-10-18,Pilgrim Village,-83.125214,42.403619
15365 Trinity St,2023-10-18,Brightmoor,-83.248592,42.40188
15451 Burgess St,2023-10-18,Brightmoor,-83.254824,42.402906
16246 Prairie St,2023-10-18,Fitzgerald/Marygrove,-83.144642,42.411987
19396 Albany St,2023-10-18,Farwell,-83.044776,42.437452
3877 Merrick St,2023-10-18,Chadsey Condon,-83.106189,42.345288
11472 Whithorn St,2023-10-19,Gratiot-Findlay,-83.000472,42.412184
11721 Whithorn St,2023-10-19,Gratiot-Findlay,-82.998303,42.413453
11777 Minden St,2023-10-19,LaSalle College Park,-82.99871,42.416059
12682 Waltham St,2023-10-19,Gratiot-Findlay,-82.99331,42.423006
13850 Saint Aubin St,2023-10-19,North Campau,-83.077548,42.413314
15071 Westbrook St,2023-10-19,Brightmoor,-83.25092,42.398934
15426 Burt Rd,2023-10-19,Brightmoor,-83.246857,42.40277
17193 Goulburn St,2023-10-19,Von Steuben,-82.993606,42.42514
17374 Orleans St,2023-10-19,Cadillac Heights,-83.084454,42.421258
17385 Orleans St,2023-10-19,Cadillac Heights,-83.08515,42.421404
17398 Orleans St,2023-10-19,Cadillac Heights,-83.084469,42.421608
18840 Orleans St,2023-10-19,Northeast Central District,-83.084872,42.431004
18877 Anglin St,2023-10-19,Northeast Central District,-83.075213,42.431613
19130 Syracuse St,2023-10-19,Farwell,-83.045681,42.434049
19209 Andover St,2023-10-19,Nolan,-83.099509,42.433955
19429 Albany St,2023-10-19,Farwell,-83.045347,42.437917
5736 Field St,2023-10-19,Gratiot Town/Kettering,-83.021376,42.379891
58 Parsons St,2023-10-19,Midtown,-83.060069,42.34829
598 S Cottrell St,2023-10-19,Delray,-83.110156,42.296243
13875 Charest St,2023-10-20,North Campau,-83.0681,42.417186
15838 W Parkway St,2023-10-20,Brightmoor,-83.26656,42.40629
16151 Woodbine St,2023-10-20,South of Six,-83.278431,42.408054
18873 Syracuse St,2023-10-20,Krainz Woods,-83.0463,42.432716
19215 Andover St,2023-10-20,Nolan,-83.099511,42.434037
19422 Albany St,2023-10-20,Farwell,-83.044789,42.437808
19432 Fleming St,2023-10-20,Nolan,-83.078986,42.437353
19458 Albany St,2023-10-20,Farwell,-83.044809,42.438298
2000 W Davison St,2023-10-20,Oakman Blvd Community,-83.115213,42.395897
5316 Oregon St,2023-10-20,Midwest,-83.126337,42.355852
5836 Chopin St,2023-10-20,Claytown,-83.13871,42.338974
6019 Chopin St,2023-10-20,Claytown,-83.140705,42.340791
6532 Stanford,2023-10-20,Midwest,-83.114374,42.352411
7709 Epworth St,2023-10-20,Midwest,-83.130979,42.352947
8808 Mackinaw St,2023-10-20,Petoskey-Otsego,-83.122802,42.36529
8907 Mackinaw St,2023-10-20,Petoskey-Otsego,-83.12358,42.365895
12381 Wisconsin St,2023-10-23,Littlefield Community,-83.156102,42.380205
12813 Mark Twain St,2023-10-23,Schoolcraft Southfield,-83.186286,42.383109
14199 Westbrook St,2023-10-23,Brightmoor,-83.250592,42.389827
14657 Blackstone St,2023-10-23,Brightmoor,-83.249466,42.395462
17220 Hasse St,2023-10-23,Davison,-83.055659,42.420572
18601 Keystone St,2023-10-23,Krainz Woods,-83.051403,42.429931
19600 Albany St,2023-10-23,Farwell,-83.04481,42.438535
3184 Gilbert St,2023-10-23,Michigan-Martin,-83.117328,42.325241
3341 Gladstone St,2023-10-23,Jamison,-83.114879,42.367563
4023 Montgomery St,2023-10-23,Petoskey-Otsego,-83.114599,42.360523
13881 Charest St,2023-10-24,North Campau,-83.068149,42.41726
14022 Maine St,2023-10-24,North Campau,-83.073663,42.417419
14810 Dacosta St,2023-10-24,Brightmoor,-83.259996,42.395613
17229 Joseph Campau St,2023-10-24,Cadillac Heights,-83.073381,42.420517
12336 Indiana St,2023-10-25,Littlefield Community,-83.156513,42.37961
12636 Northlawn St,2023-10-25,Littlefield Community,-83.152466,42.381512
15853 Fairmount Dr,2023-10-25,Regent Park,-82.957442,42.444996
17234 Cameron St,2023-10-25,Greenfield Park,-83.093219,42.420066
17274 McDougall St,2023-10-25,Cadillac Heights,-83.070646,42.421013
18681 Caldwell St,2023-10-25,Krainz Woods,-83.047302,42.431068
18685 Conley St,2023-10-25,Krainz Woods,-83.052472,42.430992
19243 Keating St,2023-10-25,Nolan,-83.100599,42.434415
19326 Keating St,2023-10-25,Nolan,-83.099986,42.435309
19610 Albany St,2023-10-25,Farwell,-83.044814,42.438631
19616 Albany St,2023-10-25,Farwell,-83.044817,42.438727
3737 Carter St,2023-10-25,Petoskey-Otsego,-83.115982,42.366276
5222 Saint Clair St,2023-10-25,West End,-82.994211,42.386841
11806 Maiden St,2023-10-26,Wade,-82.987337,42.401367
13759 Sherwood St,2023-10-26,Airport Sub,-83.033165,42.41833
15126 Dacosta St,2023-10-26,Brightmoor,-83.260818,42.399324
15775 W Parkway St,2023-10-26,Brightmoor,-83.267244,42.405453
15800 W Parkway St,2023-10-26,Brightmoor,-83.266539,42.40581
15835 Rossini Dr,2023-10-26,Regent Park,-82.957717,42.444105
18690 Hasse St,2023-10-26,Krainz Woods,-83.056052,42.431001
19613 Albany St,2023-10-26,Farwell,-83.045381,42.438674
5141 Fairview St,2023-10-26,West End,-82.988737,42.387679
5466 Linwood St,2023-10-26,NW Goldberg,-83.09369,42.352514
5848 Springfield St,2023-10-26,West End,-82.992028,42.392763
9526 Kaier St,2023-10-26,Carbon Works,-83.13235,42.294526
15611 Glenwood St,2023-10-27,Mapleridge,-82.960206,42.431161
15883 W Parkway St,2023-10-27,Brightmoor,-83.267303,42.406846
16200 Lappin St,2023-10-27,Regent Park,-82.953186,42.437179
18858 Hasse St,2023-10-27,Krainz Woods,-83.056114,42.432301
19138 Danbury St,2023-10-27,Penrose,-83.105934,42.432893
19152 Caldwell St,2023-10-27,Farwell,-83.046741,42.434312
19190 Andover St,2023-10-27,Nolan,-83.098858,42.433723
19623 Albany St,2023-10-27,Farwell,-83.045386,42.438793
2726 Hunt St,2023-10-27,McDougall-Hunt,-83.028988,42.352024
15039 Eastwood St,2023-10-30,Mapleridge,-82.967055,42.434028
15916 Bringard Dr,2023-10-30,Regent Park,-82.9563,42.446237000000004
17147 Saint Aubin St,2023-10-30,Cadillac Heights,-83.081529,42.419197
18864 Hasse St,2023-10-30,Krainz Woods,-83.056118,42.432398
19647 Albany St,2023-10-30,Farwell,-83.045397,42.43913
19657 Saint Aubin St,2023-10-30,Nolan,-83.0822,42.438589
429 W State Fair St,2023-10-30,Penrose,-83.108061,42.439222
10468 Knodell St,2023-10-31,Airport Sub,-82.999914,42.39883
17444 Cameron St,2023-10-31,Greenfield Park,-83.093256,42.421108
18085 Marx St,2023-10-31,Northeast Central District,-83.084157,42.426479
18509 Marx St,2023-10-31,Northeast Central District,-83.08424,42.428434
18576 Marx St,2023-10-31,Northeast Central District,-83.083566,42.42936
19308 Coventry St,2023-10-31,Nolan,-83.101070000000007,42.435026
19677 Russell St,2023-10-31,Nolan,-83.091076,42.438639
20144 Coventry St,2023-10-31,Nolan,-83.10131,42.442846
20165 Coventry St,2023-10-31,Nolan,-83.101961,42.443129
2683 Hale St,2023-10-31,McDougall-Hunt,-83.032923,42.356561
654 W Robinwood St,2023-10-31,Grixdale Farms,-83.111887,42.429922
6700 Drake Rd,2023-10-31,Grant,-83.033303,42.420748
9615 Yellowstone St,2023-10-31,Nardin Park,-83.130027,42.369145
11807 Ohio St,2023-11-01,Littlefield Community,-83.154953,42.376006
14824 Faircrest St,2023-11-01,Mapleridge,-82.969699,42.431999
15458 Grayfield St,2023-11-01,Brightmoor,-83.268794,42.402866
18892 Hasse St,2023-11-01,Krainz Woods,-83.056137,42.432782
19636 Albany St,2023-11-01,Farwell,-83.044826,42.43902
19652 Albany St,2023-11-01,Farwell,-83.044833,42.439228
19669 Albany St,2023-11-01,Farwell,-83.045408,42.439443
20234 Coventry St,2023-11-01,Nolan,-83.101357,42.444094
4815 Moran St,2023-11-01,McDougall-Hunt,-83.031345,42.367977
12087 Greenlawn St,2023-11-02,Littlefield Community,-83.149723,42.377189
12720 Hayes St,2023-11-02,Mapleridge,-82.964776,42.424355
16877 Monica St,2023-11-02,Fitzgerald/Marygrove,-83.144316,42.415819
17225 Hamburg St,2023-11-02,Von Steuben,-82.997181,42.424334
19137 Keating St,2023-11-02,Nolan,-83.100562,42.432933
19148 Ryan Rd,2023-11-02,Farwell,-83.062841,42.433922
19210 Goddard St,2023-11-02,Nolan,-83.077672,42.434521
5529 Fairview St,2023-11-02,West End,-82.989436,42.389897
6634 May St,2023-11-02,Airport Sub,-83.009793,42.392928
8133 Hendrie St,2023-11-02,Gratiot Town/Kettering,-83.01578,42.383253
8923 Mackinaw St,2023-11-02,Petoskey-Otsego,-83.123512,42.366161
15410 Grayfield St,2023-11-03,Brightmoor,-83.268767,42.402214
15444 Grayfield St,2023-11-03,Brightmoor,-83.268787,42.40268
17186 Alcoy St,2023-11-03,Franklin,-82.987812,42.427108
17191 Fairport St,2023-11-03,Von Steuben,-82.991444,42.425861
19384 Eureka St,2023-11-03,Farwell,-83.057676,42.437043
19446 Syracuse St,2023-11-03,Farwell,-83.045819,42.438147
19715 Albany St,2023-11-03,Farwell,-83.045429,42.440068
11627 E State Fair St,2023-11-06,Conner Creek,-83.004229,42.441971
15715 Grayfield St,2023-11-06,Brightmoor,-83.269485,42.404202
19422 Conley St,2023-11-06,Farwell,-83.052507,42.437686
19449 Syracuse St,2023-11-06,Farwell,-83.046412,42.438133
19680 Russell St,2023-11-06,Nolan,-83.090542,42.438692
19716 Albion St,2023-11-06,Pulaski,-83.005636,42.44038
19734 Healy St,2023-11-06,Farwell,-83.055859,42.44014
3720 Hudson St,2023-11-06,Midwest,-83.106129,42.349112
3731 Canton St,2023-11-06,Gratiot-Grand,-83.016796,42.365135
15331 Beaverland St,2023-11-07,Brightmoor,-83.265872,42.400998
15729 Hazelton St,2023-11-07,Brightmoor,-83.268361,42.4045
15833 Fairfield St,2023-11-07,Pilgrim Village,-83.134724,42.408324
17363 Orleans St,2023-11-07,Cadillac Heights,-83.085134,42.421075
19617 Keystone St,2023-11-07,Farwell,-83.051991,42.438586
6369 Hartford St,2023-11-07,Midwest,-83.113659,42.350961
14848 Dacosta St,2023-11-08,Brightmoor,-83.260009,42.396009
15477 Grayfield St,2023-11-08,Brightmoor,-83.269458,42.403131
15869 Beaverland St,2023-11-08,Brightmoor,-83.266117,42.406685
17223 Hawthorne St,2023-11-08,Greenfield Park,-83.092776,42.419915
17520 Riopelle St,2023-11-08,Cadillac Heights,-83.08571,42.422275
19429 Syracuse St,2023-11-08,Farwell,-83.046405,42.437888
19437 Syracuse St,2023-11-08,Farwell,-83.046408,42.43801
20233 Dequindre St,2023-11-08,Nolan,-83.083636,42.444374
9633 Edgewood Ave,2023-11-08,Airport Sub,-83.008051,42.398281
15066 Rockdale St,2023-11-09,Brightmoor,-83.257685,42.398572
17810 Runyon St,2023-11-09,Von Steuben,-83.006373,42.425585
19142 Runyon St,2023-11-09,Pulaski,-83.006525,42.435093
19339 Moenart St,2023-11-09,Farwell,-83.050668,42.436567
3390 E Willis St,2023-11-09,McDougall-Hunt,-83.029081,42.363334
3396 E Willis St,2023-11-09,McDougall-Hunt,-83.028981,42.36337
4066 Columbus St,2023-11-09,Petoskey-Otsego,-83.11508,42.359954
4349 Pacific St,2023-11-09,Midwest,-83.117134,42.357763
5121 Crane St,2023-11-09,Gratiot Woods,-83.006226,42.380515
5137 Rohns St,2023-11-09,Gratiot Woods,-83.005144,42.381189
6318 Linwood St,2023-11-09,NW Goldberg,-83.098534,42.359145
15319 Rockdale St,2023-11-13,Brightmoor,-83.258448,42.400733
16554 Beaverland St,2023-11-13,Riverdale,-83.265483,42.410314
16738 Beaverland St,2023-11-13,Riverdale,-83.265576,42.412002
17839 Orleans St,2023-11-13,Cadillac Heights,-83.085283,42.424319
18020 Marx St,2023-11-13,Northeast Central District,-83.083391,42.425571
18854 Marx St,2023-11-13,Northeast Central District,-83.083659,42.43128
19370 Syracuse St,2023-11-13,Farwell,-83.04578,42.437096
19418 Syracuse St,2023-11-13,Farwell,-83.045806,42.437782
19638 Bloom St,2023-11-13,Farwell,-83.049033,42.438962
3131 Wabash St,2023-11-13,North Corktown,-83.078935,42.337595
15491 Dolphin St,2023-11-14,Brightmoor,-83.259756,42.403401
16825 Bramell St,2023-11-14,Riverdale,-83.265019,42.413264
19347 Syracuse St,2023-11-14,Farwell,-83.046372,42.436752
19459 Keating St,2023-11-14,Nolan,-83.100681,42.437104
19927 Bloom St,2023-11-14,Farwell,-83.049749,42.441459
20221 Andover St,2023-11-14,Nolan,-83.099825,42.443948
20264 Andover St,2023-11-14,Nolan,-83.099206,42.444527
20447 Andover St,2023-11-14,Nolan,-83.099898,42.445328
8971 Clarion St,2023-11-14,Airport Sub,-83.006864,42.396647
8994 Clarion St,2023-11-14,Airport Sub,-83.006363,42.397015
1250 S Patricia St,2023-11-15,Boynton,-83.149883,42.280465
13652 Allonby St,2023-11-15,Paveway,-83.179357,42.37804
13750 Allonby St,2023-11-15,Paveway,-83.181156,42.378002
15364 Bramell St,2023-11-15,Brightmoor,-83.264044,42.401658
15800 Beaverland St,2023-11-15,Brightmoor,-83.265395,42.405806
17479 Cameron St,2023-11-15,Greenfield Park,-83.093917,42.421556
18911 Joann St,2023-11-15,Von Steuben,-82.990257,42.433217
19132 Andover St,2023-11-15,Nolan,-83.098838,42.432899
19997 Hanna St,2023-11-15,Nolan,-83.090271,42.441403
20510 Moenart St,2023-11-15,Farwell,-83.050401,42.446388
10115 Woodlawn Ave,2023-11-16,Airport Sub,-83.003589,42.399938
11964 Indiana St,2023-11-16,Littlefield Community,-83.156419,42.376886
12185 Cherrylawn St,2023-11-16,Littlefield Community,-83.154074,42.378537
12302 Cherrylawn St,2023-11-16,Littlefield Community,-83.153536,42.379163
12392 Cherrylawn St,2023-11-16,Littlefield Community,-83.153573,42.380398
15354 Chatham St,2023-11-16,Brightmoor,-83.262722,42.401476
17767 Oakland St,2023-11-16,Greenfield Park,-83.094893,42.423634
19330 Caldwell St,2023-11-16,Farwell,-83.046817,42.436519
19339 Syracuse St,2023-11-16,Farwell,-83.046369,42.436643
19460 Saint Louis St,2023-11-16,Farwell,-83.039947,42.437966
19623 Dwyer St,2023-11-16,Farwell,-83.041992,42.438912
20201 Keating St,2023-11-16,Nolan,-83.100896,42.443626
2434 Sturtevant St,2023-11-16,Dexter-Linwood,-83.115965,42.38913
2939 Clairmount St,2023-11-16,Jamison,-83.111805,42.371308
420 W Lantz St,2023-11-16,Penrose,-83.10789,42.437259
4726 Holcomb St,2023-11-16,Gratiot Woods,-83.000891,42.378452
9020 Georgia St,2023-11-16,Airport Sub,-83.012426,42.39434
12808 Burt Rd,2023-11-17,Brightmoor,-83.246099,42.381649
12808 Marlowe St,2023-11-17,Schoolcraft Southfield,-83.188952,42.383027
17386 Barlow St,2023-11-17,Von Steuben,-82.995293,42.426341
19249 Andover St,2023-11-17,Nolan,-83.099523,42.434531
19437 Caldwell St,2023-11-17,Farwell,-83.04748,42.437991
2243 E Canfield St,2023-11-17,McDougall-Hunt,-83.039388,42.361372
3529 Montclair St,2023-11-17,East Village,-82.983814,42.375725
12723 Robson St,2023-11-20,Schoolcraft Southfield,-83.192679,42.381732
13400 Whitcomb St,2023-11-20,Schoolcraft Southfield,-83.195366,42.386663
14057 Rockdale St,2023-11-20,Brightmoor,-83.258039,42.388123
14230 Indiana St,2023-11-20,Davison-Schoolcraft,-83.156906,42.392219
14385 Dolphin St,2023-11-20,Brightmoor,-83.259369,42.39189
1659 Lee Pl,2023-11-20,Virginia Park Community,-83.094998,42.373053
18169 Russell St,2023-11-20,Hawthorne Park,-83.090328,42.42742
18516 Russell St,2023-11-20,Hawthorne Park,-83.089651,42.428327
19212 Stotter St,2023-11-20,Nortown,-83.025041,42.43561
20151 Keating St,2023-11-20,Nolan,-83.10087,42.442954
3700 Ellery St,2023-11-20,McDougall-Hunt,-83.024434,42.361303
5099 Montclair St,2023-11-20,West End,-82.990735,42.386297
5629 Parkdale Ter,2023-11-20,Chadsey Condon,-83.122034,42.343452
5757 Field St,2023-11-20,Gratiot Town/Kettering,-83.022104,42.379963
5944 Burns St,2023-11-20,Gratiot Town/Kettering,-83.012108,42.386256
9992 Gratiot Ave,2023-11-20,Airport Sub,-83.004242,42.394077
12070 Chelsea Ave,2023-11-21,Wade,-82.987106,42.405705
15094 Washburn St,2023-11-21,Bethune Community,-83.160381,42.401634
19170 Stotter St,2023-11-21,Nortown,-83.025022,42.435045
19381 Helen St,2023-11-21,Nortown,-83.032196,42.437052
20131 Yacama Rd,2023-11-21,Nolan,-83.097617,42.44274
2559 Algonquin St,2023-11-21,Riverbend,-82.961292,42.377032
5027 Saint Clair St,2023-11-21,West End,-82.993009,42.384266
7453 Thole Ct,2023-11-21,Fitzgerald/Marygrove,-83.145834,42.408054
12395 Indiana St,2023-11-22,Littlefield Community,-83.157084,42.380363
14615 Ohio St,2023-11-22,Chalfonte,-83.155577,42.396926
18154 Riopelle St,2023-11-22,Hawthorne Park,-83.085929,42.427388
18810 Hull St,2023-11-22,Hawthorne Park,-83.088527,42.430509
19368 Andover St,2023-11-22,Nolan,-83.098915,42.435922
2927 Hudson St,2023-11-22,NW Goldberg,-83.097715,42.351434
3762 Tillman St,2023-11-22,Chadsey Condon,-83.093183,42.338095
4127 35th St,2023-11-22,Chadsey Condon,-83.115136,42.333881
9605 Grand River Ave,2023-11-22,Nardin Park,-83.135997,42.367275
8985 Culver St,2023-11-23,Airport Sub,-83.007867,42.396718
13566 Manor,2023-11-27,Northwest Community,-83.167263,42.386886
14111 Monte Vista St,2023-11-27,Northwest Community,-83.167002,42.390333
14135 Mapleridge St,2023-11-27,Mapleridge,-82.978801,42.429238
14804 Novara St,2023-11-27,Regent Park,-82.96965,42.439095
14817 Novara St,2023-11-27,Regent Park,-82.969467,42.439545
15072 Mapleridge St,2023-11-27,Mapleridge,-82.966299,42.428956
15511 Turner St,2023-11-27,Fitzgerald/Marygrove,-83.148802,42.405995
17542 Greeley St,2023-11-27,Cadillac Heights,-83.086973,42.422577
17574 Greeley St,2023-11-27,Cadillac Heights,-83.086989,42.422989
1832 Pilgrim St,2023-11-27,Pilgrim Village,-83.118083,42.408014
18820 Filer St,2023-11-27,Grant,-83.037419,42.432263
19175 Bradford St,2023-11-27,Pulaski,-83.001389,42.435709
20500 Andover St,2023-11-27,Nolan,-83.099275,42.446109
308 W Nevada St,2023-11-27,Grixdale Farms,-83.107804,42.424223
5554 Canton St,2023-11-27,Gratiot Town/Kettering,-83.024487,42.377756
5810 Addison St,2023-11-27,Claytown,-83.15339,42.333876
7041 Chatfield St,2023-11-27,Central Southwest,-83.115498,42.308808
8978 Thaddeus St,2023-11-27,Delray,-83.123641,42.290705
1070 S Patricia St,2023-11-28,Boynton,-83.148617,42.28199
1119 S Ethel St,2023-11-28,Boynton,-83.142936,42.278634
1244 S Liebold St,2023-11-28,Boynton,-83.14892,42.280134
12516 Pleasant St,2023-11-28,Boynton,-83.146893,42.28275
12787 Mendota St,2023-11-28,Grand River-I96,-83.164567,42.383272
1295 S Patricia St,2023-11-28,Boynton,-83.149777,42.279737
1429 S Patricia St,2023-11-28,Boynton,-83.150642,42.278689
1464 S Liebold St,2023-11-28,Boynton,-83.150593,42.27812
17256 Goulburn St,2023-11-28,Von Steuben,-82.993002,42.426115
19631 Runyon St,2023-11-28,Pulaski,-83.007253,42.439122
5667 Scotten St,2023-11-28,Midwest,-83.112483,42.347842
7620 Central St,2023-11-28,Midwest,-83.145789,42.349185
11241 Glenfield Ave,2023-11-29,Gratiot-Findlay,-82.99714,42.409442
11330 Dalrymple St,2023-11-29,Nardin Park,-83.135672,42.372515
17269 Goulburn St,2023-11-29,Von Steuben,-82.993634,42.426194
18115 Russell St,2023-11-29,Hawthorne Park,-83.090288,42.426652
18689 Goulburn St,2023-11-29,Von Steuben,-82.993875,42.432386
20201 Yacama Rd,2023-11-29,Nolan,-83.097653,42.4437
7331 Marcus Ave,2023-11-29,Airport Sub,-83.025624,42.396287
7444 Georgia St,2023-11-29,Airport Sub,-83.023484,42.393231
9811 Belleterre St,2023-11-29,Nardin Park,-83.136339,42.369166
11029 Roselawn St,2023-11-30,Littlefield Community,-83.150708,42.375341
11809 E State Fair St,2023-11-30,Conner Creek,-83.003397,42.441991
13505 La Salle Blvd,2023-11-30,Oakman Blvd Community,-83.119603,42.394233
14164 Mapleridge St,2023-11-30,Mapleridge,-82.977936,42.428719
17332 Orleans St,2023-11-30,Cadillac Heights,-83.084428,42.420682
19300 Concord St,2023-11-30,Nortown,-83.032585,42.435974
19381 Beland St,2023-11-30,Pulaski,-83.009392,42.43753
5092 Ivanhoe St,2023-11-30,Midwest,-83.125166,42.358347
5536 Field St,2023-11-30,Gratiot Town/Kettering,-83.020644,42.378781
6121 Northfield St,2023-11-30,Midwest,-83.123672,42.348546
7372 Georgia St,2023-11-30,Airport Sub,-83.024817,42.393228
8902 Kimberly Ct,2023-11-30,Petoskey-Otsego,-83.123571,42.364907
17414 Hull St,2023-12-01,Cadillac Heights,-83.088143,42.421659
17469 Anglin St,2023-12-01,Cadillac Heights,-83.074659,42.422042
19311 Algonac St,2023-12-01,Pulaski,-83.010471,42.43654
4651 Manistique St,2023-12-01,Fox Creek,-82.954562,42.393771
6133 Northfield St,2023-12-01,Midwest,-83.123775,42.34869
6501 Northfield St,2023-12-01,Midwest,-83.125686,42.351412
6564 Helen St,2023-12-01,Airport Sub,-83.029113,42.385311
7026 Cahalan St,2023-12-01,Springwells,-83.11725,42.311548
7123 Chatfield St,2023-12-01,Central Southwest,-83.116854,42.308247
7306 Marcus Ave,2023-12-01,Airport Sub,-83.026051,42.395876
7431 Kern Rd,2023-12-01,Airport Sub,-83.023805,42.39557
19393 Charest St,2023-12-03,Pershing,-83.071705,42.436911
17550 Hull St,2023-12-04,Cadillac Heights,-83.088193,42.42262
17598 Hull St,2023-12-04,Cadillac Heights,-83.088224,42.423278
17600 Russell St,2023-12-04,Cadillac Heights,-83.08945,42.42324
18120 Riopelle St,2023-12-04,Hawthorne Park,-83.085906,42.426908
19257 Coventry St,2023-12-04,Nolan,-83.101689,42.434466
19327 Coventry St,2023-12-04,Nolan,-83.101709,42.435251
20201 Coventry St,2023-12-04,Nolan,-83.101979,42.44361
4559 Montclair St,2023-12-04,East Canfield,-82.98838,42.382917
4785 Maryland St,2023-12-04,Morningside,-82.951763,42.396353
8122 Marcus Ave,2023-12-04,Airport Sub,-83.020352,42.395484
9339 Yellowstone St,2023-12-04,Nardin Park,-83.129273,42.367994
9347 Yellowstone St,2023-12-04,Nardin Park,-83.129323,42.368067
14045 Orleans St,2023-12-05,North Campau,-83.081356,42.41316
15487 Birwood St,2023-12-05,Bethune Community,-83.164462,42.405457
1723 Taylor St,2023-12-05,Virginia Park Community,-83.098035,42.375627
17831 Hull St,2023-12-05,Cadillac Heights,-83.088967,42.424139
19145 Derby St,2023-12-05,Penrose,-83.104421,42.432977
20077 Grandview St,2023-12-05,Five Points,-83.285566,42.438897
20258 Irvington St,2023-12-05,Nolan,-83.098117,42.444462
5770 Ogden St,2023-12-05,Claytown,-83.149236,42.334355
6561 Colfax St,2023-12-05,Midwest,-83.128235,42.351384
7661 Helen St,2023-12-05,Airport Sub,-83.030283,42.386535
8103 Marion Ave,2023-12-05,Airport Sub,-83.020669,42.395107
9191 EAST EDSEL FORD,2023-12-05,NA,-83.113677,42.343782
9743 Chenlot St,2023-12-05,Nardin Park,-83.135492,42.369002
9920 Yosemite St,2023-12-05,Nardin Park,-83.131858,42.371101
9997 Woodside,2023-12-05,Nardin Park,-83.138044,42.37099
17222 Goddard St,2023-12-06,Cadillac Heights,-83.077915,42.42033
20118 Irvington St,2023-12-06,Nolan,-83.098043,42.442542
4304 Woodhall St,2023-12-06,Cornerstone Village,-82.922635,42.402756
6489 Colfax St,2023-12-06,Midwest,-83.12762,42.350508
7253 Burnette St,2023-12-06,Midwest,-83.140915,42.345744
7400 Burnette St,2023-12-06,Midwest,-83.140436,42.347354
8026 Darwin St,2023-12-06,Airport Sub,-83.022893,42.415152
9328 Yellowstone St,2023-12-06,Nardin Park,-83.128657,42.368046
9733 Yosemite St,2023-12-06,Nardin Park,-83.131906,42.370289
17421 Mackay St,2023-12-07,Cadillac Heights,-83.076562,42.421335
17517 Hull St,2023-12-07,Cadillac Heights,-83.088869,42.422098
17550 Goddard St,2023-12-07,Cadillac Heights,-83.078057,42.423249
17761 Oakland St,2023-12-07,Greenfield Park,-83.09489,42.423552
19261 Keating St,2023-12-07,Nolan,-83.100605,42.434621
20109 Irvington St,2023-12-07,Nolan,-83.098676,42.442427
20248 Coventry St,2023-12-07,Nolan,-83.101363,42.444286
3431 Fairview St,2023-12-07,East Village,-82.980562,42.375438
4261 Richton St,2023-12-07,Nardin Park,-83.131659,42.380703
4569 Beniteau St,2023-12-07,West End,-82.984261,42.384712
5140 Lemay St,2023-12-07,West End,-82.989239,42.387499
6212 Frontenac St,2023-12-07,Gratiot Town/Kettering,-83.025027,42.383457
7287 Genoa St,2023-12-07,Airport Sub,-83.026327,42.392193
7305 Genoa St,2023-12-07,Airport Sub,-83.026029,42.392193
9016 N Clarendon St,2023-12-07,Petoskey-Otsego,-83.123847,42.3662
9244 Yosemite St,2023-12-07,Nardin Park,-83.128862,42.366678
943 Conner St,2023-12-07,Jefferson Chalmers,-82.957975,42.367984
9933 Woodside,2023-12-07,Nardin Park,-83.138011,42.370085
11350 Yosemite St,2023-12-08,Nardin Park,-83.13361,42.373677
17381 Orleans St,2023-12-08,Cadillac Heights,-83.085146,42.421322
17469 Lumpkin St,2023-12-08,Cadillac Heights,-83.080654,42.42198
19934 Saint Aubin St,2023-12-08,Nolan,-83.081557,42.440738
20065 Coventry St,2023-12-08,Nolan,-83.101922,42.441927
9750 Dundee St,2023-12-08,Nardin Park,-83.133274,42.368975
13827 Charest St,2023-12-11,North Campau,-83.067701,42.416598
17211 Wanda St,2023-12-11,Greenfield Park,-83.095732,42.419647
17557 Hull St,2023-12-11,Cadillac Heights,-83.088893,42.422674
17562 Hull St,2023-12-11,Cadillac Heights,-83.088201,42.422785
17810 Lumpkin St,2023-12-11,Cadillac Heights,-83.080164,42.42353
20005 Coventry St,2023-12-11,Nolan,-83.101886,42.441062
20103 Irvington St,2023-12-11,Nolan,-83.098672,42.442332
20403 Andover St,2023-12-11,Nolan,-83.099876,42.444752
3140 Farnsworth St,2023-12-11,Poletown East,-83.035833,42.369014
3809 Monterey St,2023-12-11,Nardin Park,-83.127703,42.381385
11652 Winthrop St,2023-12-12,Plymouth-I96,-83.198416,42.373375
12739 Wade St,2023-12-12,Wade,-82.976925,42.404566
13887 Charest St,2023-12-12,North Campau,-83.068199,42.417334
17241 Fleming St,2023-12-12,Cadillac Heights,-83.079585,42.420512
19451 Fleming St,2023-12-12,Nolan,-83.079714,42.437551
20016 Coventry St,2023-12-12,Nolan,-83.101251,42.441275
20224 Andover St,2023-12-12,Nolan,-83.099184,42.443951
3763 Monterey St,2023-12-12,Nardin Park,-83.126885,42.381693
4000 McKinley St,2023-12-12,Chadsey Condon,-83.099562,42.3382
4666 30th St,2023-12-12,Chadsey Condon,-83.111844,42.339223
5708 Fairview St,2023-12-12,West End,-82.990385,42.392207
12758 Wade St,2023-12-13,Ravendale,-82.976322,42.404288
13848 Seymour St,2023-12-13,Mapleridge,-82.980972,42.426782
18574 Cardoni St,2023-12-13,Hawthorne Park,-83.090904,42.429118
19974 Coventry St,2023-12-13,Nolan,-83.101229,42.440699
20070 Andover St,2023-12-13,Nolan,-83.099107,42.442095
20437 Yacama Rd,2023-12-13,Nolan,-83.097692,42.445272
744 Annin St,2023-12-13,Penrose,-83.111214,42.436441
8362 Greenlawn St,2023-12-13,Barton-McFarland,-83.148603,42.356627
14201 Kilbourne Ave,2023-12-14,Eden Gardens,-82.974961,42.41616
15000 Fairfield St,2023-12-14,Dexter-Fenkell,-83.133945,42.400809
17520 Arlington St,2023-12-14,Cadillac Heights,-83.077045,42.422744
19788 Hoover St,2023-12-14,Pulaski,-83.004564,42.44133
19981 Andover St,2023-12-14,Nolan,-83.099702,42.440834
3336 Clements St,2023-12-14,Oakman Blvd Community,-83.130535,42.391181
3360 Waverly,2023-12-14,Dexter-Linwood,-83.129876,42.389556
5681 Linwood St,2023-12-14,NW Goldberg,-83.095258,42.353764
6166 Rohns St,2023-12-14,Gratiot Town/Kettering,-83.010702,42.389436
12787 Wade St,2023-12-15,Wade,-82.976133,42.40484
12790 Wade St,2023-12-15,Ravendale,-82.975801,42.404467
14990 Rosemary Ave,2023-12-15,Outer Drive-Hayes,-82.965359,42.415504
169 W Golden Gate Ave,2023-12-15,Grixdale Farms,-83.105454,42.428791
17884 Strasburg St,2023-12-15,Von Steuben,-82.997885,42.426691
19638 Coventry St,2023-12-15,Nolan,-83.101143,42.437794
19968 Coventry St,2023-12-15,Nolan,-83.101225,42.440603
20064 Hawthorne St,2023-12-15,Nolan,-83.092624,42.442212
2221 Garland St,2023-12-15,East Village,-82.982533,42.367307
2728 Buchanan St,2023-12-15,Core City,-83.090997,42.343317
2950 Woodbridge St,2023-12-15,Rivertown,-83.018056,42.33915
6580 Devereaux St,2023-12-15,Claytown,-83.13029,42.337971
9556 Burnette St,2023-12-15,Midwest,-83.141961,42.3674
12249 Flanders St,2023-12-18,Eden Gardens,-82.98957,42.413932
15915 Chatham St,2023-12-18,Brightmoor,-83.263735,42.407271
17191 Hamburg St,2023-12-18,Von Steuben,-82.997153,42.423895
19639 Coventry St,2023-12-18,Nolan,-83.101781,42.437775
19675 Andover St,2023-12-18,Nolan,-83.099615,42.438341
20403 Keating St,2023-12-18,Nolan,-83.100961,42.444715
12822 Corbett Ave,2023-12-19,Wade,-82.976192,42.406115
17404 Hamburg St,2023-12-19,Von Steuben,-82.996521,42.426236
181 W Golden Gate Ave,2023-12-19,Grixdale Farms,-83.10575,42.428788
19657 Andover St,2023-12-19,Nolan,-83.099609,42.438094
4888 Woodhall St,2023-12-19,Cornerstone Village,-82.925451,42.407044
781 W Lantz St,2023-12-19,Penrose,-83.111892,42.436752
14534 Wilshire Dr,2023-12-20,Outer Drive-Hayes,-82.967165,42.412778
14900 Wildemere St,2023-12-20,Dexter-Fenkell,-83.131596,42.400431
14908 Wildemere St,2023-12-20,Dexter-Fenkell,-83.1316,42.40053
15572 Linwood St,2023-12-20,Pilgrim Village,-83.127079,42.406419
17448 Saint Aubin St,2023-12-20,Cadillac Heights,-83.081084,42.421725
18568 Cardoni St,2023-12-20,Hawthorne Park,-83.090899,42.429015
19189 Hull St,2023-12-20,Nolan,-83.08906,42.434011
19936 Andover St,2023-12-20,Nolan,-83.099032,42.440271
20430 Coventry St,2023-12-20,Nolan,-83.101378,42.445093
3845 W Fort St,2023-12-20,West Side Industrial,-83.083849,42.31257
939 Annin St,2023-12-20,Penrose,-83.113058,42.43593
1076 W Lantz St,2023-12-21,Penrose,-83.115702,42.437126
12010 Whithorn St,2023-12-21,Gratiot-Findlay,-82.994922,42.414132
12166 Christy St,2023-12-21,Gratiot-Findlay,-82.99301,42.416669
14456 Carlisle St,2023-12-21,Mohican Regent,-82.974575,42.448517
15030 Lappin St,2023-12-21,Regent Park,-82.96611,42.436908
15754 Woodingham Dr,2023-12-21,Fitzgerald/Marygrove,-83.149314,42.407035
17580 Marx St,2023-12-21,Cadillac Heights,-83.083292,42.423171
18914 Hawthorne St,2023-12-21,Hawthorne Park,-83.092228,42.431248
18940 Hawthorne St,2023-12-21,Hawthorne Park,-83.092242,42.431597
19676 Yacama Rd,2023-12-21,Nolan,-83.096865,42.438501
19970 Annott St,2023-12-21,Conner Creek,-83.002233,42.443347
20265 Hull St,2023-12-21,Nolan,-83.089437,42.44472
6511 Hazlett St,2023-12-21,Midwest,-83.126797,42.351156
9222 Homer St,2023-12-21,Springwells,-83.133479,42.301172
11494 Whithorn St,2023-12-26,Gratiot-Findlay,-83.000146,42.412299
12069 Nashville St,2023-12-26,LaSalle College Park,-82.996714,42.418835
12145 Cherrylawn St,2023-12-26,Littlefield Community,-83.154053,42.377954
12440 Devon St,2023-12-26,LaSalle College Park,-82.995041,42.417819
13610 Park Grove St,2023-12-26,Franklin,-82.984537,42.429442
14077 Park Grove St,2023-12-26,Mapleridge,-82.978024,42.430031
14142 Terry St,2023-12-26,Hubbell-Lyndon,-83.191175,42.390762
14320 Flanders St,2023-12-26,Eden Gardens,-82.974309,42.418712
14610 Eastwood St,2023-12-26,Mapleridge,-82.972347,42.43342
15483 Steel St,2023-12-26,Bethune Community,-83.171921,42.405228
17501 Omira St,2023-12-26,Greenfield Park,-83.096809,42.4218
17591 Riopelle St,2023-12-26,Cadillac Heights,-83.086477,42.423247
17831 Wanda St,2023-12-26,Greenfield Park,-83.095933,42.424482
19255 Yacama Rd,2023-12-26,Nolan,-83.097327,42.434659
19339 Irvington St,2023-12-26,Nolan,-83.098457,42.435526
19608 Coventry St,2023-12-26,Nolan,-83.101133,42.437402
19648 Yacama Rd,2023-12-26,Nolan,-83.096854,42.43809
20175 Hawthorne St,2023-12-26,Nolan,-83.09326,42.443399
7417 Gould St,2023-12-26,Delray,-83.109917,42.29571
15406 Strathmoor St,2023-12-27,Bethune Community,-83.187492,42.403794
14602 Fordham St,2023-12-28,Mapleridge,-82.972496,42.434173
17326 Lamont St,2023-12-28,Davison,-83.053588,42.42141
19450 Yacama Rd,2023-12-28,Nolan,-83.096822,42.437108
3500 Gray St,2023-12-28,Riverbend,-82.961974,42.383256
7706 Iowa St,2023-12-28,Grant,-83.024611,42.42491
5347 E McNichols Rd,2024-01-02,Davison,-83.048877,42.419164
9298 Genessee St,2024-01-02,Dexter-Linwood,-83.114288,42.373023
9331 Genessee St,2024-01-02,Dexter-Linwood,-83.115182,42.373198
15872 Prevost St,2024-01-03,Crary/St Marys,-83.20275,42.407901
17260 Saint Aubin St,2024-01-03,Cadillac Heights,-83.08105,42.420775
19346 Yacama Rd,2024-01-03,Nolan,-83.096780999999993,42.435667
20266 Chapel St,2024-01-03,Evergreen Lahser 7/8,-83.254722,42.440894
20468 Pinehurst St,2024-01-03,Pembroke,-83.167619,42.444162
231 W Golden Gate Ave,2024-01-03,Grixdale Farms,-83.106634,42.428844
3946 Lemay Ave,2024-01-03,West End,-82.983775,42.37929
4000 Fairview St,2024-01-03,West End,-82.983134,42.380418
4896 Opal St,2024-01-03,Cornerstone Village,-82.913859,42.41169
12501 Strasburg St,2024-01-04,LaSalle College Park,-82.994436,42.419082
1366 Service St,2024-01-04,Lafayette Park,-83.038723,42.342537
14801 Fordham St,2024-01-04,Mapleridge,-82.970166,42.434675
15438 Mark Twain St,2024-01-04,Bethune Community,-83.186348,42.404327
15727 Wabash St,2024-01-04,Pilgrim Village,-83.119595,42.408053
15738 Wabash St,2024-01-04,Pilgrim Village,-83.119049,42.408214
17180 Waltham St,2024-01-04,Von Steuben,-82.994099,42.424628
17234 Omira St,2024-01-04,Greenfield Park,-83.096186,42.419881
19923 Hickory St,2024-01-04,Conner Creek,-82.988199,42.442704
20244 Annott St,2024-01-04,Conner Creek,-83.002297,42.446028
2445 McClellan St,2024-01-04,East Village,-82.989702,42.365424
3970 Lemay Ave,2024-01-04,West End,-82.983986,42.3796
3983 French Rd,2024-01-04,East Canfield,-82.987422,42.379821
4690 Algonquin St,2024-01-04,Fox Creek,-82.968523,42.389331
5186 Holcomb Ave,2024-01-04,Gratiot Woods,-83.003799,42.382488
6719 Fischer St,2024-01-04,Airport Sub,-83.015922,42.392109
7607 E Hildale St,2024-01-04,Grant,-83.025353,42.430489
12525 Goulburn St,2024-01-05,Gratiot-Findlay,-82.99122,42.422057
12734 Dresden St,2024-01-05,LaSalle College Park,-82.996682,42.420228
14445 Park Grove St,2024-01-05,Mapleridge,-82.974186,42.430029
14975 Prest St,2024-01-05,Hubbell-Lyndon,-83.197787,42.39918
15721 Grayfield St,2024-01-05,Brightmoor,-83.26949,42.404294
15802 14th St,2024-01-05,Pilgrim Village,-83.120075,42.40898
17165 Omira St,2024-01-05,Greenfield Park,-83.0967,42.418944
18440 Greenview Ave,2024-01-05,Evergreen-Outer Drive,-83.224921,42.425442
1926 Geneva St,2024-01-05,Martin Park,-83.119386,42.41375
2982 Montclair St,2024-01-05,East Village,-82.9811,42.373202
3935 Chalmers St,2024-01-05,Fox Creek,-82.954457,42.388129
4684 Lakeview St,2024-01-05,Fox Creek,-82.961426,42.391794
11385 Balfour Rd,2024-01-08,Moross-Morang,-82.940789,42.42607
11739 Promenade Ave,2024-01-08,Wade,-82.99215,42.406785
12510 Whitehill St,2024-01-08,Moross-Morang,-82.948509,42.431202
14392 Coyle St,2024-01-08,Hubbell-Lyndon,-83.193196,42.393518
14455 Robson St,2024-01-08,Hubbell-Lyndon,-83.192811,42.393816
14483 Park Grove St,2024-01-08,Mapleridge,-82.97347,42.43005
14800 Park Grove St,2024-01-08,Mapleridge,-82.970033,42.429698
15031 Lappin St,2024-01-08,Regent Park,-82.966127,42.437464
15325 La Salle Blvd,2024-01-08,Pilgrim Village,-83.125206,42.403454
15815 14th St,2024-01-08,Pilgrim Village,-83.120637,42.409091
15835 Liberal St,2024-01-08,Regent Park,-82.957589,42.44034
2001 Geneva St,2024-01-08,Martin Park,-83.120661,42.41327
21585 Curtis St,2024-01-08,Holcomb Community,-83.256736,42.421572
3414 Hurlbut St,2024-01-08,East Village,-82.988049,42.372218
3420 Hurlbut St,2024-01-08,East Village,-82.988101,42.372291
4652 Lenox St,2024-01-08,Fox Creek,-82.964045,42.390395
6581 Stanford,2024-01-08,Midwest,-83.115074,42.35305
12767 Wade St,2024-01-09,Wade,-82.976455,42.404726
15405 Wabash St,2024-01-09,Pilgrim Village,-83.119262,42.40465
16174 Normandy St,2024-01-09,Martin Park,-83.126334,42.411315
19368 Carrie St,2024-01-09,Nortown,-83.030527,42.436906
4446 Bewick St,2024-01-09,West End,-82.991916,42.379736
7891 E Jefferson Ave,2024-01-09,West Village,-82.9957,42.351426
12711 Camden Ave,2024-01-10,Ravendale,-82.976966,42.403716
12731 Camden Ave,2024-01-10,Ravendale,-82.976611,42.403832
14925 Longview St,2024-01-10,Outer Drive-Hayes,-82.966121,42.411481
15780 W Parkway St,2024-01-10,Brightmoor,-83.266545,42.405554
12774 Wade St,2024-01-11,Ravendale,-82.976077,42.404373
14730 Glenfield Ave,2024-01-11,Outer Drive-Hayes,-82.969944,42.418092
15366 Rosa Parks Blvd,2024-01-11,Pilgrim Village,-83.11759,42.404206
15550 Log Cabin St,2024-01-11,Pilgrim Village,-83.120983,42.40628
15745 Muirland St,2024-01-11,Pilgrim Village,-83.133785,42.407105
15899 Muirland St,2024-01-11,Pilgrim Village,-83.13387,42.409239
3959 Bewick St,2024-01-11,West End,-82.991239,42.377677
4666 Bewick St,2024-01-11,West End,-82.993715,42.382476
4722 Garland St,2024-01-11,West End,-82.992026,42.381966
9349 Lessing St,2024-01-11,East Village,-82.99282,42.371901
1193 Dickerson St,2024-01-12,Riverbend,-82.953877,42.371728
14240 Coyle St,2024-01-12,Hubbell-Lyndon,-83.193106,42.391311
15635 Log Cabin St,2024-01-12,Pilgrim Village,-83.121727,42.407414
15804 Quincy St,2024-01-12,Pilgrim Village,-83.138188,42.407851
17190 Strasburg St,2024-01-12,Von Steuben,-82.997644,42.423546
19575 Hickory St,2024-01-12,Pulaski,-82.988034,42.439588
2140 Fairview St,2024-01-12,East Village,-82.975511,42.368803
3913 Fairview St,2024-01-12,West End,-82.983005,42.379098
4013 Saint Clair St,2024-01-12,West End,-82.989584,42.379316
9371 Cascade St,2024-01-12,Nardin Park,-83.128608,42.368705
9955 Pinehurst St,2024-01-12,Barton-McFarland,-83.165971,42.369709
109 W Savannah St,2024-01-16,Grixdale Farms,-83.10426,42.425179
12151 Greenlawn St,2024-01-16,Littlefield Community,-83.149747,42.378095
12180 Roselawn St,2024-01-16,Littlefield Community,-83.150215,42.378514
12201 Greenlawn St,2024-01-16,Littlefield Community,-83.149764,42.378753
13085 Camden Ave,2024-01-16,Outer Drive-Hayes,-82.973021,42.405058
13530 Ashton Rd,2024-01-16,Schoolcraft Southfield,-83.21817,42.384868
14185 Forrer St,2024-01-16,Greenfield-Grand River,-83.201756,42.390549
14840 Linnhurst St,2024-01-16,Mapleridge,-82.969418,42.431258
15800 Log Cabin St,2024-01-16,Pilgrim Village,-83.12107,42.408009
2212 Lemay Ave,2024-01-16,East Village,-82.977153,42.369311
2239 Bewick St,2024-01-16,East Village,-82.983797,42.367094
6067 Hazlett St,2024-01-16,Midwest,-83.124203,42.347487
9347 Lauder St,2024-01-16,We Care Community,-83.189929,42.363956
9532 Pinehurst St,2024-01-16,Barton-McFarland,-83.165189,42.3666
9942 Nardin Park,2024-01-16,Nardin Park,-83.132882,42.37095
13440 Hampshire St,2024-01-17,Outer Drive-Hayes,-82.968488,42.404957
12202 Cloverlawn St,2024-01-18,Littlefield Community,-83.151263,42.378785
14217 Linnhurst St,2024-01-18,Mapleridge,-82.976802,42.431519
14224 Fordham St,2024-01-18,Mapleridge,-82.976756,42.434112
14224 Linnhurst St,2024-01-18,Mapleridge,-82.976679,42.431093
14230 Fordham St,2024-01-18,Mapleridge,-82.976623,42.434111
2003 Gratiot Ave,2024-01-19,Eastern Market,-83.034882,42.349143
6428 Hazlett St,2024-01-19,Midwest,-83.125529,42.350382
6449 Clifton St,2024-01-19,Midwest,-83.135953,42.347985
13143 Hampshire St,2024-01-22,Outer Drive-Hayes,-82.971592,42.404555
13417 Flanders St,2024-01-22,Eden Gardens,-82.977273,42.418244
13441 Jane St,2024-01-22,Eden Gardens,-82.977418,42.419394
14897 Stoepel St,2024-01-22,Chalfonte,-83.14151,42.399504
15581 Inverness St,2024-01-22,Pilgrim Village,-83.122901,42.40664
15600 Baylis St,2024-01-22,Pilgrim Village,-83.123443,42.406881
15702 Indiana St,2024-01-22,Fitzgerald/Marygrove,-83.157366,42.406271
2708 Vicksburg St,2024-01-22,Wildemere Park,-83.105716,42.365268
12025 Rutland St,2024-01-23,Plymouth-I96,-83.213554,42.374934
13483 Moran St,2024-01-23,North Campau,-83.063364000000007,42.416191
6383 Sparta St,2024-01-23,Midwest,-83.133747,42.346894
14614 Fordham St,2024-01-24,Mapleridge,-82.97225,42.43418
14710 Fordham St,2024-01-24,Mapleridge,-82.970507,42.434229
14916 Fordham St,2024-01-24,Mapleridge,-82.968063,42.434316
20150 Yacama Rd,2024-01-24,Nolan,-83.09703,42.443036
20206 Kentucky St,2024-01-24,Garden Homes,-83.160015,42.442509
2725 Cody St,2024-01-24,Campau/Banglatown,-83.067888,42.409759
3049 Whitney St,2024-01-24,Wildemere Park,-83.10748,42.361409
4744 Belvidere St,2024-01-24,Gratiot Woods,-83.000028,42.37906
13373 Hampshire St,2024-01-25,Outer Drive-Hayes,-82.969951,42.405061
14000 Burgess St,2024-01-25,Brightmoor,-83.25345,42.387669
14234 Northlawn St,2024-01-25,Davison-Schoolcraft,-83.152809,42.392388
2199 Helen St,2024-01-25,Islandview,-83.00983,42.356362
3813 30th St,2024-01-25,Chadsey Condon,-83.108297,42.332688
5706 Crane St,2024-01-25,Gratiot Woods,-83.008086,42.384133
6534 Central St,2024-01-25,Claytown,-83.145276,42.341709
6598 Stanford,2024-01-25,Midwest,-83.114395,42.353317
7452 Genoa St,2024-01-25,Airport Sub,-83.023262,42.391794
8126 Badger St,2024-01-25,Airport Sub,-83.020226,42.393851
8957 Rutherford St,2024-01-25,Joy Community,-83.202692,42.360306
13929 McDougall St,2024-01-26,North Campau,-83.069424,42.417506
14535 Novara St,2024-01-26,Regent Park,-82.972688,42.439467
14536 Novara St,2024-01-26,Regent Park,-82.972667,42.439024
15463 Glenwood St,2024-01-26,Mapleridge,-82.961652,42.431131
17185 Kentfield St,2024-01-26,Holcomb Community,-83.241557,42.416337
19704 Cardoni St,2024-01-26,Nolan,-83.091513,42.438999
20515 Ohio St,2024-01-26,Garden Homes,-83.157415,42.445013
4852 Beaconsfield St,2024-01-26,Morningside,-82.94889,42.397891
7557 Wheeler St,2024-01-26,Claytown,-83.1447,42.342945
9717 Nardin Park,2024-01-26,Nardin Park,-83.132437,42.369526
9789 Dundee St,2024-01-26,Nardin Park,-83.133536,42.369708
9950 Woodside,2024-01-26,Nardin Park,-83.137312,42.37034
13412 Elmdale St,2024-01-29,Outer Drive-Hayes,-82.971303,42.408808
13418 Elmdale St,2024-01-29,Outer Drive-Hayes,-82.971167,42.408853
13647 Tacoma St,2024-01-29,Franklin,-82.984383,42.441644
13922 Mitchell St,2024-01-29,North Campau,-83.069728,42.4173
14210 Arlington St,2024-01-29,North Campau,-83.075515,42.416895
14801 Flanders St,2024-01-29,Outer Drive-Hayes,-82.969364,42.420156
14851 Parkside St,2024-01-29,Dexter-Fenkell,-83.131056,42.399745
18598 Cardoni St,2024-01-29,Hawthorne Park,-83.090919,42.429426
18982 Fairport St,2024-01-29,Von Steuben,-82.990806,42.434192
24323 Florence St,2024-01-29,South of Six,-83.279897,42.409269
3536 Bewick St,2024-01-29,East Village,-82.987934,42.374008
5058 Saint Clair St,2024-01-29,West End,-82.992754,42.384905
5481 Florida St,2024-01-29,Claytown,-83.13988,42.335253
6336 Whitewood St,2024-01-29,Midwest,-83.119846,42.350415
6423 Colfax St,2024-01-29,Midwest,-83.127056,42.349705
7356 Globe St,2024-01-29,Fitzgerald/Marygrove,-83.144869,42.406953
8089 Prairie St,2024-01-29,Midwest,-83.143207,42.353341
8810 Saint Cyril Ave,2024-01-29,Airport Sub,-83.026848,42.392932
12586 Fairport St,2024-01-30,Gratiot-Findlay,-82.989834,42.423986
12811 Glenfield Ave,2024-01-30,Eden Gardens,-82.981854,42.414811
17400 Cooley St,2024-01-30,Oak Grove District 1,-83.260909,42.41701
4611 Allendale St,2024-01-30,Midwest,-83.119481,42.355869
12631 Flanders St,2024-01-31,Eden Gardens,-82.985258,42.415459
15452 Stansbury St,2024-01-31,Bethune Community,-83.182076,42.404638
15882 Hazelton St,2024-01-31,Brightmoor,-83.26782,42.406839
16192 Stansbury St,2024-01-31,Harmony Village,-83.18236,42.41067
16651 Ridge Rd,2024-01-31,Riverdale,-83.270652,42.411962
23510 Sunnyside St,2024-01-31,Brightmoor,-83.27052,42.407145
9113 Mansfield St,2024-01-31,Joy Community,-83.203779,42.360772
9121 Mansfield St,2024-01-31,Joy Community,-83.203785,42.360909
12320 Greenlawn St,2024-02-01,Littlefield Community,-83.149201,42.379475
12755 Flanders St,2024-02-01,Eden Gardens,-82.983819,42.415971
15327 W Parkway St,2024-02-01,Brightmoor,-83.267064,42.400881
4328 Larchmont St,2024-02-01,Midwest,-83.115359,42.355941
12629 Westphalia St,2024-02-02,Gratiot-Findlay,-82.991411,42.423375
12720 Tuller St,2024-02-02,Oakman Blvd Community,-83.145946,42.382817
13025 Flanders St,2024-02-02,Eden Gardens,-82.981637,42.416714
14927 E Jefferson Ave,2024-02-02,Riverbend,-82.93914,42.3756
15152 Grayfield St,2024-02-02,Brightmoor,-83.267784,42.399405
15340 W Parkway St,2024-02-02,Brightmoor,-83.266344,42.401187
15443 Iliad St,2024-02-02,Brightmoor,-83.272616,42.402528
15774 Mendota St,2024-02-02,Bethune Community,-83.165019,42.40715
4457 Oregon St,2024-02-02,Midwest,-83.118518,42.358275
5244 Oregon St,2024-02-02,Midwest,-83.125133,42.356319
6370 Floyd St,2024-02-02,Midwest,-83.134405,42.34818
8015 Colfax St,2024-02-02,Midwest,-83.130358,42.354391
8341 Colfax St,2024-02-02,Midwest,-83.131632,42.356241
1093 Eastlawn St,2024-02-05,Riverbend,-82.948472,42.372884
12537 Fairport St,2024-02-05,Gratiot-Findlay,-82.989517,42.423183
12574 Fairport St,2024-02-05,Gratiot-Findlay,-82.989673,42.423873
13059 Flanders St,2024-02-05,Eden Gardens,-82.981053,42.416922
14104 Alma St,2024-02-05,Mapleridge,-82.97942,42.421203
14111 Glenwood St,2024-02-05,Mapleridge,-82.977387,42.430772
14174 Alma St,2024-02-05,Mapleridge,-82.977522,42.42122
14500 Novara St,2024-02-05,Regent Park,-82.973336,42.439005
15332 Beaverland St,2024-02-05,Brightmoor,-83.265201,42.400998
15355 Mendota St,2024-02-05,Bethune Community,-83.165404,42.403167
16800 Cruse St,2024-02-05,Harmony Village,-83.183683,42.414547
19511 W Warren Ave,2024-02-05,Warrendale,-83.231978,42.34293
19515 W Warren Ave,2024-02-05,Warrendale,-83.23205,42.342876
19519 W Warren Ave,2024-02-05,Warrendale,-83.232126,42.342984
4578 Seebaldt St,2024-02-05,Midwest,-83.118722,42.355713
4654 Eastlawn St,2024-02-05,Fox Creek,-82.960216,42.391771
5768 Vermont St,2024-02-05,Elijah McCoy,-83.087945,42.357387
7123 Holmes St,2024-02-05,Claytown,-83.141849,42.343784
7546 Holmes St,2024-02-05,Claytown,-83.14452,42.344176
9129 Mansfield St,2024-02-05,Joy Community,-83.20379,42.361054
13098 Flanders St,2024-02-06,Eden Gardens,-82.980074,42.416694
14025 Pfent St,2024-02-06,Franklin,-82.979658,42.438121
14050 Tacoma St,2024-02-06,Franklin,-82.978948,42.441332
14174 Tacoma St,2024-02-06,Franklin,-82.976499,42.441381
14403 Tacoma St,2024-02-06,Franklin,-82.975383,42.441865
14486 Cedargrove St,2024-02-06,Mapleridge,-82.973238,42.425231
15847 Lawton St,2024-02-06,Pilgrim Village,-83.129916,42.408576
22139 Lyndon St,2024-02-06,Brightmoor,-83.25871,42.392796
3621 S Beatrice St,2024-02-06,Boynton,-83.162074,42.259129
401 S Cottrell St,2024-02-06,Delray,-83.110932,42.298281
7748 Wheeler St,2024-02-06,Claytown,-83.14663,42.343353
1135 S Patricia St,2024-02-07,Boynton,-83.148719,42.281023
12239 Promenade Ave,2024-02-07,Wade,-82.986327,42.408823
12451 Westphalia St,2024-02-07,Gratiot-Findlay,-82.989456,42.421988
12459 Westphalia St,2024-02-07,Gratiot-Findlay,-82.989563,42.422064
13137 Flanders St,2024-02-07,Eden Gardens,-82.979747,42.41738
1322 Lakeview St,2024-02-07,Riverbend,-82.950743,42.375526
14023 Ward St,2024-02-07,Happy Homes,-83.173435,42.38953
14045 Ward St,2024-02-07,Happy Homes,-83.173452,42.389818
14151 Ward St,2024-02-07,Happy Homes,-83.173501,42.390758
14384 Dacosta St,2024-02-07,Brightmoor,-83.259892,42.391888
1446 S Liebold St,2024-02-07,Boynton,-83.15042,42.278325
1484 S Liebold St,2024-02-07,Boynton,-83.150808,42.277865
16151 Chatham St,2024-02-07,Riverdale,-83.263911,42.408398
17215 Hamburg St,2024-02-07,Von Steuben,-82.997174,42.424224
19773 Albion St,2024-02-07,Pulaski,-83.006281,42.441134
2144 Lenox St,2024-02-07,Riverbend,-82.955207,42.376836
2183 Lenox St,2024-02-07,Riverbend,-82.956062,42.377072
3526 S Beatrice St,2024-02-07,Boynton,-83.161639,42.260543
4131 Newport St,2024-02-07,Fox Creek,-82.957201,42.387949
4151 Newport St,2024-02-07,Fox Creek,-82.95737,42.388209
8735 Quincy St,2024-02-07,Petoskey-Otsego,-83.119552,42.365055
8909 Quincy St,2024-02-07,Petoskey-Otsego,-83.120652,42.366788
8948 Mansfield St,2024-02-07,Joy Community,-83.203057,42.360146
8948 Saint Marys St,2024-02-07,Joy Community,-83.204087,42.360211
9269 Plainview Ave,2024-02-07,Franklin Park,-83.235117,42.362601
11699 Archdale St,2024-02-08,Plymouth-I96,-83.216035,42.373763
12230 Memorial St,2024-02-08,Plymouth-I96,-83.211837,42.377332
12435 Westphalia St,2024-02-08,Gratiot-Findlay,-82.989242,42.421836
12929 Rosemont Ave,2024-02-08,Schoolcraft Southfield,-83.220071,42.383815
13138 Jane St,2024-02-08,Eden Gardens,-82.980029,42.417816
20946 W McNichols Rd,2024-02-08,Holcomb Community,-83.248676,42.415214
2252 Garland St,2024-02-08,East Village,-82.982152,42.367919
3044 Pennsylvania St,2024-02-08,East Village,-82.989107,42.369762
3089 Saint Clair St,2024-02-08,East Village,-82.985001,42.372839
9597 Archdale St,2024-02-08,Joy Community,-83.215823,42.366507
10258 CARDONI,2024-02-09,North End,-83.073816,42.394217
12428 Westphalia St,2024-02-09,Gratiot-Findlay,-82.988692,42.422109
14672 Alma St,2024-02-09,Mapleridge,-82.970938,42.421309
15314 Glenwood St,2024-02-09,Mapleridge,-82.963089,42.430677
1564 Harding St,2024-02-09,East Village,-82.978029,42.366285
15645 Novara St,2024-02-09,Regent Park,-82.959831,42.43941
15864 Coram St,2024-02-09,Regent Park,-82.956928,42.438021
16219 Novara St,2024-02-09,Regent Park,-82.952961,42.43952
17129 Hamburg St,2024-02-09,Von Steuben,-82.997197,42.422895
17294 Westphalia St,2024-02-09,Von Steuben,-82.991953,42.427002
2571 Newport St,2024-02-09,Riverbend,-82.952284,42.380523
3735 Whitney St,2024-02-09,Petoskey-Otsego,-83.111629,42.359837
6330 Mackenzie St,2024-02-09,Midwest,-83.138941,42.357276
7543 Dexter Ave,2024-02-09,Petoskey-Otsego,-83.110789,42.359371
8900 Mansfield St,2024-02-09,Joy Community,-83.203038,42.35958
1135 S Liebold St,2024-02-12,Boynton,-83.147799,42.280599
118 Monroe St,2024-02-12,Downtown,-83.045035,42.333115
11848 Findlay St,2024-02-12,Gratiot-Findlay,-82.996402,42.414516
12011 Racine St,2024-02-12,Gratiot-Findlay,-82.990358,42.418226
12034 Racine St,2024-02-12,Gratiot-Findlay,-82.990292,42.418755
1244 S Patricia St,2024-02-12,Boynton,-83.149815,42.280546
12774 Jane St,2024-02-12,Eden Gardens,-82.983752,42.416513
1288 Lakeview St,2024-02-12,Riverbend,-82.950451,42.375082
13086 Jane St,2024-02-12,Eden Gardens,-82.980852,42.417518
14101 Ward St,2024-02-12,Happy Homes,-83.173469,42.390086
14711 Alma St,2024-02-12,Mapleridge,-82.970273,42.421765
15747 Joslyn St,2024-02-12,Pilgrim Village,-83.116697,42.408738
15870 Prairie St,2024-02-12,Fitzgerald/Marygrove,-83.144496,42.408563
17235 Westphalia St,2024-02-12,Von Steuben,-82.992507,42.426125999999996
5921 Vancourt St,2024-02-12,Midwest,-83.121483,42.347262
6059 Hartford St,2024-02-12,Midwest,-83.113588,42.348884
7484 American St,2024-02-12,Midwest,-83.143703,42.348413
8252 Quinn St,2024-02-12,Mount Olivet,-83.019827,42.430894
8344 Strathmoor St,2024-02-12,Joy-Schaefer,-83.185516,42.355632
9087 Burt Rd,2024-02-12,Franklin Park,-83.246043,42.360404
9190 Abington Ave,2024-02-12,Joy Community,-83.210131,42.3623
9301 Kentucky St,2024-02-12,Barton-McFarland,-83.157221,42.364151
9717 N Martindale St,2024-02-12,Nardin Park,-83.127534,42.371444
9725 N Martindale St,2024-02-12,Nardin Park,-83.127593,42.371529
9909 Carlin Ave,2024-02-12,Plymouth-Hubbell,-83.179329,42.368494
11994 Hamburg St,2024-02-13,Gratiot-Findlay,-82.990974,42.418219
12379 Loretto St,2024-02-13,Eden Gardens,-82.989166,42.416175
15212 Novara St,2024-02-13,Regent Park,-82.965163,42.438755
15766 W Parkway St,2024-02-13,Brightmoor,-83.266536,42.405338
3562 Springle St,2024-02-13,Riverbend,-82.963535,42.383633
4351 Lakeview St,2024-02-13,Fox Creek,-82.96051,42.38935
4557 Allendale St,2024-02-13,Midwest,-83.118593,42.356209
5153 Bewick St,2024-02-13,West End,-82.996134,42.385009
673 W Robinwood St,2024-02-13,Grixdale Farms,-83.112265,42.429453
7453 Hanover St,2024-02-13,LaSalle Gardens,-83.095399,42.364487
8631 Terry St,2024-02-13,Fiskhorn,-83.190863,42.35778
9034 Heyden St,2024-02-13,Franklin Park,-83.238047,42.359875
12023 Hamburg St,2024-02-14,Gratiot-Findlay,-82.991797,42.418229
141 W Montana St,2024-02-14,Grixdale Farms,-83.104732,42.423354
1546 Gray St,2024-02-14,Riverbend,-82.955523,42.373388
1552 Gray St,2024-02-14,Riverbend,-82.955567,42.373464
15800 Cherrylawn St,2024-02-14,Fitzgerald/Marygrove,-83.154267,42.408043
19920 Hickory St,2024-02-14,Conner Creek,-82.987529,42.442716
19933 Hickory St,2024-02-14,Conner Creek,-82.988207,42.442921
21628 Thatcher Ave,2024-02-14,Holcomb Community,-83.256146,42.42078
4542 Pennsylvania St,2024-02-14,West End,-82.995472,42.378857000000004
4661 Bewick St,2024-02-14,West End,-82.994221,42.382184
4748 Garland St,2024-02-14,West End,-82.992227,42.38226
61 W Nevada St,2024-02-14,Grixdale Farms,-83.103332,42.424308
6415 Belfast St,2024-02-14,Midwest,-83.137347,42.351059
6601 Belfast St,2024-02-14,Midwest,-83.138396,42.351065
6727 Stanford,2024-02-14,Midwest,-83.115118,42.354285
7157 Julian St,2024-02-14,Midwest,-83.142315,42.358312
7835 Mansfield St,2024-02-14,Warren Ave Community,-83.203054,42.350277
8116 Burnette St,2024-02-14,Midwest,-83.140556,42.353883
8827 Chapin St,2024-02-14,Gratiot Woods,-83.007874,42.384315
10042 Cedarlawn St,2024-02-15,Barton-McFarland,-83.159465,42.372954
12439 Loretto St,2024-02-15,Eden Gardens,-82.988167,42.416583
12450 Hamburg St,2024-02-15,LaSalle College Park,-82.992703,42.419463
12503 Loretto St,2024-02-15,Eden Gardens,-82.987163,42.416936
13500 Compass St,2024-02-15,Happy Homes,-83.177118,42.3892
1710 Hazelwood St,2024-02-15,Virginia Park Community,-83.097598,42.375348
19684 Gallagher St,2024-02-15,Pershing,-83.070285,42.439161
2231 Fairview St,2024-02-15,East Village,-82.976828,42.369718
2951 Burrell Pl,2024-02-15,Core City,-83.096956,42.349341
3022 Drexel St,2024-02-15,Riverbend,-82.957636,42.38236
3327 Blaine St,2024-02-15,Jamison,-83.113666,42.366258
3875 W Kirby St,2024-02-15,Chadsey Condon,-83.107098,42.346719
5130 Hurlbut St,2024-02-15,West End,-82.996424,42.384541
5166 Grand River Ave,2024-02-15,Woodbridge,-83.092095,42.350148
5230 Garland St,2024-02-15,West End,-82.995225,42.386598
5769 Linwood St,2024-02-15,NW Goldberg,-83.095848,42.354876
7626 Central St,2024-02-15,Midwest,-83.145792,42.349267
10046 Nottingham Rd,2024-02-16,Outer Drive-Hayes,-82.952511,42.412556
12021 N Martindale St,2024-02-16,Nardin Park,-83.132595,42.37857
2218 Garland St,2024-02-16,East Village,-82.981861,42.367506
3152 Eastlawn St,2024-02-16,Riverbend,-82.955788,42.385048
3160 Eastlawn St,2024-02-16,Riverbend,-82.955837,42.385121
4821 Cooper St,2024-02-16,West End,-82.998507,42.380226
4827 Cooper St,2024-02-16,West End,-82.998557,42.380299
4839 Cooper St,2024-02-16,West End,-82.998657,42.380446
5079 Spokane St,2024-02-16,Midwest,-83.125161,42.35877
7051 Pilgrim St,2024-02-16,Fitzgerald/Marygrove,-83.14259,42.407335
8610 Ellsworth St,2024-02-16,Chalfonte,-83.156931,42.401993
9316 Elsa St,2024-02-16,West End,-82.995733,42.375051
9941 Roseberry St,2024-02-16,Wade,-82.986458,42.406943
10010 Pinehurst St,2024-02-19,Barton-McFarland,-83.165312,42.370497
12663 Joann St,2024-02-19,Gratiot-Findlay,-82.986873,42.423512
12737 Loretto St,2024-02-19,Eden Gardens,-82.98529,42.417589
12774 Loretto St,2024-02-19,Eden Gardens,-82.984366,42.417391
13366 Young St,2024-02-19,Mapleridge,-82.983668,42.423546
13462 Newbern St,2024-02-19,North Campau,-83.064068,42.415649
15452 Freeland St,2024-02-19,Bethune Community,-83.185349,42.404541
19031 Heyden St,2024-02-19,Holcomb Community,-83.241054,42.428979
2646 W Forest Ave,2024-02-19,Core City,-83.090932,42.345103
3100 Pennsylvania St,2024-02-19,East Village,-82.989172,42.369852
5369 Ivanhoe St,2024-02-19,Midwest,-83.128078,42.356688
5381 Ivanhoe St,2024-02-19,Midwest,-83.128201,42.356641
6383 Belfast St,2024-02-19,Midwest,-83.136718,42.351051
9382 Sylvester St,2024-02-19,West End,-82.994122,42.374742
9391 Emmons St,2024-02-19,West End,-82.993288,42.373766
991 Kitchener St,2024-02-19,Jefferson Chalmers,-82.95568,42.369576
11781 Cherrylawn St,2024-02-20,Littlefield Community,-83.153982,42.375962
12039 Cherrylawn St,2024-02-20,Littlefield Community,-83.154002,42.376514
14005 Maine St,2024-02-20,North Campau,-83.074011,42.417016
14251 Flanders St,2024-02-20,Eden Gardens,-82.975702,42.418812
4189 Eastlawn St,2024-02-20,Fox Creek,-82.958667,42.388364
8234 Vaughan St,2024-02-20,Warrendale,-83.23661,42.352666
9135 Bryden St,2024-02-20,Midwest,-83.145469,42.362674
10792 Haverhill St,2024-02-21,Outer Drive-Hayes,-82.961762,42.415888
14224 Burgess St,2024-02-21,Brightmoor,-83.253664,42.39014
14287 Roselawn St,2024-02-21,Davison-Schoolcraft,-83.151255,42.393133
20222 Yacama Rd,2024-02-21,Nolan,-83.097067,42.443996
20520 Keating St,2024-02-21,Nolan,-83.100373,42.446373
3293 Montgomery St,2024-02-21,Wildemere Park,-83.110164,42.362193
3353 17th St,2024-02-21,North Corktown,-83.084036,42.337314
4212 Eastlawn St,2024-02-21,Fox Creek,-82.958308,42.388836
5325 Seebaldt St,2024-02-21,Midwest,-83.124518,42.352921
9100 Bryden St,2024-02-21,Midwest,-83.144835,42.362171
9530 Carlin Ave,2024-02-21,Plymouth-Hubbell,-83.178564,42.366339
11651 Stahelin Ave,2024-02-22,Southfield Plymouth,-83.225686,42.372925
12075 Promenade Ave,2024-02-22,Wade,-82.988534,42.408045
12816 Loretto St,2024-02-22,Eden Gardens,-82.983673,42.417637
12826 Loretto St,2024-02-22,Eden Gardens,-82.983539,42.417685
13900 Young St,2024-02-22,Mapleridge,-82.982269,42.423557
13970 Arlington St,2024-02-22,North Campau,-83.074967,42.416105
1445 S Liebold St,2024-02-22,Boynton,-83.149866,42.278121
14890 Tuller St,2024-02-22,Chalfonte,-83.146592,42.39937
15000 Dexter Ave,2024-02-22,Dexter-Fenkell,-83.135126,42.400789
15117 Parkside St,2024-02-22,Dexter-Fenkell,-83.131173,42.402429
1515 S Liebold St,2024-02-22,Boynton,-83.150553,42.277305
15257 Saratoga St,2024-02-22,Mapleridge,-82.964152,42.433355
15331 Freeland St,2024-02-22,Bethune Community,-83.185808,42.402475
15907 Robson St,2024-02-22,Belmont,-83.193274,42.408691
17454 Anglin St,2024-02-22,Cadillac Heights,-83.073949,42.421874
18921 Mapleview St,2024-02-22,Franklin,-82.984175,42.433487
19255 Lenore Ave,2024-02-22,Five Points,-83.281518,42.431022
19270 Winston St,2024-02-22,Five Points,-83.283417,42.431247
2645 Vicksburg St,2024-02-22,Wildemere Park,-83.10435,42.365285
2955 Virginia Park St,2024-02-22,Wildemere Park,-83.107792,42.364875
4031 Montgomery St,2024-02-22,Petoskey-Otsego,-83.114714,42.360479
4270 W Grand St,2024-02-22,Oakman Blvd Community,-83.137897,42.389357
4747 Pennsylvania St,2024-02-22,West End,-82.997218,42.380231
4787 23rd St,2024-02-22,Chadsey Condon,-83.098893,42.343801
5774 Beechwood St,2024-02-22,Midwest,-83.11856,42.345759
9064 Bryden St,2024-02-22,Midwest,-83.144813,42.361677
11437 Mendota St,2024-02-23,Barton-McFarland,-83.164845,42.372397
12528 Riad St,2024-02-23,Moross-Morang,-82.953616,42.429742
13041 Loretto St,2024-02-23,Eden Gardens,-82.982489,42.418571
13254 Rochelle St,2024-02-23,Mapleridge,-82.98443,42.422748
14173 Ward St,2024-02-23,Happy Homes,-83.173514,42.391039
14940 Marlowe St,2024-02-23,Hubbell-Lyndon,-83.189517,42.398974
4088 Roosevelt St,2024-02-23,Chadsey Condon,-83.098876,42.33897
9116 Prairie St,2024-02-23,Midwest,-83.142654,42.36247
13061 Loretto St,2024-02-26,Eden Gardens,-82.982155,42.418689
13434 Sunset St,2024-02-26,Davison,-83.057966,42.415673
13548 Gallagher St,2024-02-26,North Campau,-83.065794,42.416311
13933 Rochelle St,2024-02-26,Mapleridge,-82.981704,42.423204
14015 Ward St,2024-02-26,Happy Homes,-83.173429,42.389434
14644 Rockdale St,2024-02-26,Brightmoor,-83.257588,42.395203
15629 Liberal St,2024-02-26,Regent Park,-82.960167,42.440303
17868 McDougall St,2024-02-26,Cadillac Heights,-83.070735,42.424446
2135 Stanley St,2024-02-26,Elijah McCoy,-83.089593,42.355575
21464 Karl St,2024-02-26,Holcomb Community,-83.254537,42.423515
5958 Wabash St,2024-02-26,Elijah McCoy,-83.089798,42.358171
9566 Manor,2024-02-26,Barton-McFarland,-83.166419,42.367046
11352 Pinehurst St,2024-02-27,Barton-McFarland,-83.165351,42.371997
11687 Griggs St,2024-02-27,Grand River-I96,-83.162463,42.374667
12431 Laurel St,2024-02-27,Mapleridge,-82.982683,42.421819
13326 Loretto St,2024-02-27,Eden Gardens,-82.97966,42.419055
13552 Gallagher St,2024-02-27,North Campau,-83.065844,42.416385
13753 Mapleridge St,2024-02-27,Franklin,-82.982737,42.429157
13911 McDougall St,2024-02-27,North Campau,-83.069275,42.417285
14023 Anglin St,2024-02-27,North Campau,-83.073276,42.41756
14114 Glenwood St,2024-02-27,Mapleridge,-82.97737,42.430346
15058 Fordham St,2024-02-27,Mapleridge,-82.966683,42.434346
17160 Lamont St,2024-02-27,Davison,-83.053554,42.419789
17445 Winston St,2024-02-27,The Eye,-83.284258,42.418764
20193 Irvington St,2024-02-27,Nolan,-83.098722,42.44358
22537 Santa Maria St,2024-02-27,Oak Grove District 1,-83.26437,42.416629
3450 Pennsylvania St,2024-02-27,East Village,-82.99057,42.371784
9052 Burt Rd,2024-02-27,Franklin Park,-83.24533,42.359961
9567 Manor,2024-02-27,Barton-McFarland,-83.167079,42.367035
1071 Eastlawn St,2024-02-28,Riverbend,-82.948277,42.372588
11777 Sanford St,2024-02-28,Gratiot-Findlay,-82.996807,42.413091
12344 Northlawn St,2024-02-28,Littlefield Community,-83.152429,42.379763
14973 Lappin St,2024-02-28,Regent Park,-82.967192,42.437442
15825 Grayfield St,2024-02-28,Brightmoor,-83.269564,42.406029
268 S Luther St,2024-02-28,Oakwood Heights,-83.146057,42.292094
4117 Alter Rd,2024-02-28,Fox Creek,-82.950026,42.390277
4536 Cooper St,2024-02-28,West End,-82.996531,42.378358
1078 Lakewood St,2024-02-29,Riverbend,-82.945689,42.373792
12127 Wilshire Dr,2024-02-29,Wade,-82.987119,42.407469
12144 Christy St,2024-02-29,Gratiot-Findlay,-82.993409,42.416524
12409 Laurel St,2024-02-29,Mapleridge,-82.982676,42.421531
12561 Whitehill St,2024-02-29,Moross-Morang,-82.948667,42.432066
13302 Filbert St,2024-02-29,Eden Gardens,-82.980514,42.419655
13310 Filbert St,2024-02-29,Eden Gardens,-82.980379,42.419699
13931 Houston Whittier Ave,2024-02-29,Mapleridge,-82.981817,42.420741
15031 Eastwood St,2024-02-29,Mapleridge,-82.967185,42.434024
15461 Westbrook St,2024-02-29,Brightmoor,-83.25092,42.403141
15833 Grayfield St,2024-02-29,Brightmoor,-83.26957,42.406177
18416 Albany St,2024-02-29,Krainz Woods,-83.04442,42.428431
22131 Ulster St,2024-02-29,Riverdale,-83.259778,42.409965
3469 McClellan St,2024-02-29,East Village,-82.993362,42.370517
1122 Lenox St,2024-03-01,Riverbend,-82.95246,42.372619
12746 Fournier St,2024-03-01,Eden Gardens,-82.986192,42.419281
13149 Filbert St,2024-03-01,Eden Gardens,-82.981006,42.419991
13501 Appoline St,2024-03-01,Grand River-I96,-83.170038,42.385931
14481 Kilbourne Ave,2024-03-01,Outer Drive-Hayes,-82.970608,42.416925
14585 Hubbell St,2024-03-01,Hubbell-Lyndon,-83.188966,42.395911
14603 Eastwood St,2024-03-01,Mapleridge,-82.972486,42.433839
15821 Hazelton St,2024-03-01,Brightmoor,-83.268424,42.405998
16628 Lilac St,2024-03-01,Fitzgerald/Marygrove,-83.14675,42.41411
3427 Rohns St,2024-03-01,East Village,-82.996049,42.36875
3823 Holcomb St,2024-03-01,Gratiot Woods,-82.997403,42.372648
4745 Belvidere St,2024-03-01,Gratiot Woods,-83.000611,42.378843
5760 Harding St,2024-03-01,West End,-82.996254,42.391494
9381 Weyher St,2024-03-01,West End,-82.993922,42.374462
9587 Prairie St,2024-03-01,Midwest,-83.143799,42.367803
1251 S Liebold St,2024-03-04,Boynton,-83.148456,42.279811
1259 S Liebold St,2024-03-04,Boynton,-83.148525,42.279729
12624 Filbert St,2024-03-04,Eden Gardens,-82.987664,42.417142
13087 Filbert St,2024-03-04,Eden Gardens,-82.982078,42.419616
13380 Camden Ave,2024-03-04,Outer Drive-Hayes,-82.97006,42.405524
14942 Kilbourne Ave,2024-03-04,Outer Drive-Hayes,-82.966221,42.41639
16890 Wormer St,2024-03-04,South of Six,-83.279193,42.4133
19010 Dale St,2024-03-04,Seven Mile-Rouge,-83.276284,42.428209
23226 Florence St,2024-03-04,Riverdale,-83.267726,42.409984
3515 Rohns St,2024-03-04,East Village,-82.996836,42.369838
487 Continental St,2024-03-04,Jefferson Chalmers,-82.950309,42.363117
9221 Manistique St,2024-03-04,Outer Drive-Hayes,-82.962638,42.407932
9396 Marietta St,2024-03-04,East Village,-82.989892,42.369235
9614 Yosemite St,2024-03-04,Nardin Park,-83.130399,42.368976
9972 Woodside,2024-03-04,Nardin Park,-83.137374,42.370668
12672 Filbert St,2024-03-05,Eden Gardens,-82.986861,42.417425
15377 Beaverland St,2024-03-05,Brightmoor,-83.265912,42.401932
2131 E Kirby St,2024-03-05,Poletown East,-83.045917,42.367966
2221 Townsend St,2024-03-05,Islandview,-83.005114,42.358405
470 Algonquin,2024-03-05,Jefferson Chalmers,-82.951433,42.362336
9390 Marietta St,2024-03-05,East Village,-82.98999,42.369196
12678 Filbert St,2024-03-06,Eden Gardens,-82.986761,42.41746
14723 Kilbourne Ave,2024-03-06,Outer Drive-Hayes,-82.969497,42.416913
1969 Fullerton St,2024-03-06,Dexter-Linwood,-83.111289,42.391298
3789 Hogarth St,2024-03-06,Petoskey-Otsego,-83.112057,42.358787
646 E Bethune St,2024-03-06,North End,-83.066205,42.375209
8252 Dobel St,2024-03-06,Airport Sub,-83.018849,42.416774
9233 Melville St,2024-03-06,Delray,-83.126966,42.291477
9605 Hindle St,2024-03-06,North End,-83.07094,42.391217
12174 Flanders St,2024-03-07,Eden Gardens,-82.990465,42.413046
1299 Eastlawn St,2024-03-07,Riverbend,-82.950128,42.375401
1317 Lenox St,2024-03-07,Riverbend,-82.954494,42.374675
13960 Pierson St,2024-03-07,Brightmoor,-83.245089,42.38707
14501 Eastwood St,2024-03-07,Mapleridge,-82.973302,42.433822
14575 Pierson St,2024-03-07,Brightmoor,-83.246004,42.394395
14896 Tuller St,2024-03-07,Chalfonte,-83.146596,42.399458
14965 Lappin St,2024-03-07,Regent Park,-82.967331,42.437439
15245 Mettetal St,2024-03-07,Grand River-St Marys,-83.208149,42.400893
15369 Bramell St,2024-03-07,Brightmoor,-83.264756,42.401749
15801 W Parkway St,2024-03-07,Brightmoor,-83.267257,42.405773
16208 Fenton St,2024-03-07,South of Six,-83.281684,42.40877
17160 Hickory St,2024-03-07,Franklin,-82.986753,42.427129
2225 Algonquin St,2024-03-07,Riverbend,-82.960619,42.376009
2615 Atwater St,2024-03-07,Rivertown,-83.019069,42.336477
3445 Dickerson St,2024-03-07,Riverbend,-82.96105,42.382737
4237 Richton St,2024-03-07,Nardin Park,-83.131317,42.380838
580 S Green St,2024-03-07,Delray,-83.109364,42.296839
5912 Tarnow St,2024-03-07,Claytown,-83.140295,42.339554
6300 14th St,2024-03-07,Elijah McCoy,-83.092838,42.360417
6526 Evergreen Rd,2024-03-07,Warrendale,-83.234956,42.339087
8108 Rangoon St,2024-03-07,Midwest,-83.138738,42.353595
8200 Dobel St,2024-03-07,Airport Sub,-83.019629,42.4166
8420 Vanderbilt St,2024-03-07,Delray,-83.119246,42.293318
12712 Maiden St,2024-03-08,Wade,-82.977592,42.404721
12756 Filbert St,2024-03-08,Eden Gardens,-82.985176,42.418015
15014 Ardmore St,2024-03-08,Bethune Community,-83.184126,42.400077
15075 Burgess St,2024-03-08,Brightmoor,-83.254652,42.398845
8144 Kirkwood St,2024-03-08,Claytown,-83.148094,42.337742
8248 Almont St,2024-03-08,Airport Sub,-83.01917,42.414104
10114 Maplelawn St,2024-03-11,Barton-McFarland,-83.160653,42.369999
1079 S Liebold St,2024-03-11,Boynton,-83.147253,42.281251
12317 Maiden St,2024-03-11,Wade,-82.981644,42.403853
12744 Promenade Ave,2024-03-11,Wade,-82.980386,42.410323
13347 Hubbell St,2024-03-11,Schoolcraft Southfield,-83.188707,42.386098
1411 S Liebold St,2024-03-11,Boynton,-83.149524,42.278527
14161 Cedargrove St,2024-03-11,Mapleridge,-82.978003,42.42567
14281 Ardmore St,2024-03-11,Hubbell-Lyndon,-83.184413,42.392265
14320 Mark Twain St,2024-03-11,Hubbell-Lyndon,-83.185863,42.392779
14511 Littlefield St,2024-03-11,Bethune Community,-83.175875,42.395136
14608 Hartwell St,2024-03-11,Bethune Community,-83.177477,42.396444
18929 Hickory St,2024-03-11,Franklin,-82.98785,42.433488
19002 Riverview St,2024-03-11,Seven Mile-Rouge,-83.274965,42.428132
3071 Eastlawn St,2024-03-11,Riverbend,-82.955677,42.383808
4111 Alter Rd,2024-03-11,Fox Creek,-82.949976,42.390203
4170 Manistique St,2024-03-11,Fox Creek,-82.951749,42.39048
4408 Concord St,2024-03-11,Gratiot-Grand,-83.019514,42.36847
4726 Crane St,2024-03-11,Gratiot Woods,-83.003307,42.377495
4823 Rohns St,2024-03-11,Gratiot Woods,-83.003472,42.378894
763 S Liebold St,2024-03-11,Boynton,-83.145321,42.283561
8126 E Brentwood St,2024-03-11,Mount Olivet,-83.021729,42.43305
8250 Dubay St,2024-03-11,Airport Sub,-83.019087,42.413313
8260 E Brentwood St,2024-03-11,Mount Olivet,-83.019749,42.433104
9349 Pryor St,2024-03-11,East Village,-82.98819,42.365475000000004
12016 Montrose St,2024-03-12,Plymouth-I96,-83.199697,42.375023
12681 Tuller St,2024-03-12,Oakman Blvd Community,-83.146552,42.382262
13369 Wade St,2024-03-12,Outer Drive-Hayes,-82.970773,42.406699
13660 Glenwood St,2024-03-12,Franklin,-82.98368,42.430282
14071 Anglin St,2024-03-12,North Campau,-83.073676,42.418148
15301 Lappin St,2024-03-12,Regent Park,-82.963483,42.437513
17204 Lumpkin St,2024-03-12,Cadillac Heights,-83.080004,42.420056
17371 Buffalo St,2024-03-12,Davison,-83.047847,42.421899
2986 Lenox St,2024-03-12,Riverbend,-82.958319,42.381566
8101 Dubay St,2024-03-12,Airport Sub,-83.021712,42.412781
8126 E Hollywood St,2024-03-12,Mount Olivet,-83.021705,42.432333
12700 Wade St,2024-03-13,Ravendale,-82.977264,42.403967
1328 Woodmere St,2024-03-13,Springwells,-83.1339,42.300432
15774 Greydale St,2024-03-13,Brightmoor,-83.255451,42.405548
18072 Albany St,2024-03-13,Krainz Woods,-83.044368,42.427399
18072 Bloom St,2024-03-13,Krainz Woods,-83.04866,42.427306
19925 Grandview St,2024-03-13,Five Points,-83.285492,42.436599
5170 Grand River Ave,2024-03-13,Woodbridge,-83.092302,42.350229
5182 Grand River Ave,2024-03-13,Woodbridge,-83.09253,42.350327
8126 Wisner St,2024-03-13,Airport Sub,-83.021081,42.41178
8234 E Hollywood St,2024-03-13,Mount Olivet,-83.020242,42.432363
9803 Petoskey Ave,2024-03-13,Nardin Park,-83.125399,42.372842
1100 S Liebold St,2024-03-14,Boynton,-83.148001,42.281262
1178 Holcomb St,2024-03-14,East Village,-82.986704,42.358791
12509 Flanders St,2024-03-14,Eden Gardens,-82.987309,42.414741
12696 Filbert St,2024-03-14,Eden Gardens,-82.986356,42.417603
13145 Wade St,2024-03-14,Outer Drive-Hayes,-82.97244,42.406106
1320 S Patricia St,2024-03-14,Boynton,-83.150489,42.27961
14044 Schaefer Hwy,2024-03-14,Happy Homes,-83.176095,42.390339
14397 Lappin St,2024-03-14,Regent Park,-82.975216,42.437258
14725 Lappin St,2024-03-14,Regent Park,-82.971097,42.437347
17344 Hull St,2024-03-14,Cadillac Heights,-83.0881,42.420733
17834 Lumpkin St,2024-03-14,Cadillac Heights,-83.080177,42.423858
18065 Saint Louis St,2024-03-14,Grant,-83.040433,42.42736
18407 Buffalo St,2024-03-14,Krainz Woods,-83.048229,42.4282
18520 Hawthorne St,2024-03-14,Hawthorne Park,-83.09211,42.428307
19937 Lumpkin St,2024-03-14,Nolan,-83.081052,42.440882
20487 Hull St,2024-03-14,Nolan,-83.0895,42.446102
2146 Saint Clair St,2024-03-14,East Village,-82.980153,42.367065
2908 Gladstone St,2024-03-14,Jamison,-83.110206,42.369827
4749 McClellan St,2024-03-14,Gratiot Woods,-82.999618,42.379307
4778 Fischer Ave,2024-03-14,Gratiot Woods,-83.004755,42.377718
5133 Cadillac Ave,2024-03-14,West End,-82.998231,42.38387
8241 Wisner St,2024-03-14,Airport Sub,-83.01936,42.412869
8246 E Hollywood St,2024-03-14,Mount Olivet,-83.019983,42.432368
9742 Dundee St,2024-03-14,Nardin Park,-83.13335,42.368881
1211 S Liebold St,2024-03-15,Boynton,-83.148048,42.280301
13967 Mark Twain St,2024-03-15,Hubbell-Lyndon,-83.186362,42.388444
15515 14th St,2024-03-15,Pilgrim Village,-83.120424,42.405787
19941 Hull St,2024-03-15,Nolan,-83.089241,42.440574
20264 Hull St,2024-03-15,Nolan,-83.088874,42.444729
2300 W Fort St,2024-03-15,Hubbard Richard,-83.073666,42.320033
2571 Canton St,2024-03-15,Islandview,-83.012801,42.358977
2723 Tyler St,2024-03-15,Dexter-Linwood,-83.12307,42.390558
4501 Crane St,2024-03-15,Gratiot Woods,-83.002665,42.375578
4553 Montclair St,2024-03-15,East Canfield,-82.988329,42.382844
6886 Parkwood St,2024-03-15,Claytown,-83.127991,42.329113
8180 Ellsworth St,2024-03-15,Chalfonte,-83.151437,42.40203
8757 Homer St,2024-03-15,Springwells,-83.129184,42.302448
906 Continental St,2024-03-15,Jefferson Chalmers,-82.953565,42.36907
12590 Wade St,2024-03-18,Ravendale,-82.978488,42.403537
13639 Livernois Ave,2024-03-18,Oakman Blvd Community,-83.139947,42.388101
14281 Wade St,2024-03-18,Outer Drive-Hayes,-82.967951,42.407657
14662 Indiana St,2024-03-18,Chalfonte,-83.157089,42.39758
14937 Maddelein St,2024-03-18,Regent Park,-82.96782,42.436483
17166 Caldwell St,2024-03-18,Davison,-83.046205,42.420016
17866 Norwood St,2024-03-18,Davison,-83.066388,42.424986
18450 Dwyer St,2024-03-18,Grant,-83.041072,42.4287
18919 Barlow St,2024-03-18,Von Steuben,-82.996358,42.433206
8260 E Robinwood St,2024-03-18,Mount Olivet,-83.019696,42.431632
9189 Lyon St,2024-03-18,Delray,-83.126488,42.290824
1231 Randolph St,2024-03-19,Downtown,-83.04525,42.334245
1237 Randolph St,2024-03-19,Downtown,-83.04534,42.334266
1241 Broadway St,2024-03-19,Downtown,-83.045444,42.334317
13952 McDougall St,2024-03-19,North Campau,-83.06912,42.417997
13970 Heyden St,2024-03-19,Brightmoor,-83.238673,42.387316
14015 Heyden St,2024-03-19,Brightmoor,-83.239297,42.387885
14101 Heyden St,2024-03-19,Brightmoor,-83.239333,42.388758
14270 Wade St,2024-03-19,Outer Drive-Hayes,-82.967881,42.407183
15880 Baylis St,2024-03-19,Pilgrim Village,-83.123556,42.409026
8290 Quinn St,2024-03-19,Mount Olivet,-83.01914,42.430886
8339 Maxwell St,2024-03-19,Airport Sub,-83.020171,42.389884
1016 Cavalry St,2024-03-20,Central Southwest,-83.101069,42.310444
12733 Wade St,2024-03-20,Wade,-82.977043,42.404526
13136 Hampshire St,2024-03-20,Outer Drive-Hayes,-82.971486,42.404082
13471 Lumpkin St,2024-03-20,North Campau,-83.07578,42.411478
13472 Lumpkin St,2024-03-20,North Campau,-83.075266,42.411673
13803 Lumpkin St,2024-03-20,North Campau,-83.076732,42.412878
14288 Cedargrove St,2024-03-20,Mapleridge,-82.975326,42.425227
14886 Muirland St,2024-03-20,Dexter-Fenkell,-83.13282,42.400175
15008 Muirland St,2024-03-20,Dexter-Fenkell,-83.132855,42.400909
15058 Glenwood St,2024-03-20,Mapleridge,-82.966596,42.430571
2573 Gray St,2024-03-20,Riverbend,-82.959281,42.377983
9142 Lyon St,2024-03-20,Delray,-83.126173,42.291431
15059 Spring Garden St,2024-03-21,Mapleridge,-82.96653,42.428426
15427 Park Grove St,2024-03-21,Mapleridge,-82.962297,42.430352
19381 Moenart St,2024-03-21,Farwell,-83.050695,42.437143
5139 S Clarendon St,2024-03-21,Midwest,-83.128789,42.360296
7438 Georgia St,2024-03-21,Airport Sub,-83.023595,42.393231
8061 Knodell St,2024-03-21,Airport Sub,-83.021611,42.398524
8064 Knodell St,2024-03-21,Airport Sub,-83.021591,42.398013
8417 Melville St,2024-03-21,Delray,-83.119979,42.294517
13994 Rockdale St,2024-03-22,Brightmoor,-83.257326,42.387363
14211 Hampshire St,2024-03-22,Outer Drive-Hayes,-82.968098,42.40562
16515 Wormer St,2024-03-22,South of Six,-83.279833,42.409761
18434 Gable St,2024-03-22,Grant,-83.042198,42.428479
19406 Saint Louis St,2024-03-22,Farwell,-83.039985,42.437177
20210 Syracuse St,2024-03-22,Farwell,-83.046074,42.444634
2667 Tuxedo St,2024-03-22,Dexter-Linwood,-83.116738,42.382967
8102 Woodlawn Ave,2024-03-22,Airport Sub,-83.0209,42.398912
8161 Knodell St,2024-03-22,Airport Sub,-83.019778,42.398558
1297 S Liebold St,2024-03-25,Boynton,-83.148912,42.279264
1315 S Liebold St,2024-03-25,Boynton,-83.149069,42.279076
13883 Lumpkin St,2024-03-25,North Campau,-83.077386,42.413835
13941 Lumpkin St,2024-03-25,North Campau,-83.077885,42.414594
14269 Hampshire St,2024-03-25,Outer Drive-Hayes,-82.967072,42.405936
1456 S Liebold St,2024-03-25,Boynton,-83.150507,42.278222
1459 S Liebold St,2024-03-25,Boynton,-83.149977,42.27799
15443 Chatham St,2024-03-25,Brightmoor,-83.263519,42.402682
4616 E McNichols Rd,2024-03-25,Davison,-83.056398,42.418575
8065 Conger St,2024-03-25,Gratiot Town/Kettering,-83.01753,42.384753
8195 Lyford St,2024-03-25,Airport Sub,-83.019963,42.408371
12134 Braile St,2024-03-26,Weatherby,-83.243534,42.37596
14901 Young St,2024-03-26,Mapleridge,-82.968081,42.424175
17826 Lumpkin St,2024-03-26,Cadillac Heights,-83.080173,42.423776
18851 Syracuse St,2024-03-26,Krainz Woods,-83.046283,42.432429
19269 Albany St,2024-03-26,Farwell,-83.045287,42.435946
209 Junction St,2024-03-26,Delray,-83.095095,42.307917
2218 Cortland St,2024-03-26,Dexter-Linwood,-83.111533,42.38905
2534 Eastlawn St,2024-03-26,Riverbend,-82.952417,42.37992
4606 E McNichols Rd,2024-03-26,Davison,-83.056621,42.418572
5673 Stanford,2024-03-26,Midwest,-83.114566,42.347146
7582 Stockton St,2024-03-26,Grant,-83.025717,42.428444
8065 E Robinwood St,2024-03-26,Mount Olivet,-83.022862,42.431987
14311 Camden Ave,2024-03-27,Outer Drive-Hayes,-82.96701,42.407123
15751 Grayfield St,2024-03-27,Brightmoor,-83.269518,42.404947
18099 Syracuse St,2024-03-27,Krainz Woods,-83.046055,42.427703
3535 Hurlbut St,2024-03-27,East Village,-82.989615,42.373402
3756 French Rd,2024-03-27,East Canfield,-82.984955,42.377287
4563 Belvidere St,2024-03-27,Gratiot Woods,-82.999687,42.377508
5242 Lenox St,2024-03-27,Chandler Park,-82.967304,42.39521
6046 Scotten St,2024-03-27,Midwest,-83.111842,42.348756
6697 Majestic St,2024-03-27,Midwest,-83.138831,42.347811
7409 Majestic St,2024-03-27,Midwest,-83.143136,42.347084
7562 Stockton St,2024-03-27,Grant,-83.026051,42.428436
8150 Lyford St,2024-03-27,Airport Sub,-83.020509,42.407669
12799 Hampshire St,2024-03-28,Ravendale,-82.975005,42.403518
13417 Wade St,2024-03-28,Outer Drive-Hayes,-82.970069,42.406943
14289 Promenade Ave,2024-03-28,Outer Drive-Hayes,-82.971739,42.413889
14333 Elmdale St,2024-03-28,Outer Drive-Hayes,-82.968616,42.410351
14708 Young St,2024-03-28,Mapleridge,-82.970345,42.423703
15470 Virgil St,2024-03-28,Brightmoor,-83.27097,42.403015
15711 Virgil St,2024-03-28,Brightmoor,-83.271629,42.40407
1575 W Grand Blvd,2024-03-28,Chadsey Condon,-83.1091,42.34558
15830 Virgil St,2024-03-28,Brightmoor,-83.271115,42.4061
3241 Glynn Ct,2024-03-28,Dexter-Linwood,-83.118527,42.37638
4249 Tuxedo St,2024-03-28,Nardin Park,-83.129659,42.378135
4579 Montclair St,2024-03-28,East Canfield,-82.988539,42.383134
5126 Cooper St,2024-03-28,West End,-82.999567,42.382807
730 S Cottrell St,2024-03-28,Delray,-83.109562,42.295423
8103 E Grixdale St,2024-03-28,Mount Olivet,-83.022034,42.429808
9820 Yorkshire Rd,2024-03-28,Yorkshire Woods,-82.943777,42.416114
12062 Cascade St,2024-04-01,Nardin Park,-83.13453,42.378368
13356 Hampshire St,2024-04-01,Outer Drive-Hayes,-82.96992,42.404539
16525 Bramell St,2024-04-01,Riverdale,-83.264994,42.409913
18091 Syracuse St,2024-04-01,Krainz Woods,-83.046051,42.42762
19165 HEALY,2024-04-01,Farwell,-83.05588,42.434142
19683 Healy St,2024-04-01,Farwell,-83.0564,42.439414
2140 Meade St,2024-04-01,Campau/Banglatown,-83.071076,42.407699
230 Hague St,2024-04-01,North End,-83.07607,42.379608
3030 Fairview St,2024-04-01,East Village,-82.978277,42.375006
4316 Lenox St,2024-04-01,Fox Creek,-82.962534,42.388063
8080 Emily St,2024-04-01,Mount Olivet,-83.022339,42.427804
9325 Graves St,2024-04-01,West End,-82.999508,42.380657
13446 Hampshire St,2024-04-02,Outer Drive-Hayes,-82.968368,42.404992
1467 S Liebold St,2024-04-02,Boynton,-83.150073,42.277876
1613 S Liebold St,2024-04-02,Boynton,-83.150906,42.276862
1654 Cortland St,2024-04-02,Dexter-Linwood,-83.107913,42.390923
16589 Beaverland St,2024-04-02,Riverdale,-83.26627,42.410879
18500 Westphalia St,2024-04-02,Von Steuben,-82.991904,42.430809000000004
2615 Pennsylvania St,2024-04-02,East Village,-82.988443,42.367855
2677 E Vernor Hwy,2024-04-02,McDougall-Hunt,-83.029192,42.350659
2722 Monterey St,2024-04-02,Dexter-Linwood,-83.119137,42.384746
351 Harmon St,2024-04-02,Gateway Community,-83.081278,42.392625
4270 Belvidere St,2024-04-02,Gratiot Woods,-82.998103,42.376315
4439 French Rd,2024-04-02,East Canfield,-82.988312,42.381077
4671 Lenox St,2024-04-02,Fox Creek,-82.964726,42.390419
4677 Lenox St,2024-04-02,Fox Creek,-82.964775,42.390494
6640 Majestic St,2024-04-02,Midwest,-83.138198,42.348551
6674 Majestic St,2024-04-02,Midwest,-83.13875,42.348328
7559 Nuernberg St,2024-04-02,Airport Sub,-83.025535,42.418134
8242 Quinn St,2024-04-02,Mount Olivet,-83.019983,42.430892
9166 Delmar St,2024-04-02,North End,-83.07046,42.388131
9340 Cutler St,2024-04-02,East Village,-82.991226,42.369513
9641 Montrose St,2024-04-02,Joy Community,-83.200097,42.36737
12011 Rutherford St,2024-04-03,Plymouth-I96,-83.202783,42.374886
13316 Promenade Ave,2024-04-03,Outer Drive-Hayes,-82.975323,42.412071
14689 Cedargrove St,2024-04-03,Mapleridge,-82.970799,42.425764
15464 Dolphin St,2024-04-03,Brightmoor,-83.259058,42.403077
15490 Dolphin St,2024-04-03,Brightmoor,-83.25907,42.403404
20036 Coventry St,2024-04-03,Nolan,-83.101262,42.441563
2988 Concord St,2024-04-03,Islandview,-83.014088,42.360214
3185 Pennsylvania St,2024-04-03,East Village,-82.990437,42.370616
12011 Mansfield St,2024-04-04,Plymouth-I96,-83.204007,42.374888
13096 Elmdale St,2024-04-04,Outer Drive-Hayes,-82.974407,42.407734
14055 Braile St,2024-04-04,Brightmoor,-83.244641,42.388382
15866 Dolphin St,2024-04-04,Brightmoor,-83.259194,42.406678
19150 Woodward Ave,2024-04-04,Penrose,-83.114042,42.433641
20039 Keating St,2024-04-04,Nolan,-83.100824,42.441576
2063 Ferdinand St,2024-04-04,Central Southwest,-83.101338,42.320777
3644 Mack Ave,2024-04-04,McDougall-Hunt,-83.023154,42.36041
4575 Radnor St,2024-04-04,Cornerstone Village,-82.917418,42.407784
8056 Emily St,2024-04-04,Mount Olivet,-83.022783,42.427797
13341 Promenade Ave,2024-04-05,Outer Drive-Hayes,-82.975252,42.412665
14805 Park Grove St,2024-04-05,Mapleridge,-82.970045,42.430147
15727 Bramell St,2024-04-05,Brightmoor,-83.264875,42.40451
16709 Dolphin St,2024-04-05,Riverdale,-83.259832,42.411441
20256 Coventry St,2024-04-05,Nolan,-83.101367,42.444383
3326 E Palmer St,2024-04-05,Poletown East,-83.036937,42.373216
3419 E Canfield St,2024-04-05,McDougall-Hunt,-83.029967,42.364682
3632 E Ferry St,2024-04-05,Poletown East,-83.032128,42.373665
3928 Bewick St,2024-04-05,West End,-82.9904,42.377517
6258 Edwin St,2024-04-05,Airport Sub,-83.038626,42.400246
12608 Stoepel St,2024-04-08,Oakman Blvd Community,-83.140068,42.381405
13039 Kelly Rd,2024-04-08,Mapleridge,-82.9593,42.426918
13045 Kelly Rd,2024-04-08,Mapleridge,-82.9593,42.426918
13954 Westwood St,2024-04-08,Westwood Park,-83.231703,42.387264
13964 Rochelle St,2024-04-08,Mapleridge,-82.981135,42.422772
14130 Rochelle St,2024-04-08,Mapleridge,-82.978823,42.422798
15445 Lahser Rd,2024-04-08,Brightmoor,-83.257305,42.402775
20494 Andover St,2024-04-08,Nolan,-83.099271,42.446013
5347 Lakepointe St,2024-04-08,Morningside,-82.953644,42.401223
7451 Maywood St,2024-04-08,Airport Sub,-83.025684,42.391467
8600 Lyndon St,2024-04-08,Chalfonte,-83.155464,42.395526
9232 Savery St,2024-04-08,Dexter-Linwood,-83.115921,42.371404
10424 Beechdale St,2024-04-09,Barton-McFarland,-83.164273,42.370642
14395 Chapel St,2024-04-09,Brightmoor,-83.253202,42.392138
14427 Rockdale St,2024-04-09,Brightmoor,-83.258194,42.392489
14435 Rockdale St,2024-04-09,Brightmoor,-83.258199,42.392592
2050 McLean St,2024-04-09,Campau/Banglatown,-83.072127,42.406496
2097 Dearing St,2024-04-09,Campau/Banglatown,-83.073316,42.409756
2213 McClellan St,2024-04-09,East Village,-82.988996,42.364449
3204 Concord St,2024-04-09,Islandview,-83.015163,42.361836
9208 Louis St,2024-04-09,East Village,-82.990818,42.366141
10341 Sterritt St,2024-04-10,Airport Sub,-83.001524,42.395551
13018 Elmdale St,2024-04-10,Outer Drive-Hayes,-82.975749,42.407272
14210 Saratoga St,2024-04-10,Mapleridge,-82.976981,42.432613
14587 Stout St,2024-04-10,Brightmoor,-83.241659,42.394688
15016 Park Grove St,2024-04-10,Mapleridge,-82.967348,42.429766
15032 Monte Vista St,2024-04-10,Bethune Community,-83.166861,42.400625
1518 E Nevada St,2024-04-10,Cadillac Heights,-83.088135,42.424912
15830 W Parkway St,2024-04-10,Brightmoor,-83.266555,42.406181
18107 Conant St,2024-04-10,Northeast Central District,-83.069956,42.427234
5210 Pacific St,2024-04-10,Midwest,-83.123981,42.355718
8103 Walden St,2024-04-10,Airport Sub,-83.02059,42.392678
8289 Desoto St,2024-04-10,Chalfonte,-83.153394,42.400884
8914 Goethe Ave,2024-04-10,East Village,-82.994992,42.368474
9569 Pinehurst St,2024-04-10,Barton-McFarland,-83.165895,42.367062
15011 Beaverland St,2024-04-11,Brightmoor,-83.265715,42.397876
15337 Lahser Rd,2024-04-11,Brightmoor,-83.257242,42.401122
15478 Dolphin St,2024-04-11,Brightmoor,-83.259063,42.403221
15713 Patton St,2024-04-11,Brightmoor,-83.244182,42.404502
15833 W Parkway St,2024-04-11,Brightmoor,-83.267274,42.406167
15852 W Parkway St,2024-04-11,Brightmoor,-83.266569,42.406502
19964 Irvington St,2024-04-11,Nolan,-83.097958,42.440675
3857 McGraw St,2024-04-11,Midwest,-83.108193,42.349015
7252 Wykes St,2024-04-11,Midwest,-83.141397,42.345726
7418 Oakland St,2024-04-11,North End,-83.064762,42.374846
7430 American St,2024-04-11,Midwest,-83.143655,42.347667
7530 American St,2024-04-11,Midwest,-83.143746,42.349065
8066 American St,2024-04-11,Midwest,-83.143651,42.353038
9560 Pinehurst St,2024-04-11,Barton-McFarland,-83.1652,42.366984
11831 Findlay St,2024-04-12,Gratiot-Findlay,-82.99685,42.414907
13545 Fleming St,2024-04-12,North Campau,-83.075493,42.412693
19004 Annchester Rd,2024-04-12,Evergreen-Outer Drive,-83.235197,42.428752
19946 Lahser Rd,2024-04-12,Evergreen Lahser 7/8,-83.258201,42.437474
20181 Omira St,2024-04-12,Nolan,-83.09661,42.44343
2748 Lawley St,2024-04-12,Campau/Banglatown,-83.067684,42.410192
5048 E McNichols Rd,2024-04-12,Davison,-83.051896,42.41863
6531 Firwood St,2024-04-12,Midwest,-83.116227,42.352337
71 W Robinwood St,2024-04-12,Grixdale Farms,-83.103726,42.429607
115 E Grixdale Ave,2024-04-15,Greenfield Park,-83.099908,42.42787
13568 Fleming St,2024-04-15,North Campau,-83.075174,42.413135
14204 Rockdale St,2024-04-15,Brightmoor,-83.257421,42.389807
14666 Rochelle St,2024-04-15,Mapleridge,-82.971096,42.422904
14861 Park Grove St,2024-04-15,Mapleridge,-82.968995,42.430179
15108 Dacosta St,2024-04-15,Brightmoor,-83.260123,42.399138
15345 Bramell St,2024-04-15,Brightmoor,-83.264736,42.401283
15811 Beaverland St,2024-04-15,Brightmoor,-83.266083,42.405907
1696 Highland St,2024-04-15,Dexter-Linwood,-83.109165,42.391479
17917 Gallagher St,2024-04-15,Cadillac Heights,-83.069332,42.425126
3889 Naumann St,2024-04-15,Davison,-83.064977,42.423463
10367 Crocuslawn St,2024-04-16,Barton-McFarland,-83.163053,42.368019
13477 Lumpkin St,2024-04-16,North Campau,-83.075836,42.41155
13478 Lumpkin St,2024-04-16,North Campau,-83.075315,42.411747
13946 Manor,2024-04-16,Northwest Community,-83.167374,42.389008
15820 Rockdale St,2024-04-16,Brightmoor,-83.257958,42.406033
16001 Tacoma St,2024-04-16,Regent Park,-82.955769,42.442165
18438 Conley St,2024-04-16,Krainz Woods,-83.051781,42.428523
18646 Gable St,2024-04-16,Grant,-83.042289,42.430724
19356 Keating St,2024-04-16,Nolan,-83.099997,42.435721
19613 Irvington St,2024-04-16,Nolan,-83.098513,42.437512
5894 Colfax St,2024-04-16,Midwest,-83.123595,42.34586
7141 Elmhurst St,2024-04-16,Oakman Blvd Community,-83.142181,42.375839
81 E Greendale St,2024-04-16,Greenfield Park,-83.100547,42.427123
8904 Louis St,2024-04-16,East Village,-82.992186,42.365331
100 E Greendale St,2024-04-17,Greenfield Park,-83.100164,42.426729
1017 W Lantz St,2024-04-17,Penrose,-83.114536,42.436705
10243 Goodwin St,2024-04-17,North End,-83.076132,42.392387
10261 Hindle St,2024-04-17,North End,-83.072728,42.393852
13884 Saratoga St,2024-04-17,Franklin,-82.980831,42.432052
14224 Saratoga St,2024-04-17,Mapleridge,-82.976714,42.432611
14667 Rochelle St,2024-04-17,Mapleridge,-82.971111,42.423346
14888 Park Grove St,2024-04-17,Mapleridge,-82.968466,42.429746
16622 Winston St,2024-04-17,South of Six,-83.283109,42.411159
17138 Hickory St,2024-04-17,Franklin,-82.986735,42.426799
17432 McDougall St,2024-04-17,Cadillac Heights,-83.070661,42.421589
18097 McDougall St,2024-04-17,Northeast Central District,-83.070962,42.427331
19167 Andover St,2024-04-17,Nolan,-83.099495,42.433378
19354 Irvington St,2024-04-17,Nolan,-83.097822,42.435753
6024 Northfield St,2024-04-17,Midwest,-83.122273,42.347599
6059 Northfield St,2024-04-17,Midwest,-83.123105,42.347743
6148 Commonwealth St,2024-04-17,Elijah McCoy,-83.085476,42.362328
6710 Stanford,2024-04-17,Midwest,-83.114435,42.35405
1474 Taylor St,2024-04-18,Virginia Park Community,-83.094567,42.37746
1482 Taylor St,2024-04-18,Virginia Park Community,-83.094666,42.377424
15024 Stansbury St,2024-04-18,Bethune Community,-83.181897,42.400235
18847 Fleming St,2024-04-18,Northeast Central District,-83.079571,42.4312
19346 Irvington St,2024-04-18,Nolan,-83.097819,42.435657
201 E Margaret St,2024-04-18,Greenfield Park,-83.098194,42.426479
2646 Lakewood St,2024-04-18,Riverbend,-82.950975,42.38209
3745 Bangor St,2024-04-18,Chadsey Condon,-83.102115,42.334096
425 S Harbaugh St,2024-04-18,Delray,-83.12287,42.293149
4453 Bewick St,2024-04-18,West End,-82.992518,42.379593
5014 Fernwood St,2024-04-18,Midwest,-83.127064,42.361614
8110 Quinn St,2024-04-18,Mount Olivet,-83.021896,42.430847
9693 American St,2024-04-18,Midwest,-83.1449,42.369185
10253 Mendota St,2024-04-19,Barton-McFarland,-83.164788,42.370415
1211 Lenox St,2024-04-19,Riverbend,-82.95375,42.373552
157 E Margaret St,2024-04-19,Greenfield Park,-83.098971,42.426453
18435 Saint Louis St,2024-04-19,Grant,-83.040478,42.428519
19258 Irvington St,2024-04-19,Nolan,-83.097771,42.434715
5529 Joy Rd,2024-04-19,Midwest,-83.133201,42.361421
6335 Diversey,2024-04-19,Midwest,-83.13571,42.350888
6727 Covert St,2024-04-19,Grant,-83.032845,42.420387
9393 Mendota St,2024-04-19,Barton-McFarland,-83.164632,42.365259
10066 Crocuslawn St,2024-04-22,Barton-McFarland,-83.159688,42.368566
13571 McDougall St,2024-04-22,North Campau,-83.068234,42.415777
13972 Mitchell St,2024-04-22,North Campau,-83.070177,42.417943
14717 Rochelle St,2024-04-22,Mapleridge,-82.970204,42.423353
14813 Rochelle St,2024-04-22,Mapleridge,-82.969679,42.423362
14837 Rochelle St,2024-04-22,Mapleridge,-82.969235,42.423367
1600 S Liddesdale St,2024-04-22,Boynton,-83.150452,42.276791
6875 Covert St,2024-04-22,Grant,-83.030194,42.420444
7836 American St,2024-04-22,Midwest,-83.143899,42.351528
85 W Dakota Ave,2024-04-22,Grixdale Farms,-83.103331,42.419372
9329 Birwood St,2024-04-22,Barton-McFarland,-83.163333,42.364415
10050 Orangelawn St,2024-04-23,Barton-McFarland,-83.159433,42.369305
10106 Orangelawn St,2024-04-23,Barton-McFarland,-83.160469,42.369276
13833 Lumpkin St,2024-04-23,North Campau,-83.076988,42.413247
19250 Irvington St,2024-04-23,Nolan,-83.097768,42.434612
6748 Covert St,2024-04-23,Grant,-83.032402,42.419955
7567 Dobel St,2024-04-23,Airport Sub,-83.02534,42.41655
7567 Nuernberg St,2024-04-23,Airport Sub,-83.025406,42.418142
84 E Margaret St,2024-04-23,Greenfield Park,-83.100393,42.425994
11722 Cascade St,2024-04-24,Nardin Park,-83.133525,42.376878
12778 Joann St,2024-04-24,Gratiot-Findlay,-82.988069,42.424943
17127 Charest St,2024-04-24,Cadillac Heights,-83.069327,42.419097
17138 Moran St,2024-04-24,Cadillac Heights,-83.064966,42.419353
18507 Mound Rd,2024-04-24,Krainz Woods,-83.043983,42.429405
22547 W McNichols Rd,2024-04-24,Riverdale,-83.264524,42.414428
10310 Orangelawn St,2024-04-25,Barton-McFarland,-83.162045,42.369229
110 S Dey St,2024-04-25,Carbon Works,-83.13464,42.290609
11369 Yosemite St,2024-04-25,Nardin Park,-83.1343,42.373721
17142 Charest St,2024-04-25,Cadillac Heights,-83.06905,42.419381
19203 Andover St,2024-04-25,Nolan,-83.099507,42.433873
20026 Alcoy St,2024-04-25,Conner Creek,-82.988773,42.444384
3728 Tuxedo St,2024-04-25,Nardin Park,-83.125327,42.380245
3740 Tuxedo St,2024-04-25,Nardin Park,-83.125476,42.38019
3929 Bewick St,2024-04-25,West End,-82.990992,42.377308
42 E Margaret St,2024-04-25,Greenfield Park,-83.10117,42.425969
8050 Knodell St,2024-04-25,Airport Sub,-83.021813,42.398005
830 Glinnan St,2024-04-25,Central Southwest,-83.118578,42.302607
10319 Elmira St,2024-04-26,Barton-McFarland,-83.162289,42.370963
10320 Elmira St,2024-04-26,Barton-McFarland,-83.162307,42.371421
10335 Elmira St,2024-04-26,Barton-McFarland,-83.162584,42.370955
10406 Morley,2024-04-26,Barton-McFarland,-83.16371,42.367001
11751 Washburn St,2024-04-26,Grand River-I96,-83.160018,42.375654
14184 Grandville Ave,2024-04-26,Westwood Park,-83.230608,42.39006
14816 Birwood St,2024-04-26,Bethune Community,-83.163409,42.398195
18620 Gable St,2024-04-26,Grant,-83.042271,42.43034
18627 Gable St,2024-04-26,Grant,-83.04289,42.430418
18703 Saint Louis St,2024-04-26,Grant,-83.040608,42.431531
19147 Yacama Rd,2024-04-26,Nolan,-83.09729,42.433122
19195 Yacama Rd,2024-04-26,Nolan,-83.097306,42.433794
20131 Andover St,2024-04-26,Nolan,-83.099776,42.442704
6363 Vancourt St,2024-04-26,Midwest,-83.123492,42.350094
645 E Savannah St,2024-04-26,Greenfield Park,-83.096805,42.425783
654 E Savannah St,2024-04-26,Greenfield Park,-83.096608,42.425387
7552 Nuernberg St,2024-04-26,Airport Sub,-83.025626,42.417676
8110 E McNichols Rd,2024-04-26,Airport Sub,-83.021523,42.419248
8124 E McNichols Rd,2024-04-26,Airport Sub,-83.021226,42.419249
8157 Knodell St,2024-04-26,Airport Sub,-83.019889,42.398557
8185 Knodell St,2024-04-26,Airport Sub,-83.019333,42.398561
2260 Gratiot Ave,2024-04-28,McDougall-Hunt,-83.032478,42.351316
5066 Linsdale St,2024-04-28,Midwest,-83.126385,42.360807
10414 Elmira St,2024-04-29,Barton-McFarland,-83.164144,42.371377
1294 Newport St,2024-04-29,Riverbend,-82.948495,42.375987
130 Gates St,2024-04-29,Carbon Works,-83.135472,42.290945
14874 Rochelle St,2024-04-29,Mapleridge,-82.968473,42.422911
17160 Charest St,2024-04-29,Cadillac Heights,-83.069217,42.419602
185 E Montana St,2024-04-29,Greenfield Park,-83.098498,42.424199
19987 Alcoy St,2024-04-29,Conner Creek,-82.989413,42.443659
19996 Alcoy St,2024-04-29,Conner Creek,-82.988765,42.443787
2270 Gratiot Ave,2024-04-29,McDougall-Hunt,-83.032413,42.351415
4674 Fairview St,2024-04-29,West End,-82.986498,42.385454
8053 Tumey St,2024-04-29,Airport Sub,-83.022544,42.418823
8074 Alpine St,2024-04-29,Midwest,-83.14683,42.353069
8133 Alpine St,2024-04-29,Midwest,-83.147482,42.353988
87 E Nevada St,2024-04-29,Greenfield Park,-83.100377,42.424928
8756 Knodell St,2024-04-29,Airport Sub,-83.014612,42.398259
17121 Charest St,2024-04-30,Cadillac Heights,-83.069298,42.419014
8059 Forestlawn St,2024-04-30,Airport Sub,-83.022489,42.4141
8068 Leander St,2024-04-30,Airport Sub,-83.021878,42.40804
11617 Wisconsin St,2024-05-01,Grand River-I96,-83.155665,42.373862
11631 Wisconsin St,2024-05-01,Grand River-I96,-83.155672,42.374054
12141 Dexter Ave,2024-05-01,Nardin Park,-83.126151,42.38208
14810 Hazelridge St,2024-05-01,Mapleridge,-82.969721,42.424476
15459 Grayfield St,2024-05-01,Brightmoor,-83.269444,42.402855
17135 Joann St,2024-05-01,Von Steuben,-82.989397,42.42587
17270 Moran St,2024-05-01,Cadillac Heights,-83.066051,42.420949
18410 Goulburn St,2024-05-01,Von Steuben,-82.993085,42.429526
20030 Yacama Rd,2024-05-01,Nolan,-83.096964,42.441591
20067 Yacama Rd,2024-05-01,Nolan,-83.097574,42.44209
20083 Goulburn St,2024-05-01,Conner Creek,-82.994437,42.444996
20299 Goulburn St,2024-05-01,Conner Creek,-82.994539,42.447032
3656 Charlevoix St,2024-05-01,McDougall-Hunt,-83.020241,42.35629
4110 Lillibridge St,2024-05-01,West End,-82.983195,42.382145
4825 Pennsylvania St,2024-05-01,West End,-82.99786,42.381189
5508 Sheridan St,2024-05-01,Gratiot Town/Kettering,-83.019438,42.378856
6853 Seminole St,2024-05-01,Airport Sub,-83.01928,42.392574
8095 Molena St,2024-05-01,Airport Sub,-83.021517,42.406845
1031 Annin St,2024-05-02,Penrose,-83.114771,42.4359
11766 Elmdale St,2024-05-02,Wade,-82.989026,42.402693
12017 Maiden St,2024-05-02,Wade,-82.986107,42.402299
1514 Hazelwood St,2024-05-02,Virginia Park Community,-83.094692,42.376392
153 Minnesota St,2024-05-02,Greenfield Park,-83.099036,42.423434
17152 Goulburn St,2024-05-02,Von Steuben,-82.992939,42.42469
17841 Brush St,2024-05-02,Greenfield Park,-83.097887,42.423877
18703 Goulburn St,2024-05-02,Von Steuben,-82.993881,42.432579
189 Minnesota St,2024-05-02,Greenfield Park,-83.098369,42.423451
4466 Field St,2024-05-02,Gratiot-Grand,-83.015417,42.370891
6647 Crane St,2024-05-02,Airport Sub,-83.014274,42.391656
6728 Seneca St,2024-05-02,Airport Sub,-83.017317,42.391746
8090 Tumey St,2024-05-02,Airport Sub,-83.021873,42.418363
8619 Traverse St,2024-05-02,Airport Sub,-83.017101,42.400301
17170 Goulburn St,2024-05-03,Von Steuben,-82.99295,42.424937
17191 Barlow St,2024-05-03,Von Steuben,-82.995945,42.424324
17199 Barlow St,2024-05-03,Von Steuben,-82.995951,42.424433
17225 Gallagher St,2024-05-03,Cadillac Heights,-83.069067,42.42029
17282 Moran St,2024-05-03,Cadillac Heights,-83.066174,42.421069
17771 Omira St,2024-05-03,Greenfield Park,-83.096881,42.42359
45 Minnesota St,2024-05-03,Greenfield Park,-83.101035,42.423398
5845 Lemay St,2024-05-03,West End,-82.993524,42.392101
8602 Elmira St,2024-05-03,Barton-McFarland,-83.155445,42.371716
10131 Orangelawn St,2024-05-06,Barton-McFarland,-83.160888,42.368811
11820 Wade St,2024-05-06,Ravendale,-82.986651,42.400711
13331 Tacoma St,2024-05-06,Pulaski,-82.988337,42.441533
1376 Manistique St,2024-05-06,Riverbend,-82.94421,42.379064
14666 Hazelridge St,2024-05-06,Mapleridge,-82.971139,42.424453
14818 Hazelridge St,2024-05-06,Mapleridge,-82.969573,42.424478
17190 Hamburg St,2024-05-06,Von Steuben,-82.996468,42.423952
17215 Barlow St,2024-05-06,Von Steuben,-82.995963,42.424652
17751 Omira St,2024-05-06,Greenfield Park,-83.096873,42.423343
18402 Goulburn St,2024-05-06,Von Steuben,-82.993081,42.429423
19309 Derby St,2024-05-06,Penrose,-83.104457,42.434437
2224 Dickerson St,2024-05-06,Riverbend,-82.956842,42.377418
2517 Newport St,2024-05-06,Riverbend,-82.951858,42.379849
3194 Lakeview St,2024-05-06,Riverbend,-82.957099,42.385212
3250 Taylor St,2024-05-06,Jamison,-83.114578,42.369903
3951 Lemay Ave,2024-05-06,West End,-82.98445,42.379083
5945 Marcus St,2024-05-06,Airport Sub,-83.041508,42.396155
8081 E Hildale St,2024-05-06,Mount Olivet,-83.022407,42.430561
13620 Linnhurst St,2024-05-07,Franklin,-82.984472,42.431102
17237 Gallagher St,2024-05-07,Cadillac Heights,-83.06919,42.420412
2547 Newport St,2024-05-07,Riverbend,-82.952095,42.380221
2937 Lakeview St,2024-05-07,Riverbend,-82.955565000000007,42.381809
17209 Joann St,2024-05-08,Von Steuben,-82.989441,42.426857
17240 Omira St,2024-05-08,Greenfield Park,-83.096192,42.420045
17380 Hamburg St,2024-05-08,Von Steuben,-82.996509,42.425948
181 E Arizona St,2024-05-08,Greenfield Park,-83.098356,42.419686
18876 Saint Aubin St,2024-05-08,Northeast Central District,-83.081186,42.431622
18940 Goulburn St,2024-05-08,Von Steuben,-82.993243,42.433551
19639 Syracuse St,2024-05-08,Farwell,-83.046442,42.438998
2023 Pilgrim St,2024-05-08,Pilgrim Village,-83.119633,42.407334
2637 Newport St,2024-05-08,Riverbend,-82.952828,42.381331
4116 Lillibridge St,2024-05-08,West End,-82.983245,42.382218
45 W Dakota Ave,2024-05-08,Grixdale Farms,-83.102665,42.419612
11335 Belleterre St,2024-05-09,Nardin Park,-83.137325,42.371954
13668 Linnhurst St,2024-05-09,Franklin,-82.983584,42.43113
13697 Pinewood St,2024-05-09,Franklin,-82.983295,42.438877
13814 Maine St,2024-05-09,North Campau,-83.071912,42.414846
139 Worcester Pl,2024-05-09,Grixdale Farms,-83.104677,42.422467
13924 Eastwood St,2024-05-09,Franklin,-82.980142,42.432967
13988 Anglin St,2024-05-09,North Campau,-83.072477,42.417301
14419 Tacoma St,2024-05-09,Franklin,-82.975114,42.441872
15351 Monica St,2024-05-09,Fitzgerald/Marygrove,-83.14398,42.403428
15440 Linnhurst St,2024-05-09,Mapleridge,-82.962103,42.431447
15558 Baylis St,2024-05-09,Pilgrim Village,-83.123417,42.406326
15606 Baylis St,2024-05-09,Pilgrim Village,-83.123449,42.406984
17165 Anglin St,2024-05-09,Cadillac Heights,-83.074585,42.419602
19631 Moenart St,2024-05-09,Farwell,-83.050759,42.438811
20084 Joann St,2024-05-09,Conner Creek,-82.990021,42.445134
2925 Virginia Park St,2024-05-09,Wildemere Park,-83.107328999999993,42.365049
3763 Whitney St,2024-05-09,Petoskey-Otsego,-83.112077,42.359669
5944 16th St,2024-05-09,NW Goldberg,-83.093222,42.356846
19319 Keystone St,2024-05-10,Farwell,-83.051881,42.436253
2620 Butternut St,2024-05-10,North Corktown,-83.084445,42.334623
3739 Vicksburg St,2024-05-10,Petoskey-Otsego,-83.113076,42.361991
3900 Minnesota St,2024-05-10,Davison,-83.06471,42.423789
4144 Newport St,2024-05-10,Fox Creek,-82.956754,42.388324
4159 Newport St,2024-05-10,Fox Creek,-82.957426,42.388295
6356 Ellsworth St,2024-05-10,Chalfonte,-83.141381,42.402111
8041 Chalfonte St,2024-05-10,Chalfonte,-83.150074,42.400059
8081 Grinnell Ave,2024-05-10,Airport Sub,-83.02131,42.401169
10943 Longview St,2024-05-13,Wade,-82.993675,42.402863
13819 Tacoma St,2024-05-13,Franklin,-82.982465,42.441691
14062 Liberal St,2024-05-13,Franklin,-82.978612,42.439388
15327 Fairfield St,2024-05-13,Pilgrim Village,-83.134669,42.403259
1834 Ash St,2024-05-13,North Corktown,-83.075796,42.339159
19464 Exeter St,2024-05-13,Penrose,-83.104994,42.436586
2324 Ford St,2024-05-13,Oakman Blvd Community,-83.120375,42.397597
5968 Seminole St,2024-05-13,Gratiot Town/Kettering,-83.01528,42.385378
1074 Drexel St,2024-05-14,Riverbend,-82.950919,42.372094
11050 Promenade Ave,2024-05-14,Wade,-82.99606,42.404873
14907 Fairfield St,2024-05-14,Dexter-Fenkell,-83.134603,42.40044
16133 Steel St,2024-05-14,Harmony Village,-83.172096,42.410052
18073 Fairport St,2024-05-14,Von Steuben,-82.991302,42.42863
19664 Hoyt St,2024-05-14,Franklin,-82.980109,42.440604
19665 Hoyt St,2024-05-14,Franklin,-82.980724,42.440598
2066 Pointer St,2024-05-14,Butler,-83.080329,42.444025
2460 W Grand St,2024-05-14,Oakman Blvd Community,-83.121507,42.395467
2549 Eastlawn St,2024-05-14,Riverbend,-82.953069,42.379864
3070 Lenox St,2024-05-14,Riverbend,-82.958992,42.382605
3075 Lenox St,2024-05-14,Riverbend,-82.959588,42.382483
3966 Saint Clair St,2024-05-14,East Canfield,-82.988606,42.379011
511 Marlborough St,2024-05-14,Jefferson Chalmers,-82.939982,42.367504
8181 Grinnell Ave,2024-05-14,Airport Sub,-83.019545,42.401109
10438 Knodell St,2024-05-15,Airport Sub,-83.000470000000007,42.39882
19187 Reno St,2024-05-15,Franklin,-82.983273,42.436266
6077 Braden St,2024-05-15,Claytown,-83.138063,42.342693
8132 Grinnell Ave,2024-05-15,Airport Sub,-83.020405,42.400607
8192 Grinnell Ave,2024-05-15,Airport Sub,-83.019295,42.400627
9037 Quincy St,2024-05-15,Petoskey-Otsego,-83.121231,42.367648
1126 Lenox St,2024-05-16,Riverbend,-82.952516,42.372706
12029 Corbett Ave,2024-05-16,Wade,-82.986407,42.403139
12871 Riad St,2024-05-16,Moross-Morang,-82.95202,42.432891
14906 Dexter Ave,2024-05-16,Dexter-Fenkell,-83.135108,42.400428
17144 Harlow St,2024-05-16,College Park,-83.215246,42.416336
20237 Hanna St,2024-05-16,Nolan,-83.0904,42.444318
4531 Harding St,2024-05-16,East Canfield,-82.99005,42.38181
4685 Newport St,2024-05-16,Fox Creek,-82.960051000000007,42.392288
8096 E Hildale St,2024-05-16,Mount Olivet,-83.022133,42.430158
17148 Waltham St,2024-05-17,Von Steuben,-82.994082,42.424217
2080 Meade St,2024-05-17,Campau/Banglatown,-83.07207,42.407325
2284 Clements St,2024-05-17,Oakman Blvd Community,-83.118314,42.395707
2426 McLean St,2024-05-17,Campau/Banglatown,-83.069881,42.407328
2909 E Grand Blvd,2024-05-17,Milwaukee Junction,-83.066117,42.372522
3146 Newport St,2024-05-17,Riverbend,-82.954768,42.385313
4174 Lakewood St,2024-05-17,Fox Creek,-82.955778,42.389114
6366 Woodrow St,2024-05-17,Midwest,-83.117718,42.350868
1217 Drexel St,2024-05-20,Riverbend,-82.952533,42.37353
12690 Joann St,2024-05-20,Gratiot-Findlay,-82.986908,42.424175
14535 Ardmore St,2024-05-20,Bethune Community,-83.184522,42.395237
16611 San Juan Dr,2024-05-20,Fitzgerald/Marygrove,-83.146312,42.413867
18603 Fairport St,2024-05-20,Von Steuben,-82.991394,42.431292
2496 Waverly St,2024-05-20,Dexter-Linwood,-83.120583,42.392982
2504 Waverly St,2024-05-20,Dexter-Linwood,-83.120698,42.392939
2725 Halleck St,2024-05-20,Campau/Banglatown,-83.066786,42.408111
10045 Somerset Ave,2024-05-21,Outer Drive-Hayes,-82.951241,42.413571
10721 Somerset Ave,2024-05-21,Yorkshire Woods,-82.946963,42.419618
13669 Liberal St,2024-05-21,Franklin,-82.983903,42.43987
14130 Liberal St,2024-05-21,Franklin,-82.977293,42.439434
14584 Santa Rosa Dr,2024-05-21,Chalfonte,-83.141865,42.396615
14880 Wildemere St,2024-05-21,Dexter-Fenkell,-83.131585,42.400143
14993 Liberal St,2024-05-21,Regent Park,-82.966944,42.440382
17463 Hamburg St,2024-05-21,Von Steuben,-82.997356,42.426932
2440 Tyler St,2024-05-21,Dexter-Linwood,-83.119193,42.392653
3008 Lakeview St,2024-05-21,Riverbend,-82.955587,42.382905
8116 Marion Ave,2024-05-21,Airport Sub,-83.020443,42.394647
9150 Grace St,2024-05-21,Airport Sub,-83.003557,42.398246
9714 Everts St,2024-05-21,Yorkshire Woods,-82.946388,42.415316
11786 Wade St,2024-05-22,Ravendale,-82.987238,42.400508
15061 Wildemere St,2024-05-22,Dexter-Fenkell,-83.132371,42.401621
18458 Westphalia St,2024-05-22,Von Steuben,-82.991886,42.430232
2939 Taylor St,2024-05-22,Jamison,-83.111368,42.370651
4763 Garland St,2024-05-22,West End,-82.992944,42.382239
8020 W Chicago St,2024-05-22,Barton-McFarland,-83.149632,42.368148
9088 Thaddeus St,2024-05-22,Delray,-83.125402,42.290008
14550 Santa Rosa Dr,2024-05-23,Chalfonte,-83.141845,42.396184
14825 Prairie St,2024-05-23,Chalfonte,-83.144934,42.398488
14832 Cloverlawn St,2024-05-23,Chalfonte,-83.151998,42.398538
17146 Alcoy St,2024-05-23,Franklin,-82.987786,42.426559
17865 Filer St,2024-05-23,Grant,-83.037623,42.425847
18843 Moross Rd,2024-05-23,Moross-Morang,-82.948914,42.433308
2455 Tyler St,2024-05-23,Dexter-Linwood,-83.119144,42.392152
2463 Tyler St,2024-05-23,Dexter-Linwood,-83.11926,42.39211
5344 Townsend St,2024-05-23,Gratiot Town/Kettering,-83.017403,42.377729
10325 Lyndon St,2024-05-24,Northwest Community,-83.162992,42.394698
12786 Alcoy St,2024-05-24,Gratiot-Findlay,-82.986343,42.424861
13159 Montville Pl,2024-05-24,Dexter-Linwood,-83.116402,42.393324
15417 Rockdale St,2024-05-24,Brightmoor,-83.258511,42.402427
17574 Gable St,2024-05-24,Davison,-83.04202,42.424133
2368 Leslie St,2024-05-24,Dexter-Linwood,-83.116082,42.390975
8134 E Robinwood St,2024-05-24,Mount Olivet,-83.021544,42.431619
8339 Military,2024-05-24,Midwest,-83.136021,42.355131
9350 Abington Ave,2024-05-24,Joy Community,-83.210197,42.364074
9360 Abington Ave,2024-05-24,Joy Community,-83.210202,42.364266
13460 Moenart St,2024-05-28,Davison,-83.049336,42.416284
14215 Maine St,2024-05-28,North Campau,-83.074311,42.417457
1552 Calvert St,2024-05-28,Dexter-Linwood,-83.100866,42.384299
1687 Waverly St,2024-05-28,Dexter-Linwood,-83.111945,42.395806
17152 Hamburg St,2024-05-28,Von Steuben,-82.996438,42.423451
17875 Filer St,2024-05-28,Grant,-83.037627,42.425964
20420 Carrie St,2024-05-28,Sherwood,-83.030457,42.446304
4049 Bewick St,2024-05-28,West End,-82.99195,42.378737
4459 Bewick St,2024-05-28,West End,-82.992567,42.379668
9960 Manor,2024-05-28,Barton-McFarland,-83.166497,42.369791
13126 Loretto St,2024-05-29,Eden Gardens,-82.980827,42.418643
16716 Woodingham Dr,2024-05-29,Fitzgerald/Marygrove,-83.149719,42.41526
16897 Riverview St,2024-05-29,Riverdale,-83.274973,42.413264
5844 Springfield St,2024-05-29,West End,-82.991978,42.392689
7450 Emily St,2024-05-29,Grant,-83.028309,42.427496
12545 Fairport St,2024-05-30,Gratiot-Findlay,-82.989611,42.423249
13078 Loretto St,2024-05-30,Eden Gardens,-82.98163,42.41836
14065 Tacoma St,2024-05-30,Franklin,-82.978592,42.441784
14211 Tacoma St,2024-05-30,Franklin,-82.975802,42.441864
14232 Seymour St,2024-05-30,Mapleridge,-82.976413,42.42679
14492 Liberal St,2024-05-30,Regent Park,-82.97347,42.439779
15326 Princeton St,2024-05-30,Pilgrim Village,-83.128146,42.40344
17231 Gable St,2024-05-30,Davison,-83.042069,42.421
18047 Hamburg St,2024-05-30,Von Steuben,-82.997421,42.42813
8040 Tumey St,2024-05-30,Airport Sub,-83.022734,42.418351
8080 Tumey St,2024-05-30,Airport Sub,-83.02204,42.418359
12844 Alcoy St,2024-05-31,Gratiot-Findlay,-82.987112,42.425371
13069 Loretto St,2024-05-31,Eden Gardens,-82.982021,42.418736
14680 Ilene St,2024-05-31,Bethune Community,-83.161262,42.397815
1660 Highland St,2024-05-31,Dexter-Linwood,-83.108566,42.391695
1684 Highland St,2024-05-31,Dexter-Linwood,-83.108965,42.391551
17661 W Chicago St,2024-05-31,Joy Community,-83.215461,42.364823
1970 Leslie St,2024-05-31,Dexter-Linwood,-83.112133,42.392416
6760 Brimson St,2024-05-31,Grant,-83.032268,42.421602
8027 Traverse St,2024-05-31,Airport Sub,-83.022346,42.400208
8057 Traverse St,2024-05-31,Airport Sub,-83.021791,42.400209
8300 Faust Ave,2024-05-31,Warrendale,-83.220818,42.353786
12439 Fairport St,2024-06-03,Gratiot-Findlay,-82.988206,42.422259
12481 Fairport St,2024-06-03,Gratiot-Findlay,-82.988766,42.422653
13022 Loretto St,2024-06-03,Eden Gardens,-82.982568,42.418032
18625 Alcoy St,2024-06-03,Franklin,-82.988994,42.431616
18630 Alcoy St,2024-06-03,Franklin,-82.988293,42.431738
18636 Helen St,2024-06-03,Grant,-83.031224,42.430829
2174 Ashland St,2024-06-03,Riverbend,-82.944509,42.381238
6780 Brimson St,2024-06-03,Grant,-83.031892,42.421609
7631 Wetherby St,2024-06-03,Midwest,-83.140061,42.349049
9131 Abington Ave,2024-06-03,Joy Community,-83.210766,42.361004
9985 Asbury Park,2024-06-03,Joy Community,-83.207445,42.368938
11421 Archdale St,2024-06-04,Joy Community,-83.215941,42.371655
12203 Littlefield St,2024-06-04,Pride Area Community,-83.17606,42.377535
12424 Fairport St,2024-06-04,Gratiot-Findlay,-82.987665,42.422451
12768 Loretto St,2024-06-04,Eden Gardens,-82.984491,42.417347
12946 Montrose St,2024-06-04,Schoolcraft Southfield,-83.200059,42.38444
9208 Decatur St,2024-06-04,We Care Community,-83.179659,42.362361
10337 Somerset Ave,2024-06-05,Yorkshire Woods,-82.949617,42.416339
12294 Ilene St,2024-06-05,Grand River-I96,-83.160668,42.379701
12416 Fairport St,2024-06-05,Gratiot-Findlay,-82.987585,42.422394
13661 Liberal St,2024-06-05,Franklin,-82.984032,42.439855
13675 Liberal St,2024-06-05,Franklin,-82.983774,42.439873
14048 Park Grove St,2024-06-05,Mapleridge,-82.97855,42.429573
14284 Saratoga St,2024-06-05,Mapleridge,-82.975647,42.432602
14553 Littlefield St,2024-06-05,Bethune Community,-83.175903,42.395711
15818 Lauder St,2024-06-05,Belmont,-83.191271,42.407503
18648 Bloom St,2024-06-05,Krainz Woods,-83.048806,42.430599
2432 Highland St,2024-06-05,Dexter-Linwood,-83.115499,42.388458
3107 Cass Ave,2024-06-05,Midtown,-83.059778,42.343098
4800 University Pl,2024-06-05,Cornerstone Village,-82.921069,42.407378
5399 Cooper St,2024-06-05,West End,-83.001775,42.384995
7327 Heyden St,2024-06-05,Warrendale,-83.238246,42.344981
8058 Mandalay St,2024-06-05,Midwest,-83.137169,42.352996
8107 E Brentwood St,2024-06-05,Mount Olivet,-83.022139,42.433475
8649 Traverse St,2024-06-05,Airport Sub,-83.016546,42.400322
8732 Traverse St,2024-06-05,Airport Sub,-83.015008,42.399903
12411 Fairport St,2024-06-06,Gratiot-Findlay,-82.98789,42.422036
12666 Hartwell St,2024-06-06,Pride Area Community,-83.176474,42.381319
13101 Filbert St,2024-06-06,Eden Gardens,-82.98181,42.41971
13140 Filbert St,2024-06-06,Eden Gardens,-82.981021,42.419478
13501 Heyden St,2024-06-06,Brightmoor,-83.239134,42.384014
6760 Saint Marys St,2024-06-06,Warren Ave Community,-83.203176,42.340861
7077 Tappan St,2024-06-06,Airport Sub,-83.028456,42.406748
7524 Tappan St,2024-06-06,Airport Sub,-83.025668,42.406346
7545 Tappan St,2024-06-06,Airport Sub,-83.025347,42.406799
7752 Auburn St,2024-06-06,Warrendale,-83.232791,42.349041
9120 Forrer St,2024-06-06,Joy Community,-83.19999,42.361007
12143 Longview St,2024-06-07,Wade,-82.985636,42.405664
12369 Westphalia St,2024-06-07,Gratiot-Findlay,-82.988455,42.421295
12415 Cloverlawn St,2024-06-07,Littlefield Community,-83.151994,42.380748
12916 Denmark St,2024-06-07,Oakwood Heights,-83.14403,42.292019
13980 Washburn St,2024-06-07,Northwest Community,-83.159997,42.38972
14231 Jane St,2024-06-07,Eden Gardens,-82.976646,42.419653
14688 Seymour St,2024-06-07,Mapleridge,-82.970822,42.426882
15421 Iliad St,2024-06-07,Brightmoor,-83.27258,42.402207
6880 Parkwood St,2024-06-07,Claytown,-83.127843,42.329106
7258 Prairie St,2024-06-07,Midwest,-83.142452,42.345788
7590 Tappan St,2024-06-07,Airport Sub,-83.024446,42.406364
7741 Prairie St,2024-06-07,Midwest,-83.143338,42.35021
8163 Mandalay St,2024-06-07,Midwest,-83.138591,42.354086
12103 Ward St,2024-06-10,Pride Area Community,-83.173572,42.376992
12119 Ward St,2024-06-10,Pride Area Community,-83.17358,42.377211
12281 Goulburn St,2024-06-10,Gratiot-Findlay,-82.989165,42.420601
12829 Kentfield St,2024-06-10,Brightmoor,-83.240095,42.382014
13028 Wilshire Dr,2024-06-10,Outer Drive-Hayes,-82.977399,42.410241
13168 August St,2024-06-10,Eden Gardens,-82.982264,42.419903
14275 Seymour St,2024-06-10,Mapleridge,-82.975652,42.427272
14620 Seymour St,2024-06-10,Mapleridge,-82.972068,42.426871
14932 Liberal St,2024-06-10,Regent Park,-82.968033,42.439918
5186 Saint Clair St,2024-06-10,West End,-82.993844,42.386434
6853 Brimson St,2024-06-10,Grant,-83.030708,42.422127
8292 Mark Twain St,2024-06-10,Joy-Schaefer,-83.18428,42.354954
9030 Pierson St,2024-06-10,Franklin Park,-83.244133,42.359673
11677 Prest St,2024-06-11,Plymouth-Hubbell,-83.196783,42.373745
12404 Goulburn St,2024-06-11,Gratiot-Findlay,-82.98917,42.42125
13116 Montville Pl,2024-06-11,Dexter-Linwood,-83.115472,42.393033
13150 August St,2024-06-11,Eden Gardens,-82.982532,42.419809
14900 San Juan Dr,2024-06-11,Chalfonte,-83.145492,42.399559000000004
2558 Ferry Park St,2024-06-11,NW Goldberg,-83.098868,42.359472
8134 Lyford St,2024-06-11,Airport Sub,-83.020756,42.407583
12258 Sorrento St,2024-06-12,Pride Area Community,-83.171686,42.378368
12464 Goulburn St,2024-06-12,Gratiot-Findlay,-82.990027,42.421856
13128 August St,2024-06-12,Eden Gardens,-82.982933,42.419667
1358 Gratiot Ave,2024-06-12,Lafayette Park,-83.039018,42.342687
14038 Wisconsin St,2024-06-12,Davison-Schoolcraft,-83.155847,42.390575
14154 Tacoma St,2024-06-12,Franklin,-82.976888,42.441372
1989 Clements St,2024-06-12,Oakman Blvd Community,-83.11521,42.39631
592 W Hollywood Ave,2024-06-12,Grixdale Farms,-83.110886,42.430745
9352 Sorrento St,2024-06-12,Barton-McFarland,-83.171226,42.364543
12298 Sorrento St,2024-06-13,Pride Area Community,-83.171706,42.378917
14040 Tacoma St,2024-06-13,Franklin,-82.979207,42.441325
1949 Richton St,2024-06-13,Dexter-Linwood,-83.109076,42.388636
2700 Montgomery St,2024-06-13,Wildemere Park,-83.105109,42.364608
4051 Vicksburg St,2024-06-13,Petoskey-Otsego,-83.115541,42.361069
5511 Radnor St,2024-06-13,Cornerstone Village,-82.921284,42.41358
5537 Oregon St,2024-06-13,Midwest,-83.128416,42.354484
6091 Northfield St,2024-06-13,Midwest,-83.123415,42.348177
11644 Pinehurst St,2024-06-14,Grand River-I96,-83.165406,42.374012
12461 Goulburn St,2024-06-14,Gratiot-Findlay,-82.990362,42.421452
12506 Goulburn St,2024-06-14,Gratiot-Findlay,-82.990564,42.422234
13551 Steel St,2024-06-14,Grand River-I96,-83.171164,42.386572
6108 Stanton St,2024-06-14,NW Goldberg,-83.095937,42.358313
10532 Foley St,2024-06-17,Grand River-I96,-83.165603,42.378007
12525 Waltham St,2024-06-17,Gratiot-Findlay,-82.992016,42.421434
12797 August St,2024-06-17,Eden Gardens,-82.985354,42.419245
13516 Steel St,2024-06-17,Grand River-I96,-83.170531,42.386105
5431 McClellan St,2024-06-17,Gratiot Woods,-83.00314,42.384302
12491 Waltham St,2024-06-18,Gratiot-Findlay,-82.991587,42.42113
13223 Tacoma St,2024-06-18,Pulaski,-82.989431,42.441498
13668 Liberal St,2024-06-18,Franklin,-82.983888,42.439266
14575 Cloverdale St,2024-06-18,Chalfonte,-83.149311,42.39643
14742 Kilbourne Ave,2024-06-18,Outer Drive-Hayes,-82.969092,42.416421
14914 Cloverdale St,2024-06-18,Chalfonte,-83.148851,42.399705
14946 Cruse St,2024-06-18,Bethune Community,-83.182934,42.399251
15366 Cruse St,2024-06-18,Bethune Community,-83.183129,42.403033
17354 Hamburg St,2024-06-18,Von Steuben,-82.996494,42.425601
2326 Antoinette St,2024-06-18,NW Goldberg,-83.092811,42.356349
2765 Fullerton St,2024-06-18,Dexter-Linwood,-83.121394,42.3874
3432 Hurlbut St,2024-06-18,East Village,-82.988206,42.372436
4364 Lakeview St,2024-06-18,Fox Creek,-82.960065,42.389686
5753 Vermont St,2024-06-18,Elijah McCoy,-83.088467,42.356956
8221 Marcus Ave,2024-06-18,Airport Sub,-83.019385,42.395953
8225 Marcus Ave,2024-06-18,Airport Sub,-83.019218,42.395955
8240 Greenview Ave,2024-06-18,Warrendale,-83.222016,42.352962
8272 Marcus Ave,2024-06-18,Airport Sub,-83.01837,42.395516
15365 San Juan Dr,2024-06-19,Fitzgerald/Marygrove,-83.146414,42.403623
12469 Waltham St,2024-06-20,Gratiot-Findlay,-82.991266,42.420903
12867 August St,2024-06-20,Eden Gardens,-82.984226,42.419789
13590 Cheyenne St,2024-06-20,Grand River-I96,-83.173732,42.387056
13614 Cheyenne St,2024-06-20,Grand River-I96,-83.173744,42.387385
3348 E Warren Ave,2024-06-20,McDougall-Hunt,-83.033168,42.368207
3381 Benson St,2024-06-20,McDougall-Hunt,-83.024126999999993,42.35708
3452 Heidelberg St,2024-06-20,McDougall-Hunt,-83.023146,42.35782
6027 Seneca St,2024-06-20,Gratiot Town/Kettering,-83.014415,42.386679
1302 Belvidere St,2024-06-21,East Village,-82.986131,42.359716
13691 Pinewood St,2024-06-21,Franklin,-82.983424,42.438873
13703 Pinewood St,2024-06-21,Franklin,-82.983158,42.438881
14056 Pinewood St,2024-06-21,Franklin,-82.978752,42.438512
14236 Wisconsin St,2024-06-21,Davison-Schoolcraft,-83.155918,42.392335
14676 Saratoga St,2024-06-21,Mapleridge,-82.971088,42.432712
4304 Pennsylvania St,2024-06-21,West End,-82.994524,42.377407
4833 Seminole St,2024-06-21,Pingree Park,-83.009659,42.376636
8076 Mandalay St,2024-06-21,Midwest,-83.137327,42.353214
8609 Stahelin Ave,2024-06-21,Warrendale,-83.225198,42.356108
11716 Winthrop St,2024-06-24,Plymouth-I96,-83.198455,42.374271
12180 Waltham St,2024-06-24,Gratiot-Findlay,-82.989296,42.420175
12188 Waltham St,2024-06-24,Gratiot-Findlay,-82.989403,42.420251
15301 Faircrest St,2024-06-24,Mapleridge,-82.963302,42.43262
17196 Moran St,2024-06-24,Cadillac Heights,-83.065452,42.420064000000004
19657 Albion St,2024-06-24,Pulaski,-83.006229,42.439461
4694 Marlborough St,2024-06-24,Fox Creek,-82.95624,42.39382
7262 Westwood,2024-06-24,Warrendale,-83.23019,42.344228
7639 Stahelin Ave,2024-06-24,Warrendale,-83.224832,42.347575
8849 E Canfield St,2024-06-24,Gratiot Woods,-83.001082,42.375507
12421 Barlow St,2024-06-25,Gratiot-Findlay,-82.991319,42.419894
13335 Sussex,2024-06-25,Schoolcraft Southfield,-83.194967,42.385796
13526 Anglin St,2024-06-25,North Campau,-83.070427,42.414287
14426 Blackstone St,2024-06-25,Brightmoor,-83.248711,42.392652
15716 Bentler St,2024-06-25,Brightmoor,-83.251701,42.404508
16226 Littlefield St,2024-06-25,Harmony Village,-83.175988,42.411211
17334 Meyers Rd,2024-06-25,Schulze,-83.169869,42.418962
3312 Gladstone St,2024-06-25,Jamison,-83.114694,42.368144
7502 Varjo St,2024-06-25,Grant,-83.026124,42.425681
10115 W. GRAND RIVER AVE,2024-06-26,Oakman Blvd Community,-83.142461,42.370217
11781 Washburn St,2024-06-26,Grand River-I96,-83.160033,42.376038
12443 Barlow St,2024-06-26,Gratiot-Findlay,-82.991639,42.420122
5409 Canton St,2024-06-26,Gratiot Town/Kettering,-83.023964,42.375929
8630 Faust Ave,2024-06-26,Warrendale,-83.220928,42.356443
8677 Auburn St,2024-06-26,Warrendale,-83.233851,42.356891
9944 Memorial St,2024-06-26,Joy Community,-83.211544,42.368322
10123 Grand River Ave,2024-06-27,Oakman Blvd Community,-83.142878,42.369887
12522 Barlow St,2024-06-27,Gratiot-Findlay,-82.992314,42.421197
14700 Young St,2024-06-27,Mapleridge,-82.970475,42.423702
14812 Young St,2024-06-27,Mapleridge,-82.969689,42.423691
15443 Burgess St,2024-06-27,Brightmoor,-83.254806,42.402817
15464 Faircrest St,2024-06-27,Mapleridge,-82.961676,42.432205
20034 Barlow St,2024-06-27,Conner Creek,-82.996088,42.444291
20072 Barlow St,2024-06-27,Conner Creek,-82.99611,42.444816
5387 Holcomb Ave,2024-06-27,Gratiot Woods,-83.00524,42.383556
8850 Woodmont Ave,2024-06-27,Joy Community,-83.207628,42.358806
8864 Woodmont Ave,2024-06-27,Joy Community,-83.207637,42.358995
8870 Woodmont Ave,2024-06-27,Joy Community,-83.207641,42.359094
12538 Barlow St,2024-06-28,Gratiot-Findlay,-82.992528,42.421349
12731 August St,2024-06-28,Eden Gardens,-82.986421000000007,42.418863
18451 Stout St,2024-06-28,Holcomb Community,-83.243198,42.425142
351 S Campbell St,2024-06-28,Delray,-83.094683,42.304901
7660 Stout St,2024-06-28,Warrendale,-83.238827,42.347684
9106 Stout St,2024-06-28,Franklin Park,-83.239261,42.360826
9993 Evergreen Rd,2024-06-28,Franklin Park,-83.236573,42.368621
10001 Petoskey Ave,2024-07-01,Nardin Park,-83.126749,42.37446
12216 Asbury Park,2024-07-01,Plymouth-I96,-83.206976,42.377216
12459 Racine St,2024-07-01,LaSalle College Park,-82.992512,42.419766
14181 Stout St,2024-07-01,Brightmoor,-83.241462,42.389747
15417 Dolphin St,2024-07-01,Brightmoor,-83.259717,42.402375
8912 Woodmont Ave,2024-07-01,Joy Community,-83.207664,42.35967
11862 Glenfield Ave,2024-07-02,Eden Gardens,-82.992839,42.41036
12145 Rutland St,2024-07-02,Plymouth-I96,-83.213739,42.376565
14226 Longview St,2024-07-02,Outer Drive-Hayes,-82.970629,42.410184
15058 Bentler St,2024-07-02,Brightmoor,-83.251512,42.398733
15816 Iliad St,2024-07-02,Brightmoor,-83.27218,42.405884
12034 Wade St,2024-07-03,Ravendale,-82.985084,42.401245
12443 Racine St,2024-07-03,LaSalle College Park,-82.992295,42.419616
12810 Fournier St,2024-07-03,Eden Gardens,-82.985142,42.41969
14315 Stout St,2024-07-03,Brightmoor,-83.241522,42.391214
14324 Dacosta St,2024-07-03,Brightmoor,-83.259936,42.391035
15420 Pierson St,2024-07-03,Brightmoor,-83.245723,42.402678
15470 Pierson St,2024-07-03,Brightmoor,-83.245753,42.403384
6405 Ellsworth St,2024-07-03,Chalfonte,-83.142258,42.401699
9616 Archdale St,2024-07-03,Joy Community,-83.215143,42.366835
12040 Racine St,2024-07-05,Gratiot-Findlay,-82.990383,42.418825
12081 Wade St,2024-07-05,Wade,-82.984573,42.401943
12093 Racine St,2024-07-05,Gratiot-Findlay,-82.991426,42.418987
12841 Patton St,2024-07-05,Brightmoor,-83.243348,42.382157
12851 Patton St,2024-07-05,Brightmoor,-83.243351,42.38227
15450 Grayfield St,2024-07-05,Brightmoor,-83.268791,42.402773
1925 Leslie St,2024-07-05,Dexter-Linwood,-83.111111,42.392282
3673 Livernois Ave,2024-07-07,Michigan-Martin,-83.118848,42.328327
9098 Burnette St,2024-07-07,Midwest,-83.141542,42.362234
12131 Wade St,2024-07-08,Wade,-82.984104,42.402106
12358 Wade St,2024-07-08,Ravendale,-82.980769,42.402697
8255 Edgewood Ave,2024-07-08,Airport Sub,-83.018015,42.397642
11561 Sanford St,2024-07-09,Gratiot-Findlay,-82.998815,42.412371
12762 Fournier St,2024-07-09,Eden Gardens,-82.985925,42.419376
138 W Arizona St,2024-07-09,Grixdale Farms,-83.104377,42.418564
14919 Manning St,2024-07-09,Regent Park,-82.968356,42.441152
15002 Maddelein St,2024-07-09,Regent Park,-82.966593,42.435977
15016 Maddelein St,2024-07-09,Regent Park,-82.966334,42.435984
22027 Lyndon St,2024-07-09,Brightmoor,-83.257331,42.392826
3044 Lenox St,2024-07-09,Riverbend,-82.9588,42.382308
8710 Traverse St,2024-07-09,Airport Sub,-83.015341,42.399895
8776 Woodlawn Ave,2024-07-09,Airport Sub,-83.014133,42.399098
9516 Woodlawn Ave,2024-07-09,Airport Sub,-83.008825,42.399279
10058 Crocuslawn St,2024-07-10,Barton-McFarland,-83.15954,42.368569
10132 Woodlawn Ave,2024-07-10,Airport Sub,-83.003227,42.399479
10303 Aurora St,2024-07-10,Barton-McFarland,-83.162025,42.371702
13707 Glenwood St,2024-07-10,Franklin,-82.982817,42.43079
14411 Kentfield St,2024-07-10,Brightmoor,-83.240532,42.392571
14914 Manning St,2024-07-10,Regent Park,-82.9684,42.440686
5620 Stahelin Ave,2024-07-10,Warrendale,-83.223665,42.32944
8215 Woodlawn Ave,2024-07-10,Airport Sub,-83.018817,42.399439
12770 Fournier St,2024-07-11,Eden Gardens,-82.985792,42.419424
13591 Cheyenne St,2024-07-11,Grand River-I96,-83.174208,42.387055
13722 Thornton St,2024-07-11,Paveway,-83.180521,42.374855
12031 Maiden St,2024-07-12,Wade,-82.985872,42.40238
12277 Maiden St,2024-07-12,Wade,-82.982348,42.40361
14020 Westbrook St,2024-07-12,Brightmoor,-83.249793,42.38784
14156 Spring Garden St,2024-07-12,Mapleridge,-82.978207,42.427556
14417 Stout St,2024-07-12,Brightmoor,-83.241582,42.392662
15031 Maddelein St,2024-07-12,Regent Park,-82.966099,42.436527
16245 Maddelein St,2024-07-12,Regent Park,-82.952434,42.436825
22326 Grand River Ave,2024-07-12,Old Redford,-83.261374,42.418491
3344 Calvert St,2024-07-12,Dexter-Linwood,-83.12103,42.376853
7460 Stockton St,2024-07-12,Grant,-83.028145,42.428448
11301 Maiden St,2024-07-15,Wade,-82.990397,42.40083
12715 August St,2024-07-15,Eden Gardens,-82.986706,42.418761
12748 August St,2024-07-15,Eden Gardens,-82.985944,42.418596
12778 Fournier St,2024-07-15,Eden Gardens,-82.985658,42.419472
3448 Pennsylvania St,2024-07-15,East Village,-82.990516,42.371713
8049 Elgin St,2024-07-15,Airport Sub,-83.022496,42.410909
9680 Traverse St,2024-07-15,Airport Sub,-83.006923,42.400187
10018 Belleterre St,2024-07-16,Nardin Park,-83.136342,42.37154
10066 Elmira St,2024-07-16,Barton-McFarland,-83.159841,42.371485
10146 Elmira St,2024-07-16,Barton-McFarland,-83.161342,42.371445
10156 Elmira St,2024-07-16,Barton-McFarland,-83.161505,42.371442
12109 Otsego St,2024-07-16,Nardin Park,-83.131931,42.379469
12120 Maiden St,2024-07-16,Wade,-82.98408,42.402505
17892 Dresden St,2024-07-16,Von Steuben,-82.999067,42.426894
7490 Hanover St,2024-07-16,LaSalle Gardens,-83.09524,42.365088
7692 Concord St,2024-07-16,Airport Sub,-83.030679,42.386906
9074 Burnette St,2024-07-16,Midwest,-83.141529,42.361905
9925 Mendota St,2024-07-16,Barton-McFarland,-83.164755,42.369359
12110 Maiden St,2024-07-17,Wade,-82.984314,42.402424
12126 Greenlawn St,2024-07-17,Littlefield Community,-83.149157,42.377774
13058 Alma St,2024-07-17,Mapleridge,-82.985805,42.421009
13915 Mayfield St,2024-07-17,Mapleridge,-82.981988,42.422403
14454 Maddelein St,2024-07-17,Regent Park,-82.974042,42.43577
14515 Spring Garden St,2024-07-17,Mapleridge,-82.972843,42.428259
14840 Manning St,2024-07-17,Regent Park,-82.968999,42.44067
14860 Young St,2024-07-17,Mapleridge,-82.9688,42.423699
14945 Maddelein St,2024-07-17,Regent Park,-82.967691,42.436486
14953 Maddelein St,2024-07-17,Regent Park,-82.967561,42.43649
4201 17th St,2024-07-17,Core City,-83.087256,42.342604
8229 Traverse St,2024-07-17,Airport Sub,-83.018617,42.400274
9172 Monica St,2024-07-17,Midwest,-83.140474,42.363272
10377 Elmira St,2024-07-18,Barton-McFarland,-83.163343,42.370936
10883 Nottingham Rd,2024-07-18,Yorkshire Woods,-82.947352,42.420699
12025 Wade St,2024-07-18,Wade,-82.985512,42.401616
12762 August St,2024-07-18,Eden Gardens,-82.985678,42.418692
15700 Cheyenne St,2024-07-18,Bethune Community,-83.17466,42.405958
17188 Saint Marys St,2024-07-18,College Park,-83.206611,42.417237
2690 Sturtevant St,2024-07-18,Dexter-Linwood,-83.120201,42.387408
9056 Central St,2024-07-18,Midwest,-83.145912,42.36157
9977 Belleterre St,2024-07-18,Nardin Park,-83.1369,42.370754
12011 Monica St,2024-07-19,Oakman Blvd Community,-83.142645,42.376347
13416 Young St,2024-07-19,Mapleridge,-82.982779,42.423553
2032 Waverly St,2024-07-19,Dexter-Linwood,-83.115216,42.394968
5542 Cranshaw St,2024-07-19,Nardin Park,-83.137988000000007,42.372326
5639 Trenton St,2024-07-19,Claytown,-83.149792,42.332628
8879 Stoepel St,2024-07-19,Midwest,-83.139877,42.360518
9400 Knodell St,2024-07-19,Airport Sub,-83.011033,42.398423
9936 Woodside,2024-07-19,Nardin Park,-83.13728,42.370176
10741 E Outer Dr,2024-07-22,Morningside,-82.958929,42.404058
11716 Cascade St,2024-07-22,Nardin Park,-83.133463,42.376788
13421 Young St,2024-07-22,Mapleridge,-82.982586,42.424007
14257 Cherrylawn St,2024-07-22,Davison-Schoolcraft,-83.154499,42.392628
15529 Baylis St,2024-07-22,Pilgrim Village,-83.124094,42.40591
16145 Woodbine St,2024-07-22,South of Six,-83.278429,42.407954
2850 W Grand Blvd,2024-07-22,Elijah McCoy,-83.082285,42.366492
4843 Seminole St,2024-07-22,Pingree Park,-83.009724,42.376725
5374 Hurlbut St,2024-07-22,West End,-82.997574,42.386222
8157 Kenney St,2024-07-22,Airport Sub,-83.020661,42.40984
8406 Kenney St,2024-07-22,Airport Sub,-83.016365,42.410948
9369 Sylvester St,2024-07-22,West End,-82.994596,42.375046
9376 Sylvester St,2024-07-22,West End,-82.994221,42.374705
11261 Wade St,2024-07-23,Wade,-82.990396,42.399923
13401 Manning St,2024-07-23,Pulaski,-82.987596,42.440772
14674 Seymour St,2024-07-23,Mapleridge,-82.971082,42.426882
17215 Brush St,2024-07-23,Greenfield Park,-83.097705,42.419037
3632 Frederick St,2024-07-23,Poletown East,-83.030904,42.37176
9894 Nottingham Rd,2024-07-23,Outer Drive-Hayes,-82.953229,42.411565
14456 Coram St,2024-07-24,Regent Park,-82.974141,42.437767
15752 Evanston St,2024-07-24,Outer Drive-Hayes,-82.951367,42.408838
19165 Reno St,2024-07-24,Franklin,-82.983275,42.435961
20483 Anglin St,2024-07-24,Butler,-83.075732,42.446265
5357 31st St,2024-07-24,Chadsey Condon,-83.117313,42.343506
5379 31st St,2024-07-24,Chadsey Condon,-83.117533,42.343794
5399 31st St,2024-07-24,Chadsey Condon,-83.117704,42.34401
6456 Seminole St,2024-07-24,Airport Sub,-83.017647,42.388655
67 E Savannah St,2024-07-24,Greenfield Park,-83.100714,42.425667
9559 Ward St,2024-07-24,Barton-McFarland,-83.173208,42.36681
12101 Stoepel St,2024-07-25,Oakman Blvd Community,-83.140518,42.377633
14301 Fielding St,2024-07-25,Brightmoor,-83.242614,42.391077
15902 E State Fair St,2024-07-25,Regent Park,-82.956358,42.442553
5504 Underwood St,2024-07-25,Midwest,-83.13552,42.36275
600 W Hollywood Ave,2024-07-25,Grixdale Farms,-83.111015,42.430743
8574 Chalfonte St,2024-07-25,Chalfonte,-83.15595,42.400512
12700 W Buena Vista St,2024-07-26,Grand River-I96,-83.168868,42.383514
14484 Mapleridge St,2024-07-26,Mapleridge,-82.973432,42.428724
14644 Troester St,2024-07-26,Mapleridge,-82.971587,42.426076
14780 Liberal St,2024-07-26,Regent Park,-82.970115,42.439864
16266 Liberal St,2024-07-26,Regent Park,-82.952073,42.439986
18448 Saint Louis St,2024-07-26,Grant,-83.039707,42.428734
18696 Saint Louis St,2024-07-26,Grant,-83.03983,42.431449
19374 Irvington St,2024-07-26,Nolan,-83.097831,42.436035
3854 Philip St,2024-07-26,Fox Creek,-82.951839,42.388884
4070 Richton St,2024-07-26,Nardin Park,-83.130267,42.381644
621 E Margaret St,2024-07-26,Greenfield Park,-83.097295,42.426504
8186 Leander St,2024-07-26,Airport Sub,-83.019938,42.408753
12172 Washburn St,2024-07-29,Grand River-I96,-83.159552,42.378282
12195 Washburn St,2024-07-29,Grand River-I96,-83.160157,42.37856
13935 Kentfield St,2024-07-29,Brightmoor,-83.240298,42.386805
13943 Kentfield St,2024-07-29,Brightmoor,-83.240302,42.386895
13950 Kentfield St,2024-07-29,Brightmoor,-83.239687,42.387004
14125 Appoline St,2024-07-29,Happy Homes,-83.170238,42.390441
14165 Appoline St,2024-07-29,Happy Homes,-83.17027,42.390992
1527 Dickerson St,2024-07-29,Riverbend,-82.954894,42.373325
15430 Lamphere St,2024-07-29,Brightmoor,-83.261468,42.402554
15833 Appoline St,2024-07-29,Bethune Community,-83.171033,42.408233
19744 Stahelin Ave,2024-07-29,O'Hair Park,-83.227644,42.435991
19957 Westphalia St,2024-07-29,Conner Creek,-82.993063,42.443309
84 E Greendale St,2024-07-29,Greenfield Park,-83.100427,42.426721
9339 Stoepel St,2024-07-29,Midwest,-83.140057,42.364568
13197 Compass St,2024-07-30,Happy Homes,-83.175008,42.388751
13966 Ward St,2024-07-30,Happy Homes,-83.172839,42.389159
18432 Fielding St,2024-07-30,Holcomb Community,-83.243679,42.424894
19615 Yacama Rd,2024-07-30,Nolan,-83.097411,42.437581
3693 Pulford St,2024-07-30,McDougall-Hunt,-83.023101,42.361892
8037 Tumey St,2024-07-30,Airport Sub,-83.02284,42.418819
8058 Grinnell Ave,2024-07-30,Airport Sub,-83.021695,42.400598
12708 Washburn St,2024-07-31,Grand River-I96,-83.159617,42.3823
13573 Appoline St,2024-07-31,Grand River-I96,-83.17008,42.386891
13927 Washburn St,2024-07-31,Northwest Community,-83.160627,42.388926
13938 Ward St,2024-07-31,Happy Homes,-83.17282,42.388775
14890 Troester St,2024-07-31,Mapleridge,-82.968317,42.426136
16246 Ward St,2024-07-31,Harmony Village,-83.173825,42.41159
16563 Coyle St,2024-07-31,Hubbell-Puritan,-83.194601,42.412176
19627 Yacama Rd,2024-07-31,Nolan,-83.097416,42.437746
2962 Belvidere St,2024-07-31,East Village,-82.992113,42.368019
5212 Crane St,2024-07-31,Gratiot Woods,-83.005912,42.381103
12345 Cherrylawn St,2024-08-01,Littlefield Community,-83.154119,42.379748
5715 Grandy St,2024-08-01,Poletown East,-83.042662000000007,42.371817
12373 Roselawn St,2024-08-02,Littlefield Community,-83.150837,42.380171
15787 Freeland St,2024-08-02,Bethune Community,-83.186023,42.4072
15816 Coyle St,2024-08-02,Belmont,-83.19376,42.40742
15901 Fielding St,2024-08-02,Brightmoor,-83.243228,42.407443
16135 Washburn St,2024-08-02,Fitzgerald/Marygrove,-83.161398,42.410271
18030 Gable St,2024-08-02,Grant,-83.042142,42.426854
18519 Dwyer St,2024-08-02,Grant,-83.041775,42.429645
20017 Yacama Rd,2024-08-02,Nolan,-83.097545,42.441384
3823 Nancy St,2024-08-02,Davison,-83.064442,42.421077
8712 Ellsworth St,2024-08-02,Chalfonte,-83.15882,42.401981
10076 Aurora St,2024-08-05,Barton-McFarland,-83.16002,42.372204
1120 W Baltimore St,2024-08-05,Elijah McCoy,-83.081489,42.365061
14138 Tacoma St,2024-08-05,Franklin,-82.977147,42.441365
14455 Glenwood St,2024-08-05,Mapleridge,-82.974067,42.430796
14853 Troester St,2024-08-05,Mapleridge,-82.969065,42.426604
14861 Fordham St,2024-08-05,Mapleridge,-82.96913,42.434708
15274 Linnhurst St,2024-08-05,Mapleridge,-82.963845,42.431417
18061 Syracuse St,2024-08-05,Krainz Woods,-83.046028,42.427198
18104 Syracuse St,2024-08-05,Krainz Woods,-83.045466,42.427789
18456 Dwyer St,2024-08-05,Grant,-83.041077,42.428796
18601 Albany St,2024-08-05,Krainz Woods,-83.045091,42.430065
19157 Saint Marys St,2024-08-05,Greenfield,-83.207648,42.431181
20023 Yacama Rd,2024-08-05,Nolan,-83.097549,42.44148
20083 Fairport St,2024-08-05,Conner Creek,-82.991968,42.44507
4585 Hereford St,2024-08-05,Cornerstone Village,-82.922332,42.405948
984 Adeline St,2024-08-05,Penrose,-83.113977,42.438739
11828 Duchess St,2024-08-06,Denby,-82.957187,42.423149
14606 Greydale St,2024-08-06,Brightmoor,-83.255013,42.394636
13482 Saint Aubin St,2024-08-07,North Campau,-83.076307,42.411467
17130 Sunset St,2024-08-07,Davison,-83.06005,42.419251
5321 30th St,2024-08-07,Chadsey Condon,-83.115783,42.343551
5398 Vancouver St,2024-08-07,Midwest,-83.128305,42.356146
83 Minnesota St,2024-08-07,Greenfield Park,-83.100258,42.423412
9300 Bedford St,2024-08-07,Outer Drive-Hayes,-82.948375,42.412281
12670 Duchess St,2024-08-08,Moross-Morang,-82.950904,42.431523
1450 6th St,2024-08-08,Corktown,-83.060982,42.330443
14803 Mayfield St,2024-08-08,Mapleridge,-82.9698,42.422567
8044 Pressler St,2024-08-08,Airport Sub,-83.021704,42.391404
10125 Monica St,2024-08-09,Oakman Blvd Community,-83.141753,42.371593
10185 Monica St,2024-08-09,Oakman Blvd Community,-83.141784,42.372395
10311 Maplelawn St,2024-08-09,Barton-McFarland,-83.162058,42.369503
11462 Indiana St,2024-08-09,Barton-McFarland,-83.156087,42.373295
12711 Racine St,2024-08-09,LaSalle College Park,-82.995448,42.421828
13929 Lumpkin St,2024-08-09,North Campau,-83.077772,42.414428
14652 Hazelridge St,2024-08-09,Mapleridge,-82.971398,42.424449
14818 Mayfield St,2024-08-09,Mapleridge,-82.969493,42.422123
15362 Cherrylawn St,2024-08-09,Fitzgerald/Marygrove,-83.154117,42.403696
18121 McDougall St,2024-08-09,Northeast Central District,-83.070973,42.427619
19641 Anvil St,2024-08-09,Franklin,-82.978258,42.440382
20322 Barlow St,2024-08-09,Conner Creek,-82.996201,42.447243
3365 Michigan Ave,2024-08-09,Central Southwest,-83.090131,42.331162
8102 Cloverlawn St,2024-08-09,Barton-McFarland,-83.150412,42.353389
8254 Edgewood Ave,2024-08-09,Airport Sub,-83.018006,42.397169
9715 Belleterre St,2024-08-09,Nardin Park,-83.13615,42.368598
1065 S Liddesdale St,2024-08-12,Boynton,-83.146168,42.280987
12791 Appoline,2024-08-12,Grand River-I96,-83.169915,42.382526
15841 Lesure St,2024-08-12,Bethune Community,-83.181827,42.408116
19426 Coventry St,2024-08-12,Nolan,-83.101112,42.436673
19931 Winston St,2024-08-12,Five Points,-83.284229,42.436696
8032 Pressler St,2024-08-12,Airport Sub,-83.021834,42.391401
8226 Molena St,2024-08-12,Airport Sub,-83.019076,42.407083
10015 Abington Ave,2024-08-13,Joy Community,-83.211043,42.369292
10058 Orangelawn St,2024-08-13,Barton-McFarland,-83.159581,42.369301
10067 Orangelawn St,2024-08-13,Barton-McFarland,-83.159704,42.36884
14244 Troester St,2024-08-13,Mapleridge,-82.97612,42.426005
630 Trowbridge St,2024-08-13,Gateway Community,-83.077743,42.392298
711 Collingwood St,2024-08-13,Gateway Community,-83.09155,42.388206
13511 Ward St,2024-08-14,Grand River-I96,-83.17329,42.385953
14233 Ward St,2024-08-14,Happy Homes,-83.173565,42.391833
14846 Mayfield St,2024-08-14,Mapleridge,-82.968974,42.422127
16895 Lesure St,2024-08-14,Harmony Village,-83.182163,42.415736
18031 Ferguson St,2024-08-14,College Park,-83.210521,42.421609
1975 Clay St,2024-08-14,Russell Industrial,-83.056581,42.381036
20536 Fairport St,2024-08-14,Conner Creek,-82.99137,42.448074
2440 Highland St,2024-08-14,Dexter-Linwood,-83.115615,42.388414
8113 E Hollywood St,2024-08-14,Mount Olivet,-83.021984,42.432734
8790 Bessemore St,2024-08-14,Airport Sub,-83.014101,42.3933
9003 Bessemore St,2024-08-14,Airport Sub,-83.011731,42.394141
9517 Brockton St,2024-08-14,Airport Sub,-83.040896,42.399346
11716 Indiana St,2024-08-15,Grand River-I96,-83.15624,42.375169
12133 N Martindale St,2024-08-15,Nardin Park,-83.133539,42.379968
1272 S Liddesdale St,2024-08-15,Boynton,-83.148269,42.279377
14181 Eastwood St,2024-08-15,Mapleridge,-82.977536,42.433783
14379 Blackstone St,2024-08-15,Brightmoor,-83.249365,42.391985
15110 Fielding St,2024-08-15,Brightmoor,-83.242338,42.39966
17569 Hull St,2024-08-15,Cadillac Heights,-83.0889,42.422839
19321 Verona St,2024-08-15,Franklin,-82.982037,42.43742
17802 Marx St,2024-08-16,Cadillac Heights,-83.083322,42.423874
17820 Marx St,2024-08-16,Cadillac Heights,-83.083329,42.424121
3821 Monterey St,2024-08-16,Nardin Park,-83.127851,42.38133
4438 Moran St,2024-08-16,McDougall-Hunt,-83.029132,42.365432
8071 Tumey St,2024-08-16,Airport Sub,-83.022248,42.418819
9635 Pinehurst St,2024-08-16,Barton-McFarland,-83.16592,42.368022
12075 Wilshire Dr,2024-08-19,Wade,-82.988013,42.407155
15489 Lesure St,2024-08-19,Bethune Community,-83.181682,42.405118
17941 Anglin St,2024-08-19,Cadillac Heights,-83.074769,42.425395
18041 Cardoni St,2024-08-19,Hawthorne Park,-83.091478,42.425569
18894 Cardoni St,2024-08-19,Hawthorne Park,-83.091004,42.431562
20234 Pelkey St,2024-08-19,Conner Creek,-82.986432,42.446377
5309 Grandy St,2024-08-19,Poletown East,-83.040629,42.368749
8202 Tumey St,2024-08-19,Airport Sub,-83.020398,42.418379
8301 E Hollywood St,2024-08-19,Mount Olivet,-83.019,42.432786
10468 Greensboro St,2024-08-20,Outer Drive-Hayes,-82.95245,42.415843
12018 Wayburn St,2024-08-20,Moross-Morang,-82.94808,42.428037
17469 Saint Aubin St,2024-08-20,Cadillac Heights,-83.081653,42.421974
17810 Fleming St,2024-08-20,Cadillac Heights,-83.079087,42.423539
20410 Russell St,2024-08-20,Nolan,-83.090863,42.445027
3743 Lawrence,2024-08-20,Nardin Park,-83.123446,42.377166
9632 Balfour Rd,2024-08-20,Outer Drive-Hayes,-82.951826,42.409992
1320 Glover St,2024-08-21,Conner Creek Industrial,-82.969065,42.366798
14300 Camden Ave,2024-08-21,Outer Drive-Hayes,-82.96686,42.406586
14594 Turner St,2024-08-21,Chalfonte,-83.147622,42.396756
15775 Riverdale Ave,2024-08-21,Brightmoor,-83.270628,42.40539
17436 Dequindre St,2024-08-21,Cadillac Heights,-83.082069,42.421566
5104 Lemay St,2024-08-21,West End,-82.988942,42.387057
5928 Dubois St,2024-08-21,Poletown East,-83.047671,42.372784
8218 Georgia St,2024-08-21,Airport Sub,-83.019332,42.393054
1634 S Liebold St,2024-08-22,Boynton,-83.151642,42.276883
17509 Fleming St,2024-08-22,Cadillac Heights,-83.079669,42.422533
17512 Fleming St,2024-08-22,Cadillac Heights,-83.079049,42.422629
19372 Yacama Rd,2024-08-22,Nolan,-83.096792,42.436052
19380 Yacama Rd,2024-08-22,Nolan,-83.096794,42.436148
2011 Pasadena St,2024-08-22,Oakman Blvd Community,-83.116584,42.397676
20116 Russell St,2024-08-22,Nolan,-83.090756,42.44268
4838 Saint Aubin St,2024-08-22,McDougall-Hunt,-83.043771,42.364018
8200 Quinn St,2024-08-22,Mount Olivet,-83.020764,42.430878
8221 Lyford St,2024-08-22,Airport Sub,-83.019504,42.408534
8232 Leander St,2024-08-22,Airport Sub,-83.019176,42.409033
12213 Littlefield St,2024-08-23,Pride Area Community,-83.176065,42.377671
13800 Eastwood St,2024-08-23,Franklin,-82.982428,42.432913
2634 Hendricks St,2024-08-23,McDougall-Hunt,-83.030002,42.3507
4654 Bewick St,2024-08-23,West End,-82.993618,42.382328
4831 Saint Hedwig St,2024-08-23,Central Southwest,-83.107775,42.328533
5607 Fairview St,2024-08-23,West End,-82.990169,42.390804
9227 Melville St,2024-08-23,Delray,-83.126868,42.291516
5558 Vancouver St,2024-08-25,Midwest,-83.129667,42.355624
6062 Epworth St,2024-08-25,Midwest,-83.125679,42.346869
13136 Wyoming St,2024-08-26,Littlefield Community,-83.158632,42.384236
14954 Manor St,2024-08-26,Bethune Community,-83.167886,42.399927
18087 Riopelle St,2024-08-26,Hawthorne Park,-83.086595,42.426398
3849 32nd St,2024-08-26,Chadsey Condon,-83.111196,42.333078
8260 Quinn St,2024-08-26,Mount Olivet,-83.019685,42.430896
13836 Manning St,2024-08-27,Franklin,-82.982092,42.440408
1637 S Liebold St,2024-08-27,Boynton,-83.15115,42.276571
13915 Eastwood St,2024-08-28,Franklin,-82.980328,42.433469
8227 Quinn St,2024-08-28,Mount Olivet,-83.020334,42.4313
16885 Freeland St,2024-08-29,Hubbell-Puritan,-83.186404,42.415599
18042 Dwyer St,2024-08-29,Grant,-83.041006,42.427068
3327 Medbury St,2024-08-29,Poletown East,-83.038635,42.375781
17167 Saint Aubin St,2024-08-30,Cadillac Heights,-83.081539,42.419444
17843 Dwyer St,2024-08-30,Davison,-83.041597,42.425476
19431 Lamont St,2024-08-30,Farwell,-83.055311,42.437743
20167 Hanna St,2024-08-30,Nolan,-83.090359,42.443358
8201 Montlieu St,2024-08-30,Airport Sub,-83.019976,42.410958
105 Dey St,2024-09-02,Carbon Works,-83.134976,42.290883
9137 Falcon St,2024-09-02,Springwells,-83.132761,42.302644
13694 Tacoma St,2024-09-03,Franklin,-82.983471,42.441223
19327 Schoenherr St,2024-09-03,Pulaski,-82.985592,42.437424
9646 Georgia St,2024-09-03,Airport Sub,-83.007177,42.395264
6219 Stahelin Ave,2024-09-04,Warrendale,-83.224347,42.334879
9937 Belleterre St,2024-09-05,Nardin Park,-83.136707,42.370196
2624 E Ferry St,2024-09-06,Poletown East,-83.042784,42.369795
14874 Muirland St,2024-09-09,Dexter-Fenkell,-83.132814,42.400052
3047 Lawton St,2024-09-09,North Corktown,-83.087262,42.334407
3511 Fort St,2024-09-09,Boynton,-83.166327,42.26229
15499 Snowden St,2024-09-11,Bethune Community,-83.17742,42.405389
26187 W Outer Dr,2024-09-11,Boynton,-83.165783,42.259698
7088 Lisbon St,2024-09-11,Central Southwest,-83.115482,42.307387
14918 Dolphin St,2024-09-12,Brightmoor,-83.258835,42.397074
19600 Wexford St,2024-09-12,Pershing,-83.06518,42.438249
3948 Saint Clair St,2024-09-12,East Canfield,-82.988452,42.378793
1625 Central St,2024-09-13,Springwells,-83.122196,42.307596
1507 Holden St,2024-09-17,Elijah McCoy,-83.085327,42.363036
3350 Cortland St,2024-09-17,Dexter-Linwood,-83.126111,42.384204
20150 John R St,2024-09-18,Nolan,-83.1024,42.443055
12661 Mack Ave,2024-09-19,Fox Creek,-82.965892,42.384276
1325 Maple St,2024-09-19,Lafayette Park,-83.039186,42.341896
6186 Hecla St,2024-09-19,Elijah McCoy,-83.088166,42.362055
9388 Otsego St,2024-09-23,Nardin Park,-83.124444,42.370601
638 Manistique St,2024-09-24,Jefferson Chalmers,-82.938384,42.370308
7209 Livernois Ave,2024-09-24,Midwest,-83.132978,42.347745
8234 Grinnell Ave,2024-09-24,Airport Sub,-83.018524,42.400701
9347 Petoskey Ave,2024-09-25,Nardin Park,-83.123627,42.370251
11600 E Seven Mile Rd,2024-09-26,Von Steuben,-83.003295,42.433552
12851 Greydale St,2024-09-26,Brightmoor,-83.253687,42.38192
5014 Military St,2024-09-26,Chadsey Condon,-83.123011,42.337354
9705 N Martindale St,2024-09-26,Nardin Park,-83.127417,42.371272
12944 Heyden St,2024-09-27,Brightmoor,-83.238542,42.3836
2679 E Canfield St,2024-09-27,McDougall-Hunt,-83.036772,42.362308
3233 Sturtevant St,2024-09-27,Dexter-Linwood,-83.124385,42.385269
3304 Burlingame St,2024-09-27,Dexter-Linwood,-83.122005,42.379544
3350 Elmhurst St,2024-09-27,Dexter-Linwood,-83.124453,42.381748
4463 23rd St,2024-09-27,Chadsey Condon,-83.097755,42.341954
4551 25th St,2024-09-27,Chadsey Condon,-83.100506,42.342418
4957 Vinewood St,2024-09-27,Chadsey Condon,-83.105793,42.343749
9054 N Martindale St,2024-09-27,Petoskey-Otsego,-83.125361,42.365875
12275 W Outer Dr,2024-09-30,Brightmoor,-83.255859,42.387597
3339 W Philadelphia St,2024-09-30,Jamison,-83.112962,42.364763
3357 Elmhurst St,2024-09-30,Dexter-Linwood,-83.124228,42.38118
4228 Humboldt St,2024-09-30,Core City,-83.089454,42.342345
4814 Scotten St,2024-09-30,Chadsey Condon,-83.108046,42.341262
5215 Maplewood St,2024-10-01,Midwest,-83.126594,42.359209
5685 28th St,2024-10-01,Midwest,-83.11559,42.346857
3816 Taylor St,2024-10-02,Petoskey-Otsego,-83.118891,42.368214
4038 W Philadelphia St,2024-10-02,Petoskey-Otsego,-83.117046,42.363723
15040 E Warren Ave,2024-10-03,Morningside,-82.952415,42.397434
1065 S Liebold St,2024-10-04,Boynton,-83.147082,42.281455
1222 S Bassett St,2024-10-04,Boynton,-83.142868000000007,42.277761
4932 Scotten St,2024-10-04,Chadsey Condon,-83.108781,42.341985
7347 American St,2024-10-04,Midwest,-83.144217,42.346953
5866 Central St,2024-10-07,Claytown,-83.142319,42.338048
8717 Dayton St,2024-10-07,Claytown,-83.154785,42.336428
9262 Broadstreet Ave,2024-10-07,Nardin Park,-83.125969,42.368046
9289 N Martindale St,2024-10-07,Nardin Park,-83.125637,42.36867
9300 Broadstreet Ave,2024-10-07,Nardin Park,-83.126324,42.368558
15880 Iliad St,2024-10-09,Brightmoor,-83.272216,42.406764
5510 Hillsboro St,2024-10-09,Midwest,-83.132606,42.361186
7155 Joy Rd,2024-10-09,Midwest,-83.141671,42.35908
8815 American St,2024-10-09,Midwest,-83.144224,42.359509
3815 Burlingame St,2024-10-10,Nardin Park,-83.125528,42.378026
4261 Webb St,2024-10-10,Nardin Park,-83.129425,42.377353
5381 Vancouver St,2024-10-10,Midwest,-83.127667,42.355787
9378 Broadstreet Ave,2024-10-10,Nardin Park,-83.126984,42.36951
5326 Maplewood St,2024-10-11,Midwest,-83.128777,42.358929
6411 Mackenzie St,2024-10-11,Midwest,-83.140487,42.356831
8423 Military,2024-10-11,Midwest,-83.136775,42.356162
8941 Dailey Ct,2024-10-11,Midwest,-83.131881,42.36193
1044 Marston St,2024-10-14,North End,-83.06532,42.378759
3804 Collingwood St,2024-10-14,Nardin Park,-83.124223,42.376449
5310 Spokane St,2024-10-14,Midwest,-83.127943,42.358276
5524 Linsdale St,2024-10-14,Midwest,-83.131281,42.358925
4392 Larchmont St,2024-10-15,Midwest,-83.11647,42.355519
11710 Cascade St,2024-10-16,Nardin Park,-83.133402,42.376697
9415 McQuade St,2024-10-16,Nardin Park,-83.120658,42.370967
9769 McQuade St,2024-10-16,Nardin Park,-83.122349,42.373446
11627 Yellowstone St,2024-10-17,Nardin Park,-83.13413,42.375182
3761 Clairmount St,2024-10-17,Petoskey-Otsego,-83.118165,42.368853
1116 Waterman St,2024-10-18,Central Southwest,-83.11058,42.308235
1126 Waterman St,2024-10-18,Central Southwest,-83.110659,42.308344
5189 Casper St,2024-10-18,Claytown,-83.140682,42.333426
9396 Ravenswood St,2024-10-18,Nardin Park,-83.130621,42.367028
11350 Cascade St,2024-10-21,Nardin Park,-83.131783,42.37437
11603 Nardin Park,2024-10-21,Nardin Park,-83.135948,42.374158
11696 Memorial St,2024-10-21,Plymouth-I96,-83.21171,42.373838
189 W Robinwood St,2024-10-21,Grixdale Farms,-83.105948,42.429595
26 W Dakota Ave,2024-10-21,Grixdale Farms,-83.102561,42.420187
2447 Fullerton St,2024-10-22,Dexter-Linwood,-83.116424,42.389388
8191 Central St,2024-10-22,Midwest,-83.146475,42.354777
15473 Wisconsin St,2024-10-23,Fitzgerald/Marygrove,-83.156847,42.405429
10204 Nardin Park,2024-10-24,Nardin Park,-83.133161,42.371338
11368 Yosemite St,2024-10-24,Nardin Park,-83.133759,42.373898
13302 Prest St,2024-10-24,Schoolcraft Southfield,-83.196468,42.385293
14301 Trinity St,2024-10-24,Brightmoor,-83.24817,42.390976
16600 Stansbury St,2024-10-24,Harmony Village,-83.182532,42.413148
1668 Monterey St,2024-10-24,Dexter-Linwood,-83.107206,42.389409
21620 Thatcher Ave,2024-10-24,Holcomb Community,-83.255998,42.420784
6500 Michigan Ave,2024-10-24,Claytown,-83.123793,42.331338
9055 Beverly Ct,2024-10-24,Petoskey-Otsego,-83.127656,42.365976
1719 Pasadena St,2024-10-25,Oakman Blvd Community,-83.114464,42.398469
9938 Yosemite St,2024-10-25,Nardin Park,-83.132004,42.371323
2044 Waverly St,2024-10-28,Dexter-Linwood,-83.115418,42.394896
279 Holbrook St,2024-10-28,North End,-83.076219,42.382971
582 W Robinwood St,2024-10-28,Grixdale Farms,-83.110591,42.429936
9722 Nardin Park,2024-10-28,Nardin Park,-83.132051,42.369803
9983 Bordeau St,2024-10-28,Nardin Park,-83.135563,42.370696
10104 Monica St,2024-10-29,Oakman Blvd Community,-83.141172,42.371289
10130 Orangelawn St,2024-10-29,Barton-McFarland,-83.160912,42.369265
1086 Adeline St,2024-10-29,Penrose,-83.115866,42.438706
11392 Yosemite St,2024-10-29,Nardin Park,-83.133958,42.374196
4640 N Campbell St,2024-10-29,Chadsey Condon,-83.117579,42.336572
700 Conner St,2024-10-29,Jefferson Chalmers,-82.955572,42.365234
7430 Burlingame St,2024-10-29,Oakman Blvd Community,-83.143965,42.373584
14370 Dacosta St,2024-10-30,Brightmoor,-83.259886,42.391696
14624 Dolphin St,2024-10-30,Brightmoor,-83.258766,42.394901
10311 Cedarlawn St,2024-10-31,Barton-McFarland,-83.162208,42.372424
12354 Monica St,2024-10-31,Oakman Blvd Community,-83.142203,42.380084
13536 Pierson St,2024-10-31,Brightmoor,-83.245013,42.384368
4075 Duane St,2024-10-31,Nardin Park,-83.129233,42.379975
6030 Northfield St,2024-10-31,Midwest,-83.122325,42.347672
10022 Pinehurst St,2024-11-01,Barton-McFarland,-83.165318,42.370688
10415 Aurora St,2024-11-01,Barton-McFarland,-83.164152,42.371648
1200 S Liebold St,2024-11-01,Boynton,-83.148509,42.280623
12205 Stoepel St,2024-11-01,Oakman Blvd Community,-83.140573,42.379055
15868 Iliad St,2024-11-01,Brightmoor,-83.272209,42.406568
3881 30th St,2024-11-01,Chadsey Condon,-83.108873,42.333486
9170 Montrose St,2024-11-01,Joy Community,-83.198943,42.362078
10355 Cedarlawn St,2024-11-04,Barton-McFarland,-83.163093,42.3724
11752 Mendota St,2024-11-04,Grand River-I96,-83.16427,42.375556
12316 Wisconsin St,2024-11-04,Littlefield Community,-83.155521,42.379345
10155 Aurora St,2024-11-05,Barton-McFarland,-83.161518,42.371715
11660 N Martindale St,2024-11-05,Nardin Park,-83.130967,42.377221
717 Navahoe St,2024-11-05,Jefferson Chalmers,-82.955264,42.365574
10307 Prairie St,2024-11-06,Oakman Blvd Community,-83.143575,42.37205
10335 Orangelawn St,2024-11-06,Barton-McFarland,-83.162468,42.368767
11739 Washburn St,2024-11-06,Grand River-I96,-83.16001,42.375462
12001 Montrose St,2024-11-06,Plymouth-I96,-83.200389,42.374821
12025 Montrose St,2024-11-06,Plymouth-I96,-83.2004,42.375108
12031 Montrose St,2024-11-06,Plymouth-I96,-83.200404,42.375205
9972 Pinehurst St,2024-11-06,Barton-McFarland,-83.165297,42.370016
10036 Whitcomb St,2024-11-07,Plymouth-Hubbell,-83.194934,42.369857
11411 Forrer St,2024-11-07,Joy Community,-83.201457,42.371712
11736 Mendota St,2024-11-07,Grand River-I96,-83.164262,42.375337
5207 Larchmont St,2024-11-07,Midwest,-83.121962,42.352839
8948 Whitcomb St,2024-11-07,We Care Community,-83.194617,42.360343
9629 Appoline,2024-11-07,Barton-McFarland,-83.169482,42.36782
10343 Maplelawn St,2024-11-08,Barton-McFarland,-83.16265,42.369489
12300 Greenlawn St,2024-11-08,Littlefield Community,-83.149194,42.379228
12050 Appoline,2024-11-12,Pride Area Community,-83.169148,42.376368
10057 Chatham St,2024-11-13,West Outer Drive,-83.262409,42.369027
1116 Townsend St,2024-11-13,Islandview,-83.001136,42.353388
11738 Memorial St,2024-11-13,Plymouth-I96,-83.211725,42.374413
12018 Memorial St,2024-11-13,Plymouth-I96,-83.211764,42.374864
12073 Stout St,2024-11-13,Weatherby,-83.24045,42.375131
12270 Griggs St,2024-11-13,Grand River-I96,-83.161705,42.37909
13240 Lauder St,2024-11-13,Schoolcraft Southfield,-83.190061,42.384636
14258 Sorrento St,2024-11-13,Happy Homes,-83.171911,42.392241
18425 Fairfield St,2024-11-13,University District,-83.136074,42.426909
705 Algonquin,2024-11-13,Jefferson Chalmers,-82.954233,42.365763
9975 Memorial St,2024-11-13,Joy Community,-83.212266,42.368693
12144 Archdale St,2024-11-14,Plymouth-I96,-83.215472,42.376527
14530 Stoepel St,2024-11-14,Chalfonte,-83.140723,42.39589
11367 Abington Ave,2024-11-15,Joy Community,-83.211101,42.370974
12068 Rutland St,2024-11-15,Plymouth-I96,-83.213014,42.375513
12203 Longacre St,2024-11-15,Plymouth-I96,-83.214962,42.376887
14051 Blackstone St,2024-11-15,Brightmoor,-83.249223,42.388246
6364 Artesian St,2024-11-15,Warrendale,-83.225005,42.336961
6524 Colfax St,2024-11-18,Midwest,-83.127381,42.351212
12052 Abington Ave,2024-11-19,Plymouth-I96,-83.210561,42.37537
12803 Lauder St,2024-11-19,Schoolcraft Southfield,-83.190612,42.382875
12833 Steel St,2024-11-19,Grand River-I96,-83.170898,42.382162
14117 Blackstone St,2024-11-19,Brightmoor,-83.249228,42.388779
14815 Parkside St,2024-11-19,Dexter-Fenkell,-83.131035,42.399251
15574 14th St,2024-11-19,Pilgrim Village,-83.119816,42.406627
15835 Lawton St,2024-11-19,Pilgrim Village,-83.129908,42.408412
19341 Rogge St,2024-11-19,Nortown,-83.030026,42.436557
713 Conner St,2024-11-19,Jefferson Chalmers,-82.95611,42.365214
12200 Fielding St,2024-11-20,Weatherby,-83.241021,42.376473
6835 Faust Ave,2024-11-20,Warrendale,-83.221059,42.341646
7450 Clayburn St,2024-11-20,Warren Ave Community,-83.211356,42.346617
1550 Harper Ave,2024-11-21,Poletown East,-83.052099,42.371262
3104 Woodbridge St,2024-11-21,Rivertown,-83.017014,42.339462
11665 Memorial St,2024-11-22,Plymouth-I96,-83.212374,42.373343
21570 W Davison St,2024-11-22,Brightmoor,-83.253946,42.383884
4254 Humboldt St,2024-11-22,Core City,-83.089535,42.342667
6844 Auburn St,2024-11-22,Warrendale,-83.232457,42.341603
7770 Faust Ave,2024-11-22,Warrendale,-83.220628,42.349438
8840 Ashton Ave,2024-11-22,Franklin Park,-83.217398,42.358554
14037 Indiana St,2024-11-25,Davison-Schoolcraft,-83.157394,42.39055
14038 Indiana St,2024-11-25,Davison-Schoolcraft,-83.156838,42.390537
14131 Blackstone St,2024-11-25,Brightmoor,-83.249233,42.388919
14643 Indiana St,2024-11-25,Chalfonte,-83.157646,42.397309
18248 Santa Rosa Dr,2024-11-25,Bagley,-83.143004,42.425093
5186 28th St,2024-11-25,Chadsey Condon,-83.113088,42.343359
7288 Westwood,2024-11-25,Warrendale,-83.230203,42.344557
7778 Saint Marys St,2024-11-25,Warren Ave Community,-83.203568,42.349497
8275 Piedmont St,2024-11-25,Warrendale,-83.228824,42.353334
8512 Fielding St,2024-11-25,Warrendale,-83.240384,42.355537
678 Conner St,2024-11-26,Jefferson Chalmers,-82.955313,42.364791
7605 Colfax St,2024-11-26,Midwest,-83.129036,42.352582
12056 Rutland St,2024-11-27,Plymouth-I96,-83.213003,42.375298
12337 Indiana St,2024-11-27,Littlefield Community,-83.157059,42.379596
15810 Cruse St,2024-11-27,Bethune Community,-83.183321,42.407661
9685 Ohio St,2024-11-27,Barton-McFarland,-83.154423,42.368935
8277 Mansfield St,2024-12-02,Warren Ave Community,-83.203214,42.353744
8318 American St,2024-12-02,Midwest,-83.143821,42.355777
9332 Central St,2024-12-02,Midwest,-83.146036,42.364351
18981 Ferguson St,2024-12-03,College Park,-83.210898,42.42958
12768 Cloverlawn St,2024-12-04,Littlefield Community,-83.151407,42.383342
13546 Cloverlawn St,2024-12-04,Davison-Schoolcraft,-83.151505,42.387004
8916 Dailey Ct,2024-12-04,Midwest,-83.131055,42.361795
9232 Pinehurst St,2024-12-04,Barton-McFarland,-83.16507,42.363015
9246 Penrod St,2024-12-04,Franklin Park,-83.219886,42.362597
9611 Decatur St,2024-12-04,Plymouth-Hubbell,-83.180649,42.367381
11406 Sorrento St,2024-12-05,Barton-McFarland,-83.171471,42.372235
13156 Meyers Rd,2024-12-05,Grand River-I96,-83.168248,42.384297
14281 Cloverlawn St,2024-12-05,Davison-Schoolcraft,-83.152357,42.39303
16868 Mark Twain St,2024-12-05,Hubbell-Puritan,-83.18682,42.415373
19347 Asbury Park,2024-12-05,Greenfield,-83.210027,42.433113
2617 Ferry Park St,2024-12-05,NW Goldberg,-83.099296,42.358942
8623 Terry St,2024-12-05,Fiskhorn,-83.190859,42.357678
11373 Mansfield St,2024-12-06,Joy Community,-83.203861,42.37118
9606 Decatur St,2024-12-06,Plymouth-Hubbell,-83.179966,42.367301
11732 Grandmont Ave,2024-12-09,Plymouth-I96,-83.209297,42.374362
11738 Mansfield St,2024-12-09,Plymouth-I96,-83.203286,42.374541
12725 Monte Vista St,2024-12-09,Grand River-I96,-83.166659,42.382337
13637 Turner St,2024-12-09,Oakman Blvd Community,-83.147896,42.388316
14548 Turner St,2024-12-09,Chalfonte,-83.147591,42.396128
14555 Turner St,2024-12-09,Chalfonte,-83.148228,42.396216
9054 Trinity St,2024-12-09,Franklin Park,-83.246584,42.359976
13345 Marlowe St,2024-12-10,Schoolcraft Southfield,-83.189743000000007,42.386074
13394 Mark Twain St,2024-12-10,Schoolcraft Southfield,-83.185686,42.386884
13400 Lauder St,2024-12-10,Schoolcraft Southfield,-83.190141,42.38683
13919 Monte Vista St,2024-12-10,Northwest Community,-83.166916,42.388582
13995 Sorrento St,2024-12-10,Happy Homes,-83.172379,42.389556
10046 Rutherford St,2024-12-11,Joy Community,-83.2019,42.369953
12714 Manor,2024-12-11,Grand River-I96,-83.167083,42.382215
13408 Whitcomb St,2024-12-11,Schoolcraft Southfield,-83.19537,42.386773
19927 Mendota St,2024-12-11,McDowell,-83.166997,42.438962
13318 Hubbell St,2024-12-12,Schoolcraft Southfield,-83.188056,42.385801
4102 Clements St,2024-12-12,Oakman Blvd Community,-83.135799,42.389209
7767 Mansfield St,2024-12-12,Warren Ave Community,-83.203007,42.349317
12850 Coyle St,2024-12-13,Schoolcraft Southfield,-83.193178,42.383065
3100 E Seven Mile,2024-12-13,Conant Gardens,-83.070508,42.432814
12020 Cloverlawn St,2024-12-16,Littlefield Community,-83.151196,42.376288
13616 Sorrento St,2024-12-16,Grand River-I96,-83.171678,42.387427
9317 Cascade St,2024-12-16,Nardin Park,-83.128156,42.368045
12033 Abington Ave,2024-12-17,Plymouth-I96,-83.211244,42.375069
14037 Santa Rosa Dr,2024-12-17,Oakman Blvd Community,-83.142245,42.39116
14591 Santa Rosa Dr,2024-12-17,Chalfonte,-83.142496,42.39672
19505 Grand River Ave,2024-12-17,Minock Park,-83.234286,42.406868
11632 Prest St,2024-12-18,Plymouth-Hubbell,-83.196149,42.373098
14588 Littlefield St,2024-12-18,Bethune Community,-83.175273,42.396214
15456 Dolphin St,2024-12-18,Brightmoor,-83.259053,42.402938
18976 Braile St,2024-12-18,Holcomb Community,-83.246055,42.428093
9827 Chenlot St,2024-12-18,Nardin Park,-83.134765,42.369957
6355 Diversey,2024-12-19,Midwest,-83.136041,42.350755
14283 Cruse St,2024-12-20,Grand River-I96,-83.183346,42.392376
9044 Monica St,2024-12-20,Midwest,-83.140402,42.36152
14174 Mendota St,2024-12-23,Northwest Community,-83.16426,42.391312
14200 Montrose St,2024-12-23,Greenfield-Grand River,-83.200086,42.390793
14322 Lamphere St,2024-12-23,Eliza Howell,-83.261071,42.391014
317 Cavalry St,2024-12-23,Delray,-83.099199,42.307061
867 Wheelock St,2024-12-23,Central Southwest,-83.116142,42.304146
13359 Camden Ave,2024-12-25,Outer Drive-Hayes,-82.970634,42.40589
13886 Newbern St,2024-12-25,North Campau,-83.06581,42.418206
14824 Indiana St,2024-12-25,Chalfonte,-83.157153,42.398401
19609 Keystone St,2024-12-25,Farwell,-83.051987,42.438492
6468 Seneca St,2024-12-25,Airport Sub,-83.015787,42.389578
8132 E Grixdale St,2024-12-25,Mount Olivet,-83.021469,42.429395
14135 Mendota St,2024-12-27,Northwest Community,-83.164891,42.390755
5147 Harding St,2024-12-27,West End,-82.993097,42.386119
5159 Harding St,2024-12-27,West End,-82.993187,42.386247
5550 Hurlbut St,2024-12-27,West End,-82.998298,42.387314
8428 Maxwell St,2024-12-27,Airport Sub,-83.019637,42.390553
8438 Maxwell St,2024-12-27,Airport Sub,-83.019643,42.390673
8500 Maxwell St,2024-12-27,Airport Sub,-83.019654,42.390937
235 S McKinstry St,2024-12-30,West Side Industrial,-83.088483,42.308183
617 S Green St,2025-01-02,Delray,-83.108475,42.296589
738 McKinstry St,2025-01-02,West Side Industrial,-83.091394,42.312455
1003 N Green St,2025-01-03,Central Southwest,-83.114941,42.304495
14132 Sussex,2025-01-03,Cadillac Community,-83.194788,42.390076
14231 Kentucky St,2025-01-03,Davison-Schoolcraft,-83.158454,42.392229
14654 Sussex St,2025-01-03,Hubbell-Lyndon,-83.194452,42.396602
15844 AUBURN,2025-01-03,Minock Park,-83.235125,42.4069
4815 McGraw St,2025-01-03,Chadsey Condon,-83.118104,42.344248
14276 Kentucky St,2025-01-06,Davison-Schoolcraft,-83.157924,42.39285
14303 Kentucky St,2025-01-06,Davison-Schoolcraft,-83.158493000000007,42.393203
14915 Santa Rosa Dr,2025-01-06,Chalfonte,-83.142644,42.399758
3939 Miller St,2025-01-07,Airport Sub,-83.041974,42.390693
9953 Broadstreet Ave,2025-01-08,Nardin Park,-83.12989,42.372389
14973 Sussex St,2025-01-09,Hubbell-Lyndon,-83.195265,42.399281
7350 Wheeler St,2025-01-09,Claytown,-83.142721,42.343438
2723 Joy Rd,2025-01-10,Jamison,-83.110734,42.372498
7757 Rosemont Ave,2025-01-10,Warrendale,-83.218909,42.34924
8450 Puritan St,2025-01-10,Fitzgerald/Marygrove,-83.154379,42.409996
14295 Northlawn St,2025-01-13,Davison-Schoolcraft,-83.153519,42.393189
15744 Bramell St,2025-01-13,Brightmoor,-83.264186,42.404905
3314 S Edsel St,2025-01-13,Boynton,-83.164227,42.264288
6451 Vancourt St,2025-01-13,Midwest,-83.124285,42.351217
6911 Burwell St,2025-01-13,Claytown,-83.138446,42.343267
7200 Tuxedo St,2025-01-13,Oakman Blvd Community,-83.143655999999993,42.375321
2482 La Belle St,2025-01-14,Oakman Blvd Community,-83.123199,42.397353
6443 Vancourt St,2025-01-14,Midwest,-83.124233,42.351144
14682 Ohio St,2025-01-16,Chalfonte,-83.155051,42.397895
14811 Tuller St,2025-01-16,Chalfonte,-83.147193,42.398271
5351 Allendale St,2025-01-16,Midwest,-83.125478,42.353572
7356 Wheeler St,2025-01-16,Claytown,-83.142832,42.343436
8917 Intervale St,2025-01-16,Davison-Schoolcraft,-83.158546,42.391425
9736 Holmur St,2025-01-16,Nardin Park,-83.122461,42.372904
15335 Ardmore St,2025-01-17,Bethune Community,-83.184824,42.402502
18917 Wormer St,2025-01-17,Five Points,-83.280708,42.426864
5027 Pacific St,2025-01-17,Midwest,-83.12202,42.355893
14218 Sorrento St,2025-01-21,Happy Homes,-83.171888,42.391664
15351 Tuller St,2025-01-21,Fitzgerald/Marygrove,-83.14757,42.403446
15768 Auburn St,2025-01-21,Minock Park,-83.234795,42.405815
16213 Strathmoor St,2025-01-21,Hubbell-Puritan,-83.188508,42.410741
7510 Burnette St,2025-01-21,Midwest,-83.140533,42.348845
8372 American St,2025-01-21,Midwest,-83.143868,42.356544
8890 Monica St,2025-01-21,Midwest,-83.140376,42.360699
2525 Richton St,2025-01-22,Dexter-Linwood,-83.115751,42.38613
650 Owen St,2025-01-22,North End,-83.072974,42.385788
9031 Oakland St,2025-01-22,North End,-83.072808,42.385779
5225 Spokane St,2025-01-24,Midwest,-83.126204,42.358381
5297 Spokane St,2025-01-24,Midwest,-83.127439,42.357912
9414 Savery St,2025-01-24,Dexter-Linwood,-83.116618,42.372434
11042 Cloverlawn St,2025-01-27,Littlefield Community,-83.151147,42.374469
1177 W Baltimore St,2025-01-27,Elijah McCoy,-83.082312,42.364305
12894 Stahelin Rd,2025-01-27,Schoolcraft Southfield,-83.225464,42.383209
14408 Stout St,2025-01-28,Brightmoor,-83.240959,42.39257
2607 14th St,2025-01-28,North Corktown,-83.078027,42.333263
9164 Steel St,2025-01-28,Barton-McFarland,-83.169907,42.361956
9251 Cascade St,2025-01-28,Nardin Park,-83.127603,42.367238
9300 Savery St,2025-01-28,Dexter-Linwood,-83.11607,42.371625
9718 N Martindale St,2025-01-28,Nardin Park,-83.126693,42.371746
9705 Otsego St,2025-01-29,Nardin Park,-83.126038,42.371828
12300 Ilene St,2025-01-30,Grand River-I96,-83.160671,42.379797
14202 Wisconsin St,2025-01-30,Davison-Schoolcraft,-83.155899,42.391869
14538 Birwood St,2025-01-30,Bethune Community,-83.163294,42.395794
15355 Freeland St,2025-01-30,Bethune Community,-83.18583,42.402968
19695 Appleton St,2025-01-30,Seven Mile-Rouge,-83.274723,42.434658
7171 Tuxedo St,2025-01-30,Oakman Blvd Community,-83.143026,42.374894
14824 Braile St,2025-01-31,Brightmoor,-83.244324,42.396068
15752 Ardmore St,2025-01-31,Bethune Community,-83.184422,42.40657
9148 Oakland St,2025-01-31,North End,-83.072912,42.386877
11325 Sorrento St,2025-02-03,Barton-McFarland,-83.172046,42.371208
13583 Minock St,2025-02-03,Schoolcraft Southfield,-83.233518,42.38523
14035 Vaughan St,2025-02-03,Brightmoor,-83.238283,42.388188
14908 Ilene St,2025-02-03,Bethune Community,-83.161316,42.399485
3289 Helen St,2025-02-03,Islandview,-83.014402,42.363396
15374 Bramell St,2025-02-04,Brightmoor,-83.264052,42.401845
15756 Bramell St,2025-02-04,Brightmoor,-83.264195,42.405125
15868 Rockdale St,2025-02-04,Brightmoor,-83.257984,42.406708
11351 Archdale St,2025-02-05,Joy Community,-83.215919,42.370671
14768 Woodmont Ave,2025-02-05,Grand River-St Marys,-83.208583,42.397988
7772 Ashton Ave,2025-02-05,Warrendale,-83.217055,42.349478
9930 Cascade St,2025-02-05,Nardin Park,-83.130158,42.371939
14575 Santa Rosa Dr,2025-02-06,Chalfonte,-83.142486,42.396499
17214 Gilchrist St,2025-02-06,College Park,-83.211804,42.417414
19154 Derby St,2025-02-06,Penrose,-83.103812,42.43309
19183 Derby St,2025-02-06,Penrose,-83.104432,42.433492
19189 Derby St,2025-02-06,Penrose,-83.104434,42.433574
727 W Lantz St,2025-02-06,Penrose,-83.110892,42.436769
1130 Bethune St,2025-02-07,Virginia Park Community,-83.084674,42.369579
15127 Fielding St,2025-02-07,Brightmoor,-83.242958,42.399837
15132 Fielding St,2025-02-07,Brightmoor,-83.24235,42.39994
16556 Chatham St,2025-02-07,Riverdale,-83.263049,42.410319
14128 Prevost St,2025-02-10,Greenfield-Grand River,-83.202186,42.389778
18950 Fielding St,2025-02-10,Holcomb Community,-83.243866,42.427788
15444 Mendota St,2025-02-11,Bethune Community,-83.164906,42.404868
17180 Ferguson St,2025-02-11,College Park,-83.209777,42.416989
17194 Lindsay St,2025-02-11,College Park,-83.213006,42.417108
2278 W Grand St,2025-02-11,Oakman Blvd Community,-83.11868,42.396497
15214 Prevost St,2025-02-12,Grand River-St Marys,-83.202512,42.400624
15508 Manor St,2025-02-12,Bethune Community,-83.168187,42.405636
15726 Chatham St,2025-02-12,Brightmoor,-83.262868,42.404516
15765 Hartwell St,2025-02-12,Bethune Community,-83.178532,42.406786
16834 Chatham St,2025-02-12,Riverdale,-83.263156,42.413404
18683 Warwick St,2025-02-12,Evergreen-Outer Drive,-83.230041,42.427928
19153 Glastonbury Rd,2025-02-12,O'Hair Park,-83.223341,42.430766
21626 Lyndon St,2025-02-12,Brightmoor,-83.25467,42.393337
20301 Fenkell St,2025-02-13,Brightmoor,-83.240674,42.400388
1401 Beaubien St,2025-02-14,Downtown,-83.043774,42.336369
15099 Fairfield St,2025-02-14,Dexter-Fenkell,-83.134668,42.402116
1567 Highland St,2025-02-14,Dexter-Linwood,-83.10628,42.391959
3221 Pingree St,2025-02-14,Jamison,-83.111467,42.366185
4652 18th St,2025-02-14,Core City,-83.089964,42.346068
6257 Rohns St,2025-02-14,Airport Sub,-83.01202,42.39032
14588 Turner St,2025-02-19,Chalfonte,-83.147618,42.396666
18425 Evergreen Rd,2025-02-19,Holcomb Community,-83.238945,42.424915
2656 Leslie St,2025-02-19,Dexter-Linwood,-83.120737,42.389182
2740 Fullerton St,2025-02-19,Dexter-Linwood,-83.121606,42.38787
9644 Broadstreet Ave,2025-02-19,Nardin Park,-83.127602,42.370427
14521 Strathmoor St,2025-02-21,Bethune Community,-83.187816,42.39493
8419 Faust Ave,2025-02-24,Warrendale,-83.221541,42.35448
9271 N Martindale St,2025-02-24,Nardin Park,-83.125461,42.368413
15033 Parkside St,2025-02-25,Dexter-Fenkell,-83.131123,42.40128
15360 Fairfield St,2025-02-25,Pilgrim Village,-83.134084,42.403849
15361 Petoskey Ave,2025-02-25,Pilgrim Village,-83.139496,42.403713
11311 Linwood St,2025-02-26,Dexter-Linwood,-83.11379,42.380541
14621 Ohio St,2025-02-26,Chalfonte,-83.155581,42.397022
20212 Forrer St,2025-02-27,Greenfield,-83.202773,42.441406
2575 Fullerton St,2025-02-27,Dexter-Linwood,-83.118505,42.388607
11726 Pinehurst St,2025-03-03,Grand River-I96,-83.165504,42.375096
14871 Monica St,2025-03-03,Chalfonte,-83.143688,42.399126
18874 Justine St,2025-03-03,Krainz Woods,-83.058476,42.432381
1831 Martin Luther King Jr Blvd,2025-03-04,North Corktown,-83.076412,42.340419
5327 30th St,2025-03-06,Chadsey Condon,-83.115842,42.343623
12750 Mansfield St,2025-03-07,Schoolcraft Southfield,-83.203115,42.381531
19970 Forrer St,2025-03-07,Greenfield,-83.202646,42.439143
20101 Snowden St,2025-03-07,Blackstone Park,-83.178918,42.440704
2988 Clairmount St,2025-03-07,Jamison,-83.112867,42.37137
3265 Calvert St,2025-03-07,Dexter-Linwood,-83.119347,42.376914
13634 Steel St,2025-03-10,Grand River-I96,-83.170656,42.387723
15370 Roselawn St,2025-03-11,Fitzgerald/Marygrove,-83.151279,42.40394
3221 Northwestern St,2025-03-14,Wildemere Park,-83.107058,42.359796
9921 Quincy St,2025-03-14,Nardin Park,-83.12483,42.37382
14050 Roselawn St,2025-03-18,Davison-Schoolcraft,-83.150578,42.390831
3409 Wager St,2025-03-18,Dexter-Linwood,-83.116844,42.371816
3764 Wager St,2025-03-18,Nardin Park,-83.119864,42.371144
9406 Savery St,2025-03-18,Dexter-Linwood,-83.116568,42.372361
11723 Cascade St,2025-03-19,Nardin Park,-83.134039,42.376694
15335 Wildemere St,2025-03-19,Pilgrim Village,-83.132595,42.403428
13539 Cherrylawn St,2025-03-20,Davison-Schoolcraft,-83.154347,42.386797
14151 Appoline St,2025-03-24,Happy Homes,-83.170261,42.390848
491 W Lantz St,2025-03-24,Penrose,-83.109195,42.436872
2308 18th St,2025-03-25,Corktown,-83.077898,42.327936
1115 Fernhill St,2025-03-26,Penrose,-83.116346,42.437475
13370 Littlefield St,2025-03-26,Grand River-I96,-83.174759,42.387142
12633 Mark Twain St,2025-03-27,Plymouth-Hubbell,-83.186142,42.380667
12684 Cherrylawn St,2025-03-27,Littlefield Community,-83.153625,42.382122
13652 Steel St,2025-03-27,Grand River-I96,-83.170615,42.387974
12169 Greenlawn St,2025-03-28,Littlefield Community,-83.149753,42.378342
12177 Greenlawn St,2025-03-31,Littlefield Community,-83.149755,42.378424
9903 Mendota St,2025-04-01,Barton-McFarland,-83.164746,42.369062
1342 S Patricia St,2025-04-04,Boynton,-83.150681,42.279381
1614 S Liebold St,2025-04-04,Boynton,-83.151452,42.277112
1697 S Liebold St,2025-04-04,Boynton,-83.151828,42.275954
10334 Orangelawn St,2025-04-07,Barton-McFarland,-83.162488,42.369218
15326 Ardmore St,2025-04-07,Bethune Community,-83.184243,42.402408
19177 Derby St,2025-04-07,Penrose,-83.10443,42.433409
19193 Hershey St,2025-04-07,Penrose,-83.111475,42.433569
101 S Westend St,2025-04-08,Delray,-83.121124,42.297714
1291 S Liebold St,2025-04-09,Boynton,-83.148831,42.279362
12109 N Martindale St,2025-04-11,Nardin Park,-83.13334,42.379674
12600 Signet St,2025-04-11,Riverbend,-82.965784,42.383439
11420 Mettetal St,2025-04-16,Joy Community,-83.205619,42.371839
13214 Fenkell St,2025-04-16,Bethune Community,-83.175195,42.402374
19135 Derby St,2025-04-16,Penrose,-83.104418,42.432854
20171 Stoepel St,2025-04-16,Garden Homes,-83.143334,42.442376
7033 Pilgrim St,2025-04-16,Fitzgerald/Marygrove,-83.142257,42.407338
707 Adeline St,2025-04-16,Penrose,-83.110601,42.438328
8641 Ellsworth St,2025-04-16,Chalfonte,-83.15746,42.401584
13103 Monte Vista St,2025-04-21,Grand River-I96,-83.16671,42.383578
14276 Appoline St,2025-04-21,Happy Homes,-83.16975,42.392778
14309 Ward St,2025-04-21,Happy Homes,-83.173606,42.392889
19171 Hershey St,2025-04-21,Penrose,-83.111465,42.433218
19222 Hershey St,2025-04-21,Penrose,-83.110933,42.433983
19390 Hershey St,2025-04-21,Penrose,-83.110992,42.435519
6711 Grandville Ave,2025-04-21,Warrendale,-83.229485,42.339824
749 Adeline St,2025-04-21,Penrose,-83.111378,42.438311
1184 McKinstry St,2025-04-22,Central Southwest,-83.09407,42.315858
12368 Cherrylawn St,2025-04-24,Littlefield Community,-83.153562,42.380048
13551 Cherrylawn St,2025-04-24,Davison-Schoolcraft,-83.154308,42.387012
513 E Kirby St,2025-04-24,Cultural Center,-83.060528,42.362649
14919 Stansbury St,2025-04-25,Bethune Community,-83.182477,42.398879
19196 Biltmore St,2025-04-25,Greenfield,-83.21145,42.431682
8500 Brace St,2025-04-25,Warrendale,-83.223204,42.355588
9919 Belleterre St,2025-04-28,Nardin Park,-83.136627,42.369962
13547 Roselawn St,2025-04-29,Davison-Schoolcraft,-83.151032,42.387016
6481 Mansfield St,2025-04-29,Warren Ave Community,-83.202537,42.338914
16858 Cruse St,2025-04-30,Harmony Village,-83.183714,42.415287
20210 Conner St,2025-04-30,Conner Creek,-83.019816,42.444981
8357 Hubbell St,2025-04-30,Fiskhorn,-83.187446,42.355836
9350 Savery St,2025-04-30,Dexter-Linwood,-83.116469,42.372214
14011 Pfent St,2025-05-01,Franklin,-82.980045,42.438069
11391 Littlefield St,2025-05-02,Barton-McFarland,-83.175847,42.372028
9760 Dundee St,2025-05-05,Nardin Park,-83.133202,42.369071
9354 Carlin St,2025-05-07,We Care Community,-83.178509,42.364408
9611 Carlin Ave,2025-05-07,Plymouth-Hubbell,-83.179284,42.367414
13955 Indiana St,2025-05-08,Davison-Schoolcraft,-83.157347,42.38938
9919 Manor,2025-05-08,Barton-McFarland,-83.167161,42.369204
12243 Mansfield St,2025-05-09,Plymouth-I96,-83.204105,42.377642
10149 Elmira St,2025-05-12,Barton-McFarland,-83.16132,42.370995
13910 Littlefield St,2025-05-12,Happy Homes,-83.175139,42.388354
15639 Fordham St,2025-05-12,Mapleridge,-82.959111,42.434939
9680 Ohio St,2025-05-12,Barton-McFarland,-83.153693,42.368844
17276 Moran St,2025-05-13,Cadillac Heights,-83.066094,42.421023
8050 Sprague Ave,2025-05-21,Gratiot-Grand,-83.00799,42.371289
9740 McKinney Ave,2025-05-21,Outer Drive-Hayes,-82.947567,42.413741
13115 Conant St,2025-05-28,Campau/Banglatown,-83.06041,42.413436
6096 Chopin St,2025-05-30,Claytown,-83.140879,42.34194
17761 Mack Ave,2025-06-02,Cornerstone Village,-82.917832,42.402969
886 Continental St,2025-06-04,Jefferson Chalmers,-82.953424,42.368842
10140 Beechdale St,2025-06-10,Barton-McFarland,-83.161142,42.370725
1621 S Liebold St,2025-06-11,Boynton,-83.151055,42.276822
2201 Waterman St,2025-06-16,Springwells,-83.11626,42.314931
2007 Carpenter St,2025-06-18,Campau/Banglatown,-83.071958,42.403698
2585 Grove St,2025-06-18,Martin Park,-83.127434,42.414498
5536 Burlingame St,2025-06-24,Nardin Park,-83.138373,42.373737
138 W Seven Mile,2025-06-30,Penrose,-83.104958,42.432417
9582 Woodmont Ave,2025-07-01,Joy Community,-83.207864,42.366467
19320 Bauman St,2025-07-02,Penrose,-83.111929,42.434318
4608 Burton St,2025-07-02,Claytown,-83.125141,42.332469
12864 Conway St,2025-07-03,Boynton,-83.162995,42.271284
4649 Vancouver St,2025-07-03,Midwest,-83.121798,42.358037
3600 E Davison St,2025-07-09,Campau/Banglatown,-83.061723,42.415047
3043 Jerome St,2025-07-11,Cadillac Heights,-83.070935,42.420397
8087 Vanderbilt St,2025-07-15,Delray,-83.116517,42.293877
12105 Roselawn St,2025-07-17,Littlefield Community,-83.150764,42.377441
9300 W Jefferson Ave,2025-07-17,Carbon Works,-83.125127,42.284692
2670 Porter St,2025-07-23,Hubbard Richard,-83.078109,42.323034
3542 Lovett St,2025-07-23,Chadsey Condon,-83.103853,42.333039
1210 S Liebold St,2025-07-24,Boynton,-83.148578,42.280541
8570 Orangelawn St,2025-07-24,Barton-McFarland,-83.155551,42.36966
507 S Solvay St,2025-08-11,Delray,-83.111347,42.297169
10001 Archdale St,2025-08-15,Joy Community,-83.215881,42.369047
1216 S Liebold St,2025-08-15,Boynton,-83.148646,42.28046
1071 S Patricia St,2025-08-20,Boynton,-83.148103,42.281756
1259 S Patricia St,2025-08-20,Boynton,-83.149437,42.280145
1328 S Patricia St,2025-08-20,Boynton,-83.150639,42.279547
2041 Fenkell St,2025-08-26,Dexter-Fenkell,-83.120072,42.402726
1308 S Patricia St,2025-08-28,Boynton,-83.150481,42.279756
1316 S Liebold St,2025-08-28,Boynton,-83.149624,42.279288
16754 Lamphere St,2025-08-28,Riverdale,-83.261985,42.412335
1264 S Liebold St,2025-08-29,Boynton,-83.149105,42.279912
1124 S Patricia St,2025-09-09,Boynton,-83.149098,42.281419
13056 Camden Ave,2025-09-09,Outer Drive-Hayes,-82.973283,42.404533
1481 S Liebold St,2025-09-09,Boynton,-83.150211,42.277713
1728 Campbell St,2025-09-10,Central Southwest,-83.103293,42.316661
8646 Kercheval St,2025-09-11,East Village,-82.993239,42.36084
12420 E Eight Mile,2025-09-17,Conner Creek,-82.998391,42.448777
17193 Orleans St,2025-09-22,Cadillac Heights,-83.084967,42.419723
2900 Harding St,2025-09-22,East Village,-82.981811,42.37174
1544 Lyman Pl,2025-09-23,Milwaukee Junction,-83.055861,42.37427
1556 Lyman Pl,2025-09-23,Milwaukee Junction,-83.055657,42.374353
9650 Otsego St,2025-09-25,Nardin Park,-83.124987,42.371375
4516 Allendale St,2025-09-26,Midwest,-83.118288,42.356891
7555 Chatham St,2025-10-01,Far West Detroit,-83.260578,42.346292
1400 Saint Antoine St,2025-10-07,Downtown,-83.041268,42.338024
11387 Evergreen Rd,2025-10-08,Franklin Park,-83.236633,42.37085
5725 Mount Elliott St,2025-10-13,Poletown East,-83.031556,42.375873
247 S Fortune St,2025-10-14,Delray,-83.124415,42.293636
6916 Regular St,2025-10-14,Central Southwest,-83.114054,42.309664
15390 Pinehurst St,2025-10-17,Bethune Community,-83.166036,42.403924
10611 Whittier St,2025-10-21,Outer Drive-Hayes,-82.952693,42.416514
11606 Broadstreet Ave,2025-10-27,Nardin Park,-83.131449,42.375876
18155 Mack Ave,2025-10-27,Cornerstone Village,-82.915322,42.407298
9926 Quincy St,2025-10-28,Nardin Park,-83.124399,42.374063
3949 Lonyo St,2025-10-30,Claytown,-83.139423,42.323046
6399 Ellsworth St,2025-10-30,Chalfonte,-83.142148,42.4017
9338 N Martindale St,2025-10-30,Nardin Park,-83.125195,42.369544
13654 Stoepel St,2025-10-31,Oakman Blvd Community,-83.140393,42.388764
4306 Clements St,2025-10-31,Oakman Blvd Community,-83.13795,42.388381
4545 Beniteau St,2025-10-31,West End,-82.984054,42.384387
9353 McQuade St,2025-10-31,Nardin Park,-83.120489,42.370713
1225 Harding St,2025-11-06,Marina District,-82.976667,42.362845
4310 Cortland St,2025-11-10,Russell Woods,-83.133256,42.381332
10223 McQuade St,2025-11-12,Nardin Park,-83.123535,42.375153
13982 Appoline St,2025-11-12,Happy Homes,-83.169583,42.389427
1405 S Liebold St,2025-11-13,Boynton,-83.149455,42.278609
1410 S Liebold St,2025-11-13,Boynton,-83.150077,42.278733
1420 S Liebold St,2025-11-13,Boynton,-83.150162,42.278632
1671 S Liebold St,2025-11-13,Boynton,-83.151475,42.276179
6135 Stanton St,2025-11-13,NW Goldberg,-83.09671,42.358326
1225 S Liebold St,2025-11-14,Boynton,-83.148184,42.280138
1329 S Liebold St,2025-11-14,Boynton,-83.149205,42.278913
1600 S Liebold St,2025-11-14,Boynton,-83.151323,42.277192
1658 S Liddesdale St,2025-11-14,Boynton,-83.150978,42.276162
3804 29th St,2025-11-17,Chadsey Condon,-83.106879,42.333084
1064 S Patricia St,2025-11-18,Boynton,-83.148549,42.282071
1071 S Liebold St,2025-11-18,Boynton,-83.147184,42.281333
1079 S Patricia St,2025-11-18,Boynton,-83.148171,42.281674
1106 S Patricia St,2025-11-18,Boynton,-83.148961,42.281583
1264 S Patricia St,2025-11-18,Boynton,-83.15002,42.280299
1563 BAGLEY,2025-11-19,Corktown,-83.066008,42.329366
5849 Moran St,2025-11-19,Poletown East,-83.036674,42.376009
2927 Ewald Cir,2025-11-25,Oakman Blvd Community,-83.145062,42.387748
9711 Traverse St,2025-12-05,Airport Sub,-83.006397,42.400629
13600 Ward St,2025-12-10,Grand River-I96,-83.172502,42.386776
6121 Hecla St,2025-12-11,Elijah McCoy,-83.087992,42.361119
14100 Edmore Dr,2025-12-19,Mohican Regent,-82.978006,42.446699
9379 Navarre St,2025-12-19,East Village,-82.987249,42.365056
8865 Aurora St,2026-01-06,Barton-McFarland,-83.157411,42.372141
13520 Grand River Ave,2026-01-09,Grand River-I96,-83.177091,42.384597
3924 25th St,2026-01-12,Chadsey Condon,-83.097177,42.338088
1545 Junction St,2026-01-20,Central Southwest,-83.100707,42.315693
2600 S Fort St,2026-01-21,Boynton,-83.160483,42.270743
2724 Hazelwood St,2026-01-21,Jamison,-83.109708,42.370827
9060 Vaughan St,2026-01-23,Franklin Park,-83.236939,42.360214
13171 Montville Pl,2026-02-12,Dexter-Linwood,-83.11643,42.393474
3152 Military St,2026-02-13,Central Southwest,-83.114482,42.325583
8066 W Vernor Hwy,2026-02-18,Springwells,-83.128347,42.311224
8000 Mount Elliott St,2026-02-27,Airport Sub,-83.038279,42.387768
525 Clinton St,2026-03-12,Downtown,-83.043208,42.336739
9915 Kercheval St,2026-03-12,East Village,-82.985114,42.364457
2401 20th St,2026-03-25,Corktown,-83.084555,42.329759
1560 E Milwaukee St,2026-03-26,Milwaukee Junction,-83.056542,42.374416
8840 Meyers Rd,2026-03-27,Barton-McFarland,-83.167414,42.359407
14501 E Jefferson Ave,2026-04-16,Riverbend,-82.943102,42.373744
1824 20th St,2026-04-16,Central Southwest,-83.081166,42.326422
714 E Warren Ave,2026-04-17,Medical Center,-83.055075,42.360097
12920 Wadsworth St,2026-04-23,Pride Area Community,-83.171333,42.376199
17506 Fleming St,2026-04-23,Cadillac Heights,-83.079123,42.422546
1571 Bagley St,2026-04-30,Corktown,-83.066592,42.328351
15041 E Seven Mile,2026-05-05,Regent Park,-82.966962,42.435645
1701 Balmoral Ave,2026-05-14,Palmer Woods,-83.124644,42.433981
16650 Harper Ave,2026-05-21,East English Village,-82.940408,42.413622
3699 Zender Pl,2026-05-26,McDougall-Hunt,-83.023452,42.36262
114 W Seven Mile,2026-05-27,Penrose,-83.104545,42.432436
1501 Bagley St,2026-06-03,Corktown,-83.065694,42.328815
7326 W McNichols Rd,2026-06-15,Bagley,-83.144843,42.417378
1065 Adeline St,2026-06-23,Penrose,-83.115461,42.438272
17210 Moran St,2026-06-23,Cadillac Heights,-83.065551,42.420214
17220 Moran St,2026-06-23,Cadillac Heights,-83.065634,42.420362
6536 Canton St,2026-06-24,Airport Sub,-83.029463,42.384456
14026 Mark Twain St,2026-06-26,Hubbell-Lyndon,-83.185795,42.389581
10909 Grand River Ave,2026-07-01,Barton-McFarland,-83.151138,42.373342
6706 Michigan Ave,2026-07-06,Claytown,-83.126567,42.331396
17281 Gallagher St,2026-07-07,Cadillac Heights,-83.069065,42.421259
102 Vinewood St,2026-07-08,West Side Industrial,-83.08238,42.312621
1925 Seward St,2026-07-23,LaSalle Gardens,-83.094985,42.368558
6230 Horatio St,2026-07-24,Chadsey Condon,-83.123212,42.336097
69 W Grand Blvd,2026-07-24,West Side Industrial,-83.082032,42.312557
14145 Spring Garden St,2026-07-28,Mapleridge,-82.97845,42.428021
234 Piquette St,2026-07-28,Medbury Park,-83.066453,42.367608
2325 Carson St,2026-07-31,Springwells,-83.127939,42.311688
2125 Townsend St,2026-08-04,Islandview,-83.004284,42.357283
19135 Hamburg St,2026-08-06,Pulaski,-82.997598,42.435434
13510 Tuller St,2026-08-13,Oakman Blvd Community,-83.146161,42.386618
18640 Mackay St,2026-08-13,Northeast Central District,-83.07661,42.430307
1012 E Warren Ave,2026-08-27,Forest Park,-83.052753,42.360973
13110 W Seven Mile,2026-08-27,Greenwich,-83.176217,42.43156
980 E Warren Ave,2026-08-27,Forest Park,-83.053139,42.360901
3830 W Jefferson Ave,2026-09-04,West Side Industrial,-83.082059,42.31211
19150 Goddard St,2026-09-08,Nolan,-83.077743,42.433705
14965 Wilshire Dr,2026-09-09,Outer Drive-Hayes,-82.965491,42.413067
2655 Atwater St,2026-09-09,Rivertown,-83.019785,42.335823
17361 Moran St,2026-09-11,Cadillac Heights,-83.067362,42.422139
3131 Jerome St,2026-09-14,Cadillac Heights,-83.07033,42.420664
15055 Hubbell St,2026-09-15,Hubbell-Lyndon,-83.190095,42.400318
11820 Gratiot Ave,2026-09-16,Eden Gardens,-82.993169,42.410801
17309 Greeley St,2026-09-17,Cadillac Heights,-83.087445,42.420285
8277 Burt Rd,2026-09-23,Warrendale,-83.245745,42.353112
