{"type":"FeatureCollection","crs":{"type":"name","properties":{"name":"EPSG:3857"}},"features":[{"type":"Feature","id":1,"geometry":{"type":"Point","coordinates":[-11775135.286,5442621.3643]},"properties":{"OBJECTID":1,"Plant_Name":"50 Buttes Processing Facility","Owner":"Thunder Creek Gas Services,L.L.C.","Operator":"Thunder Creek Gas Services, L.L.C.","State":"WY","County":"Campbell","City":"Gillette","ZipCode":"82718","Cap_MMcfd":90,"Plant_Flow":81,"BTU_Content":1274,"Dry_Stor":null,"NGL_Stor":15657,"Longitude":-105.77784,"Latitude":43.85235,"Period":2017,"Source":"EIA-757, Natural Gas Processing Plant Survey","Loc_Source":"Internet Reearch"}},{"type":"Feature","id":2,"geometry":{"type":"Point","coordinates":[-11144891.0833,4238384.8804]},"properties":{"OBJECTID":2,"Plant_Name":"Ajax Plant","Owner":"Enbridge Pipelines (Texas Gathering), L.P.","Operator":"Enbridge Pipelines (Texas Gathering) L.P.","State":"TX","County":"Wheeler","City":"Wheeler","ZipCode":"79096","Cap_MMcfd":150,"Plant_Flow":150,"BTU_Content":1192,"Dry_Stor":null,"NGL_Stor":null,"Longitude":-100.11626,"Latitude":35.5464,"Period":2017,"Source":"EIA-757, Natural Gas Processing Plant Survey","Loc_Source":"EPA"}},{"type":"Feature","id":3,"geometry":{"type":"Point","coordinates":[-10633020.6876,3671703.703]},"properties":{"OBJECTID":3,"Plant_Name":"Alamo","Owner":"La Grange Acquisition LP","Operator":"Energy Transfer Company","State":"TX","County":"Houston","City":"Crockett","ZipCode":"75835","Cap_MMcfd":200,"Plant_Flow":125,"BTU_Content":1140,"Dry_Stor":null,"NGL_Stor":null,"Longitude":-95.51805,"Latitude":31.29948,"Period":2017,"Source":"EIA-757, Natural Gas Processing Plant Survey","Loc_Source":"Internet Reearch"}},{"type":"Feature","id":4,"geometry":{"type":"Point","coordinates":[-11148100.4242,4248272.9112]},"properties":{"OBJECTID":4,"Plant_Name":"Allison Gas Plant","Owner":"Enbridge Pipelines (Texas Gathering) L.P.","Operator":null,"State":"TX","County":"Wheeler","City":null,"ZipCode":"79003","Cap_MMcfd":150,"Plant_Flow":90,"BTU_Content":1169,"Dry_Stor":null,"NGL_Stor":null,"Longitude":-100.14509,"Latitude":35.61864,"Period":2017,"Source":"EIA-757, Natural Gas Processing Plant Survey","Loc_Source":"HIFLD"}},{"type":"Feature","id":5,"geometry":{"type":"Point","coordinates":[-12463309.0385,6230585.982]},"properties":{"OBJECTID":5,"Plant_Name":"Aloe Ventures","Owner":"Lamarsa Corp","Operator":"Lamarsa Corp","State":"MT","County":"Toole","City":"Shelby","ZipCode":"59474-0766","Cap_MMcfd":600,"Plant_Flow":600,"BTU_Content":1000,"Dry_Stor":0,"NGL_Stor":0,"Longitude":-111.95981,"Latitude":48.73838,"Period":2017,"Source":"EIA-757, Natural Gas Processing Plant Survey","Loc_Source":"Internet Reearch"}},{"type":"Feature","id":6,"geometry":{"type":"Point","coordinates":[-12281771.4393,4918113.2872]},"properties":{"OBJECTID":6,"Plant_Name":"Altamont Gas Plant","Owner":"Kinder Morgan","Operator":"Kinder Morgan - Altamont","State":"UT","County":"Duchesne","City":"Altamont","ZipCode":"84001","Cap_MMcfd":80,"Plant_Flow":76,"BTU_Content":1200,"Dry_Stor":null,"NGL_Stor":22476,"Longitude":-110.32903,"Latitude":40.35807,"Period":2017,"Source":"EIA-757, Natural Gas Processing Plant Survey","Loc_Source":"HIFLD"}},{"type":"Feature","id":7,"geometry":{"type":"Point","coordinates":[-10886865.862,4186013.4646]},"properties":{"OBJECTID":7,"Plant_Name":"Amber Gas Plant","Owner":null,"Operator":null,"State":"OK","County":"Grady","City":"Amber","ZipCode":"73004-5511","Cap_MMcfd":21,"Plant_Flow":6,"BTU_Content":1350,"Dry_Stor":null,"NGL_Stor":380,"Longitude":-97.79838,"Latitude":35.1627,"Period":2017,"Source":"EIA-757, Natural Gas Processing Plant Survey","Loc_Source":"EPA"}},{"type":"Feature","id":8,"geometry":{"type":"Point","coordinates":[-12361008.6529,5022261.6601]},"properties":{"OBJECTID":8,"Plant_Name":"Anschutz Ranch East","Owner":"Merit Energy Company","Operator":"Merit Energy Company","State":"WY","County":"Uinta","City":"Evanston","ZipCode":"82930","Cap_MMcfd":55,"Plant_Flow":10,"BTU_Content":1026,"Dry_Stor":null,"NGL_Stor":10000,"Longitude":-111.04083,"Latitude":41.06722,"Period":2017,"Source":"EIA-757, Natural Gas Processing Plant Survey","Loc_Source":"HIFLD"}},{"type":"Feature","id":9,"geometry":{"type":"Point","coordinates":[-11107865.1075,4277356.3813]},"properties":{"OBJECTID":9,"Plant_Name":"Antelope Hills Natural Gas Processing","Owner":"ONEOK","Operator":"ONEOK","State":"OK","County":"Roger Mills","City":"Crawford","ZipCode":"73638","Cap_MMcfd":50,"Plant_Flow":48,"BTU_Content":1175,"Dry_Stor":null,"NGL_Stor":650,"Longitude":-99.78365,"Latitude":35.83074,"Period":2017,"Source":"EIA-757, Natural Gas Processing Plant Survey","Loc_Source":"Internet Reearch"}},{"type":"Feature","id":10,"geometry":{"type":"Point","coordinates":[-11145374.2099,4300387.4572]},"properties":{"OBJECTID":10,"Plant_Name":"Antelope Hills Plant","Owner":"ETC Field Services LLC","Operator":"ETC Field Services LLC","State":"TX","County":"Hemphill","City":"Canadian","ZipCode":"79014","Cap_MMcfd":135,"Plant_Flow":79,"BTU_Content":1287,"Dry_Stor":null,"NGL_Stor":864,"Longitude":-100.1206,"Latitude":35.9983,"Period":2017,"Source":"EIA-757, Natural Gas Processing Plant Survey","Loc_Source":"HIFLD"}},{"type":"Feature","id":11,"geometry":{"type":"Point","coordinates":[-11044804.8423,4266495.5258]},"properties":{"OBJECTID":11,"Plant_Name":"Arapaho Plants 1-2-3","Owner":"MarkWest Oklahoma Gas Company LLC","Operator":"MarkWest Oklahoma Gas Company LLC","State":"OK","County":"Custer","City":"Butler","ZipCode":"73625-5021","Cap_MMcfd":225,"Plant_Flow":210,"BTU_Content":1220,"Dry_Stor":null,"NGL_Stor":null,"Longitude":-99.21717,"Latitude":35.7516,"Period":2017,"Source":"EIA-757, Natural Gas Processing Plant Survey","Loc_Source":"HIFLD"}},{"type":"Feature","id":12,"geometry":{"type":"Point","coordinates":[-10802349.8782,3392698.2938]},"properties":{"OBJECTID":12,"Plant_Name":"Armstrong Plant","Owner":"Enterprise Hydrocarbons LP","Operator":"Enterprise Products Operating LLC","State":"TX","County":"Eddy","City":"Yoakum","ZipCode":"88256","Cap_MMcfd":200,"Plant_Flow":50,"BTU_Content":1060,"Dry_Stor":null,"NGL_Stor":1200,"Longitude":-97.03916,"Latitude":29.13389,"Period":2017,"Source":"EIA-757, Natural Gas Processing Plant Survey","Loc_Source":"HIFLD"}},{"type":"Feature","id":13,"geometry":{"type":"Point","coordinates":[-11483184.3367,3673557.7271]},"properties":{"OBJECTID":13,"Plant_Name":"Arrowhead Plant","Owner":"ETC Texas Pipeline, Ltd.","Operator":"ETC Texas Pipeline, Ltd.","State":"TX","County":"Reeves","City":"Coyanosa","ZipCode":"79730","Cap_MMcfd":220,"Plant_Flow":196,"BTU_Content":1258,"Dry_Stor":null,"NGL_Stor":1850,"Longitude":-103.1552,"Latitude":31.31371,"Period":2017,"Source":"EIA-757, Natural Gas Processing Plant Survey","Loc_Source":"EPA"}},{"type":"Feature","id":14,"geometry":{"type":"Point","coordinates":[-11600683.1724,3863017.2434]},"properties":{"OBJECTID":14,"Plant_Name":"Artesia","Owner":"DCP Midstream","Operator":"DCP Midstream","State":"NM","County":"Eddy","City":"Artesia","ZipCode":"88210","Cap_MMcfd":90,"Plant_Flow":80,"BTU_Content":1200,"Dry_Stor":0,"NGL_Stor":2573,"Longitude":-104.21071,"Latitude":32.75642,"Period":2017,"Source":"EIA-757, Natural Gas Processing Plant Survey","Loc_Source":"HIFLD"}},{"type":"Feature","id":15,"geometry":{"type":"Point","coordinates":[-9733459.0144,3655151.0567]},"properties":{"OBJECTID":15,"Plant_Name":"Atmore Plant","Owner":"Gas Processors Inc","Operator":"Gas Processors Inc","State":"AL","County":"Escambia","City":"Atmore","ZipCode":"39502","Cap_MMcfd":9,"Plant_Flow":9,"BTU_Content":1275,"Dry_Stor":null,"NGL_Stor":2857,"Longitude":-87.43715,"Latitude":31.17234,"Period":2017,"Source":"EIA-757, Natural Gas Processing Plant Survey","Loc_Source":"HIFLD"}},{"type":"Feature","id":16,"geometry":{"type":"Point","coordinates":[-10784408.5159,3494999.6112]},"properties":{"OBJECTID":16,"Plant_Name":"Austin Giddings","Owner":"DCP Operating Company, LP","Operator":"DCP Operating Company, LP","State":"TX","County":"Fayette","City":"La Grange","ZipCode":"78945","Cap_MMcfd":95,"Plant_Flow":90,"BTU_Content":1218,"Dry_Stor":null,"NGL_Stor":7238,"Longitude":-96.87799,"Latitude":29.93346,"Period":2017,"Source":"EIA-757, Natural Gas Processing Plant Survey","Loc_Source":"HIFLD"}},{"type":"Feature","id":17,"geometry":{"type":"Point","coordinates":[-9830129.9734,5073458.6782]},"properties":{"OBJECTID":17,"Plant_Name":"Aux Sable Liquid Products","Owner":"Enbridge","Operator":null,"State":"IL","County":"Grundy","City":"Morris","ZipCode":"60450","Cap_MMcfd":2100,"Plant_Flow":1633,"BTU_Content":1131,"Dry_Stor":null,"NGL_Stor":200000,"Longitude":-88.30556,"Latitude":41.41305,"Period":2017,"Source":"EIA-757, Natural Gas Processing Plant Survey","Loc_Source":"HIFLD"}},{"type":"Feature","id":18,"geometry":{"type":"Point","coordinates":[-11379254.2337,6156801.2852]},"properties":{"OBJECTID":18,"Plant_Name":"Aux Sable Midstream, LLC","Owner":"Enbridge","Operator":null,"State":"ND","County":"Mountrail","City":"Palermo","ZipCode":"58769","Cap_MMcfd":80,"Plant_Flow":56,"BTU_Content":1492,"Dry_Stor":null,"NGL_Stor":6429,"Longitude":-102.22158,"Latitude":48.29935,"Period":2017,"Source":"EIA-757, Natural Gas Processing Plant Survey","Loc_Source":"Internet Reearch"}},{"type":"Feature","id":19,"geometry":{"type":"Point","coordinates":[-10864339.2499,3871783.3335]},"properties":{"OBJECTID":19,"Plant_Name":"Azle Plant","Owner":null,"Operator":"Enlink Texas Processing, LP","State":"TX","County":"Parker","City":"Azle","ZipCode":"76020","Cap_MMcfd":50,"Plant_Flow":null,"BTU_Content":null,"Dry_Stor":null,"NGL_Stor":1373,"Longitude":-97.59602,"Latitude":32.82262,"Period":2017,"Source":"EIA-757, Natural Gas Processing Plant Survey","Loc_Source":"HIFLD"}},{"type":"Feature","id":20,"geometry":{"type":"Point","coordinates":[-9609341.1218,5506290.1698]},"properties":{"OBJECTID":20,"Plant_Name":"Aztec Manistee","Owner":"Aztec Producing Company","Operator":"Aztec Producing Company","State":"MI","County":"Manistee","City":"Manistee","ZipCode":"49660","Cap_MMcfd":5,"Plant_Flow":null,"BTU_Content":1340,"Dry_Stor":null,"NGL_Stor":1429,"Longitude":-86.32218,"Latitude":44.26337,"Period":2017,"Source":"EIA-757, Natural Gas Processing Plant Survey","Loc_Source":"HIFLD"}},{"type":"Feature","id":21,"geometry":{"type":"Point","coordinates":[-11540221.1042,5794547.5825]},"properties":{"OBJECTID":21,"Plant_Name":"Badlands Gas Plant","Owner":"Hiland Partners Holdings LLC","Operator":"Kinder Morgan","State":"ND","County":"Bowman","City":"Rhame","ZipCode":"58651-9789","Cap_MMcfd":52,"Plant_Flow":19,"BTU_Content":283,"Dry_Stor":null,"NGL_Stor":6667,"Longitude":-103.66757,"Latitude":46.08853,"Period":2017,"Source":"EIA-757, Natural Gas Processing Plant Survey","Loc_Source":"HIFLD"}},{"type":"Feature","id":22,"geometry":{"type":"Point","coordinates":[-11605799.4162,5841992.3639]},"properties":{"OBJECTID":22,"Plant_Name":"Baker Natural Gas Processing Plant","Owner":"ONEOK","Operator":"ONEOK","State":"MT","County":"Fallon","City":"Baker","ZipCode":"59313","Cap_MMcfd":6,"Plant_Flow":2,"BTU_Content":1500,"Dry_Stor":null,"NGL_Stor":3200,"Longitude":-104.25667,"Latitude":46.38333,"Period":2017,"Source":"EIA-757, Natural Gas Processing Plant Survey","Loc_Source":"HIFLD"}},{"type":"Feature","id":23,"geometry":{"type":"Point","coordinates":[-11606541.9172,6072040.5181]},"properties":{"OBJECTID":23,"Plant_Name":"Bakken Gas Plant","Owner":"Hiland Partners Holdings  LLC","Operator":"Kinder Morgan","State":"MT","County":"Richland","City":"Sidney","ZipCode":"59270","Cap_MMcfd":25,"Plant_Flow":22,"BTU_Content":1421,"Dry_Stor":null,"NGL_Stor":7386,"Longitude":-104.26334,"Latitude":47.79031,"Period":2017,"Source":"EIA-757, Natural Gas Processing Plant Survey","Loc_Source":"HIFLD"}},{"type":"Feature","id":24,"geometry":{"type":"Point","coordinates":[-10423624.2726,3473407.904]},"properties":{"OBJECTID":24,"Plant_Name":"Barracuda Gas Plant","Owner":"Targa Resources","Operator":"Targa Resources","State":"LA","County":"Cameron","City":"Cameron","ZipCode":"70631","Cap_MMcfd":200,"Plant_Flow":81,"BTU_Content":1059,"Dry_Stor":null,"NGL_Stor":98,"Longitude":-93.63701,"Latitude":29.76523,"Period":2017,"Source":"EIA-757, Natural Gas Processing Plant Survey","Loc_Source":"HIFLD"}},{"type":"Feature","id":25,"geometry":{"type":"Point","coordinates":[-10776257.7028,4292933.7169]},"properties":{"OBJECTID":25,"Plant_Name":"Battle Ridge Plant","Owner":"EnLink Midstream Services, LLC","Operator":"EnLink Midstream Services, LLC","State":"OK","County":"Nacogdoches","City":"Cushing","ZipCode":"74023","Cap_MMcfd":95,"Plant_Flow":50,"BTU_Content":1200,"Dry_Stor":null,"NGL_Stor":802,"Longitude":-96.80477,"Latitude":35.94411,"Period":2017,"Source":"EIA-757, Natural Gas Processing Plant Survey","Loc_Source":"Internet Reearch"}},{"type":"Feature","id":26,"geometry":{"type":"Point","coordinates":[-11442192.0474,6014385.5544]},"properties":{"OBJECTID":26,"Plant_Name":"Bear Creek Natural Gas Processing Plant","Owner":"ONEOK","Operator":"ONEOK","State":"ND","County":"Dunn","City":"Killdeer","ZipCode":"58640","Cap_MMcfd":80,"Plant_Flow":65,"BTU_Content":1400,"Dry_Stor":null,"NGL_Stor":null,"Longitude":-102.78696,"Latitude":47.44118,"Period":2017,"Source":"EIA-757, Natural Gas Processing Plant Survey","Loc_Source":"Internet Reearch"}},{"type":"Feature","id":27,"geometry":{"type":"Point","coordinates":[-11297841.8373,3757670.1556]},"properties":{"OBJECTID":27,"Plant_Name":"Bearkat Plant","Owner":null,"Operator":"Coronado Midstream LLC","State":"TX","County":"Glasscock","City":"Garden City","ZipCode":"79739","Cap_MMcfd":60,"Plant_Flow":40,"BTU_Content":1250,"Dry_Stor":null,"NGL_Stor":4213,"Longitude":-101.49024,"Latitude":31.95702,"Period":2017,"Source":"EIA-757, Natural Gas Processing Plant Survey","Loc_Source":"EPA"}},{"type":"Feature","id":28,"geometry":{"type":"Point","coordinates":[-9441896.5701,5552360.204]},"properties":{"OBJECTID":28,"Plant_Name":"Beaver Creek","Owner":"Breitburn Operating, L.P.","Operator":"Breitburn Operating, L.P.","State":"MI","County":"Crawford","City":"Grayling","ZipCode":"49738","Cap_MMcfd":2,"Plant_Flow":2,"BTU_Content":null,"Dry_Stor":null,"NGL_Stor":714,"Longitude":-84.818,"Latitude":44.559,"Period":2017,"Source":"EIA-757, Natural Gas Processing Plant Survey","Loc_Source":"EPA"}},{"type":"Feature","id":29,"geometry":{"type":"Point","coordinates":[-11237980.8943,4406053.8507]},"properties":{"OBJECTID":29,"Plant_Name":"Beaver Gas Processing","Owner":"ETC Field Services LLC","Operator":"ETC Field Services LLC","State":"OK","County":"Beaver","City":"Beaver","ZipCode":"73932","Cap_MMcfd":95,"Plant_Flow":68,"BTU_Content":1200,"Dry_Stor":null,"NGL_Stor":2715,"Longitude":-100.9525,"Latitude":36.7625,"Period":2017,"Source":"EIA-757, Natural Gas Processing Plant Survey","Loc_Source":"HIFLD"}},{"type":"Feature","id":30,"geometry":{"type":"Point","coordinates":[-10493251.2745,3788031.0263]},"properties":{"OBJECTID":30,"Plant_Name":"Beckville Plant","Owner":"Enbridge G & P (East Texas) L.P.","Operator":"Enbridge G & P (East Texas) L.P.","State":"TX","County":"Panola","City":"Beckville","ZipCode":"75631","Cap_MMcfd":150,"Plant_Flow":119,"BTU_Content":1073,"Dry_Stor":null,"NGL_Stor":2700,"Longitude":-94.26248,"Latitude":32.18813,"Period":2017,"Source":"EIA-757, Natural Gas Processing Plant Survey","Loc_Source":"HIFLD"}},{"type":"Feature","id":31,"geometry":{"type":"Point","coordinates":[-11488989.6481,5919210.0454]},"properties":{"OBJECTID":31,"Plant_Name":"Belfield Gas Plant","Owner":"Andeavor Field Services LLC","Operator":"Andeavor Field Services LLC","State":"ND","County":"Stark","City":"Belfield","ZipCode":"58622","Cap_MMcfd":40,"Plant_Flow":20,"BTU_Content":1556,"Dry_Stor":null,"NGL_Stor":16600,"Longitude":-103.20735,"Latitude":46.85974,"Period":2017,"Source":"EIA-757, Natural Gas Processing Plant Survey","Loc_Source":"HIFLD"}},{"type":"Feature","id":32,"geometry":{"type":"Point","coordinates":[-10845455.0114,4386531.9745]},"properties":{"OBJECTID":32,"Plant_Name":"Bellmon Plant","Owner":"Superior Pipeline Company LLC","Operator":"Superior Pipeline Company LLC","State":"OK","County":"Kay","City":"Tonkawa","ZipCode":"74653","Cap_MMcfd":90,"Plant_Flow":27,"BTU_Content":1190,"Dry_Stor":null,"NGL_Stor":700,"Longitude":-97.42638,"Latitude":36.62188,"Period":2017,"Source":"EIA-757, Natural Gas Processing Plant Survey","Loc_Source":"EPA"}},{"type":"Feature","id":33,"geometry":{"type":"Point","coordinates":[-13331375.0881,4228533.092]},"properties":{"OBJECTID":33,"Plant_Name":"Belridge Gas Plant","Owner":"Seneca Resources Corporation","Operator":"Seneca Resources Corporation","State":"CA","County":"Kern","City":"McKittrick","ZipCode":"93251","Cap_MMcfd":14,"Plant_Flow":8,"BTU_Content":1148,"Dry_Stor":null,"NGL_Stor":8346,"Longitude":-119.75778,"Latitude":35.47436,"Period":2017,"Source":"EIA-757, Natural Gas Processing Plant Survey","Loc_Source":"HIFLD"}},{"type":"Feature","id":34,"geometry":{"type":"Point","coordinates":[-11330055.4715,3679863.2448]},"properties":{"OBJECTID":34,"Plant_Name":"Benedum Complex","Owner":"WTG Gas Processing LP","Operator":"Wtg South Permian Midstream LLC","State":"TX","County":"Upton","City":"Midkiff","ZipCode":"79755","Cap_MMcfd":360,"Plant_Flow":242,"BTU_Content":1278,"Dry_Stor":null,"NGL_Stor":750,"Longitude":-101.77962,"Latitude":31.36209,"Period":2017,"Source":"EIA-757, Natural Gas Processing Plant Survey","Loc_Source":"HIFLD"}},{"type":"Feature","id":35,"geometry":{"type":"Point","coordinates":[-9049307.2351,4833043.195]},"properties":{"OBJECTID":35,"Plant_Name":"Berne Natural Gas Processing Plant","Owner":"Blue Racer Midstream, LLC","Operator":"Blue Racer Midstream, LLC","State":"OH","County":"Monroe","City":"Lewisville","ZipCode":"43754","Cap_MMcfd":440,"Plant_Flow":244,"BTU_Content":1252,"Dry_Stor":null,"NGL_Stor":2600,"Longitude":-81.29131,"Latitude":39.77323,"Period":2017,"Source":"EIA-757, Natural Gas Processing Plant Survey","Loc_Source":"HIFLD"}},{"type":"Feature","id":36,"geometry":{"type":"Point","coordinates":[-9725206.9006,3642048.6622]},"properties":{"OBJECTID":36,"Plant_Name":"Big Escambia Creek Gas Processing Plant","Owner":"Escambia Operating Company, LLC","Operator":"Vanguard Natural Resourses, Inc.","State":"AL","County":"Escambia","City":"Atmore","ZipCode":"36502","Cap_MMcfd":50,"Plant_Flow":29,"BTU_Content":900,"Dry_Stor":null,"NGL_Stor":34000,"Longitude":-87.36302,"Latitude":31.07158,"Period":2017,"Source":"EIA-757, Natural Gas Processing Plant Survey","Loc_Source":"HIFLD"}},{"type":"Feature","id":37,"geometry":{"type":"Point","coordinates":[-12019536.1149,5000710.8882]},"properties":{"OBJECTID":37,"Plant_Name":"Big Hole Plant","Owner":"Wolverine Resources LLC","Operator":"Wolverine Resources LLC","State":"CO","County":"Moffat","City":null,"ZipCode":"81625","Cap_MMcfd":305,"Plant_Flow":null,"BTU_Content":null,"Dry_Stor":null,"NGL_Stor":null,"Longitude":-107.97333,"Latitude":40.9211,"Period":2017,"Source":"EIA-757, Natural Gas Processing Plant Survey","Loc_Source":"Internet Reearch"}},{"type":"Feature","id":38,"geometry":{"type":"Point","coordinates":[-10384078.0235,3518776.8695]},"properties":{"OBJECTID":38,"Plant_Name":"Big Lake Gas Plant","Owner":"Targa Midstream Services LLC","Operator":"Targa Midstream Services, LLC","State":"LA","County":"Calcasieu","City":"Lake Charles","ZipCode":"70605","Cap_MMcfd":200,"Plant_Flow":8,"BTU_Content":1067,"Dry_Stor":null,"NGL_Stor":null,"Longitude":-93.28176,"Latitude":30.11839,"Period":2017,"Source":"EIA-757, Natural Gas Processing Plant Survey","Loc_Source":"HIFLD"}},{"type":"Feature","id":39,"geometry":{"type":"Point","coordinates":[-11283732.0918,3647000.0859]},"properties":{"OBJECTID":39,"Plant_Name":"Big Lake Plant","Owner":"Lucid Energy WesTex, LLC","Operator":null,"State":"TX","County":"Reagan","City":"Big Lake","ZipCode":"76932","Cap_MMcfd":200,"Plant_Flow":140,"BTU_Content":1150,"Dry_Stor":null,"NGL_Stor":null,"Longitude":-101.36349,"Latitude":31.10967,"Period":2017,"Source":"EIA-757, Natural Gas Processing Plant Survey","Loc_Source":"EPA"}},{"type":"Feature","id":40,"geometry":{"type":"Point","coordinates":[-10945425.4801,4206809.4084]},"properties":{"OBJECTID":40,"Plant_Name":"Binger","Owner":"Mustang Ventures Company","Operator":"Mustang Gas Products, LLC","State":"OK","County":"Caddo","City":"Binger","ZipCode":"73009","Cap_MMcfd":15,"Plant_Flow":8,"BTU_Content":1225,"Dry_Stor":null,"NGL_Stor":null,"Longitude":-98.32443,"Latitude":35.31528,"Period":2017,"Source":"EIA-757, Natural Gas Processing Plant Survey","Loc_Source":"HIFLD"}},{"type":"Feature","id":41,"geometry":{"type":"Point","coordinates":[-10942177.1774,4204274.9469]},"properties":{"OBJECTID":41,"Plant_Name":"Binger Operations LLC","Owner":"Legacy Reserves","Operator":"Binger Operations LLC","State":"OK","County":"Caddo","City":"Binger","ZipCode":"73009","Cap_MMcfd":15,"Plant_Flow":13,"BTU_Content":null,"Dry_Stor":null,"NGL_Stor":83,"Longitude":-98.29525,"Latitude":35.2967,"Period":2017,"Source":"EIA-757, Natural Gas Processing Plant Survey","Loc_Source":"HIFLD"}},{"type":"Feature","id":42,"geometry":{"type":"Point","coordinates":[-11782167.3382,5491430.9275]},"properties":{"OBJECTID":42,"Plant_Name":"Bison Treating Facility","Owner":"Western Gas Partners, LP","Operator":"Western Gas Partners, LP","State":"WY","County":"Campbell","City":"Gillette","ZipCode":"82718","Cap_MMcfd":270,"Plant_Flow":137,"BTU_Content":927,"Dry_Stor":null,"NGL_Stor":null,"Longitude":-105.84101,"Latitude":44.1677,"Period":2017,"Source":"EIA-757, Natural Gas Processing Plant Survey","Loc_Source":"HIFLD"}},{"type":"Feature","id":43,"geometry":{"type":"Point","coordinates":[-12250610.8875,5094520.6961]},"properties":{"OBJECTID":43,"Plant_Name":"Blacks Fork Gas Plant","Owner":"Green River Processing","Operator":"Green River Processing, LLC","State":"WY","County":"Sweetwater","City":"Granger","ZipCode":"52934","Cap_MMcfd":765,"Plant_Flow":443,"BTU_Content":1092,"Dry_Stor":null,"NGL_Stor":18334,"Longitude":-110.04911,"Latitude":41.55479,"Period":2017,"Source":"EIA-757, Natural Gas Processing Plant Survey","Loc_Source":"HIFLD"}},{"type":"Feature","id":44,"geometry":{"type":"Point","coordinates":[-11406054.4011,3690223.9547]},"properties":{"OBJECTID":44,"Plant_Name":"Block 31 Plant","Owner":"Oxy","Operator":null,"State":"TX","County":"Crane","City":"Crane","ZipCode":"79731","Cap_MMcfd":41,"Plant_Flow":41,"BTU_Content":550,"Dry_Stor":null,"NGL_Stor":718,"Longitude":-102.46233,"Latitude":31.44153,"Period":2017,"Source":"EIA-757, Natural Gas Processing Plant Survey","Loc_Source":"HIFLD"}},{"type":"Feature","id":45,"geometry":{"type":"Point","coordinates":[-9196843.409,4513426.9856]},"properties":{"OBJECTID":45,"Plant_Name":"Boldman","Owner":"Markwest Energy Partners lp","Operator":"Markwest Energy Partners, L.P.","State":"KY","County":"Pike","City":"Pikeville","ZipCode":"41501-7067","Cap_MMcfd":70,"Plant_Flow":32,"BTU_Content":1308,"Dry_Stor":null,"NGL_Stor":2857,"Longitude":-82.61665,"Latitude":37.53132,"Period":2017,"Source":"EIA-757, Natural Gas Processing Plant Survey","Loc_Source":"HIFLD"}},{"type":"Feature","id":46,"geometry":{"type":"Point","coordinates":[-11509699.5262,3692061.2096]},"properties":{"OBJECTID":46,"Plant_Name":"Bone Springs Gas Processing Plant","Owner":"Ranch Westex JV LLC","Operator":"Energy Transfer Company","State":"TX","County":"Ward","City":"Barstow","ZipCode":"79719","Cap_MMcfd":120,"Plant_Flow":102,"BTU_Content":1250,"Dry_Stor":null,"NGL_Stor":5700,"Longitude":-103.39339,"Latitude":31.45561,"Period":2017,"Source":"EIA-757, Natural Gas Processing Plant Survey","Loc_Source":"EPA"}},{"type":"Feature","id":47,"geometry":{"type":"Point","coordinates":[-10876048.9471,4136962.8017]},"properties":{"OBJECTID":47,"Plant_Name":"Bradley","Owner":"Enable Products LLC","Operator":"Enable Products LLC","State":"OK","County":"Grady","City":"Bradley","ZipCode":"73011","Cap_MMcfd":400,"Plant_Flow":342,"BTU_Content":1229,"Dry_Stor":null,"NGL_Stor":null,"Longitude":-97.70121,"Latitude":34.80168,"Period":2017,"Source":"EIA-757, Natural Gas Processing Plant Survey","Loc_Source":"Internet Reearch"}},{"type":"Feature","id":48,"geometry":{"type":"Point","coordinates":[-11049504.7513,3302098.4707]},"properties":{"OBJECTID":48,"Plant_Name":"Brasada Gas Plant","Owner":"Western Gas Partners","Operator":"Anadarko Petroleum","State":"TX","County":"LaSalle","City":"Cotulla","ZipCode":"78014","Cap_MMcfd":230,"Plant_Flow":230,"BTU_Content":1300,"Dry_Stor":null,"NGL_Stor":null,"Longitude":-99.25939,"Latitude":28.42054,"Period":2017,"Source":"EIA-757, Natural Gas Processing Plant Survey","Loc_Source":"EPA"}},{"type":"Feature","id":49,"geometry":{"type":"Point","coordinates":[-10887392.4032,3921356.658]},"properties":{"OBJECTID":49,"Plant_Name":"Bridgeport Plant","Owner":null,"Operator":"Enlink Midstream Services, LLC","State":"TX","County":"Wise","City":"Bridgeport","ZipCode":"76426","Cap_MMcfd":800,"Plant_Flow":515,"BTU_Content":1170,"Dry_Stor":null,"NGL_Stor":48415,"Longitude":-97.80311,"Latitude":33.19606,"Period":2017,"Source":"EIA-757, Natural Gas Processing Plant Survey","Loc_Source":"HIFLD"}},{"type":"Feature","id":50,"geometry":{"type":"Point","coordinates":[-10955489.8753,3992596.9544]},"properties":{"OBJECTID":50,"Plant_Name":"Bridwell River Ranch Gas Plant","Owner":"Bridwell Oil Company","Operator":"Bridwell Oil Company","State":"TX","County":"Clay","City":null,"ZipCode":null,"Cap_MMcfd":1,"Plant_Flow":1,"BTU_Content":1200,"Dry_Stor":null,"NGL_Stor":700,"Longitude":-98.41484,"Latitude":33.72994,"Period":2017,"Source":"EIA-757, Natural Gas Processing Plant Survey","Loc_Source":"HIFLD"}},{"type":"Feature","id":51,"geometry":{"type":"Point","coordinates":[-10459704.0328,3640875.1186]},"properties":{"OBJECTID":51,"Plant_Name":"Brookeland Plant","Owner":"ETC Field Services LLC","Operator":"ETC Field Services LLC","State":"TX","County":"Jasper","City":"Brookeland","ZipCode":"75931","Cap_MMcfd":95,"Plant_Flow":70,"BTU_Content":1165,"Dry_Stor":null,"NGL_Stor":null,"Longitude":-93.96112,"Latitude":31.06255,"Period":2017,"Source":"EIA-757, Natural Gas Processing Plant Survey","Loc_Source":"HIFLD"}},{"type":"Feature","id":52,"geometry":{"type":"Point","coordinates":[-12277425.5264,4874279.7284]},"properties":{"OBJECTID":52,"Plant_Name":"Brundage Canyon Gas Plant","Owner":"Berry Petroleum Company LLC","Operator":"Berry Petroleum Company LLC","State":"UT","County":"Duchesne","City":"N/A","ZipCode":null,"Cap_MMcfd":30,"Plant_Flow":21,"BTU_Content":1180,"Dry_Stor":null,"NGL_Stor":4285,"Longitude":-110.28999,"Latitude":40.05735,"Period":2017,"Source":"EIA-757, Natural Gas Processing Plant Survey","Loc_Source":"HIFLD"}},{"type":"Feature","id":53,"geometry":{"type":"Point","coordinates":[-11966739.5068,4936828.644]},"properties":{"OBJECTID":53,"Plant_Name":"Buck Peak","Owner":"Peakview  Oil","Operator":"Custom Energy Construction, Inc.","State":"CO","County":"Moffat","City":"Craig","ZipCode":"81625","Cap_MMcfd":null,"Plant_Flow":null,"BTU_Content":null,"Dry_Stor":null,"NGL_Stor":4619,"Longitude":-107.49905,"Latitude":40.48606,"Period":2017,"Source":"EIA-757, Natural Gas Processing Plant Survey","Loc_Source":"HIFLD"}},{"type":"Feature","id":54,"geometry":{"type":"Point","coordinates":[-11522689.3976,3866947.9353]},"properties":{"OBJECTID":54,"Plant_Name":"Buckeye CO2 Plant","Owner":"Chevron USA, Inc.","Operator":"Chevron","State":"NM","County":"Lea","City":"Lovington","ZipCode":"88260","Cap_MMcfd":55,"Plant_Flow":53,"BTU_Content":230,"Dry_Stor":null,"NGL_Stor":700,"Longitude":-103.51008,"Latitude":32.78611,"Period":2017,"Source":"EIA-757, Natural Gas Processing Plant Survey","Loc_Source":"HIFLD"}},{"type":"Feature","id":55,"geometry":{"type":"Point","coordinates":[-11740471.5098,5273188.4179]},"properties":{"OBJECTID":55,"Plant_Name":"Bucking Horse Gas Plant","Owner":"Williams Companies","Operator":"Williams","State":"WY","County":"Converse","City":"Douglas","ZipCode":"82633","Cap_MMcfd":120,"Plant_Flow":56,"BTU_Content":1284,"Dry_Stor":null,"NGL_Stor":null,"Longitude":-105.46645,"Latitude":42.74467,"Period":2017,"Source":"EIA-757, Natural Gas Processing Plant Survey","Loc_Source":"EPA"}},{"type":"Feature","id":56,"geometry":{"type":"Point","coordinates":[-11112067.4183,4214782.1628]},"properties":{"OBJECTID":56,"Plant_Name":"Buffalo Creek","Owner":"MarkWest Oklahoma Gas Company LLC","Operator":"MarkWest Oklahoma Gas Company LLC","State":"OK","County":"Roger Mills","City":"Sayre","ZipCode":"73662","Cap_MMcfd":200,"Plant_Flow":165,"BTU_Content":1220,"Dry_Stor":null,"NGL_Stor":null,"Longitude":-99.8214,"Latitude":35.3737,"Period":2017,"Source":"EIA-757, Natural Gas Processing Plant Survey","Loc_Source":"Internet Reearch"}},{"type":"Feature","id":57,"geometry":{"type":"Point","coordinates":[-10189285.6125,3448438.4756]},"properties":{"OBJECTID":57,"Plant_Name":"Burns Point Gas Plant","Owner":"Enterprise Gas Processing LLC","Operator":"Enterprise Gas Processing, LLC","State":"LA","County":"St. Mary","City":"Franklin","ZipCode":"70538","Cap_MMcfd":120,"Plant_Flow":60,"BTU_Content":1070,"Dry_Stor":null,"NGL_Stor":500,"Longitude":-91.53191,"Latitude":29.57033,"Period":2017,"Source":"EIA-757, Natural Gas Processing Plant Survey","Loc_Source":"HIFLD"}},{"type":"Feature","id":58,"geometry":{"type":"Point","coordinates":[-9019769.7214,4903639.4739]},"properties":{"OBJECTID":58,"Plant_Name":"Cadiz Plant","Owner":"MarkWest Liberty Midstream & Resource","Operator":"MarkWest Liberty Midstream & Resources","State":"OH","County":"Harrison","City":"Cadiz","ZipCode":"43907","Cap_MMcfd":525,"Plant_Flow":509,"BTU_Content":1184,"Dry_Stor":null,"NGL_Stor":null,"Longitude":-81.02597,"Latitude":40.25892,"Period":2017,"Source":"EIA-757, Natural Gas Processing Plant Survey","Loc_Source":"HIFLD"}},{"type":"Feature","id":59,"geometry":{"type":"Point","coordinates":[-13300303.5919,4201708.3406]},"properties":{"OBJECTID":59,"Plant_Name":"California-San Joaquin Basin Onshore CA10","Owner":"California Resources Corporation","Operator":"Elk Hills Power LLC","State":"CA","County":"Kern","City":"Tupman","ZipCode":"93276","Cap_MMcfd":225,"Plant_Flow":215,"BTU_Content":1220,"Dry_Stor":null,"NGL_Stor":110000,"Longitude":-119.47866,"Latitude":35.27788,"Period":2017,"Source":"EIA-757, Natural Gas Processing Plant Survey","Loc_Source":"California Energy Commision application"}},{"type":"Feature","id":60,"geometry":{"type":"Point","coordinates":[-10926545.6945,4254874.0047]},"properties":{"OBJECTID":60,"Plant_Name":"Calumet","Owner":"Enable Products LLC","Operator":"Enable Products LLC","State":"OK","County":"Canadian","City":"Calumet","ZipCode":"73014","Cap_MMcfd":250,"Plant_Flow":89,"BTU_Content":1116,"Dry_Stor":null,"NGL_Stor":5952,"Longitude":-98.15483,"Latitude":35.66683,"Period":2017,"Source":"EIA-757, Natural Gas Processing Plant Survey","Loc_Source":"HIFLD"}},{"type":"Feature","id":61,"geometry":{"type":"Point","coordinates":[-11236790.889,4370136.2867]},"properties":{"OBJECTID":61,"Plant_Name":"Camrick Gas Plant","Owner":"Camrick Gas Processing Company, LLC","Operator":"Carrera Operating Company","State":"OK","County":"Beaver","City":"Balko","ZipCode":"73931","Cap_MMcfd":10,"Plant_Flow":4,"BTU_Content":1140,"Dry_Stor":null,"NGL_Stor":500,"Longitude":-100.94181,"Latitude":36.50358,"Period":2017,"Source":"EIA-757, Natural Gas Processing Plant Survey","Loc_Source":"HIFLD"}},{"type":"Feature","id":62,"geometry":{"type":"Point","coordinates":[-10920105.862,4236843.0746]},"properties":{"OBJECTID":62,"Plant_Name":"Cana Plant","Owner":null,"Operator":"Enlink Midstream Services, LLC","State":"OK","County":"Canadian","City":"Calumet","ZipCode":"73014","Cap_MMcfd":420,"Plant_Flow":371,"BTU_Content":1189,"Dry_Stor":null,"NGL_Stor":6095,"Longitude":-98.09698,"Latitude":35.53513,"Period":2017,"Source":"EIA-757, Natural Gas Processing Plant Survey","Loc_Source":"HIFLD"}},{"type":"Feature","id":63,"geometry":{"type":"Point","coordinates":[-10924816.9028,4244332.5076]},"properties":{"OBJECTID":63,"Plant_Name":"Canadian Valley Natural Gas Processing","Owner":"ONEOK","Operator":"ONEOK","State":"OK","County":"Canadian","City":"Calumet","ZipCode":"73014","Cap_MMcfd":250,"Plant_Flow":249,"BTU_Content":1230,"Dry_Stor":1,"NGL_Stor":500,"Longitude":-98.1393,"Latitude":35.58986,"Period":2017,"Source":"EIA-757, Natural Gas Processing Plant Survey","Loc_Source":"Internet Reearch"}},{"type":"Feature","id":64,"geometry":{"type":"Point","coordinates":[-11054211.3393,4205975.891]},"properties":{"OBJECTID":64,"Plant_Name":"Canute","Owner":"Enable Products LLC","Operator":"Enable Products LLC","State":"OK","County":"Washita","City":"Canute","ZipCode":"73626","Cap_MMcfd":60,"Plant_Flow":32,"BTU_Content":1128,"Dry_Stor":null,"NGL_Stor":null,"Longitude":-99.30167,"Latitude":35.30917,"Period":2017,"Source":"EIA-757, Natural Gas Processing Plant Survey","Loc_Source":"HIFLD"}},{"type":"Feature","id":65,"geometry":{"type":"Point","coordinates":[-10420955.9444,3808680.2895]},"properties":{"OBJECTID":65,"Plant_Name":"Capiana Plant","Owner":"Enable Midstream Partners","Operator":"Enable Midstream Partners","State":"LA","County":"Caddo","City":"Shreveport","ZipCode":"71115","Cap_MMcfd":25,"Plant_Flow":15,"BTU_Content":1050,"Dry_Stor":null,"NGL_Stor":715,"Longitude":-93.61304,"Latitude":32.34498,"Period":2017,"Source":"EIA-757, Natural Gas Processing Plant Survey","Loc_Source":"HIFLD"}},{"type":"Feature","id":66,"geometry":{"type":"Point","coordinates":[-11258391.3229,4235246.7746]},"properties":{"OBJECTID":66,"Plant_Name":"Cargray Plant","Owner":"ETC Field Services LLC","Operator":"ETC Field Services LLC","State":"TX","County":"Carson","City":"White Deer","ZipCode":"79097","Cap_MMcfd":30,"Plant_Flow":15,"BTU_Content":1340,"Dry_Stor":null,"NGL_Stor":19824,"Longitude":-101.13585,"Latitude":35.52346,"Period":2017,"Source":"EIA-757, Natural Gas Processing Plant Survey","Loc_Source":"HIFLD"}},{"type":"Feature","id":67,"geometry":{"type":"Point","coordinates":[-11565546.2883,3849463.824]},"properties":{"OBJECTID":67,"Plant_Name":"Carlsbad Chaparral Gas Plant","Owner":"Enterprise Field Services, LLC","Operator":"Enterprise Field Services LLC","State":"NM","County":"Eddy","City":"Carlsbad","ZipCode":"88220","Cap_MMcfd":40,"Plant_Flow":23,"BTU_Content":1150,"Dry_Stor":null,"NGL_Stor":null,"Longitude":-103.89507,"Latitude":32.65397,"Period":2017,"Source":"EIA-757, Natural Gas Processing Plant Survey","Loc_Source":"HIFLD"}},{"type":"Feature","id":68,"geometry":{"type":"Point","coordinates":[-10968626.6884,4380182.7695]},"properties":{"OBJECTID":68,"Plant_Name":"Carmen Gas Processing Plant","Owner":"Tall Oak Midcon, LLC","Operator":"Tall Oak Midcon, LLC","State":"OK","County":"Alfalfa","City":"Carmen","ZipCode":"73726","Cap_MMcfd":60,"Plant_Flow":29,"BTU_Content":1185,"Dry_Stor":null,"NGL_Stor":715,"Longitude":-98.53285,"Latitude":36.57609,"Period":2017,"Source":"EIA-757, Natural Gas Processing Plant Survey","Loc_Source":"EPA"}},{"type":"Feature","id":69,"geometry":{"type":"Point","coordinates":[-12346790.9275,5097288.0092]},"properties":{"OBJECTID":69,"Plant_Name":"Carter Creek Gas Plant","Owner":"Hilcorp Energy Development LP","Operator":"Hilcorp Energy Development LP","State":"WY","County":"Uinta","City":"Evanston","ZipCode":"82930","Cap_MMcfd":62,"Plant_Flow":45,"BTU_Content":1010,"Dry_Stor":0,"NGL_Stor":75,"Longitude":-110.91311,"Latitude":41.57339,"Period":2017,"Source":"EIA-757, Natural Gas Processing Plant Survey","Loc_Source":"HIFLD"}},{"type":"Feature","id":70,"geometry":{"type":"Point","coordinates":[-10870892.6283,4266009.963]},"properties":{"OBJECTID":70,"Plant_Name":"Cashion Plant","Owner":"Superior Pipeline Company LLC","Operator":"Superior Pipeline Company LLC","State":"OK","County":"Logan","City":"Cashion","ZipCode":"73016","Cap_MMcfd":45,"Plant_Flow":36.5,"BTU_Content":1300,"Dry_Stor":0,"NGL_Stor":700,"Longitude":-97.65489,"Latitude":35.74806,"Period":2017,"Source":"EIA-757, Natural Gas Processing Plant Survey","Loc_Source":"HIFLD"}},{"type":"Feature","id":71,"geometry":{"type":"Point","coordinates":[-11826331.1198,5290174.8691]},"properties":{"OBJECTID":71,"Plant_Name":"Casper Plant","Owner":"Tallgrass Energy Midstream LLC","Operator":null,"State":"WY","County":"Natrona","City":"Casper","ZipCode":"82604","Cap_MMcfd":65,"Plant_Flow":45,"BTU_Content":1145,"Dry_Stor":null,"NGL_Stor":8970,"Longitude":-106.23774,"Latitude":42.85663,"Period":2017,"Source":"EIA-757, Natural Gas Processing Plant Survey","Loc_Source":"HIFLD"}},{"type":"Feature","id":72,"geometry":{"type":"Point","coordinates":[-9672157.5972,3671292.0252]},"properties":{"OBJECTID":72,"Plant_Name":"Castleberry Plant","Owner":"Gas Processors Inc","Operator":"Gas Processors Inc","State":"AL","County":"Conecuh","City":"Castleberry","ZipCode":"36432","Cap_MMcfd":9,"Plant_Flow":9,"BTU_Content":1275,"Dry_Stor":null,"NGL_Stor":2857,"Longitude":-86.88647,"Latitude":31.29632,"Period":2017,"Source":"EIA-757, Natural Gas Processing Plant Survey","Loc_Source":"HIFLD"}},{"type":"Feature","id":73,"geometry":{"type":"Point","coordinates":[-12063262.4108,4405574.4693]},"properties":{"OBJECTID":73,"Plant_Name":"CCI San Juan LLC","Owner":"Castleton Commodities International, LLC","Operator":null,"State":"NM","County":"San Juan","City":"Kirtland","ZipCode":"87417","Cap_MMcfd":30,"Plant_Flow":23,"BTU_Content":1039,"Dry_Stor":null,"NGL_Stor":null,"Longitude":-108.36613,"Latitude":36.75905,"Period":2017,"Source":"EIA-757, Natural Gas Processing Plant Survey","Loc_Source":"HIFLD"}},{"type":"Feature","id":74,"geometry":{"type":"Point","coordinates":[-11287872.0637,3916612.4555]},"properties":{"OBJECTID":74,"Plant_Name":"Cedar Hill Gas Plant","Owner":"Davis Gas Processing Inc","Operator":"Davis Gas Processing Inc","State":"TX","County":"Garza","City":"Post","ZipCode":"79356","Cap_MMcfd":8,"Plant_Flow":1,"BTU_Content":1265,"Dry_Stor":null,"NGL_Stor":750,"Longitude":-101.40068,"Latitude":33.16039,"Period":2017,"Source":"EIA-757, Natural Gas Processing Plant Survey","Loc_Source":"HIFLD"}},{"type":"Feature","id":75,"geometry":{"type":"Point","coordinates":[-11594697.5234,4970231.6597]},"properties":{"OBJECTID":75,"Plant_Name":"Centennial Gas Plant","Owner":"Sterling Energy Investments, LLC","Operator":"Sterling Energy Investments, LLC","State":"CO","County":"Weld","City":"Briggsdale","ZipCode":"80611","Cap_MMcfd":20,"Plant_Flow":11,"BTU_Content":1393,"Dry_Stor":null,"NGL_Stor":5714,"Longitude":-104.15694,"Latitude":40.71389,"Period":2017,"Source":"EIA-757, Natural Gas Processing Plant Survey","Loc_Source":"EPA"}},{"type":"Feature","id":76,"geometry":{"type":"Point","coordinates":[-11417205.2745,3675030.2016]},"properties":{"OBJECTID":76,"Plant_Name":"CGU Cordona Lake Plant","Owner":"XTO Energy, Inc.","Operator":"XTO Energy, Inc.","State":"TX","County":"Crane","City":"Crane","ZipCode":"79731","Cap_MMcfd":10,"Plant_Flow":4.57,"BTU_Content":610,"Dry_Stor":null,"NGL_Stor":443,"Longitude":-102.5625,"Latitude":31.32501,"Period":2017,"Source":"EIA-757, Natural Gas Processing Plant Survey","Loc_Source":"HIFLD"}},{"type":"Feature","id":77,"geometry":{"type":"Point","coordinates":[-12035979.1168,4367325.346]},"properties":{"OBJECTID":77,"Plant_Name":"Chaco Gas Plant","Owner":"Enterprise Field Services LLC","Operator":"Enterprise Products Operating LLC","State":"NM","County":"San Juan","City":"Bloomfield","ZipCode":"87413","Cap_MMcfd":600,"Plant_Flow":338,"BTU_Content":1185,"Dry_Stor":null,"NGL_Stor":12113,"Longitude":-108.12104,"Latitude":36.48328,"Period":2017,"Source":"EIA-757, Natural Gas Processing Plant Survey","Loc_Source":"HIFLD"}},{"type":"Feature","id":78,"geometry":{"type":"Point","coordinates":[-10936494.3174,4360352.4081]},"properties":{"OBJECTID":78,"Plant_Name":"Chaney Dell Plant","Owner":"TPL Mid-Continent Westok, LLC","Operator":"Tpl Mid-Continent Westok, LLC","State":"OK","County":"Major","City":"Ringwood","ZipCode":"73768","Cap_MMcfd":30,"Plant_Flow":null,"BTU_Content":1120,"Dry_Stor":null,"NGL_Stor":null,"Longitude":-98.2442,"Latitude":36.4329,"Period":2017,"Source":"EIA-757, Natural Gas Processing Plant Survey","Loc_Source":"HIFLD"}},{"type":"Feature","id":79,"geometry":{"type":"Point","coordinates":[-10587410.8658,3813880.8184]},"properties":{"OBJECTID":79,"Plant_Name":"Chapel Hill Gas Plant","Owner":"American Midstream","Operator":"American Midstream","State":"TX","County":"Smith","City":"Winona","ZipCode":"75792","Cap_MMcfd":25,"Plant_Flow":13,"BTU_Content":1067,"Dry_Stor":null,"NGL_Stor":4850,"Longitude":-95.10833,"Latitude":32.38444,"Period":2017,"Source":"EIA-757, Natural Gas Processing Plant Survey","Loc_Source":"HIFLD"}},{"type":"Feature","id":80,"geometry":{"type":"Point","coordinates":[-9840762.098,3692844.2147]},"properties":{"OBJECTID":80,"Plant_Name":"Chatom Plant","Owner":null,"Operator":"American Midstream Chatom, LLC","State":"AL","County":"Washington","City":"Chatom","ZipCode":"36518","Cap_MMcfd":12,"Plant_Flow":7,"BTU_Content":1200,"Dry_Stor":null,"NGL_Stor":6190,"Longitude":-88.40107,"Latitude":31.46161,"Period":2017,"Source":"EIA-757, Natural Gas Processing Plant Survey","Loc_Source":"HIFLD"}},{"type":"Feature","id":81,"geometry":{"type":"Point","coordinates":[-10893989.1962,4523500.8637]},"properties":{"OBJECTID":81,"Plant_Name":"Cheney Natural Gas Processing","Owner":"ONEOK","Operator":"ONEOK","State":"KS","County":"Kingman","City":"Cheney","ZipCode":"67025","Cap_MMcfd":85,"Plant_Flow":30,"BTU_Content":1045,"Dry_Stor":null,"NGL_Stor":null,"Longitude":-97.86237,"Latitude":37.60305,"Period":2017,"Source":"EIA-757, Natural Gas Processing Plant Survey","Loc_Source":"HIFLD"}},{"type":"Feature","id":82,"geometry":{"type":"Point","coordinates":[-11018441.0473,4334537.4051]},"properties":{"OBJECTID":82,"Plant_Name":"Chester Plant","Owner":"Targa","Operator":"Targa","State":"OK","County":"Major","City":"Chester","ZipCode":"73838","Cap_MMcfd":30,"Plant_Flow":null,"BTU_Content":1102,"Dry_Stor":null,"NGL_Stor":null,"Longitude":-98.98034,"Latitude":36.2461,"Period":2017,"Source":"EIA-757, Natural Gas Processing Plant Survey","Loc_Source":"HIFLD"}},{"type":"Feature","id":83,"geometry":{"type":"Point","coordinates":[-10895735.799,3936856.9511]},"properties":{"OBJECTID":83,"Plant_Name":"Chico Plant","Owner":"Targa Midstream Services, LLC","Operator":"Targa Midstream Services, LLC","State":"TX","County":"Wise","City":"Chico","ZipCode":"76431","Cap_MMcfd":265,"Plant_Flow":135,"BTU_Content":1214,"Dry_Stor":null,"NGL_Stor":17383,"Longitude":-97.87806,"Latitude":33.3125,"Period":2017,"Source":"EIA-757, Natural Gas Processing Plant Survey","Loc_Source":"HIFLD"}},{"type":"Feature","id":84,"geometry":{"type":"Point","coordinates":[-12180535.268,4871416.4382]},"properties":{"OBJECTID":84,"Plant_Name":"Chipeta Plant","Owner":"Western Gas Partners, LP","Operator":"Western Gas Partners, LP","State":"UT","County":"Uintah","City":"Vernal","ZipCode":"84078","Cap_MMcfd":750,"Plant_Flow":415,"BTU_Content":1112,"Dry_Stor":null,"NGL_Stor":null,"Longitude":-109.41961,"Latitude":40.03766,"Period":2017,"Source":"EIA-757, Natural Gas Processing Plant Survey","Loc_Source":"HIFLD"}},{"type":"Feature","id":85,"geometry":{"type":"Point","coordinates":[-10110261.0192,3628888.7385]},"properties":{"OBJECTID":85,"Plant_Name":"Chipola Field Gas Plant","Owner":"Bridwell Oil Management, LLC","Operator":"Bridwell Oil Management, LLC","State":"LA","County":"Saint Helena","City":null,"ZipCode":null,"Cap_MMcfd":1,"Plant_Flow":1,"BTU_Content":1200,"Dry_Stor":null,"NGL_Stor":700,"Longitude":-90.82202,"Latitude":30.97027,"Period":2017,"Source":"EIA-757, Natural Gas Processing Plant Survey","Loc_Source":"HIFLD"}},{"type":"Feature","id":86,"geometry":{"type":"Point","coordinates":[-10785402.5989,3503720.8037]},"properties":{"OBJECTID":86,"Plant_Name":"Chisholm Plant","Owner":"ETC Texas Pipeline Ltd.","Operator":"Energy Transfer Company","State":"TX","County":"Fayette","City":"La Grange","ZipCode":"78945","Cap_MMcfd":120,"Plant_Flow":70,"BTU_Content":1275,"Dry_Stor":null,"NGL_Stor":1000,"Longitude":-96.88692,"Latitude":30.00133,"Period":2017,"Source":"EIA-757, Natural Gas Processing Plant Survey","Loc_Source":"HIFLD"}},{"type":"Feature","id":87,"geometry":{"type":"Point","coordinates":[-10880791.1574,4269527.3528]},"properties":{"OBJECTID":87,"Plant_Name":"Chisholm Plant","Owner":"EnLink Midstream Services, LLC","Operator":"EnLink Midstream Services, LLC","State":"OK","County":"Kingfisher","City":"Kingfisher","ZipCode":"73750","Cap_MMcfd":560,"Plant_Flow":390,"BTU_Content":1250,"Dry_Stor":null,"NGL_Stor":14156,"Longitude":-97.74381,"Latitude":35.7737,"Period":2017,"Source":"EIA-757, Natural Gas Processing Plant Survey","Loc_Source":"Internet Reearch"}},{"type":"Feature","id":88,"geometry":{"type":"Point","coordinates":[-10890079.6557,4144333.3672]},"properties":{"OBJECTID":88,"Plant_Name":"Chitwood Plant","Owner":"DCP Operating Company, LP","Operator":"DCP Operating Company, LP","State":"OK","County":"Grady","City":"Ninnekah","ZipCode":"73067","Cap_MMcfd":90,"Plant_Flow":70,"BTU_Content":1250,"Dry_Stor":null,"NGL_Stor":4000,"Longitude":-97.82725,"Latitude":34.85603,"Period":2017,"Source":"EIA-757, Natural Gas Processing Plant Survey","Loc_Source":"HIFLD"}},{"type":"Feature","id":89,"geometry":{"type":"Point","coordinates":[-11020010.6522,4325723.6178]},"properties":{"OBJECTID":89,"Plant_Name":"Cimarron Gas Plant","Owner":"DCP Operating Company, LP","Operator":"DCP Operating Company, LP","State":"OK","County":"Woodward","City":"Seiling","ZipCode":"73663","Cap_MMcfd":65,"Plant_Flow":55,"BTU_Content":1100,"Dry_Stor":null,"NGL_Stor":2388,"Longitude":-98.99444,"Latitude":36.18222,"Period":2017,"Source":"EIA-757, Natural Gas Processing Plant Survey","Loc_Source":"HIFLD"}},{"type":"Feature","id":90,"geometry":{"type":"Point","coordinates":[-11005385.4975,4231393.084]},"properties":{"OBJECTID":90,"Plant_Name":"Clinton","Owner":"Enable Products LLC","Operator":"Enable Products LLC","State":"OK","County":"Custer","City":"Clinton","ZipCode":"73601","Cap_MMcfd":120,"Plant_Flow":117,"BTU_Content":1197,"Dry_Stor":null,"NGL_Stor":null,"Longitude":-98.86306,"Latitude":35.49528,"Period":2017,"Source":"EIA-757, Natural Gas Processing Plant Survey","Loc_Source":"HIFLD"}},{"type":"Feature","id":91,"geometry":{"type":"Point","coordinates":[-10712525.0679,4110312.0105]},"properties":{"OBJECTID":91,"Plant_Name":"Coalgate Plant","Owner":"Enable Midstream Partners","Operator":"Enable Midstream Partners","State":"OK","County":"Coal","City":"Coalgate","ZipCode":"74538","Cap_MMcfd":13,"Plant_Flow":4,"BTU_Content":1106,"Dry_Stor":null,"NGL_Stor":714,"Longitude":-96.23225,"Latitude":34.60486,"Period":2017,"Source":"EIA-757, Natural Gas Processing Plant Survey","Loc_Source":"HIFLD"}},{"type":"Feature","id":92,"geometry":{"type":"Point","coordinates":[-10718869.1657,4107853.505]},"properties":{"OBJECTID":92,"Plant_Name":"Coalgate Stonewall Gas Plant","Owner":"Targa Resources","Operator":"Targa Resources","State":"OK","County":"Coal","City":"Coalgate","ZipCode":"74538","Cap_MMcfd":280,"Plant_Flow":258,"BTU_Content":1200,"Dry_Stor":null,"NGL_Stor":null,"Longitude":-96.28924,"Latitude":34.58668,"Period":2017,"Source":"EIA-757, Natural Gas Processing Plant Survey","Loc_Source":"HIFLD"}},{"type":"Feature","id":93,"geometry":{"type":"Point","coordinates":[-8963826.1113,4719140.8127]},"properties":{"OBJECTID":93,"Plant_Name":"Copley Extraction Plant","Owner":"Dominion Gathering and Processing, Inc.","Operator":"Dominion Energy Transmission, Inc.","State":"WV","County":"Lewis","City":"Weston","ZipCode":"26452","Cap_MMcfd":35,"Plant_Flow":null,"BTU_Content":null,"Dry_Stor":null,"NGL_Stor":2514,"Longitude":-80.52342,"Latitude":38.98233,"Period":2017,"Source":"EIA-757, Natural Gas Processing Plant Survey","Loc_Source":"HIFLD"}},{"type":"Feature","id":94,"geometry":{"type":"Point","coordinates":[-11451672.0152,3895155.3031]},"properties":{"OBJECTID":94,"Plant_Name":"Cornell Mahoney Gas Plant","Owner":"XTO Energy, INC","Operator":null,"State":"TX","County":"Yoakum","City":"Denver City","ZipCode":"79323","Cap_MMcfd":50,"Plant_Flow":40,"BTU_Content":380,"Dry_Stor":null,"NGL_Stor":2000,"Longitude":-102.87212,"Latitude":32.99888,"Period":2017,"Source":"EIA-757, Natural Gas Processing Plant Survey","Loc_Source":"EPA"}},{"type":"Feature","id":95,"geometry":{"type":"Point","coordinates":[-10394333.8882,3866763.8824]},"properties":{"OBJECTID":95,"Plant_Name":"Cotton Valley Gas Plant","Owner":"XTO Energy, Inc.","Operator":"XTO Energy, Inc.","State":"LA","County":"Webster","City":"Cotton Valley","ZipCode":"71018","Cap_MMcfd":90,"Plant_Flow":35,"BTU_Content":null,"Dry_Stor":null,"NGL_Stor":18000,"Longitude":-93.37389,"Latitude":32.78472,"Period":2017,"Source":"EIA-757, Natural Gas Processing Plant Survey","Loc_Source":"HIFLD"}},{"type":"Feature","id":96,"geometry":{"type":"Point","coordinates":[-11454676.5283,6188501.9623]},"properties":{"OBJECTID":96,"Plant_Name":"County Line Plant","Owner":"Liberty Midstream Solutions, LLC","Operator":"Liberty Midstream Solutions, LLC","State":"ND","County":"Williams","City":"Tioga","ZipCode":"58852","Cap_MMcfd":25,"Plant_Flow":11,"BTU_Content":1475,"Dry_Stor":null,"NGL_Stor":6500,"Longitude":-102.89911,"Latitude":48.48844,"Period":2017,"Source":"EIA-757, Natural Gas Processing Plant Survey","Loc_Source":"EPA"}},{"type":"Feature","id":97,"geometry":{"type":"Point","coordinates":[-10873806.9725,3807349.5507]},"properties":{"OBJECTID":97,"Plant_Name":"Cowtown/Corvette Plant","Owner":"Cowtown Gas Processing Partners LP","Operator":"Cowtown Gas Processing Partners LP","State":"TX","County":"Hood","City":"Cleburne","ZipCode":"76033","Cap_MMcfd":300,"Plant_Flow":125,"BTU_Content":1190,"Dry_Stor":0,"NGL_Stor":7857,"Longitude":-97.68107,"Latitude":32.33488,"Period":2017,"Source":"EIA-757, Natural Gas Processing Plant Survey","Loc_Source":"HIFLD"}},{"type":"Feature","id":98,"geometry":{"type":"Point","coordinates":[-10887138.5948,4136245.6687]},"properties":{"OBJECTID":98,"Plant_Name":"Cox City","Owner":"Enable Products LLC","Operator":"Enable Products LLC","State":"OK","County":"Grady","City":"Rush Springs","ZipCode":"73082","Cap_MMcfd":180,"Plant_Flow":127,"BTU_Content":1172,"Dry_Stor":null,"NGL_Stor":3333,"Longitude":-97.80083,"Latitude":34.79639,"Period":2017,"Source":"EIA-757, Natural Gas Processing Plant Survey","Loc_Source":"HIFLD"}},{"type":"Feature","id":99,"geometry":{"type":"Point","coordinates":[-11464732.0179,3657556.9287]},"properties":{"OBJECTID":99,"Plant_Name":"Coyanosa","Owner":"ETC Field Services LLC","Operator":"ETC Field Services LLC","State":"TX","County":"Pecos","City":"Coyanosa","ZipCode":"79730","Cap_MMcfd":125,"Plant_Flow":100,"BTU_Content":1175,"Dry_Stor":null,"NGL_Stor":97000,"Longitude":-102.98944,"Latitude":31.19083,"Period":2017,"Source":"EIA-757, Natural Gas Processing Plant Survey","Loc_Source":"HIFLD"}},{"type":"Feature","id":100,"geometry":{"type":"Point","coordinates":[-11372961.3429,3687111.1683]},"properties":{"OBJECTID":100,"Plant_Name":"Crane Gas Plant","Owner":"Navitas Midstream Midland Basin, LLC","Operator":null,"State":"TX","County":"Upton","City":"Crane","ZipCode":"79731","Cap_MMcfd":30,"Plant_Flow":25,"BTU_Content":1355,"Dry_Stor":null,"NGL_Stor":null,"Longitude":-102.16505,"Latitude":31.41767,"Period":2017,"Source":"EIA-757, Natural Gas Processing Plant Survey","Loc_Source":"HIFLD"}},{"type":"Feature","id":101,"geometry":{"type":"Point","coordinates":[-10866734.8453,4287143.714]},"properties":{"OBJECTID":101,"Plant_Name":"Crescent Plant","Owner":"ETC Field Services LLC","Operator":"ETC Field Services LLC","State":"OK","County":"Logan","City":"Crescent","ZipCode":"73028","Cap_MMcfd":40,"Plant_Flow":36,"BTU_Content":1200,"Dry_Stor":null,"NGL_Stor":1800,"Longitude":-97.61754,"Latitude":35.90199,"Period":2017,"Source":"EIA-757, Natural Gas Processing Plant Survey","Loc_Source":"HIFLD"}},{"type":"Feature","id":102,"geometry":{"type":"Point","coordinates":[-13281744.4064,4202073.7933]},"properties":{"OBJECTID":102,"Plant_Name":"Crestwood","Owner":"Crestwood Midstream Partners","Operator":"Crestwood West Coast","State":"CA","County":"Kern","City":"Tupman","ZipCode":"93276","Cap_MMcfd":24,"Plant_Flow":1,"BTU_Content":1271,"Dry_Stor":null,"NGL_Stor":373,"Longitude":-119.31194,"Latitude":35.28056,"Period":2017,"Source":"EIA-757, Natural Gas Processing Plant Survey","Loc_Source":"HIFLD"}},{"type":"Feature","id":103,"geometry":{"type":"Point","coordinates":[-10497120.74,3820816.6334]},"properties":{"OBJECTID":103,"Plant_Name":"Crossroads","Owner":"DCP Operating Company, LP","Operator":"DCP Operating Company, LP","State":"TX","County":"Harrison","City":"Marshall","ZipCode":"75672","Cap_MMcfd":60,"Plant_Flow":null,"BTU_Content":1025,"Dry_Stor":null,"NGL_Stor":null,"Longitude":-94.29724,"Latitude":32.43704,"Period":2017,"Source":"EIA-757, Natural Gas Processing Plant Survey","Loc_Source":"HIFLD"}},{"type":"Feature","id":104,"geometry":{"type":"Point","coordinates":[-11023165.4465,4250894.2427]},"properties":{"OBJECTID":104,"Plant_Name":"Custer Natural Gas Processing","Owner":"ONEOK","Operator":"ONEOK","State":"OK","County":"Custer","City":"Custer City","ZipCode":"73639","Cap_MMcfd":80,"Plant_Flow":80,"BTU_Content":1120,"Dry_Stor":null,"NGL_Stor":715,"Longitude":-99.02278,"Latitude":35.63778,"Period":2017,"Source":"EIA-757, Natural Gas Processing Plant Survey","Loc_Source":"HIFLD"}},{"type":"Feature","id":105,"geometry":{"type":"Point","coordinates":[-12495242.1476,6207775.4176]},"properties":{"OBJECTID":105,"Plant_Name":"Cut Bank NGL Plant","Owner":"Omimiex, LTD","Operator":"Northwestern Energy","State":"MT","County":"Glacier","City":"Cut Bank","ZipCode":"59427","Cap_MMcfd":20,"Plant_Flow":4,"BTU_Content":1139,"Dry_Stor":null,"NGL_Stor":9000,"Longitude":-112.24667,"Latitude":48.60306,"Period":2017,"Source":"EIA-757, Natural Gas Processing Plant Survey","Loc_Source":"HIFLD"}},{"type":"Feature","id":106,"geometry":{"type":"Point","coordinates":[-12123897.0243,4500198.068]},"properties":{"OBJECTID":106,"Plant_Name":"Cutthroat B","Owner":"QEP Energy Co","Operator":"QEP Energy Co","State":"CO","County":"Montezuma","City":"Pleasant View","ZipCode":"81331","Cap_MMcfd":0.84,"Plant_Flow":0.07,"BTU_Content":1256,"Dry_Stor":0,"NGL_Stor":1429,"Longitude":-108.91082,"Latitude":37.43702,"Period":2017,"Source":"EIA-757, Natural Gas Processing Plant Survey","Loc_Source":"HIFLD"}},{"type":"Feature","id":107,"geometry":{"type":"Point","coordinates":[-11626750.8576,3857400.8396]},"properties":{"OBJECTID":107,"Plant_Name":"Dagger Draw","Owner":"Agave Energy Company","Operator":"Agave Energy Company","State":"NM","County":"Eddy","City":"Artesia","ZipCode":"88210","Cap_MMcfd":50,"Plant_Flow":35,"BTU_Content":1150,"Dry_Stor":null,"NGL_Stor":null,"Longitude":-104.44488,"Latitude":32.71398,"Period":2017,"Source":"EIA-757, Natural Gas Processing Plant Survey","Loc_Source":"HIFLD"}},{"type":"Feature","id":108,"geometry":{"type":"Point","coordinates":[-11297098.2231,3756438.2123]},"properties":{"OBJECTID":108,"Plant_Name":"Deadwood Plant","Owner":null,"Operator":"Enlink Permian, LLC","State":"TX","County":"Glasscock","City":"Garden Cty","ZipCode":"79739","Cap_MMcfd":58,"Plant_Flow":29,"BTU_Content":1365,"Dry_Stor":null,"NGL_Stor":2330,"Longitude":-101.48356,"Latitude":31.94763,"Period":2017,"Source":"EIA-757, Natural Gas Processing Plant Survey","Loc_Source":"Internet Reearch"}},{"type":"Feature","id":109,"geometry":{"type":"Point","coordinates":[-11478146.0165,3669707.976]},"properties":{"OBJECTID":109,"Plant_Name":"Delaware Basin Gas Processing Plant","Owner":"Delaware Basin Gas Processing, LLC","Operator":"Enterprise Products Operating LLC","State":"TX","County":"Reeves","City":"Coyanosa","ZipCode":"79730","Cap_MMcfd":150,"Plant_Flow":150,"BTU_Content":1239,"Dry_Stor":null,"NGL_Stor":null,"Longitude":-103.10994,"Latitude":31.28416,"Period":2017,"Source":"EIA-757, Natural Gas Processing Plant Survey","Loc_Source":"EPA"}},{"type":"Feature","id":110,"geometry":{"type":"Point","coordinates":[-10963139.7507,3080644.7879]},"properties":{"OBJECTID":110,"Plant_Name":"Delmita Gas Plant","Owner":"Enterprise Hydrocarbons Lp","Operator":"Enterprise Products Operating LLC","State":"TX","County":"Starr","City":"Delmita","ZipCode":"78536","Cap_MMcfd":40,"Plant_Flow":23,"BTU_Content":1150,"Dry_Stor":null,"NGL_Stor":null,"Longitude":-98.48356,"Latitude":26.65669,"Period":2017,"Source":"EIA-757, Natural Gas Processing Plant Survey","Loc_Source":"HIFLD"}},{"type":"Feature","id":111,"geometry":{"type":"Point","coordinates":[-11484887.5249,3901202.7888]},"properties":{"OBJECTID":111,"Plant_Name":"Denton Gas Plant","Owner":"Davis Gas Processing Inc","Operator":"Davis Gas Processing Inc","State":"NM","County":"Lea","City":"Lovington","ZipCode":"88260","Cap_MMcfd":20,"Plant_Flow":2,"BTU_Content":1427,"Dry_Stor":null,"NGL_Stor":750,"Longitude":-103.1705,"Latitude":33.04443,"Period":2017,"Source":"EIA-757, Natural Gas Processing Plant Survey","Loc_Source":"HIFLD"}},{"type":"Feature","id":112,"geometry":{"type":"Point","coordinates":[-11445333.4834,3895071.6825]},"properties":{"OBJECTID":112,"Plant_Name":"Denver Unit CO2 Recovery Plant","Owner":"Occidental Permian Ltd 04","Operator":"OXY","State":"TX","County":"Yoakum","City":"Denver City","ZipCode":"79323","Cap_MMcfd":290,"Plant_Flow":279,"BTU_Content":229,"Dry_Stor":null,"NGL_Stor":850,"Longitude":-102.81518,"Latitude":32.99825,"Period":2017,"Source":"EIA-757, Natural Gas Processing Plant Survey","Loc_Source":"HIFLD"}},{"type":"Feature","id":113,"geometry":{"type":"Point","coordinates":[-10466097.1111,3784334.1164]},"properties":{"OBJECTID":113,"Plant_Name":"Desoto Gas Plant","Owner":null,"Operator":"Vernon E. Faulconer, Inc.","State":"LA","County":"Desoto","City":null,"ZipCode":null,"Cap_MMcfd":1.007,"Plant_Flow":0.775,"BTU_Content":1040,"Dry_Stor":null,"NGL_Stor":714,"Longitude":-94.01855,"Latitude":32.16002,"Period":2017,"Source":"EIA-757, Natural Gas Processing Plant Survey","Loc_Source":"HIFLD"}},{"type":"Feature","id":114,"geometry":{"type":"Point","coordinates":[-11472216.0273,3782614.2782]},"properties":{"OBJECTID":114,"Plant_Name":"Dollarhide Gas Plant","Owner":"Chevron Production Company","Operator":"Chevron Production Company","State":"TX","County":"Andrews","City":"Andrews County","ZipCode":"79714","Cap_MMcfd":56,"Plant_Flow":56,"BTU_Content":null,"Dry_Stor":0,"NGL_Stor":7000,"Longitude":-103.05667,"Latitude":32.14694,"Period":2017,"Source":"EIA-757, Natural Gas Processing Plant Survey","Loc_Source":"HIFLD"}},{"type":"Feature","id":115,"geometry":{"type":"Point","coordinates":[-10389648.4508,3920554.5167]},"properties":{"OBJECTID":115,"Plant_Name":"Dorcheat Gas Processing Plant","Owner":"Bonanza Creek Energy, Inc.","Operator":"Bonanza Creek Energy, Inc.","State":"AR","County":"Columbia","City":"Magnolia","ZipCode":"71753","Cap_MMcfd":12,"Plant_Flow":11,"BTU_Content":1188,"Dry_Stor":null,"NGL_Stor":3857,"Longitude":-93.3318,"Latitude":33.19003,"Period":2017,"Source":"EIA-757, Natural Gas Processing Plant Survey","Loc_Source":"HIFLD"}},{"type":"Feature","id":116,"geometry":{"type":"Point","coordinates":[-11728247.5165,5280174.3878]},"properties":{"OBJECTID":116,"Plant_Name":"Douglas Plant","Owner":"Tallgrass Energy Midstream LLC","Operator":"Tallgrass Energy Midstream LLC","State":"WY","County":"Converse","City":"Douglas","ZipCode":"82633","Cap_MMcfd":130,"Plant_Flow":63,"BTU_Content":1193,"Dry_Stor":null,"NGL_Stor":15650,"Longitude":-105.35664,"Latitude":42.79074,"Period":2017,"Source":"EIA-757, Natural Gas Processing Plant Survey","Loc_Source":"HIFLD"}},{"type":"Feature","id":117,"geometry":{"type":"Point","coordinates":[-10898456.4474,4310524.7255]},"properties":{"OBJECTID":117,"Plant_Name":"Dover-Hennessey Gas Plant","Owner":"Mustang Ventures Company","Operator":"Mustang Gas Products, LLC","State":"OK","County":"Kingfisher","City":"Hennessey","ZipCode":"73742","Cap_MMcfd":80,"Plant_Flow":42,"BTU_Content":1185,"Dry_Stor":null,"NGL_Stor":1150,"Longitude":-97.9025,"Latitude":36.07194,"Period":2017,"Source":"EIA-757, Natural Gas Processing Plant Survey","Loc_Source":"HIFLD"}},{"type":"Feature","id":118,"geometry":{"type":"Point","coordinates":[-12112404.4,4841087.8133]},"properties":{"OBJECTID":118,"Plant_Name":"Dragon Trail Gas Processing Facility","Owner":"Utah Gas Op Ltd","Operator":"Utah Gas Corp","State":"CO","County":"Rio Blanco","City":"Rangely","ZipCode":"81648","Cap_MMcfd":60,"Plant_Flow":55,"BTU_Content":null,"Dry_Stor":null,"NGL_Stor":6400,"Longitude":-108.80758,"Latitude":39.82875,"Period":2017,"Source":"EIA-757, Natural Gas Processing Plant Survey","Loc_Source":"HIFLD"}},{"type":"Feature","id":119,"geometry":{"type":"Point","coordinates":[-12147925.3364,5662524.3184]},"properties":{"OBJECTID":119,"Plant_Name":"Dry Creek Plant","Owner":"Saga Petroleum, LLC","Operator":"Saga Petroleum, LLC","State":"MT","County":"Carbon","City":"Bridger","ZipCode":"59014","Cap_MMcfd":4,"Plant_Flow":1,"BTU_Content":1190,"Dry_Stor":null,"NGL_Stor":1400,"Longitude":-109.12667,"Latitude":45.25986,"Period":2017,"Source":"EIA-757, Natural Gas Processing Plant Survey","Loc_Source":"HIFLD"}},{"type":"Feature","id":120,"geometry":{"type":"Point","coordinates":[-11311922.6397,4425984.6431]},"properties":{"OBJECTID":120,"Plant_Name":"Dry Trail","Owner":"Breitburn Operating LP","Operator":"Breitburn Operating, L.P.","State":"OK","County":"Texas","City":"Guymon","ZipCode":"73942","Cap_MMcfd":100,"Plant_Flow":93,"BTU_Content":1007,"Dry_Stor":null,"NGL_Stor":1710,"Longitude":-101.61673,"Latitude":36.9058,"Period":2017,"Source":"EIA-757, Natural Gas Processing Plant Survey","Loc_Source":"HIFLD"}},{"type":"Feature","id":121,"geometry":{"type":"Point","coordinates":[-10315111.1462,3854154.4966]},"properties":{"OBJECTID":121,"Plant_Name":"Dubach Gas Plant","Owner":"ETC Field Services LLC","Operator":"ETC Field Services LLC","State":"LA","County":"Lincoln","City":"Dubach","ZipCode":"71235","Cap_MMcfd":165,"Plant_Flow":150,"BTU_Content":1133,"Dry_Stor":null,"NGL_Stor":3400,"Longitude":-92.66222,"Latitude":32.68944,"Period":2017,"Source":"EIA-757, Natural Gas Processing Plant Survey","Loc_Source":"HIFLD"}},{"type":"Feature","id":122,"geometry":{"type":"Point","coordinates":[-10373402.4843,3829839.246]},"properties":{"OBJECTID":122,"Plant_Name":"Dubberly Plant","Owner":"ETC Field Services LLC","Operator":"ETC Field Services LLC","State":"LA","County":"Webster","City":"Dubberly","ZipCode":"71024","Cap_MMcfd":380,"Plant_Flow":135,"BTU_Content":1120,"Dry_Stor":null,"NGL_Stor":4129,"Longitude":-93.18586,"Latitude":32.50542,"Period":2017,"Source":"EIA-757, Natural Gas Processing Plant Survey","Loc_Source":"HIFLD"}},{"type":"Feature","id":123,"geometry":{"type":"Point","coordinates":[-10759136.7651,3393359.7398]},"properties":{"OBJECTID":123,"Plant_Name":"Eagle Plant","Owner":"DCP Operating Company, LP","Operator":"DCP Operating Company, LP","State":"TX","County":"Jackson","City":"Jackson","ZipCode":"77957","Cap_MMcfd":200,"Plant_Flow":150,"BTU_Content":1275,"Dry_Stor":null,"NGL_Stor":1238,"Longitude":-96.65097,"Latitude":29.13908,"Period":2017,"Source":"EIA-757, Natural Gas Processing Plant Survey","Loc_Source":"EPA"}},{"type":"Feature","id":124,"geometry":{"type":"Point","coordinates":[-10493184.4828,3787998.1423]},"properties":{"OBJECTID":124,"Plant_Name":"East Texas","Owner":"DCP Operating Company, LP","Operator":"DCP Operating Company, LP","State":"TX","County":"Panola","City":"Carthage","ZipCode":"75631","Cap_MMcfd":720,"Plant_Flow":400,"BTU_Content":1175,"Dry_Stor":null,"NGL_Stor":185000,"Longitude":-94.26188,"Latitude":32.18788,"Period":2017,"Source":"EIA-757, Natural Gas Processing Plant Survey","Loc_Source":"EPA"}},{"type":"Feature","id":125,"geometry":{"type":"Point","coordinates":[-10529565.9188,3877165.398]},"properties":{"OBJECTID":125,"Plant_Name":"East Texas (Avinger)","Owner":"Enbridge G & P (East Texas) L.P.","Operator":"Enbridge G & P (East Texas) L.P.","State":"TX","County":"Marion","City":"Avinger","ZipCode":"75630","Cap_MMcfd":85,"Plant_Flow":65,"BTU_Content":1080,"Dry_Stor":null,"NGL_Stor":4000,"Longitude":-94.5887,"Latitude":32.86324,"Period":2017,"Source":"EIA-757, Natural Gas Processing Plant Survey","Loc_Source":"HIFLD"}},{"type":"Feature","id":126,"geometry":{"type":"Point","coordinates":[-11540955.8128,3680676.7599]},"properties":{"OBJECTID":126,"Plant_Name":"East Toyah Gas Plant","Owner":"EagleClaw Midstream Ventures, LLC","Operator":"EagleClaw Midstream Ventures, LLC","State":"TX","County":"Reeves","City":"Pecos","ZipCode":"79772","Cap_MMcfd":440,"Plant_Flow":300,"BTU_Content":1250,"Dry_Stor":null,"NGL_Stor":4500,"Longitude":-103.67417,"Latitude":31.36833,"Period":2017,"Source":"EIA-757, Natural Gas Processing Plant Survey","Loc_Source":"EPA"}},{"type":"Feature","id":127,"geometry":{"type":"Point","coordinates":[-11517160.1585,3868105.2834]},"properties":{"OBJECTID":127,"Plant_Name":"East Vacuum Liquid Recovery Plant","Owner":"ConocoPhillips","Operator":"ConocoPhillips","State":"NM","County":"Lea","City":"Lovington","ZipCode":"88260","Cap_MMcfd":45,"Plant_Flow":24,"BTU_Content":1027,"Dry_Stor":null,"NGL_Stor":1355,"Longitude":-103.46041,"Latitude":32.79485,"Period":2017,"Source":"EIA-757, Natural Gas Processing Plant Survey","Loc_Source":"HIFLD"}},{"type":"Feature","id":128,"geometry":{"type":"Point","coordinates":[-11282426.3142,3828673.7586]},"properties":{"OBJECTID":128,"Plant_Name":"East Vealmoor Gas Plant","Owner":"West Texas Gas Processing LP","Operator":"West Texas Gas Processing LP","State":"TX","County":"Howard","City":"Coahoma","ZipCode":"79511","Cap_MMcfd":45,"Plant_Flow":22,"BTU_Content":1267,"Dry_Stor":null,"NGL_Stor":750,"Longitude":-101.35176,"Latitude":32.49659,"Period":2017,"Source":"EIA-757, Natural Gas Processing Plant Survey","Loc_Source":"HIFLD"}},{"type":"Feature","id":129,"geometry":{"type":"Point","coordinates":[-11661514.8213,4943399.6764]},"properties":{"OBJECTID":129,"Plant_Name":"Eaton Plant","Owner":"DCP Operating Company, LP","Operator":"DCP Operating Company, LP","State":"CO","County":"Weld","City":"Eaton","ZipCode":"80631","Cap_MMcfd":11,"Plant_Flow":10,"BTU_Content":1175,"Dry_Stor":null,"NGL_Stor":1140,"Longitude":-104.75717,"Latitude":40.53094,"Period":2017,"Source":"EIA-757, Natural Gas Processing Plant Survey","Loc_Source":"HIFLD"}},{"type":"Feature","id":130,"geometry":{"type":"Point","coordinates":[-12002913.8885,5108202.8591]},"properties":{"OBJECTID":130,"Plant_Name":"Echo Springs Gas Plant","Owner":"Williams","Operator":"Williams Midstream Services, LLC","State":"WY","County":"Carbon","City":"Wamsutter","ZipCode":"82336","Cap_MMcfd":745,"Plant_Flow":480,"BTU_Content":null,"Dry_Stor":null,"NGL_Stor":null,"Longitude":-107.82401,"Latitude":41.6467,"Period":2017,"Source":"EIA-757, Natural Gas Processing Plant Survey","Loc_Source":"HIFLD"}},{"type":"Feature","id":131,"geometry":{"type":"Point","coordinates":[-10218634.9963,3601115.7255]},"properties":{"OBJECTID":131,"Plant_Name":"Elba Mini Plant","Owner":"JP Oil Company, LLC","Operator":"JP Oil Company, LLC","State":"LA","County":"St. Landry","City":"Mellville","ZipCode":"71533","Cap_MMcfd":3,"Plant_Flow":2,"BTU_Content":null,"Dry_Stor":null,"NGL_Stor":952,"Longitude":-91.79556,"Latitude":30.75611,"Period":2017,"Source":"EIA-757, Natural Gas Processing Plant Survey","Loc_Source":"HIFLD"}},{"type":"Feature","id":132,"geometry":{"type":"Point","coordinates":[-11017168.6656,4034616.2977]},"properties":{"OBJECTID":132,"Plant_Name":"Electra Plant","Owner":"Layline North Texas LLC","Operator":"Layline Energy I LLC","State":"TX","County":"Wilbarger","City":"Electra","ZipCode":"76360","Cap_MMcfd":1,"Plant_Flow":1,"BTU_Content":null,"Dry_Stor":null,"NGL_Stor":1429,"Longitude":-98.96891,"Latitude":34.04329,"Period":2017,"Source":"EIA-757, Natural Gas Processing Plant Survey","Loc_Source":"HIFLD"}},{"type":"Feature","id":133,"geometry":{"type":"Point","coordinates":[-12116312.8274,5618319.9377]},"properties":{"OBJECTID":133,"Plant_Name":"Elk Basin Gasoline Plant","Owner":"Encore Energy Partners Operating LLC","Operator":"Encore Energy Partners Operating LLC","State":"WY","County":"Park","City":"Powell","ZipCode":"82435","Cap_MMcfd":13,"Plant_Flow":12,"BTU_Content":340,"Dry_Stor":null,"NGL_Stor":null,"Longitude":-108.84269,"Latitude":44.97966,"Period":2017,"Source":"EIA-757, Natural Gas Processing Plant Survey","Loc_Source":"HIFLD"}},{"type":"Feature","id":134,"geometry":{"type":"Point","coordinates":[-10415545.8172,3810805.8269]},"properties":{"OBJECTID":134,"Plant_Name":"Elm Grove Plant","Owner":"ETC Field Services LLC","Operator":"ETC Field Services LLC","State":"LA","County":"Bossier","City":"Haughton","ZipCode":"71037","Cap_MMcfd":200,"Plant_Flow":155,"BTU_Content":1070,"Dry_Stor":null,"NGL_Stor":2700,"Longitude":-93.56444,"Latitude":32.36111,"Period":2017,"Source":"EIA-757, Natural Gas Processing Plant Survey","Loc_Source":"HIFLD"}},{"type":"Feature","id":135,"geometry":{"type":"Point","coordinates":[-10846755.2231,4104660.1443]},"properties":{"OBJECTID":135,"Plant_Name":"Elmore City Gas Plant","Owner":"Cimarex Energy Co.","Operator":null,"State":"OK","County":"Garvin","City":"Elmore City","ZipCode":"73433-9163","Cap_MMcfd":26,"Plant_Flow":11,"BTU_Content":1303,"Dry_Stor":null,"NGL_Stor":106,"Longitude":-97.43806,"Latitude":34.56306,"Period":2017,"Source":"EIA-757, Natural Gas Processing Plant Survey","Loc_Source":"HIFLD"}},{"type":"Feature","id":136,"geometry":{"type":"Point","coordinates":[-12255126.006,5071057.3181]},"properties":{"OBJECTID":136,"Plant_Name":"Emigrant Trail Gas Plant","Owner":"Green River Processing, LLC","Operator":"Green River Processing, LLC","State":"WY","County":"Uinta","City":"Lyman","ZipCode":"82937","Cap_MMcfd":55,"Plant_Flow":32,"BTU_Content":1124,"Dry_Stor":null,"NGL_Stor":2800,"Longitude":-110.08967,"Latitude":41.39687,"Period":2017,"Source":"EIA-757, Natural Gas Processing Plant Survey","Loc_Source":"HIFLD"}},{"type":"Feature","id":137,"geometry":{"type":"Point","coordinates":[-10874088.6109,3893277.3016]},"properties":{"OBJECTID":137,"Plant_Name":"Enbridge G&P (North Texas) Springtown Plant","Owner":"Enbridge","Operator":"Enbridge","State":"TX","County":"Parker","City":"Springtown","ZipCode":"76082","Cap_MMcfd":null,"Plant_Flow":null,"BTU_Content":null,"Dry_Stor":null,"NGL_Stor":null,"Longitude":-97.6836,"Latitude":32.98473,"Period":2017,"Source":"EIA-757, Natural Gas Processing Plant Survey","Loc_Source":"HIFLD"}},{"type":"Feature","id":138,"geometry":{"type":"Point","coordinates":[-10895652.3094,3860032.6997]},"properties":{"OBJECTID":138,"Plant_Name":"Enbridge G&P (North Texas) Weatherford Plant","Owner":"Enbridge","Operator":"Enbridge","State":"TX","County":"Parker","City":"Weatherford","ZipCode":"76088","Cap_MMcfd":70,"Plant_Flow":65,"BTU_Content":1257,"Dry_Stor":null,"NGL_Stor":430,"Longitude":-97.87731,"Latitude":32.73387,"Period":2017,"Source":"EIA-757, Natural Gas Processing Plant Survey","Loc_Source":"HIFLD"}},{"type":"Feature","id":139,"geometry":{"type":"Point","coordinates":[-10910630.3469,3344087.1562]},"properties":{"OBJECTID":139,"Plant_Name":"ETC Kenedy Plant","Owner":"ETC Texas Pipeline, Ltd.","Operator":"Energy Transfer Company","State":"TX","County":"Karnes","City":"Karnes City","ZipCode":"78118","Cap_MMcfd":410,"Plant_Flow":370,"BTU_Content":1277,"Dry_Stor":null,"NGL_Stor":null,"Longitude":-98.01186,"Latitude":28.75175,"Period":2017,"Source":"EIA-757, Natural Gas Processing Plant Survey","Loc_Source":"EPA"}},{"type":"Feature","id":140,"geometry":{"type":"Point","coordinates":[-11482419.5718,3819338.1482]},"properties":{"OBJECTID":140,"Plant_Name":"Eunice","Owner":"DCP Operating Company, LP","Operator":"DCP Operating Company, LP","State":"NM","County":"Lea","City":null,"ZipCode":"88240","Cap_MMcfd":105,"Plant_Flow":95,"BTU_Content":1250,"Dry_Stor":null,"NGL_Stor":4000,"Longitude":-103.14833,"Latitude":32.42583,"Period":2017,"Source":"EIA-757, Natural Gas Processing Plant Survey","Loc_Source":"EPA"}},{"type":"Feature","id":141,"geometry":{"type":"Point","coordinates":[-10300578.3867,3562888.9775]},"properties":{"OBJECTID":141,"Plant_Name":"Eunice Plant","Owner":null,"Operator":"Enlink Processing, LLC","State":"LA","County":"Acadia Parish","City":"Eunice","ZipCode":"70535","Cap_MMcfd":500,"Plant_Flow":340,"BTU_Content":1036,"Dry_Stor":null,"NGL_Stor":66577,"Longitude":-92.53167,"Latitude":30.46056,"Period":2017,"Source":"EIA-757, Natural Gas Processing Plant Survey","Loc_Source":"HIFLD"}},{"type":"Feature","id":142,"geometry":{"type":"Point","coordinates":[-11342961.8533,4237243.8959]},"properties":{"OBJECTID":142,"Plant_Name":"Fain Gas Plant","Owner":null,"Operator":null,"State":"TX","County":"Potter","City":"Masterson","ZipCode":"79058","Cap_MMcfd":50,"Plant_Flow":35,"BTU_Content":1400,"Dry_Stor":null,"NGL_Stor":3048,"Longitude":-101.89556,"Latitude":35.53806,"Period":2017,"Source":"EIA-757, Natural Gas Processing Plant Survey","Loc_Source":"HIFLD"}},{"type":"Feature","id":143,"geometry":{"type":"Point","coordinates":[-10557229.9255,3774059.5135]},"properties":{"OBJECTID":143,"Plant_Name":"Fairplay-Duncan Gas Processing Plant","Owner":"Enterprise Gathering LLC","Operator":"Enterprise Gathering LLC","State":"TX","County":"Rusk","City":"Henderson","ZipCode":"75652","Cap_MMcfd":40,"Plant_Flow":30,"BTU_Content":1097,"Dry_Stor":null,"NGL_Stor":714,"Longitude":-94.83721,"Latitude":32.08185,"Period":2017,"Source":"EIA-757, Natural Gas Processing Plant Survey","Loc_Source":"HIFLD"}},{"type":"Feature","id":144,"geometry":{"type":"Point","coordinates":[-10640172.9648,3774591.6262]},"properties":{"OBJECTID":144,"Plant_Name":"Fairway Gas Plant","Owner":"Exxon","Operator":"Vanguard Natural Resourses, Inc.","State":"TX","County":"Henderson","City":"Poynor","ZipCode":"75782","Cap_MMcfd":88,"Plant_Flow":40,"BTU_Content":1086,"Dry_Stor":null,"NGL_Stor":1083,"Longitude":-95.5823,"Latitude":32.0859,"Period":2017,"Source":"EIA-757, Natural Gas Processing Plant Survey","Loc_Source":"HIFLD"}},{"type":"Feature","id":145,"geometry":{"type":"Point","coordinates":[-8971373.5728,4848159.7499]},"properties":{"OBJECTID":145,"Plant_Name":"Fort Beeler","Owner":"Williams Partners LP","Operator":"Williams Partners LP","State":"WV","County":"Marshall","City":"Cameron","ZipCode":"26033","Cap_MMcfd":520,"Plant_Flow":280,"BTU_Content":1212,"Dry_Stor":null,"NGL_Stor":19285,"Longitude":-80.59122,"Latitude":39.87752,"Period":2017,"Source":"EIA-757, Natural Gas Processing Plant Survey","Loc_Source":"EPA"}},{"type":"Feature","id":146,"geometry":{"type":"Point","coordinates":[-11757616.9377,5279757.237]},"properties":{"OBJECTID":146,"Plant_Name":"Fort Union Medicine Bow Treating Facility","Owner":"Crestone Energy Ventures LLC","Operator":"Western Gas Partners, LP","State":"WY","County":"Converse","City":"Douglas","ZipCode":"82633","Cap_MMcfd":340,"Plant_Flow":111,"BTU_Content":953,"Dry_Stor":null,"NGL_Stor":null,"Longitude":-105.62047,"Latitude":42.78799,"Period":2017,"Source":"EIA-757, Natural Gas Processing Plant Survey","Loc_Source":"HIFLD"}},{"type":"Feature","id":147,"geometry":{"type":"Point","coordinates":[-10854853.716,4075716.5288]},"properties":{"OBJECTID":147,"Plant_Name":"Fox Plant","Owner":"DCP Operating Company, LP","Operator":"DCP Operating Company, LP","State":"OK","County":"Carter","City":"Healdton","ZipCode":"73438","Cap_MMcfd":24,"Plant_Flow":18,"BTU_Content":1050,"Dry_Stor":null,"NGL_Stor":1450,"Longitude":-97.51081,"Latitude":34.34867,"Period":2017,"Source":"EIA-757, Natural Gas Processing Plant Survey","Loc_Source":"HIFLD"}},{"type":"Feature","id":148,"geometry":{"type":"Point","coordinates":[-9352855.449,5434013.1611]},"properties":{"OBJECTID":148,"Plant_Name":"Fraser 8","Owner":"Breitburn Operating, L.P.","Operator":"Breitburn Operating, L.P.","State":"MI","County":"Bay","City":"Pinconning","ZipCode":"48650","Cap_MMcfd":2,"Plant_Flow":2,"BTU_Content":null,"Dry_Stor":null,"NGL_Stor":null,"Longitude":-84.01813,"Latitude":43.79656,"Period":2017,"Source":"EIA-757, Natural Gas Processing Plant Survey","Loc_Source":"EPA"}},{"type":"Feature","id":149,"geometry":{"type":"Point","coordinates":[-11660829.0933,4886729.8992]},"properties":{"OBJECTID":149,"Plant_Name":"Ft. Lupton Plant","Owner":"Kerr McGee Gathering LLC","Operator":"Kerr McGee Gathering LLC","State":"CO","County":"Weld","City":"Ft. Lupton","ZipCode":"80621-9421","Cap_MMcfd":160,"Plant_Flow":148,"BTU_Content":1311,"Dry_Stor":null,"NGL_Stor":7850,"Longitude":-104.75101,"Latitude":40.1429,"Period":2017,"Source":"EIA-757, Natural Gas Processing Plant Survey","Loc_Source":"HIFLD"}},{"type":"Feature","id":150,"geometry":{"type":"Point","coordinates":[-11485888.2871,6081858.3953]},"properties":{"OBJECTID":150,"Plant_Name":"Garden Creek Natural Gas Processing Plant","Owner":"ONEOK","Operator":"ONEOK","State":"ND","County":"McKenzie","City":"Watford City","ZipCode":"58854","Cap_MMcfd":300,"Plant_Flow":300,"BTU_Content":1450,"Dry_Stor":null,"NGL_Stor":28100,"Longitude":-103.17949,"Latitude":47.84953,"Period":2017,"Source":"EIA-757, Natural Gas Processing Plant Survey","Loc_Source":"HIFLD"}},{"type":"Feature","id":151,"geometry":{"type":"Point","coordinates":[-12084191.5883,5589497.3437]},"properties":{"OBJECTID":151,"Plant_Name":"Garland Gas Plant","Owner":"Merit Energy Company","Operator":"Merit Energy Company","State":"WY","County":"Park","City":"Byron","ZipCode":"84212","Cap_MMcfd":4,"Plant_Flow":1,"BTU_Content":1090,"Dry_Stor":null,"NGL_Stor":572,"Longitude":-108.55414,"Latitude":44.79622,"Period":2017,"Source":"EIA-757, Natural Gas Processing Plant Survey","Loc_Source":"HIFLD"}},{"type":"Feature","id":152,"geometry":{"type":"Point","coordinates":[-10126075.0661,3457727.4992]},"properties":{"OBJECTID":152,"Plant_Name":"Gibson Plant","Owner":null,"Operator":"Enlink LIG Liquids, LLC","State":"LA","County":"Terrabone Parish","City":"Gibson","ZipCode":"70356","Cap_MMcfd":110,"Plant_Flow":84,"BTU_Content":1082,"Dry_Stor":null,"NGL_Stor":null,"Longitude":-90.96408,"Latitude":29.64288,"Period":2017,"Source":"EIA-757, Natural Gas Processing Plant Survey","Loc_Source":"HIFLD"}},{"type":"Feature","id":153,"geometry":{"type":"Point","coordinates":[-11666514.1797,4905908.0426]},"properties":{"OBJECTID":153,"Plant_Name":"Gilcrest Plant","Owner":"AKA Energy","Operator":"AKA Eenergy Group","State":"CO","County":"Weld","City":"Platteville","ZipCode":"80651","Cap_MMcfd":23,"Plant_Flow":22,"BTU_Content":1257,"Dry_Stor":null,"NGL_Stor":1857,"Longitude":-104.80208,"Latitude":40.27447,"Period":2017,"Source":"EIA-757, Natural Gas Processing Plant Survey","Loc_Source":"HIFLD"}},{"type":"Feature","id":154,"geometry":{"type":"Point","coordinates":[-10370183.1247,3538732.4732]},"properties":{"OBJECTID":154,"Plant_Name":"Gillis Gas Plant","Owner":"Targa Field Services LLC","Operator":"Targa Field Services LLC","State":"LA","County":"Calcasieu","City":"Lake Charles","ZipCode":"70615","Cap_MMcfd":180,"Plant_Flow":164,"BTU_Content":1113,"Dry_Stor":null,"NGL_Stor":11280,"Longitude":-93.15694,"Latitude":30.27333,"Period":2017,"Source":"EIA-757, Natural Gas Processing Plant Survey","Loc_Source":"HIFLD"}},{"type":"Feature","id":155,"geometry":{"type":"Point","coordinates":[-10947781.0006,3051341.3426]},"properties":{"OBJECTID":155,"Plant_Name":"Gilmore Natural Gas Plant","Owner":"Enterprise Hydrocarbons L.P.","Operator":"Enterprise Hydrocarbons L.P.","State":"TX","County":"Hidalgo","City":"Edinburg","ZipCode":"78541","Cap_MMcfd":265,"Plant_Flow":225,"BTU_Content":1140,"Dry_Stor":null,"NGL_Stor":900,"Longitude":-98.34559,"Latitude":26.42119,"Period":2017,"Source":"EIA-757, Natural Gas Processing Plant Survey","Loc_Source":"HIFLD"}},{"type":"Feature","id":156,"geometry":{"type":"Point","coordinates":[-10683860.299,4296169.599]},"properties":{"OBJECTID":156,"Plant_Name":"Glenpool (Creek) Plant","Owner":"Kinder Morgan (Scissortail Energy LLC)","Operator":"Kinder Morgan (Scissortail Energy LLC)","State":"OK","County":"Jenks","City":"Tulsa","ZipCode":"74033","Cap_MMcfd":25,"Plant_Flow":4,"BTU_Content":1146,"Dry_Stor":null,"NGL_Stor":1500,"Longitude":-95.97475,"Latitude":35.96764,"Period":2017,"Source":"EIA-757, Natural Gas Processing Plant Survey","Loc_Source":"HIFLD"}},{"type":"Feature","id":157,"geometry":{"type":"Point","coordinates":[-10859617.0771,3828919.2538]},"properties":{"OBJECTID":157,"Plant_Name":"Godley gas Plant","Owner":"Energy Transfer partners","Operator":"Energy transfer partners","State":"TX","County":"Johnson","City":"Godley","ZipCode":"76044","Cap_MMcfd":700,"Plant_Flow":350,"BTU_Content":1280,"Dry_Stor":null,"NGL_Stor":10000,"Longitude":-97.5536,"Latitude":32.49845,"Period":2017,"Source":"EIA-757, Natural Gas Processing Plant Survey","Loc_Source":"HIFLD"}},{"type":"Feature","id":158,"geometry":{"type":"Point","coordinates":[-10860013.3744,3841721.0794]},"properties":{"OBJECTID":158,"Plant_Name":"Goforth Plant","Owner":null,"Operator":"Enlink Texas Processing, LP","State":"TX","County":"Parker","City":"Fort Worth","ZipCode":"76126","Cap_MMcfd":30,"Plant_Flow":20,"BTU_Content":1213,"Dry_Stor":15,"NGL_Stor":75,"Longitude":-97.55716,"Latitude":32.59539,"Period":2017,"Source":"EIA-757, Natural Gas Processing Plant Survey","Loc_Source":"HIFLD"}},{"type":"Feature","id":159,"geometry":{"type":"Point","coordinates":[-11425221.391,3760814.2154]},"properties":{"OBJECTID":159,"Plant_Name":"Goldsmith","Owner":"DCP Operating Company, LP","Operator":"DCP Operating Company, LP","State":"TX","County":"Ector","City":"Goldsmith","ZipCode":"79741","Cap_MMcfd":160,"Plant_Flow":165,"BTU_Content":1325,"Dry_Stor":null,"NGL_Stor":9000,"Longitude":-102.63451,"Latitude":31.98098,"Period":2017,"Source":"EIA-757, Natural Gas Processing Plant Survey","Loc_Source":"HIFLD"}},{"type":"Feature","id":160,"geometry":{"type":"Point","coordinates":[-10869207.2512,3327021.4166]},"properties":{"OBJECTID":160,"Plant_Name":"Goliad Gas Plant","Owner":"DCP Operating Company, LP","Operator":"DCP Operating Company, LP","State":"TX","County":"Goliad","City":"Berclair","ZipCode":"78710","Cap_MMcfd":230,"Plant_Flow":177,"BTU_Content":1277,"Dry_Stor":null,"NGL_Stor":null,"Longitude":-97.63975,"Latitude":28.61726,"Period":2017,"Source":"EIA-757, Natural Gas Processing Plant Survey","Loc_Source":"EPA"}},{"type":"Feature","id":161,"geometry":{"type":"Point","coordinates":[-11463526.4278,3631129.7824]},"properties":{"OBJECTID":161,"Plant_Name":"Gomez Plant","Owner":"ETC Field Services LLC","Operator":"ETC Field Services LLC","State":"TX","County":"Pecos","City":"Fort Stockton","ZipCode":"79735","Cap_MMcfd":84,"Plant_Flow":80,"BTU_Content":950,"Dry_Stor":null,"NGL_Stor":null,"Longitude":-102.97861,"Latitude":30.98753,"Period":2017,"Source":"EIA-757, Natural Gas Processing Plant Survey","Loc_Source":"HIFLD"}},{"type":"Feature","id":162,"geometry":{"type":"Point","coordinates":[-9507697.5211,5482573.7712]},"properties":{"OBJECTID":162,"Plant_Name":"Goose Lake Gas Plant","Owner":"Dart Oil & Gas Corporation","Operator":"Dart Oil & Gas Corp","State":"MI","County":"Osceola","City":"Leroy","ZipCode":"49655","Cap_MMcfd":2,"Plant_Flow":null,"BTU_Content":1134,"Dry_Stor":null,"NGL_Stor":607,"Longitude":-85.4091,"Latitude":44.1106,"Period":2017,"Source":"EIA-757, Natural Gas Processing Plant Survey","Loc_Source":"HIFLD"}},{"type":"Feature","id":163,"geometry":{"type":"Point","coordinates":[-10946951.6704,3834338.5996]},"properties":{"OBJECTID":163,"Plant_Name":"Gordon","Owner":"Enbridge G&P North Texas L.P","Operator":"Enbridge G & P (North Texas), L.P.","State":"TX","County":"Palo Pinto","City":"Gordon","ZipCode":"76453","Cap_MMcfd":40,"Plant_Flow":35,"BTU_Content":1250,"Dry_Stor":null,"NGL_Stor":3600,"Longitude":-98.33814,"Latitude":32.5395,"Period":2017,"Source":"EIA-757, Natural Gas Processing Plant Survey","Loc_Source":"HIFLD"}},{"type":"Feature","id":164,"geometry":{"type":"Point","coordinates":[-10348352.2593,3473306.5961]},"properties":{"OBJECTID":164,"Plant_Name":"Grand Cheniere","Owner":"Kinetica Partners, LLC","Operator":"Kinetica Partners, LLC","State":"LA","County":"Cameron","City":"Grand Chenier","ZipCode":"70643","Cap_MMcfd":130,"Plant_Flow":26.082,"BTU_Content":1079,"Dry_Stor":0,"NGL_Stor":0,"Longitude":-92.96083,"Latitude":29.76444,"Period":2017,"Source":"EIA-757, Natural Gas Processing Plant Survey","Loc_Source":"HIFLD"}},{"type":"Feature","id":165,"geometry":{"type":"Point","coordinates":[-12240201.4019,5092291.0593]},"properties":{"OBJECTID":165,"Plant_Name":"Granger Gas Plant","Owner":"Mountain Gas Resources, LLC","Operator":"Anadarko Petroleum","State":"WY","County":"Sweetwater","City":"Green River","ZipCode":"82935","Cap_MMcfd":500,"Plant_Flow":296,"BTU_Content":1092,"Dry_Stor":null,"NGL_Stor":22300,"Longitude":-109.9556,"Latitude":41.5398,"Period":2017,"Source":"EIA-757, Natural Gas Processing Plant Survey","Loc_Source":"HIFLD"}},{"type":"Feature","id":166,"geometry":{"type":"Point","coordinates":[-11576903.1028,6039120.8062]},"properties":{"OBJECTID":166,"Plant_Name":"Grasslands Natural Gas Processing Plant","Owner":"ONEOK","Operator":"ONEOK","State":"ND","County":"McKenzie","City":"Alexander","ZipCode":"58831","Cap_MMcfd":85,"Plant_Flow":68,"BTU_Content":1340,"Dry_Stor":null,"NGL_Stor":31738,"Longitude":-103.99709,"Latitude":47.59125,"Period":2017,"Source":"EIA-757, Natural Gas Processing Plant Survey","Loc_Source":"HIFLD"}},{"type":"Feature","id":167,"geometry":{"type":"Point","coordinates":[-10423899.2317,3794443.8149]},"properties":{"OBJECTID":167,"Plant_Name":"Gravel Point","Owner":"Aethon United Pipeline LP","Operator":"Aethon Energy Operating LLC","State":"LA","County":"DeSoto","City":"Frierson","ZipCode":"71027","Cap_MMcfd":0,"Plant_Flow":0,"BTU_Content":null,"Dry_Stor":null,"NGL_Stor":null,"Longitude":-93.63948,"Latitude":32.23687,"Period":2017,"Source":"EIA-757, Natural Gas Processing Plant Survey","Loc_Source":"HIFLD"}},{"type":"Feature","id":168,"geometry":{"type":"Point","coordinates":[-11247294.9961,4233508.4806]},"properties":{"OBJECTID":168,"Plant_Name":"Gray County Plant","Owner":"ETC Field Services LLC","Operator":"ETC Field Services LLC","State":"TX","County":"Gray","City":"Pampa","ZipCode":"79065","Cap_MMcfd":20,"Plant_Flow":15,"BTU_Content":1600,"Dry_Stor":null,"NGL_Stor":4300,"Longitude":-101.03617,"Latitude":35.51075,"Period":2017,"Source":"EIA-757, Natural Gas Processing Plant Survey","Loc_Source":"HIFLD"}},{"type":"Feature","id":169,"geometry":{"type":"Point","coordinates":[-13262802.2818,4222559.8593]},"properties":{"OBJECTID":169,"Plant_Name":"Greeley Gas Plant","Owner":"Crimson Resource Management Corp","Operator":"Crimson Resource Management Corp","State":"CA","County":"Kern","City":"Bakersfield","ZipCode":"93309","Cap_MMcfd":0.7,"Plant_Flow":0.45,"BTU_Content":1200,"Dry_Stor":0,"NGL_Stor":238,"Longitude":-119.14178,"Latitude":35.43065,"Period":2017,"Source":"EIA-757, Natural Gas Processing Plant Survey","Loc_Source":"HIFLD"}},{"type":"Feature","id":170,"geometry":{"type":"Point","coordinates":[-11658453.5353,4919020.5242]},"properties":{"OBJECTID":170,"Plant_Name":"Greeley Plant","Owner":"DCP Operating Company, LP","Operator":"DCP Operating Company, LP","State":"CO","County":"Weld","City":"Evans","ZipCode":"80620","Cap_MMcfd":27,"Plant_Flow":25,"BTU_Content":1175,"Dry_Stor":null,"NGL_Stor":17150,"Longitude":-104.72967,"Latitude":40.36428,"Period":2017,"Source":"EIA-757, Natural Gas Processing Plant Survey","Loc_Source":"HIFLD"}},{"type":"Feature","id":171,"geometry":{"type":"Point","coordinates":[-11288634.6022,4233951.5758]},"properties":{"OBJECTID":171,"Plant_Name":"Grey Badger","Owner":"Midstream Energy Services, LLC","Operator":"Midstream Energy  Services, LLC","State":"TX","County":"Carson","City":"Panhandle","ZipCode":"79068","Cap_MMcfd":25,"Plant_Flow":8,"BTU_Content":1363,"Dry_Stor":null,"NGL_Stor":2800,"Longitude":-101.40753,"Latitude":35.51399,"Period":2017,"Source":"EIA-757, Natural Gas Processing Plant Survey","Loc_Source":"HIFLD"}},{"type":"Feature","id":172,"geometry":{"type":"Point","coordinates":[-8805436.2871,5133314.9668]},"properties":{"OBJECTID":172,"Plant_Name":"Grunder Run Plant","Owner":"KCS Energy, Inc","Operator":"KCS Energy, Inc.","State":"PA","County":"Warren","City":"Warren","ZipCode":"16365","Cap_MMcfd":2,"Plant_Flow":1,"BTU_Content":1360,"Dry_Stor":null,"NGL_Stor":1428,"Longitude":-79.10058,"Latitude":41.81505,"Period":2017,"Source":"EIA-757, Natural Gas Processing Plant Survey","Loc_Source":"HIFLD"}},{"type":"Feature","id":173,"geometry":{"type":"Point","coordinates":[-10898463.1266,3209539.7424]},"properties":{"OBJECTID":173,"Plant_Name":"Gulf Plains Gas Plant","Owner":"DCP Operating Company, LP","Operator":"DCP Operating Company, LP","State":"TX","County":"Nueces","City":"Bishop","ZipCode":"78343","Cap_MMcfd":170,"Plant_Flow":143,"BTU_Content":1200,"Dry_Stor":null,"NGL_Stor":3475,"Longitude":-97.90256,"Latitude":27.68677,"Period":2017,"Source":"EIA-757, Natural Gas Processing Plant Survey","Loc_Source":"HIFLD"}},{"type":"Feature","id":174,"geometry":{"type":"Point","coordinates":[-11465117.1833,3727947.0562]},"properties":{"OBJECTID":174,"Plant_Name":"Halley","Owner":"ETC Field Services LLC","Operator":"Energy Transfer Company","State":"TX","County":"Winkler","City":"Kermit","ZipCode":"79745","Cap_MMcfd":107,"Plant_Flow":90,"BTU_Content":1129,"Dry_Stor":null,"NGL_Stor":169,"Longitude":-102.9929,"Latitude":31.7302,"Period":2017,"Source":"EIA-757, Natural Gas Processing Plant Survey","Loc_Source":"HIFLD"}},{"type":"Feature","id":175,"geometry":{"type":"Point","coordinates":[-11161492.159,3877691.5468]},"properties":{"OBJECTID":175,"Plant_Name":"Hamlin","Owner":"ETC Field Services LLC","Operator":"ETC Field Services LLC","State":"TX","County":"Fisher","City":"Hamlin","ZipCode":"79520","Cap_MMcfd":6,"Plant_Flow":5,"BTU_Content":1380,"Dry_Stor":null,"NGL_Stor":570,"Longitude":-100.26539,"Latitude":32.86721,"Period":2017,"Source":"EIA-757, Natural Gas Processing Plant Survey","Loc_Source":"HIFLD"}},{"type":"Feature","id":176,"geometry":{"type":"Point","coordinates":[-13168951.0455,4002961.7393]},"properties":{"OBJECTID":176,"Plant_Name":"Harbor City","Owner":null,"Operator":"Brea Canon Oil Co., Inc.","State":"CA","County":"Los Angeles","City":"Harbor City","ZipCode":"90710-1400","Cap_MMcfd":null,"Plant_Flow":null,"BTU_Content":null,"Dry_Stor":null,"NGL_Stor":null,"Longitude":-118.2987,"Latitude":33.80734,"Period":2017,"Source":"EIA-757, Natural Gas Processing Plant Survey","Loc_Source":"EPA"}},{"type":"Feature","id":177,"geometry":{"type":"Point","coordinates":[-12146917.895,4750573.0829]},"properties":{"OBJECTID":177,"Plant_Name":"Harley Dome Plant","Owner":"Red Rock Gathering Company, LLC","Operator":"Red Rock Gathering Company, LLC.","State":"UT","County":"Grand County","City":null,"ZipCode":"81505","Cap_MMcfd":30,"Plant_Flow":14,"BTU_Content":1098,"Dry_Stor":null,"NGL_Stor":714,"Longitude":-109.11762,"Latitude":39.20148,"Period":2017,"Source":"EIA-757, Natural Gas Processing Plant Survey","Loc_Source":"HIFLD"}},{"type":"Feature","id":178,"geometry":{"type":"Point","coordinates":[-10818745.0128,4234097.9106]},"properties":{"OBJECTID":178,"Plant_Name":"Harrah Plant","Owner":"Kinder Morgan (Scissortail Energy LLC)","Operator":"Kinder Morgan (Scissortail Energy LLC)","State":"OK","County":"Lincoln","City":"Harrah","ZipCode":"73045","Cap_MMcfd":40,"Plant_Flow":32,"BTU_Content":1250,"Dry_Stor":null,"NGL_Stor":29525,"Longitude":-97.18644,"Latitude":35.51506,"Period":2017,"Source":"EIA-757, Natural Gas Processing Plant Survey","Loc_Source":"HIFLD"}},{"type":"Feature","id":179,"geometry":{"type":"Point","coordinates":[-8981002.7088,4800972.7143]},"properties":{"OBJECTID":179,"Plant_Name":"Hastings Extraction Plant","Owner":"Dominion Gathering and Processing, Inc.","Operator":"Dominion Energy Transmission, Inc.","State":"WV","County":"Wetzel","City":"Pine Grove","ZipCode":"26419","Cap_MMcfd":180,"Plant_Flow":147,"BTU_Content":1231,"Dry_Stor":null,"NGL_Stor":37979,"Longitude":-80.67772,"Latitude":39.55145,"Period":2017,"Source":"EIA-757, Natural Gas Processing Plant Survey","Loc_Source":"HIFLD"}},{"type":"Feature","id":180,"geometry":{"type":"Point","coordinates":[-9803552.445,3618676.7328]},"properties":{"OBJECTID":180,"Plant_Name":"Hatter`s Pond","Owner":null,"Operator":"Hilcorp Energy Co.","State":"AL","County":"Mobile","City":"Creola","ZipCode":"36525","Cap_MMcfd":70,"Plant_Flow":8,"BTU_Content":1295,"Dry_Stor":null,"NGL_Stor":15000,"Longitude":-88.06681,"Latitude":30.89158,"Period":2017,"Source":"EIA-757, Natural Gas Processing Plant Survey","Loc_Source":"HIFLD"}},{"type":"Feature","id":181,"geometry":{"type":"Point","coordinates":[-10597244.8296,3843872.3615]},"properties":{"OBJECTID":181,"Plant_Name":"Hawkins Gas Plant","Owner":"XTO Energy, Inc.","Operator":"XTO Energy, Inc.","State":"TX","County":"Wood","City":"Hawkins","ZipCode":"75765","Cap_MMcfd":180,"Plant_Flow":159,"BTU_Content":351,"Dry_Stor":null,"NGL_Stor":900,"Longitude":-95.19667,"Latitude":32.61167,"Period":2017,"Source":"EIA-757, Natural Gas Processing Plant Survey","Loc_Source":"HIFLD"}},{"type":"Feature","id":182,"geometry":{"type":"Point","coordinates":[-11526999.6883,6067571.3075]},"properties":{"OBJECTID":182,"Plant_Name":"Hay Butte","Owner":"Caliber North Dakota LLC","Operator":"Caliber North Dakota LLC","State":"ND","County":"McKenzie","City":"Alexander","ZipCode":"58831","Cap_MMcfd":10,"Plant_Flow":4.969,"BTU_Content":1170,"Dry_Stor":null,"NGL_Stor":5000,"Longitude":-103.5488,"Latitude":47.76333,"Period":2017,"Source":"EIA-757, Natural Gas Processing Plant Survey","Loc_Source":"HIFLD"}},{"type":"Feature","id":183,"geometry":{"type":"Point","coordinates":[-12105519.2895,4793482.5394]},"properties":{"OBJECTID":183,"Plant_Name":"Hay Canyon Treatment Facility","Owner":"Caerus Piceance LLC","Operator":null,"State":"CO","County":"Garfield","City":"Loma","ZipCode":"81524","Cap_MMcfd":20,"Plant_Flow":3,"BTU_Content":1070,"Dry_Stor":null,"NGL_Stor":1428,"Longitude":-108.74573,"Latitude":39.49955,"Period":2017,"Source":"EIA-757, Natural Gas Processing Plant Survey","Loc_Source":"HIFLD"}},{"type":"Feature","id":184,"geometry":{"type":"Point","coordinates":[-11175211.173,4268846.8332]},"properties":{"OBJECTID":184,"Plant_Name":"Hemphill (C, D & E)","Owner":"Superior Pipeline Corporation","Operator":"Superior Pipeline Corporation","State":"TX","County":"Hemphill","City":"Canadian","ZipCode":"79014","Cap_MMcfd":275,"Plant_Flow":195,"BTU_Content":null,"Dry_Stor":null,"NGL_Stor":800,"Longitude":-100.38863,"Latitude":35.76874,"Period":2017,"Source":"EIA-757, Natural Gas Processing Plant Survey","Loc_Source":"EPA"}},{"type":"Feature","id":185,"geometry":{"type":"Point","coordinates":[-11171395.1409,4278601.803]},"properties":{"OBJECTID":185,"Plant_Name":"Hemphill Plant","Owner":"ETC Field Services LLC","Operator":"ETC Field Services LLC","State":"TX","County":"Hemphill","City":"Canadian","ZipCode":"79014","Cap_MMcfd":50,"Plant_Flow":48,"BTU_Content":1254,"Dry_Stor":null,"NGL_Stor":2143,"Longitude":-100.35435,"Latitude":35.83981,"Period":2017,"Source":"EIA-757, Natural Gas Processing Plant Survey","Loc_Source":"HIFLD"}},{"type":"Feature","id":186,"geometry":{"type":"Point","coordinates":[-10561777.3267,3784185.5273]},"properties":{"OBJECTID":186,"Plant_Name":"Henderson","Owner":"Enbridge G & P (East Texas) L.P.","Operator":"Enbridge G & P (East Texas) L.P.","State":"TX","County":"Rusk","City":"Henderson","ZipCode":"75654","Cap_MMcfd":280,"Plant_Flow":115,"BTU_Content":1090,"Dry_Stor":null,"NGL_Stor":600,"Longitude":-94.87806,"Latitude":32.15889,"Period":2017,"Source":"EIA-757, Natural Gas Processing Plant Survey","Loc_Source":"HIFLD"}},{"type":"Feature","id":187,"geometry":{"type":"Point","coordinates":[-11620943.3197,5009579.3855]},"properties":{"OBJECTID":187,"Plant_Name":"Hereford Ranch Plant","Owner":"Summit Midstream Partners, LLC","Operator":"Meadowlark Midstream Company, LLC","State":"CO","County":"Weld","City":"Hereford","ZipCode":"80729","Cap_MMcfd":20,"Plant_Flow":13,"BTU_Content":1250,"Dry_Stor":null,"NGL_Stor":329,"Longitude":-104.39271,"Latitude":40.98127,"Period":2017,"Source":"EIA-757, Natural Gas Processing Plant Survey","Loc_Source":"HIFLD"}},{"type":"Feature","id":188,"geometry":{"type":"Point","coordinates":[-8963613.4911,5007106.8312]},"properties":{"OBJECTID":188,"Plant_Name":"Hickory Bend","Owner":"Columbia Pennant, LLC","Operator":"TransCanada/Columbia Midstream","State":"OH","County":"Mahoning","City":"New Middletown","ZipCode":"44442","Cap_MMcfd":200,"Plant_Flow":95,"BTU_Content":1242,"Dry_Stor":1,"NGL_Stor":4500,"Longitude":-80.52151,"Latitude":40.9645,"Period":2017,"Source":"EIA-757, Natural Gas Processing Plant Survey","Loc_Source":"Internet Reearch"}},{"type":"Feature","id":189,"geometry":{"type":"Point","coordinates":[-11175988.1831,4227134.8105]},"properties":{"OBJECTID":189,"Plant_Name":"Hidetown Plant","Owner":"Enbridge Pipelines (Texas Gathering) L.P.","Operator":"Enbridge Pipelines (Texas Gathering) L.P.","State":"TX","County":"Wheeler","City":"Wheeler","ZipCode":"79096","Cap_MMcfd":132,"Plant_Flow":3,"BTU_Content":1121,"Dry_Stor":null,"NGL_Stor":833,"Longitude":-100.39561,"Latitude":35.46413,"Period":2017,"Source":"EIA-757, Natural Gas Processing Plant Survey","Loc_Source":"HIFLD"}},{"type":"Feature","id":190,"geometry":{"type":"Point","coordinates":[-11331189.8171,3744077.203]},"properties":{"OBJECTID":190,"Plant_Name":"High Plains Plant","Owner":"Targa Resources","Operator":null,"State":"TX","County":"Midland","City":"Midland","ZipCode":"79706","Cap_MMcfd":200,"Plant_Flow":171,"BTU_Content":1260,"Dry_Stor":0,"NGL_Stor":837,"Longitude":-101.78981,"Latitude":31.85336,"Period":2017,"Source":"EIA-757, Natural Gas Processing Plant Survey","Loc_Source":"EPA"}},{"type":"Feature","id":191,"geometry":{"type":"Point","coordinates":[-11728894.2827,5441031.5043]},"properties":{"OBJECTID":191,"Plant_Name":"Hilight Complex","Owner":"Western Gas Partners, LP","Operator":"Western Gas Partners, LP","State":"WY","County":"Campbell","City":"Gillette","ZipCode":"82718","Cap_MMcfd":60,"Plant_Flow":52,"BTU_Content":1385,"Dry_Stor":null,"NGL_Stor":13725,"Longitude":-105.36245,"Latitude":43.84205,"Period":2017,"Source":"EIA-757, Natural Gas Processing Plant Survey","Loc_Source":"HIFLD"}},{"type":"Feature","id":192,"geometry":{"type":"Point","coordinates":[-11169762.084,4258442.6369]},"properties":{"OBJECTID":192,"Plant_Name":"Hobart Cryo Plant","Owner":"Enbridge Pipelines (Texas Gathering) L.P.","Operator":"Enbridge Pipelines (Texas Gathering) L.P.","State":"TX","County":"Hemphill","City":"Canadian","ZipCode":"79014","Cap_MMcfd":35,"Plant_Flow":null,"BTU_Content":null,"Dry_Stor":null,"NGL_Stor":1000,"Longitude":-100.33968,"Latitude":35.69287,"Period":2017,"Source":"EIA-757, Natural Gas Processing Plant Survey","Loc_Source":"HIFLD"}},{"type":"Feature","id":193,"geometry":{"type":"Point","coordinates":[-11176034.9373,4265887.8898]},"properties":{"OBJECTID":193,"Plant_Name":"Hobart Ranch Gas Plant","Owner":"Enbridge Pipelines (Texas Gathering) L.P.","Operator":"Enbridge Pipelines (Texas Gathering) L.P.","State":"TX","County":"Hemphill","City":"Canadian","ZipCode":"79014","Cap_MMcfd":125,"Plant_Flow":0,"BTU_Content":null,"Dry_Stor":null,"NGL_Stor":null,"Longitude":-100.39603,"Latitude":35.74717,"Period":2017,"Source":"EIA-757, Natural Gas Processing Plant Survey","Loc_Source":"HIFLD"}},{"type":"Feature","id":194,"geometry":{"type":"Point","coordinates":[-11500107.1257,3856286.8756]},"properties":{"OBJECTID":194,"Plant_Name":"Hobbs Cryogenics Plant","Owner":"DCP Operating Company, LP","Operator":"DCP Operating Company, LP","State":"NM","County":"Lea","City":"Hobbs","ZipCode":"88240","Cap_MMcfd":42,"Plant_Flow":20,"BTU_Content":1125,"Dry_Stor":null,"NGL_Stor":80,"Longitude":-103.30722,"Latitude":32.70556,"Period":2017,"Source":"EIA-757, Natural Gas Processing Plant Survey","Loc_Source":"HIFLD"}},{"type":"Feature","id":195,"geometry":{"type":"Point","coordinates":[-10980365.3287,4394915.5381]},"properties":{"OBJECTID":195,"Plant_Name":"Hopeton","Owner":"SenGas, LP","Operator":"SemGas, LP","State":"OK","County":"Woods","City":"Dacoma","ZipCode":"73731","Cap_MMcfd":140,"Plant_Flow":80,"BTU_Content":1158,"Dry_Stor":null,"NGL_Stor":null,"Longitude":-98.6383,"Latitude":36.6823,"Period":2017,"Source":"EIA-757, Natural Gas Processing Plant Survey","Loc_Source":"EPA"}},{"type":"Feature","id":196,"geometry":{"type":"Point","coordinates":[-10756022.0457,3435572.9073]},"properties":{"OBJECTID":196,"Plant_Name":"Houston Central Plant","Owner":"Copano Processing LLC","Operator":"Copano Processing LLC","State":"TX","County":"Colorado","City":"Sheridan","ZipCode":"77475","Cap_MMcfd":1000,"Plant_Flow":707,"BTU_Content":null,"Dry_Stor":null,"NGL_Stor":24608,"Longitude":-96.62299,"Latitude":29.46976,"Period":2017,"Source":"EIA-757, Natural Gas Processing Plant Survey","Loc_Source":"HIFLD"}},{"type":"Feature","id":197,"geometry":{"type":"Point","coordinates":[-8934179.5045,4904250.6961]},"properties":{"OBJECTID":197,"Plant_Name":"Houston Plant","Owner":"MarkWest Liberty Midstream & Resources","Operator":"MarkWest Liberty Midstream & Resources","State":"PA","County":"Washington","City":"Washington","ZipCode":"15301","Cap_MMcfd":520,"Plant_Flow":495,"BTU_Content":1269,"Dry_Stor":null,"NGL_Stor":null,"Longitude":-80.2571,"Latitude":40.26311,"Period":2017,"Source":"EIA-757, Natural Gas Processing Plant Survey","Loc_Source":"HIFLD"}},{"type":"Feature","id":198,"geometry":{"type":"Point","coordinates":[-10952081.2725,3804613.4386]},"properties":{"OBJECTID":198,"Plant_Name":"Huckabay","Owner":"Enbridge G&P North Texas L.P","Operator":"Enbridge G & P (North Texas), L.P.","State":"TX","County":"Erath","City":"Stephenville","ZipCode":"76401","Cap_MMcfd":20,"Plant_Flow":19,"BTU_Content":1220,"Dry_Stor":null,"NGL_Stor":1833,"Longitude":-98.38422,"Latitude":32.31411,"Period":2017,"Source":"EIA-757, Natural Gas Processing Plant Survey","Loc_Source":"HIFLD"}},{"type":"Feature","id":199,"geometry":{"type":"Point","coordinates":[-10641366.3098,3609376.5667]},"properties":{"OBJECTID":199,"Plant_Name":"Huntsville Gas Plant","Owner":"Copano Processing LLC","Operator":"Copano Processing LLC","State":"TX","County":"Walker","City":"Huntsville","ZipCode":"77320","Cap_MMcfd":15,"Plant_Flow":5,"BTU_Content":1170,"Dry_Stor":null,"NGL_Stor":4285,"Longitude":-95.59302,"Latitude":30.81986,"Period":2017,"Source":"EIA-757, Natural Gas Processing Plant Survey","Loc_Source":"EPA"}},{"type":"Feature","id":200,"geometry":{"type":"Point","coordinates":[-9128662.4473,4636088.9476]},"properties":{"OBJECTID":200,"Plant_Name":"Hurricane Gas Processing Plant","Owner":"Tulsa Hurricane, LLC","Operator":"Elkhorn Gas Processing","State":"WV","County":"Putnam","City":"Hurricane","ZipCode":"25526","Cap_MMcfd":10,"Plant_Flow":4,"BTU_Content":1250,"Dry_Stor":null,"NGL_Stor":2429,"Longitude":-82.00417,"Latitude":38.40001,"Period":2017,"Source":"EIA-757, Natural Gas Processing Plant Survey","Loc_Source":"HIFLD"}},{"type":"Feature","id":201,"geometry":{"type":"Point","coordinates":[-11998572.4283,4459066.3101]},"properties":{"OBJECTID":201,"Plant_Name":"Ignacio Gas Plant","Owner":"Williams","Operator":"Williams Midstream Services, LLC","State":"CO","County":"LaPlata","City":"Durango","ZipCode":"81303","Cap_MMcfd":595,"Plant_Flow":407,"BTU_Content":1099,"Dry_Stor":null,"NGL_Stor":38850,"Longitude":-107.78501,"Latitude":37.14306,"Period":2017,"Source":"EIA-757, Natural Gas Processing Plant Survey","Loc_Source":"HIFLD"}},{"type":"Feature","id":202,"geometry":{"type":"Point","coordinates":[-11640741.4912,3824725.415]},"properties":{"OBJECTID":202,"Plant_Name":"Indian Basin Gas Plant","Owner":"Oxy Usa Wtp LP","Operator":"Oxy Permian Resources - Delaware Basin","State":"NM","County":"Eddy","City":"Lakewood","ZipCode":"88254","Cap_MMcfd":300,"Plant_Flow":64,"BTU_Content":1260,"Dry_Stor":0,"NGL_Stor":5000,"Longitude":-104.57056,"Latitude":32.46667,"Period":2017,"Source":"EIA-757, Natural Gas Processing Plant Survey","Loc_Source":"HIFLD"}},{"type":"Feature","id":203,"geometry":{"type":"Point","coordinates":[-11224061.5052,4286818.0149]},"properties":{"OBJECTID":203,"Plant_Name":"Indian Creek Gas Plant","Owner":"Crestwood Panhandle Pipeline LLC","Operator":"Crestwood Panhandle Pipeline LLC","State":"TX","County":"Roberts","City":"Pampa","ZipCode":"79065","Cap_MMcfd":36,"Plant_Flow":23,"BTU_Content":1260,"Dry_Stor":null,"NGL_Stor":1109,"Longitude":-100.82746,"Latitude":35.89962,"Period":2017,"Source":"EIA-757, Natural Gas Processing Plant Survey","Loc_Source":"HIFLD"}},{"type":"Feature","id":204,"geometry":{"type":"Point","coordinates":[-10980903.0019,3902495.006]},"properties":{"OBJECTID":204,"Plant_Name":"Indian Mound","Owner":"Advance NGL, Inc.","Operator":"Advance NGL, Inc.","State":"TX","County":"Young","City":"Graham","ZipCode":"76450","Cap_MMcfd":1,"Plant_Flow":1,"BTU_Content":null,"Dry_Stor":null,"NGL_Stor":1429,"Longitude":-98.64313,"Latitude":33.05416,"Period":2017,"Source":"EIA-757, Natural Gas Processing Plant Survey","Loc_Source":"HIFLD"}},{"type":"Feature","id":205,"geometry":{"type":"Point","coordinates":[-10542274.1519,3601220.6525]},"properties":{"OBJECTID":205,"Plant_Name":"Indian Springs Gas Plant","Owner":"TECO Gas Processing, LLC","Operator":"Enterprise Products Operating LLC","State":"TX","County":"Polk","City":"Livingston","ZipCode":"77351","Cap_MMcfd":146,"Plant_Flow":125,"BTU_Content":1160,"Dry_Stor":null,"NGL_Stor":1068,"Longitude":-94.70286,"Latitude":30.75692,"Period":2017,"Source":"EIA-757, Natural Gas Processing Plant Survey","Loc_Source":"HIFLD"}},{"type":"Feature","id":206,"geometry":{"type":"Point","coordinates":[-10352959.773,3565579.3386]},"properties":{"OBJECTID":206,"Plant_Name":"Indian Village Plant","Owner":"JP Oil Company, LLC","Operator":"JP Oil Company, LLC","State":"LA","County":"Allen","City":"Reaves","ZipCode":"70658","Cap_MMcfd":3,"Plant_Flow":2,"BTU_Content":null,"Dry_Stor":null,"NGL_Stor":714,"Longitude":-93.00222,"Latitude":30.48139,"Period":2017,"Source":"EIA-757, Natural Gas Processing Plant Survey","Loc_Source":"HIFLD"}},{"type":"Feature","id":207,"geometry":{"type":"Point","coordinates":[-10746520.9272,3389599.246]},"properties":{"OBJECTID":207,"Plant_Name":"Jackson Plant","Owner":"ETC Texas Pipeline, Ltd.","Operator":"Energy Transfer Company","State":"TX","County":"Jackson","City":"Ganado","ZipCode":"77962","Cap_MMcfd":800,"Plant_Flow":690,"BTU_Content":1267,"Dry_Stor":null,"NGL_Stor":10714,"Longitude":-96.53764,"Latitude":29.10957,"Period":2017,"Source":"EIA-757, Natural Gas Processing Plant Survey","Loc_Source":"EPA"}},{"type":"Feature","id":208,"geometry":{"type":"Point","coordinates":[-11485233.7285,3786194.9227]},"properties":{"OBJECTID":208,"Plant_Name":"Jal #3 Plant","Owner":"ETC Field Services LLC","Operator":"ETC Field Services LLC","State":"NM","County":"Lea","City":"Jal","ZipCode":"88252","Cap_MMcfd":110,"Plant_Flow":95,"BTU_Content":null,"Dry_Stor":null,"NGL_Stor":6680,"Longitude":-103.17361,"Latitude":32.17417,"Period":2017,"Source":"EIA-757, Natural Gas Processing Plant Survey","Loc_Source":"HIFLD"}},{"type":"Feature","id":209,"geometry":{"type":"Point","coordinates":[-11207901.2547,3769757.4922]},"properties":{"OBJECTID":209,"Plant_Name":"Jameson Plant","Owner":"WTG Jameson LP","Operator":"West Texas Gas Processing LP","State":"TX","County":"Coke","City":"Silver","ZipCode":"76949","Cap_MMcfd":60,"Plant_Flow":58,"BTU_Content":1349,"Dry_Stor":null,"NGL_Stor":750,"Longitude":-100.68229,"Latitude":32.0491,"Period":2017,"Source":"EIA-757, Natural Gas Processing Plant Survey","Loc_Source":"HIFLD"}},{"type":"Feature","id":210,"geometry":{"type":"Point","coordinates":[-11256898.5286,4517342.7502]},"properties":{"OBJECTID":210,"Plant_Name":"Jayhawk Gas Plant","Owner":"Linn Energy","Operator":"Linn Energy","State":"KS","County":"Grant","City":"Ulysses","ZipCode":"67880","Cap_MMcfd":450,"Plant_Flow":250,"BTU_Content":1000,"Dry_Stor":null,"NGL_Stor":null,"Longitude":-101.12244,"Latitude":37.55921,"Period":2017,"Source":"EIA-757, Natural Gas Processing Plant Survey","Loc_Source":"HIFLD"}},{"type":"Feature","id":211,"geometry":{"type":"Point","coordinates":[-10470593.3054,3751642.8353]},"properties":{"OBJECTID":211,"Plant_Name":"Joaquin Plant","Owner":"Enable Midstream Partners","Operator":"Enable Midstream Partners","State":"TX","County":"Shelby","City":"Joaquin","ZipCode":"75954","Cap_MMcfd":40,"Plant_Flow":5,"BTU_Content":1070,"Dry_Stor":null,"NGL_Stor":1191,"Longitude":-94.05894,"Latitude":31.91107,"Period":2017,"Source":"EIA-757, Natural Gas Processing Plant Survey","Loc_Source":"HIFLD"}},{"type":"Feature","id":212,"geometry":{"type":"Point","coordinates":[-9484049.9217,5572851.211]},"properties":{"OBJECTID":212,"Plant_Name":"Kalkaska Gas Processing","Owner":"Merit Energy Company","Operator":null,"State":"MI","County":"Kalkaska","City":"Kalkaska","ZipCode":"49680","Cap_MMcfd":75,"Plant_Flow":32,"BTU_Content":1099,"Dry_Stor":0,"NGL_Stor":42000,"Longitude":-85.19667,"Latitude":44.69001,"Period":2017,"Source":"EIA-757, Natural Gas Processing Plant Survey","Loc_Source":"HIFLD"}},{"type":"Feature","id":213,"geometry":{"type":"Point","coordinates":[-8767835.9026,5112763.9417]},"properties":{"OBJECTID":213,"Plant_Name":"Kane Gas Plant","Owner":"Kane GPP LP","Operator":"Elkhorn Gas Processing","State":"PA","County":"McKean","City":"Kane","ZipCode":"16735","Cap_MMcfd":12,"Plant_Flow":5,"BTU_Content":1293,"Dry_Stor":null,"NGL_Stor":3035,"Longitude":-78.76281,"Latitude":41.67731,"Period":2017,"Source":"EIA-757, Natural Gas Processing Plant Survey","Loc_Source":"HIFLD"}},{"type":"Feature","id":214,"geometry":{"type":"Point","coordinates":[-10272777.457,3488279.3462]},"properties":{"OBJECTID":214,"Plant_Name":"Kaplan Plant","Owner":"PSI Midstream Partners, LP","Operator":"PSI Midstream Partners, LP","State":"LA","County":"Vermilion","City":"Abbeville","ZipCode":"70510","Cap_MMcfd":200,"Plant_Flow":120,"BTU_Content":1100,"Dry_Stor":null,"NGL_Stor":1000,"Longitude":-92.28193,"Latitude":29.88113,"Period":2017,"Source":"EIA-757, Natural Gas Processing Plant Survey","Loc_Source":"HIFLD"}},{"type":"Feature","id":215,"geometry":{"type":"Point","coordinates":[-12177344.8514,5001888.0746]},"properties":{"OBJECTID":215,"Plant_Name":"Kastler Dew Point Plant","Owner":"Dominion Energy Questar Pipeline","Operator":"Dominion Energy Questar Pipeline","State":"UT","County":"Daggett","City":"Dutch John","ZipCode":"84023","Cap_MMcfd":300,"Plant_Flow":9,"BTU_Content":1046,"Dry_Stor":null,"NGL_Stor":2143,"Longitude":-109.39095,"Latitude":40.92909,"Period":2017,"Source":"EIA-757, Natural Gas Processing Plant Survey","Loc_Source":"HIFLD"}},{"type":"Feature","id":216,"geometry":{"type":"Point","coordinates":[-11144627.2561,4223533.995]},"properties":{"OBJECTID":216,"Plant_Name":"Kelton Gas Plant","Owner":"Kelton Gas Services LLC","Operator":"Durango Midstream","State":"TX","County":"Wheeler","City":"Wheeler","ZipCode":"79096","Cap_MMcfd":90,"Plant_Flow":32,"BTU_Content":1200,"Dry_Stor":null,"NGL_Stor":1200,"Longitude":-100.11389,"Latitude":35.43778,"Period":2017,"Source":"EIA-757, Natural Gas Processing Plant Survey","Loc_Source":"HIFLD"}},{"type":"Feature","id":217,"geometry":{"type":"Point","coordinates":[-9194031.4787,4632221.7984]},"properties":{"OBJECTID":217,"Plant_Name":"Kenova","Owner":"Markwest Energy Partners, L.P.","Operator":"Markwest Energy Partners, L.P.","State":"WV","County":"Kanawha","City":"Kenova","ZipCode":"25045-0932","Cap_MMcfd":160,"Plant_Flow":108,"BTU_Content":1220,"Dry_Stor":null,"NGL_Stor":13600,"Longitude":-82.59139,"Latitude":38.37278,"Period":2017,"Source":"EIA-757, Natural Gas Processing Plant Survey","Loc_Source":"HIFLD"}},{"type":"Feature","id":218,"geometry":{"type":"Point","coordinates":[-9008387.3035,4973620.4015]},"properties":{"OBJECTID":218,"Plant_Name":"Kensington","Owner":"Utica East Ohio Midstream LLC","Operator":"Utica East Ohio Midstream LLC","State":"OH","County":"Columbiana","City":"Kensington","ZipCode":"77002","Cap_MMcfd":750,"Plant_Flow":501,"BTU_Content":1240,"Dry_Stor":null,"NGL_Stor":9200,"Longitude":-80.92372,"Latitude":40.73696,"Period":2017,"Source":"EIA-757, Natural Gas Processing Plant Survey","Loc_Source":"Internet Reearch"}},{"type":"Feature","id":219,"geometry":{"type":"Point","coordinates":[-11601758.5187,4974131.6791]},"properties":{"OBJECTID":219,"Plant_Name":"Keota Gas Plant","Owner":"Noble Energy","Operator":"Noble Midstream Services","State":"CO","County":"Weld","City":"Briggsdale","ZipCode":"80611","Cap_MMcfd":30,"Plant_Flow":30,"BTU_Content":1450,"Dry_Stor":null,"NGL_Stor":2857,"Longitude":-104.22037,"Latitude":40.74044,"Period":2017,"Source":"EIA-757, Natural Gas Processing Plant Survey","Loc_Source":"EPA"}},{"type":"Feature","id":220,"geometry":{"type":"Point","coordinates":[-9173707.8793,4556646.2006]},"properties":{"OBJECTID":220,"Plant_Name":"Kermit","Owner":"Core Appalachia Operating, LLC","Operator":"Core Appalachia Operating, LLC","State":"WV","County":"Mingo","City":"Kermit","ZipCode":"25674","Cap_MMcfd":32,"Plant_Flow":18,"BTU_Content":1268,"Dry_Stor":null,"NGL_Stor":714,"Longitude":-82.40882,"Latitude":37.83857,"Period":2017,"Source":"EIA-757, Natural Gas Processing Plant Survey","Loc_Source":"HIFLD"}},{"type":"Feature","id":221,"geometry":{"type":"Point","coordinates":[-11470824.5336,3756166.6507]},"properties":{"OBJECTID":221,"Plant_Name":"Keystone","Owner":"ETC Field Services LLC","Operator":"ETC Field Services LLC","State":"TX","County":"Winkler","City":"Kermit","ZipCode":"79745","Cap_MMcfd":100,"Plant_Flow":100,"BTU_Content":1200,"Dry_Stor":0,"NGL_Stor":500,"Longitude":-103.04417,"Latitude":31.94556,"Period":2017,"Source":"EIA-757, Natural Gas Processing Plant Survey","Loc_Source":"HIFLD"}},{"type":"Feature","id":222,"geometry":{"type":"Point","coordinates":[-8808194.784,5133970.6877]},"properties":{"OBJECTID":222,"Plant_Name":"Keystone Gas Plant","Owner":"Elkhorn Holdings","Operator":"Elkhorn Gas Processing","State":"PA","County":"Warren","City":"Clarendon","ZipCode":"16735","Cap_MMcfd":10,"Plant_Flow":3,"BTU_Content":1293,"Dry_Stor":null,"NGL_Stor":2064,"Longitude":-79.12536,"Latitude":41.81944,"Period":2017,"Source":"EIA-757, Natural Gas Processing Plant Survey","Loc_Source":"HIFLD"}},{"type":"Feature","id":223,"geometry":{"type":"Point","coordinates":[-8914458.856,4983657.5594]},"properties":{"OBJECTID":223,"Plant_Name":"Keystone Plant","Owner":"MarkWest Liberty Midstream & Resource","Operator":"MarkWest Liberty Midstream & Resources","State":"PA","County":"Butler","City":"Evans City","ZipCode":"16033","Cap_MMcfd":410,"Plant_Flow":117,"BTU_Content":1219,"Dry_Stor":null,"NGL_Stor":55571,"Longitude":-80.0799464,"Latitude":40.8052444,"Period":2017,"Source":"EIA-757, Natural Gas Processing Plant Survey","Loc_Source":"HIFLD"}},{"type":"Feature","id":224,"geometry":{"type":"Point","coordinates":[-10915525.0649,3182072.3579]},"properties":{"OBJECTID":224,"Plant_Name":"King Ranch Gas Plant","Owner":"ETC Texas Pipeline, Ltd.","Operator":"ETC Texas Pipeline, Ltd.","State":"TX","County":"Kleberg","City":"Kingsville","ZipCode":"78363","Cap_MMcfd":650,"Plant_Flow":375,"BTU_Content":1170,"Dry_Stor":null,"NGL_Stor":140000,"Longitude":-98.05583,"Latitude":27.46806,"Period":2017,"Source":"EIA-757, Natural Gas Processing Plant Survey","Loc_Source":"HIFLD"}},{"type":"Feature","id":225,"geometry":{"type":"Point","coordinates":[-10880921.4012,4271696.7922]},"properties":{"OBJECTID":225,"Plant_Name":"Kingfisher","Owner":"DCP Operating Company, LP","Operator":"DCP Operating Company, LP","State":"OK","County":"Kingfisher","City":"Cashion","ZipCode":"73016","Cap_MMcfd":170,"Plant_Flow":115,"BTU_Content":1200,"Dry_Stor":null,"NGL_Stor":3600,"Longitude":-97.74498,"Latitude":35.78951,"Period":2017,"Source":"EIA-757, Natural Gas Processing Plant Survey","Loc_Source":"HIFLD"}},{"type":"Feature","id":226,"geometry":{"type":"Point","coordinates":[-10880921.4012,4271696.7922]},"properties":{"OBJECTID":226,"Plant_Name":"Kingfisher Midstream, LLC","Owner":"Alta Mesa Holdings, LP","Operator":"Kingfisher Midstream, LLC","State":"OK","County":"Kingfisher","City":"Dover","ZipCode":"73734-3513","Cap_MMcfd":60,"Plant_Flow":54,"BTU_Content":1244,"Dry_Stor":null,"NGL_Stor":null,"Longitude":-97.74498,"Latitude":35.78951,"Period":2017,"Source":"EIA-757, Natural Gas Processing Plant Survey","Loc_Source":"Internet Reearch"}},{"type":"Feature","id":227,"geometry":{"type":"Point","coordinates":[-10895120.2022,4531535.4631]},"properties":{"OBJECTID":227,"Plant_Name":"Kingman Gas Plant","Owner":"Durango Midstream","Operator":null,"State":"KS","County":"Kingman","City":"Cheney","ZipCode":"67025","Cap_MMcfd":26,"Plant_Flow":21,"BTU_Content":null,"Dry_Stor":null,"NGL_Stor":380,"Longitude":-97.87253,"Latitude":37.66021,"Period":2017,"Source":"EIA-757, Natural Gas Processing Plant Survey","Loc_Source":"HIFLD"}},{"type":"Feature","id":228,"geometry":{"type":"Point","coordinates":[-10896242.3027,3965482.5014]},"properties":{"OBJECTID":228,"Plant_Name":"Kripple Kreek Gas Plant","Owner":"Pecan Pipeline Company","Operator":"Pecan Pipeline Company","State":"TX","County":"Montague","City":"Bowie","ZipCode":"76230","Cap_MMcfd":160,"Plant_Flow":75,"BTU_Content":1200,"Dry_Stor":null,"NGL_Stor":7300,"Longitude":-97.88261,"Latitude":33.52713,"Period":2017,"Source":"EIA-757, Natural Gas Processing Plant Survey","Loc_Source":"HIFLD"}},{"type":"Feature","id":229,"geometry":{"type":"Point","coordinates":[-10217979.3245,3567442.1342]},"properties":{"OBJECTID":229,"Plant_Name":"Krotz Springs Gas Plant","Owner":"JP Oil Company, LLC","Operator":"JP Oil Company, LLC","State":"LA","County":"St. Landry","City":"Krotz Springs","ZipCode":"70750","Cap_MMcfd":5,"Plant_Flow":1,"BTU_Content":null,"Dry_Stor":null,"NGL_Stor":1143,"Longitude":-91.78967,"Latitude":30.49581,"Period":2017,"Source":"EIA-757, Natural Gas Processing Plant Survey","Loc_Source":"HIFLD"}},{"type":"Feature","id":230,"geometry":{"type":"Point","coordinates":[-12018247.0352,4392829.439]},"properties":{"OBJECTID":230,"Plant_Name":"Kutz Gas Plant","Owner":"Williams","Operator":"Williams Midstream Services, LLC","State":"NM","County":"San Juan","City":"Bloomfield","ZipCode":"87413","Cap_MMcfd":230,"Plant_Flow":114,"BTU_Content":1152,"Dry_Stor":null,"NGL_Stor":4285,"Longitude":-107.96175,"Latitude":36.66727,"Period":2017,"Source":"EIA-757, Natural Gas Processing Plant Survey","Loc_Source":"HIFLD"}},{"type":"Feature","id":231,"geometry":{"type":"Point","coordinates":[-10926505.6195,3158045.6685]},"properties":{"OBJECTID":231,"Plant_Name":"La Gloria","Owner":"DCP Operating Company, LP","Operator":"DCP Operating Company, LP","State":"TX","County":"Jim Wells","City":"Falfurrias","ZipCode":"78355","Cap_MMcfd":265,"Plant_Flow":40,"BTU_Content":1130,"Dry_Stor":null,"NGL_Stor":34120,"Longitude":-98.15447,"Latitude":27.27639,"Period":2017,"Source":"EIA-757, Natural Gas Processing Plant Survey","Loc_Source":"HIFLD"}},{"type":"Feature","id":232,"geometry":{"type":"Point","coordinates":[-10785590.7289,3504299.2577]},"properties":{"OBJECTID":232,"Plant_Name":"La Grange Plant","Owner":"ETC Texas Pipeline Ltd","Operator":"Energy Transfer Company","State":"TX","County":"Fayette","City":"La Grange","ZipCode":"78945","Cap_MMcfd":200,"Plant_Flow":110,"BTU_Content":1275,"Dry_Stor":null,"NGL_Stor":1700,"Longitude":-96.88861,"Latitude":30.00583,"Period":2017,"Source":"EIA-757, Natural Gas Processing Plant Survey","Loc_Source":"HIFLD"}},{"type":"Feature","id":233,"geometry":{"type":"Point","coordinates":[-11700271.8153,4514637.0799]},"properties":{"OBJECTID":233,"Plant_Name":"La Veta Gas Plant","Owner":"Tabula Rasa Energy LLC","Operator":"Tabula Rasa Energy LLC","State":"CO","County":"Huerfano","City":"La Veta","ZipCode":"81055","Cap_MMcfd":20,"Plant_Flow":4,"BTU_Content":285,"Dry_Stor":null,"NGL_Stor":2142,"Longitude":-105.10533,"Latitude":37.53994,"Period":2017,"Source":"EIA-757, Natural Gas Processing Plant Survey","Loc_Source":"HIFLD"}},{"type":"Feature","id":234,"geometry":{"type":"Point","coordinates":[-11398484.6757,4693002.2239]},"properties":{"OBJECTID":234,"Plant_Name":"Ladder Creek","Owner":"DCP Operating Company, LP","Operator":"DCP Operating Company, LP","State":"CO","County":"Cheyenne","City":"Cheyenne Wells","ZipCode":"80810","Cap_MMcfd":55,"Plant_Flow":15,"BTU_Content":750,"Dry_Stor":null,"NGL_Stor":600,"Longitude":-102.39433,"Latitude":38.79957,"Period":2017,"Source":"EIA-757, Natural Gas Processing Plant Survey","Loc_Source":"HIFLD"}},{"type":"Feature","id":235,"geometry":{"type":"Point","coordinates":[-8760604.5885,5131488.4463]},"properties":{"OBJECTID":235,"Plant_Name":"Lafayette","Owner":"MSL Oil & Gas Corp.","Operator":null,"State":"PA","County":"Mckean","City":"Lewis Run","ZipCode":"16738","Cap_MMcfd":2,"Plant_Flow":2,"BTU_Content":1360,"Dry_Stor":null,"NGL_Stor":700,"Longitude":-78.69785,"Latitude":41.80282,"Period":2017,"Source":"EIA-757, Natural Gas Processing Plant Survey","Loc_Source":"HIFLD"}},{"type":"Feature","id":236,"geometry":{"type":"Point","coordinates":[-10206072.5917,3534318.5154]},"properties":{"OBJECTID":236,"Plant_Name":"Lake LaRose Gas Plant","Owner":"Whiskey Bay Gathering Company","Operator":"Whiskey Bay Gathering Company","State":"LA","County":"St. Martin","City":"Breaux Bridge","ZipCode":"70517","Cap_MMcfd":5,"Plant_Flow":1,"BTU_Content":1118,"Dry_Stor":null,"NGL_Stor":150,"Longitude":-91.68271,"Latitude":30.23908,"Period":2017,"Source":"EIA-757, Natural Gas Processing Plant Survey","Loc_Source":"HIFLD"}},{"type":"Feature","id":237,"geometry":{"type":"Point","coordinates":[-11660537.4362,4887105.6123]},"properties":{"OBJECTID":237,"Plant_Name":"Lancaster Plant","Owner":"Western Gas Partners LLC","Operator":"Anadarko Petroleum","State":"CO","County":"Weld","City":"Ft. Lupton","ZipCode":"80621-9421","Cap_MMcfd":660,"Plant_Flow":653,"BTU_Content":1311,"Dry_Stor":null,"NGL_Stor":5700,"Longitude":-104.74839,"Latitude":40.14548,"Period":2017,"Source":"EIA-757, Natural Gas Processing Plant Survey","Loc_Source":"EPA"}},{"type":"Feature","id":238,"geometry":{"type":"Point","coordinates":[-9217285.0071,4512725.1389]},"properties":{"OBJECTID":238,"Plant_Name":"Langley Processing Plant","Owner":"Markwest Energy Partners, L.P.","Operator":"Markwest Energy Partners, L.P.","State":"KY","County":"Floyd","City":"Langley","ZipCode":"41645","Cap_MMcfd":295,"Plant_Flow":118,"BTU_Content":1290,"Dry_Stor":null,"NGL_Stor":4897,"Longitude":-82.80028,"Latitude":37.52632,"Period":2017,"Source":"EIA-757, Natural Gas Processing Plant Survey","Loc_Source":"HIFLD"}},{"type":"Feature","id":239,"geometry":{"type":"Point","coordinates":[-10062922.4058,3444775.9169]},"properties":{"OBJECTID":239,"Plant_Name":"Larose Processing Plant","Owner":"Discovery Producer Services","Operator":"Williams Energy LLC","State":"LA","County":"Lafourche","City":"Larose","ZipCode":"70373","Cap_MMcfd":600,"Plant_Flow":280,"BTU_Content":1175,"Dry_Stor":null,"NGL_Stor":100,"Longitude":-90.39677,"Latitude":29.54171,"Period":2017,"Source":"EIA-757, Natural Gas Processing Plant Survey","Loc_Source":"HIFLD"}},{"type":"Feature","id":240,"geometry":{"type":"Point","coordinates":[-11072270.7003,4275032.0664]},"properties":{"OBJECTID":240,"Plant_Name":"Leedey Natural Gas Processing","Owner":"ONEOK","Operator":"ONEOK","State":"OK","County":"Roger Mills","City":"Leedey","ZipCode":"73654-9311","Cap_MMcfd":50,"Plant_Flow":20,"BTU_Content":1180,"Dry_Stor":null,"NGL_Stor":2857,"Longitude":-99.4639,"Latitude":35.81381,"Period":2017,"Source":"EIA-757, Natural Gas Processing Plant Survey","Loc_Source":"HIFLD"}},{"type":"Feature","id":241,"geometry":{"type":"Point","coordinates":[-9042212.844,4931648.7097]},"properties":{"OBJECTID":241,"Plant_Name":"Leesville","Owner":"Utica East Ohio Midstream LLC","Operator":"Utica East Ohio Midstream LLC","State":"OH","County":"Carroll","City":"Dennison","ZipCode":"44621","Cap_MMcfd":250,"Plant_Flow":6,"BTU_Content":1268,"Dry_Stor":null,"NGL_Stor":3500,"Longitude":-81.22758,"Latitude":40.45066,"Period":2017,"Source":"EIA-757, Natural Gas Processing Plant Survey","Loc_Source":"Internet Reearch"}},{"type":"Feature","id":242,"geometry":{"type":"Point","coordinates":[-8756290.9583,5143293.0592]},"properties":{"OBJECTID":242,"Plant_Name":"Lewis Run Gas Plant","Owner":"Elkhorn Investments LLC","Operator":"Elkhorn Gas Processing","State":"PA","County":"McKean","City":"Bradford","ZipCode":"16701","Cap_MMcfd":5,"Plant_Flow":null,"BTU_Content":null,"Dry_Stor":null,"NGL_Stor":1821,"Longitude":-78.6591,"Latitude":41.88182,"Period":2017,"Source":"EIA-757, Natural Gas Processing Plant Survey","Loc_Source":"HIFLD"}},{"type":"Feature","id":243,"geometry":{"type":"Point","coordinates":[-8955483.8287,4740588.5055]},"properties":{"OBJECTID":243,"Plant_Name":"Lightburn Extraction Plant","Owner":"Dominion Gathering and Processing, Inc.","Operator":"Dominion Energy Transmission, Inc.","State":"WV","County":"Lewis","City":"Jane Lew","ZipCode":"26378","Cap_MMcfd":44,"Plant_Flow":9,"BTU_Content":1166,"Dry_Stor":null,"NGL_Stor":5028,"Longitude":-80.44848,"Latitude":39.13194,"Period":2017,"Source":"EIA-757, Natural Gas Processing Plant Survey","Loc_Source":"HIFLD"}},{"type":"Feature","id":244,"geometry":{"type":"Point","coordinates":[-11415110.2417,6253451.2652]},"properties":{"OBJECTID":244,"Plant_Name":"Lignite Natural Gas Processing Plant","Owner":"ONEOK","Operator":"ONEOK","State":"ND","County":"Burke","City":"Lignite","ZipCode":"58752","Cap_MMcfd":10,"Plant_Flow":7,"BTU_Content":1293,"Dry_Stor":null,"NGL_Stor":8571,"Longitude":-102.54368,"Latitude":48.87366,"Period":2017,"Source":"EIA-757, Natural Gas Processing Plant Survey","Loc_Source":"HIFLD"}},{"type":"Feature","id":245,"geometry":{"type":"Point","coordinates":[-11563206.3526,4965972.0601]},"properties":{"OBJECTID":245,"Plant_Name":"Lilli Gas Processing Facility","Owner":"Noble Energy","Operator":"Noble Midstream Services","State":"CO","County":"Weld","City":"New Raymer","ZipCode":"80742","Cap_MMcfd":18,"Plant_Flow":18,"BTU_Content":1400,"Dry_Stor":null,"NGL_Stor":2572,"Longitude":-103.87405,"Latitude":40.68488,"Period":2017,"Source":"EIA-757, Natural Gas Processing Plant Survey","Loc_Source":"HIFLD"}},{"type":"Feature","id":246,"geometry":{"type":"Point","coordinates":[-11497770.5296,3854748.4022]},"properties":{"OBJECTID":246,"Plant_Name":"Linam Ranch","Owner":"DCP Operating Company, LP","Operator":"DCP Operating Company, LP","State":"NM","County":"Lea","City":"Hobbs","ZipCode":"88240","Cap_MMcfd":225,"Plant_Flow":164,"BTU_Content":1241,"Dry_Stor":null,"NGL_Stor":1400,"Longitude":-103.28623,"Latitude":32.69393,"Period":2017,"Source":"EIA-757, Natural Gas Processing Plant Survey","Loc_Source":"HIFLD"}},{"type":"Feature","id":247,"geometry":{"type":"Point","coordinates":[-10336698.2218,3838988.9332]},"properties":{"OBJECTID":247,"Plant_Name":"Lincoln Parish Plant","Owner":"ETC PennTex LLC","Operator":null,"State":"LA","County":"Lincoln","City":"Arcadia","ZipCode":"71001","Cap_MMcfd":200,"Plant_Flow":150,"BTU_Content":1082,"Dry_Stor":null,"NGL_Stor":8500,"Longitude":-92.85614,"Latitude":32.57471,"Period":2017,"Source":"EIA-757, Natural Gas Processing Plant Survey","Loc_Source":"EPA"}},{"type":"Feature","id":248,"geometry":{"type":"Point","coordinates":[-11476817.975,5990677.6421]},"properties":{"OBJECTID":248,"Plant_Name":"Little Knife Gas Plant","Owner":"Petro Hunt LLC","Operator":"Petro Hunt LLC","State":"ND","County":"Billings","City":"Killdeer","ZipCode":"58640","Cap_MMcfd":25,"Plant_Flow":17,"BTU_Content":1400,"Dry_Stor":null,"NGL_Stor":12530,"Longitude":-103.09801,"Latitude":47.29694,"Period":2017,"Source":"EIA-757, Natural Gas Processing Plant Survey","Loc_Source":"HIFLD"}},{"type":"Feature","id":249,"geometry":{"type":"Point","coordinates":[-11522342.0808,3730677.5597]},"properties":{"OBJECTID":249,"Plant_Name":"Lobo I Plant","Owner":null,"Operator":"Delaware G&P LLC","State":"TX","County":"Loving","City":null,"ZipCode":null,"Cap_MMcfd":35,"Plant_Flow":22,"BTU_Content":1220,"Dry_Stor":null,"NGL_Stor":null,"Longitude":-103.50696,"Latitude":31.75106,"Period":2017,"Source":"EIA-757, Natural Gas Processing Plant Survey","Loc_Source":"EPA"}},{"type":"Feature","id":250,"geometry":{"type":"Point","coordinates":[-11522342.0808,3730677.5597]},"properties":{"OBJECTID":250,"Plant_Name":"Lobo II Plant","Owner":"Delaware Processing LLC","Operator":"Delaware Processing LLC","State":"TX","County":"Loving","City":"Mentone","ZipCode":"79754","Cap_MMcfd":135,"Plant_Flow":110,"BTU_Content":1300,"Dry_Stor":null,"NGL_Stor":700,"Longitude":-103.50696,"Latitude":31.75106,"Period":2017,"Source":"EIA-757, Natural Gas Processing Plant Survey","Loc_Source":"EPA"}},{"type":"Feature","id":251,"geometry":{"type":"Point","coordinates":[-13406524.65,4126211.9864]},"properties":{"OBJECTID":251,"Plant_Name":"Lompoc Oil & Gas Plant","Owner":"Freeport-McMoRan Oil & Gas - 100%","Operator":"Freeport-McMoRan Oil & Gas","State":"CA","County":"Santa Barbara","City":"Lompoc","ZipCode":"93436","Cap_MMcfd":15,"Plant_Flow":3,"BTU_Content":1176,"Dry_Stor":null,"NGL_Stor":2140,"Longitude":-120.43286,"Latitude":34.72234,"Period":2017,"Source":"EIA-757, Natural Gas Processing Plant Survey","Loc_Source":"HIFLD"}},{"type":"Feature","id":252,"geometry":{"type":"Point","coordinates":[-10944066.2692,3850444.9159]},"properties":{"OBJECTID":252,"Plant_Name":"Lone Camp","Owner":"Enbridge G&P North Texas L.P","Operator":"Enbridge G & P (North Texas), L.P.","State":"TX","County":"Palo Pinto","City":"Gordon","ZipCode":"76453","Cap_MMcfd":40,"Plant_Flow":30,"BTU_Content":1250,"Dry_Stor":null,"NGL_Stor":714,"Longitude":-98.31222,"Latitude":32.66139,"Period":2017,"Source":"EIA-757, Natural Gas Processing Plant Survey","Loc_Source":"HIFLD"}},{"type":"Feature","id":253,"geometry":{"type":"Point","coordinates":[-10892606.6081,3320035.9692]},"properties":{"OBJECTID":253,"Plant_Name":"Lone Star Plant","Owner":"Southcross Energy GP LLC","Operator":"FL Rich Gas Services, LP","State":"TX","County":"Bee","City":"Tuleta","ZipCode":"78162","Cap_MMcfd":300,"Plant_Flow":130,"BTU_Content":1278,"Dry_Stor":0,"NGL_Stor":760,"Longitude":-97.84995,"Latitude":28.56216,"Period":2017,"Source":"EIA-757, Natural Gas Processing Plant Survey","Loc_Source":"EPA"}},{"type":"Feature","id":254,"geometry":{"type":"Point","coordinates":[-11495192.3702,6055999.9043]},"properties":{"OBJECTID":254,"Plant_Name":"Lonesome Creek Natural Gas Processing Plant","Owner":"ONEOK","Operator":"ONEOK","State":"ND","County":"McKenzie","City":"Alexander","ZipCode":"58831","Cap_MMcfd":200,"Plant_Flow":173,"BTU_Content":1405,"Dry_Stor":null,"NGL_Stor":8571,"Longitude":-103.26307,"Latitude":47.69341,"Period":2017,"Source":"EIA-757, Natural Gas Processing Plant Survey","Loc_Source":"HIFLD"}},{"type":"Feature","id":255,"geometry":{"type":"Point","coordinates":[-10964258.5116,4002759.4427]},"properties":{"OBJECTID":255,"Plant_Name":"Longhorn Gas Plant","Owner":"Enerfin Resources Company","Operator":"Enerfin Resources II-92 LP","State":"TX","County":"Archer","City":"Wichita Falls","ZipCode":"76310","Cap_MMcfd":2,"Plant_Flow":1,"BTU_Content":1333,"Dry_Stor":0,"NGL_Stor":950,"Longitude":-98.49361,"Latitude":33.80583,"Period":2017,"Source":"EIA-757, Natural Gas Processing Plant Survey","Loc_Source":"HIFLD"}},{"type":"Feature","id":256,"geometry":{"type":"Point","coordinates":[-10856631.4883,3936647.8179]},"properties":{"OBJECTID":256,"Plant_Name":"Longhorn Gas Plant","Owner":"Targa Gas Processing LLC","Operator":"Targa Gas Processing LLC","State":"TX","County":"Wise","City":"Decatur","ZipCode":"76234","Cap_MMcfd":200,"Plant_Flow":127,"BTU_Content":1157,"Dry_Stor":0,"NGL_Stor":0,"Longitude":-97.52678,"Latitude":33.31093,"Period":2017,"Source":"EIA-757, Natural Gas Processing Plant Survey","Loc_Source":"HIFLD"}},{"type":"Feature","id":257,"geometry":{"type":"Point","coordinates":[-10560664.1317,3829600.3316]},"properties":{"OBJECTID":257,"Plant_Name":"Longview","Owner":"Enbridge G & P (East Texas) L.P.","Operator":"Enbridge G & P (East Texas) L.P.","State":"TX","County":"Gregg","City":"Longview","ZipCode":"75603","Cap_MMcfd":125,"Plant_Flow":110,"BTU_Content":1080,"Dry_Stor":null,"NGL_Stor":1000,"Longitude":-94.86806,"Latitude":32.50361,"Period":2017,"Source":"EIA-757, Natural Gas Processing Plant Survey","Loc_Source":"HIFLD"}},{"type":"Feature","id":258,"geometry":{"type":"Point","coordinates":[-10560664.1317,3829600.3316]},"properties":{"OBJECTID":258,"Plant_Name":"Longview Gas Plant","Owner":"American Midstream","Operator":null,"State":"TX","County":"Gregg","City":"Longview","ZipCode":"75604","Cap_MMcfd":50,"Plant_Flow":16,"BTU_Content":1270,"Dry_Stor":null,"NGL_Stor":7850,"Longitude":-94.86806,"Latitude":32.50361,"Period":2017,"Source":"EIA-757, Natural Gas Processing Plant Survey","Loc_Source":"HIFLD"}},{"type":"Feature","id":259,"geometry":{"type":"Point","coordinates":[-11978224.3386,5354677.5749]},"properties":{"OBJECTID":259,"Plant_Name":"Lost Cabin Gas Plant","Owner":"ConocoPhillips Company (Burlington Resources)","Operator":"ConocoPhillips","State":"WY","County":"Fremont","City":"Lysite","ZipCode":"82642","Cap_MMcfd":265,"Plant_Flow":211,"BTU_Content":984,"Dry_Stor":0,"NGL_Stor":0,"Longitude":-107.60222,"Latitude":43.27993,"Period":2017,"Source":"EIA-757, Natural Gas Processing Plant Survey","Loc_Source":"HIFLD"}},{"type":"Feature","id":260,"geometry":{"type":"Point","coordinates":[-11505640.8176,3750267.2707]},"properties":{"OBJECTID":260,"Plant_Name":"Loving Plant","Owner":"Targa Delaware LLC","Operator":"Targa Delaware LLC","State":"TX","County":"Loving","City":"Loving","ZipCode":"79745","Cap_MMcfd":70,"Plant_Flow":40,"BTU_Content":1210,"Dry_Stor":null,"NGL_Stor":1400,"Longitude":-103.35693,"Latitude":31.90058,"Period":2017,"Source":"EIA-757, Natural Gas Processing Plant Survey","Loc_Source":"EPA"}},{"type":"Feature","id":261,"geometry":{"type":"Point","coordinates":[-10327741.4556,3504574.3538]},"properties":{"OBJECTID":261,"Plant_Name":"Lowry Gas Plant","Owner":"Targa Resources","Operator":"Targa Resources","State":"LA","County":"Cameron","City":"Lake Arthur","ZipCode":"70549","Cap_MMcfd":220,"Plant_Flow":1,"BTU_Content":1065,"Dry_Stor":null,"NGL_Stor":null,"Longitude":-92.77568,"Latitude":30.00797,"Period":2017,"Source":"EIA-757, Natural Gas Processing Plant Survey","Loc_Source":"HIFLD"}},{"type":"Feature","id":262,"geometry":{"type":"Point","coordinates":[-11651162.1087,4932608.4011]},"properties":{"OBJECTID":262,"Plant_Name":"Lucerne","Owner":"DCP Operating Company, LP","Operator":"DCP Operating Company, LP","State":"CO","County":"Weld","City":"Greeley","ZipCode":"80631","Cap_MMcfd":36,"Plant_Flow":36,"BTU_Content":1175,"Dry_Stor":null,"NGL_Stor":3272,"Longitude":-104.66417,"Latitude":40.45722,"Period":2017,"Source":"EIA-757, Natural Gas Processing Plant Survey","Loc_Source":"HIFLD"}},{"type":"Feature","id":263,"geometry":{"type":"Point","coordinates":[-11651162.1087,4932608.4011]},"properties":{"OBJECTID":263,"Plant_Name":"Lucerne II","Owner":"DCP Operating Company, LP","Operator":"DCP Operating Company, LP","State":"CO","County":"Weld","City":"Greeley","ZipCode":"80631","Cap_MMcfd":225,"Plant_Flow":225,"BTU_Content":1175,"Dry_Stor":null,"NGL_Stor":null,"Longitude":-104.66417,"Latitude":40.45722,"Period":2017,"Source":"EIA-757, Natural Gas Processing Plant Survey","Loc_Source":"HIFLD"}},{"type":"Feature","id":264,"geometry":{"type":"Point","coordinates":[-9731779.2033,3692504.9063]},"properties":{"OBJECTID":264,"Plant_Name":"Lufkin Plant","Owner":null,"Operator":"Hilcorp Energy Co.","State":"AL","County":"Monroe","City":"Frisco City","ZipCode":"36445","Cap_MMcfd":3,"Plant_Flow":1,"BTU_Content":1100,"Dry_Stor":null,"NGL_Stor":952,"Longitude":-87.42206,"Latitude":31.45901,"Period":2017,"Source":"EIA-757, Natural Gas Processing Plant Survey","Loc_Source":"HIFLD"}},{"type":"Feature","id":265,"geometry":{"type":"Point","coordinates":[-10752227.1643,4040153.9629]},"properties":{"OBJECTID":265,"Plant_Name":"Madill Gas Plant","Owner":"Madill Gas Processing Company, Llc","Operator":"Carrera Operating Company","State":"OK","County":"Marshall","City":"Madill","ZipCode":"73446","Cap_MMcfd":50,"Plant_Flow":40,"BTU_Content":1200,"Dry_Stor":null,"NGL_Stor":3800,"Longitude":-96.5889,"Latitude":34.0845,"Period":2017,"Source":"EIA-757, Natural Gas Processing Plant Survey","Loc_Source":"HIFLD"}},{"type":"Feature","id":266,"geometry":{"type":"Point","coordinates":[-8963507.7376,4860655.5921]},"properties":{"OBJECTID":266,"Plant_Name":"Majorsville Plant","Owner":"MarkWest Liberty Midstream & Resource","Operator":"MarkWest Liberty Midstream & Resources","State":"WV","County":"Marshall","City":"Dallas","ZipCode":"26036","Cap_MMcfd":1070,"Plant_Flow":902,"BTU_Content":1241,"Dry_Stor":null,"NGL_Stor":null,"Longitude":-80.52056,"Latitude":39.96361,"Period":2017,"Source":"EIA-757, Natural Gas Processing Plant Survey","Loc_Source":"HIFLD"}},{"type":"Feature","id":267,"geometry":{"type":"Point","coordinates":[-11551839.5194,3870626.9483]},"properties":{"OBJECTID":267,"Plant_Name":"Maljamar Gas Plant","Owner":"AKA - Frontier Field Services","Operator":"Frontier Field Services","State":"NM","County":"Lea","City":"Maljamar","ZipCode":"88264","Cap_MMcfd":150,"Plant_Flow":85,"BTU_Content":1200,"Dry_Stor":null,"NGL_Stor":1143,"Longitude":-103.77194,"Latitude":32.81389,"Period":2017,"Source":"EIA-757, Natural Gas Processing Plant Survey","Loc_Source":"HIFLD"}},{"type":"Feature","id":268,"geometry":{"type":"Point","coordinates":[-9473167.3283,5478655.1573]},"properties":{"OBJECTID":268,"Plant_Name":"Marion Gas Plant","Owner":"Dart Oil & Gas Corporation","Operator":"Dart Oil & Gas Corp","State":"MI","County":"Osceola","City":"Marion","ZipCode":"49665","Cap_MMcfd":3,"Plant_Flow":1,"BTU_Content":1194,"Dry_Stor":null,"NGL_Stor":607,"Longitude":-85.09891,"Latitude":44.08532,"Period":2017,"Source":"EIA-757, Natural Gas Processing Plant Survey","Loc_Source":"HIFLD"}},{"type":"Feature","id":269,"geometry":{"type":"Point","coordinates":[-10693382.5683,3377878.6734]},"properties":{"OBJECTID":269,"Plant_Name":"Markham Gas Processing Plant","Owner":"Williams Field Services-Gulf Coast Company LP","Operator":"Williams Field Services-Gulf Coast Company LP","State":"TX","County":"Matagorda","City":"Markham","ZipCode":"77456","Cap_MMcfd":550,"Plant_Flow":225,"BTU_Content":1139,"Dry_Stor":null,"NGL_Stor":null,"Longitude":-96.06029,"Latitude":29.01754,"Period":2017,"Source":"EIA-757, Natural Gas Processing Plant Survey","Loc_Source":"HIFLD"}},{"type":"Feature","id":270,"geometry":{"type":"Point","coordinates":[-10950916.8706,3938816.5925]},"properties":{"OBJECTID":270,"Plant_Name":"Markley Plant","Owner":null,"Operator":"W. W. Sub, Inc.","State":"TX","County":"Jack & Young","City":"Jermyn","ZipCode":"76459","Cap_MMcfd":1,"Plant_Flow":1,"BTU_Content":null,"Dry_Stor":null,"NGL_Stor":500,"Longitude":-98.37376,"Latitude":33.32721,"Period":2017,"Source":"EIA-757, Natural Gas Processing Plant Survey","Loc_Source":"HIFLD"}},{"type":"Feature","id":271,"geometry":{"type":"Point","coordinates":[-9052793.7616,4648523.9701]},"properties":{"OBJECTID":271,"Plant_Name":"Markwest Cobb Extraction","Owner":"Markwest Energy Partners, L.P.","Operator":"Markwest Energy Partners, L.P.","State":"WV","County":"Kanawha","City":"Clendenin","ZipCode":"25045-0932","Cap_MMcfd":35,"Plant_Flow":24,"BTU_Content":1240,"Dry_Stor":null,"NGL_Stor":2950,"Longitude":-81.32263,"Latitude":38.4875,"Period":2017,"Source":"EIA-757, Natural Gas Processing Plant Survey","Loc_Source":"HIFLD"}},{"type":"Feature","id":272,"geometry":{"type":"Point","coordinates":[-10952446.4004,4285354.5504]},"properties":{"OBJECTID":272,"Plant_Name":"Matli Plant","Owner":"Kinder Morgan","Operator":"Kinder Morgan","State":"OK","County":"Blaine","City":"Watonga","ZipCode":"73772","Cap_MMcfd":25,"Plant_Flow":5,"BTU_Content":1140,"Dry_Stor":null,"NGL_Stor":914,"Longitude":-98.3875,"Latitude":35.88897,"Period":2017,"Source":"EIA-757, Natural Gas Processing Plant Survey","Loc_Source":"HIFLD"}},{"type":"Feature","id":273,"geometry":{"type":"Point","coordinates":[-10847149.2941,4138543.6393]},"properties":{"OBJECTID":273,"Plant_Name":"Maysville Natural Gas Processing","Owner":"ONEOK","Operator":"ONEOK","State":"OK","County":"Garvin","City":"Maysville","ZipCode":"73057-0846","Cap_MMcfd":140,"Plant_Flow":138,"BTU_Content":1313,"Dry_Stor":null,"NGL_Stor":8600,"Longitude":-97.4416,"Latitude":34.81334,"Period":2017,"Source":"EIA-757, Natural Gas Processing Plant Survey","Loc_Source":"HIFLD"}},{"type":"Feature","id":274,"geometry":{"type":"Point","coordinates":[-11052365.6622,4256712.9931]},"properties":{"OBJECTID":274,"Plant_Name":"McClure","Owner":"Enable Products LLC","Operator":"Enable Products LLC","State":"OK","County":"Custer","City":"Butler","ZipCode":"73625","Cap_MMcfd":215,"Plant_Flow":200,"BTU_Content":1111,"Dry_Stor":null,"NGL_Stor":2620,"Longitude":-99.28509,"Latitude":35.68025,"Period":2017,"Source":"EIA-757, Natural Gas Processing Plant Survey","Loc_Source":"Internet Reearch"}},{"type":"Feature","id":275,"geometry":{"type":"Point","coordinates":[-13317182.9663,4207840.8198]},"properties":{"OBJECTID":275,"Plant_Name":"McKittrick 17Z Plant","Owner":"Chevron","Operator":"Chevron","State":"CA","County":"Kern","City":"McKittrick","ZipCode":"93251","Cap_MMcfd":80,"Plant_Flow":24,"BTU_Content":1140,"Dry_Stor":null,"NGL_Stor":5714,"Longitude":-119.63029,"Latitude":35.32284,"Period":2017,"Source":"EIA-757, Natural Gas Processing Plant Survey","Loc_Source":"HIFLD"}},{"type":"Feature","id":276,"geometry":{"type":"Point","coordinates":[-11192290.9225,4196608.2649]},"properties":{"OBJECTID":276,"Plant_Name":"McLean Plant","Owner":"Mclean Gas Processing Company, Lly","Operator":"Carrera Operating Company","State":"TX","County":"Gray","City":"Mclean","ZipCode":"79057","Cap_MMcfd":25,"Plant_Flow":9,"BTU_Content":1200,"Dry_Stor":null,"NGL_Stor":300,"Longitude":-100.54206,"Latitude":35.24047,"Period":2017,"Source":"EIA-757, Natural Gas Processing Plant Survey","Loc_Source":"HIFLD"}},{"type":"Feature","id":277,"geometry":{"type":"Point","coordinates":[-10963110.8076,3305296.1241]},"properties":{"OBJECTID":277,"Plant_Name":"McMullen","Owner":null,"Operator":"Houston Pipeline Co.","State":"TX","County":"McMullen","City":"Tilden","ZipCode":"78072","Cap_MMcfd":5,"Plant_Flow":4,"BTU_Content":1260,"Dry_Stor":null,"NGL_Stor":760,"Longitude":-98.4833,"Latitude":28.4458,"Period":2017,"Source":"EIA-757, Natural Gas Processing Plant Survey","Loc_Source":"HIFLD"}},{"type":"Feature","id":278,"geometry":{"type":"Point","coordinates":[-12043999.6862,4881207.9793]},"properties":{"OBJECTID":278,"Plant_Name":"Meeker Gas Plant","Owner":"Enterprise Gas Processing, LLC","Operator":"Enterprise Gas Processing, LLC","State":"CO","County":"Rio Blanco","City":"Rifle","ZipCode":"81650","Cap_MMcfd":1800,"Plant_Flow":955,"BTU_Content":1080,"Dry_Stor":null,"NGL_Stor":null,"Longitude":-108.19309,"Latitude":40.10497,"Period":2017,"Source":"EIA-757, Natural Gas Processing Plant Survey","Loc_Source":"HIFLD"}},{"type":"Feature","id":279,"geometry":{"type":"Point","coordinates":[-10797783.5527,4306242.3491]},"properties":{"OBJECTID":279,"Plant_Name":"Mehan Gas Plant","Owner":"Tag Petroleum Inc","Operator":"Tag Petroleum Inc","State":"OK","County":"Payne","City":"Stillwater","ZipCode":"74076-1389","Cap_MMcfd":1.5,"Plant_Flow":0.65,"BTU_Content":1250,"Dry_Stor":0,"NGL_Stor":714,"Longitude":-96.99814,"Latitude":36.04084,"Period":2017,"Source":"EIA-757, Natural Gas Processing Plant Survey","Loc_Source":"HIFLD"}},{"type":"Feature","id":280,"geometry":{"type":"Point","coordinates":[-9371475.8602,5546511.2095]},"properties":{"OBJECTID":280,"Plant_Name":"Mentor NGL plant","Owner":"Merit Energy Company (100%)","Operator":"Merit Energy Company","State":"MI","County":"Oscoda","City":"Rose City","ZipCode":"48654-xxxx","Cap_MMcfd":10,"Plant_Flow":1,"BTU_Content":1130,"Dry_Stor":null,"NGL_Stor":715,"Longitude":-84.1854,"Latitude":44.52155,"Period":2017,"Source":"EIA-757, Natural Gas Processing Plant Survey","Loc_Source":"HIFLD"}},{"type":"Feature","id":281,"geometry":{"type":"Point","coordinates":[-10596059.277,3576517.201]},"properties":{"OBJECTID":281,"Plant_Name":"Mercy Gas Plant","Owner":"Forest Oil Corporation 100%","Operator":"Forest Oil Corporation","State":"TX","County":"San Jacinto","City":"Near Cleveland","ZipCode":null,"Cap_MMcfd":4,"Plant_Flow":2,"BTU_Content":null,"Dry_Stor":null,"NGL_Stor":1000,"Longitude":-95.18602,"Latitude":30.56603,"Period":2017,"Source":"EIA-757, Natural Gas Processing Plant Survey","Loc_Source":"HIFLD"}},{"type":"Feature","id":282,"geometry":{"type":"Point","coordinates":[-11232908.0651,3656686.3886]},"properties":{"OBJECTID":282,"Plant_Name":"Mertzon Plant","Owner":"Targa Resources","Operator":null,"State":"TX","County":"Irion","City":"Mertzon","ZipCode":"76941","Cap_MMcfd":52,"Plant_Flow":49,"BTU_Content":1239,"Dry_Stor":null,"NGL_Stor":7658,"Longitude":-100.90693,"Latitude":31.18414,"Period":2017,"Source":"EIA-757, Natural Gas Processing Plant Survey","Loc_Source":"HIFLD"}},{"type":"Feature","id":283,"geometry":{"type":"Point","coordinates":[-11659161.5273,4904546.8388]},"properties":{"OBJECTID":283,"Plant_Name":"Mewbourne","Owner":"DCP Operating Company, LP","Operator":"DCP Operating Company, LP","State":"CO","County":"Weld","City":"Platteville","ZipCode":"80651","Cap_MMcfd":143,"Plant_Flow":143,"BTU_Content":1175,"Dry_Stor":null,"NGL_Stor":120000,"Longitude":-104.73603,"Latitude":40.26514,"Period":2017,"Source":"EIA-757, Natural Gas Processing Plant Survey","Loc_Source":"HIFLD"}},{"type":"Feature","id":284,"geometry":{"type":"Point","coordinates":[-11328707.3925,3717003.722]},"properties":{"OBJECTID":284,"Plant_Name":"Midkiff Plant","Owner":"Targa Resources","Operator":"Targa Pipeline MC WestTex LLC","State":"TX","County":"Reagan","City":"Midkiff","ZipCode":"79755","Cap_MMcfd":230,"Plant_Flow":220,"BTU_Content":1290,"Dry_Stor":null,"NGL_Stor":833,"Longitude":-101.76751,"Latitude":31.64655,"Period":2017,"Source":"EIA-757, Natural Gas Processing Plant Survey","Loc_Source":"HIFLD"}},{"type":"Feature","id":285,"geometry":{"type":"Point","coordinates":[-11376187.3817,3786694.6938]},"properties":{"OBJECTID":285,"Plant_Name":"Midmar East","Owner":null,"Operator":"Coronado Midstream LLC","State":"TX","County":"Martin","City":"Tarzan","ZipCode":"79783","Cap_MMcfd":100,"Plant_Flow":65,"BTU_Content":1300,"Dry_Stor":null,"NGL_Stor":2500,"Longitude":-102.19403,"Latitude":32.17797,"Period":2017,"Source":"EIA-757, Natural Gas Processing Plant Survey","Loc_Source":"EPA"}},{"type":"Feature","id":286,"geometry":{"type":"Point","coordinates":[-11394182.1774,3784700.9945]},"properties":{"OBJECTID":286,"Plant_Name":"Midmar West","Owner":null,"Operator":"Coronado Midstream LLC","State":"TX","County":"Andrews","City":"Andrews","ZipCode":"79714","Cap_MMcfd":65,"Plant_Flow":41,"BTU_Content":1300,"Dry_Stor":null,"NGL_Stor":640,"Longitude":-102.35568,"Latitude":32.16281,"Period":2017,"Source":"EIA-757, Natural Gas Processing Plant Survey","Loc_Source":"HIFLD"}},{"type":"Feature","id":287,"geometry":{"type":"Point","coordinates":[-10749838.248,4268852.3211]},"properties":{"OBJECTID":287,"Plant_Name":"Milfay Plant","Owner":"Kinder Morgan (Scissortail Energy LLC)","Operator":"Kinder Morgan (Scissortail Energy LLC)","State":"OK","County":"Creek","City":"Stroud","ZipCode":"74079","Cap_MMcfd":15,"Plant_Flow":6,"BTU_Content":1169,"Dry_Stor":null,"NGL_Stor":950,"Longitude":-96.56744,"Latitude":35.76878,"Period":2017,"Source":"EIA-757, Natural Gas Processing Plant Survey","Loc_Source":"HIFLD"}},{"type":"Feature","id":288,"geometry":{"type":"Point","coordinates":[-10894772.8854,4201378.3527]},"properties":{"OBJECTID":288,"Plant_Name":"Minco Plant","Owner":"Superior Pipeline Company LLC","Operator":"Superior Pipeline Company LLC","State":"OK","County":"Grady","City":"Tuttle","ZipCode":"73089","Cap_MMcfd":18,"Plant_Flow":6.7,"BTU_Content":1190,"Dry_Stor":0,"NGL_Stor":700,"Longitude":-97.86941,"Latitude":35.27546,"Period":2017,"Source":"EIA-757, Natural Gas Processing Plant Survey","Loc_Source":"HIFLD"}},{"type":"Feature","id":289,"geometry":{"type":"Point","coordinates":[-10381559.9766,3866149.5108]},"properties":{"OBJECTID":289,"Plant_Name":"Minden Gas Plant","Owner":"ETC Field Services LLC","Operator":"ETC Field Services LLC","State":"LA","County":"Webster","City":"Minden","ZipCode":"71055","Cap_MMcfd":115,"Plant_Flow":59,"BTU_Content":1140,"Dry_Stor":null,"NGL_Stor":235,"Longitude":-93.25914,"Latitude":32.78008,"Period":2017,"Source":"EIA-757, Natural Gas Processing Plant Survey","Loc_Source":"HIFLD"}},{"type":"Feature","id":290,"geometry":{"type":"Point","coordinates":[-11517702.2844,3700793.252]},"properties":{"OBJECTID":290,"Plant_Name":"MiVida JV Processing Plant","Owner":"ETC Field Services LLC","Operator":"ETC Field Services LLC","State":"TX","County":"Ward","City":"Barstow","ZipCode":"79719","Cap_MMcfd":200,"Plant_Flow":190,"BTU_Content":1280,"Dry_Stor":null,"NGL_Stor":20000,"Longitude":-103.46528,"Latitude":31.5225,"Period":2017,"Source":"EIA-757, Natural Gas Processing Plant Survey","Loc_Source":"EPA"}},{"type":"Feature","id":291,"geometry":{"type":"Point","coordinates":[-9815366.7825,3553719.2059]},"properties":{"OBJECTID":291,"Plant_Name":"Mobile Bay","Owner":"DCP Operating Company, LP","Operator":"DCP Operating Company, LP","State":"AL","County":"Mobile","City":"Coden","ZipCode":"36523","Cap_MMcfd":300,"Plant_Flow":60,"BTU_Content":1090,"Dry_Stor":null,"NGL_Stor":70000,"Longitude":-88.17294,"Latitude":30.38953,"Period":2017,"Source":"EIA-757, Natural Gas Processing Plant Survey","Loc_Source":"HIFLD"}},{"type":"Feature","id":292,"geometry":{"type":"Point","coordinates":[-8967708.9352,4801153.1825]},"properties":{"OBJECTID":292,"Plant_Name":"Mobley Plant","Owner":"Markwest Liberty Midstream & Res","Operator":null,"State":"WV","County":"Wetzel","City":"Smithfield","ZipCode":"26437","Cap_MMcfd":920,"Plant_Flow":886,"BTU_Content":1172.22,"Dry_Stor":0,"NGL_Stor":0,"Longitude":-80.5583,"Latitude":39.5527,"Period":2017,"Source":"EIA-757, Natural Gas Processing Plant Survey","Loc_Source":"EPA"}},{"type":"Feature","id":293,"geometry":{"type":"Point","coordinates":[-11176092.8234,4424600.938]},"properties":{"OBJECTID":293,"Plant_Name":"Mocane Station","Owner":"ETC Field Services LLC","Operator":"ETC Field Services LLC","State":"OK","County":"Beaver","City":"Beaver","ZipCode":"73932","Cap_MMcfd":55,"Plant_Flow":29,"BTU_Content":1200,"Dry_Stor":null,"NGL_Stor":714,"Longitude":-100.39655,"Latitude":36.89586,"Period":2017,"Source":"EIA-757, Natural Gas Processing Plant Survey","Loc_Source":"HIFLD"}},{"type":"Feature","id":294,"geometry":{"type":"Point","coordinates":[-9345704.2849,5407856.7947]},"properties":{"OBJECTID":294,"Plant_Name":"Monitor 11","Owner":"Breitburn Operating, L.P.","Operator":"Breitburn Operating, L.P.","State":"MI","County":"Bay","City":"Bay City","ZipCode":"48706","Cap_MMcfd":0,"Plant_Flow":0,"BTU_Content":null,"Dry_Stor":null,"NGL_Stor":1332,"Longitude":-83.95389,"Latitude":43.62672,"Period":2017,"Source":"EIA-757, Natural Gas Processing Plant Survey","Loc_Source":"HIFLD"}},{"type":"Feature","id":295,"geometry":{"type":"Point","coordinates":[-9719375.9856,3694627.0434]},"properties":{"OBJECTID":295,"Plant_Name":"Monroeville Plant","Owner":"Palmer Petroleum Inc","Operator":"Palmer Petroleum Inc","State":"AL","County":"Monroe","City":"Monroeville","ZipCode":"36460","Cap_MMcfd":2,"Plant_Flow":0,"BTU_Content":1300,"Dry_Stor":null,"NGL_Stor":2142,"Longitude":-87.31064,"Latitude":31.47527,"Period":2017,"Source":"EIA-757, Natural Gas Processing Plant Survey","Loc_Source":"HIFLD"}},{"type":"Feature","id":296,"geometry":{"type":"Point","coordinates":[-11500632.5537,3843688.6679]},"properties":{"OBJECTID":296,"Plant_Name":"Monument Plant","Owner":"Targa Midstream Services LLC","Operator":"Targa Midstream Services, LLC","State":"NM","County":"Lea","City":"Monument","ZipCode":"88265","Cap_MMcfd":85,"Plant_Flow":81,"BTU_Content":1265,"Dry_Stor":null,"NGL_Stor":5357,"Longitude":-103.31194,"Latitude":32.61028,"Period":2017,"Source":"EIA-757, Natural Gas Processing Plant Survey","Loc_Source":"HIFLD"}},{"type":"Feature","id":297,"geometry":{"type":"Point","coordinates":[-11038165.7479,4361047.0075]},"properties":{"OBJECTID":297,"Plant_Name":"Mooreland Plant","Owner":"DCP Operating Company, LP","Operator":"DCP Operating Company, LP","State":"OK","County":"Woodward","City":"Mooreland","ZipCode":"73852","Cap_MMcfd":130,"Plant_Flow":80,"BTU_Content":1180,"Dry_Stor":null,"NGL_Stor":4117,"Longitude":-99.15753,"Latitude":36.43792,"Period":2017,"Source":"EIA-757, Natural Gas Processing Plant Survey","Loc_Source":"HIFLD"}},{"type":"Feature","id":298,"geometry":{"type":"Point","coordinates":[-11437081.3696,4705429.5471]},"properties":{"OBJECTID":298,"Plant_Name":"Mount Pearl Gas Plant","Owner":null,"Operator":"Citation Oil & Gas Corp.","State":"CO","County":"Cheyenne","City":"Kit Carson","ZipCode":"80825","Cap_MMcfd":1,"Plant_Flow":1,"BTU_Content":1227,"Dry_Stor":null,"NGL_Stor":1429,"Longitude":-102.74105,"Latitude":38.88652,"Period":2017,"Source":"EIA-757, Natural Gas Processing Plant Survey","Loc_Source":"EPA"}},{"type":"Feature","id":299,"geometry":{"type":"Point","coordinates":[-10317535.6847,3839267.6678]},"properties":{"OBJECTID":299,"Plant_Name":"Mt. Olive Plant","Owner":"ETC PennTex LLC","Operator":null,"State":"LA","County":"Lincoln","City":"Ruston","ZipCode":"71270","Cap_MMcfd":200,"Plant_Flow":150,"BTU_Content":1082,"Dry_Stor":null,"NGL_Stor":8500,"Longitude":-92.684,"Latitude":32.57682,"Period":2017,"Source":"EIA-757, Natural Gas Processing Plant Survey","Loc_Source":"EPA"}},{"type":"Feature","id":300,"geometry":{"type":"Point","coordinates":[-10883094.3577,4205722.165]},"properties":{"OBJECTID":300,"Plant_Name":"Mustang","Owner":"DCP Operating Company, LP","Operator":"DCP Operating Company, LP","State":"OK","County":"Grady","City":"Tuttle","ZipCode":"73089","Cap_MMcfd":34,"Plant_Flow":25,"BTU_Content":1160,"Dry_Stor":null,"NGL_Stor":1100,"Longitude":-97.7645,"Latitude":35.30731,"Period":2017,"Source":"EIA-757, Natural Gas Processing Plant Survey","Loc_Source":"HIFLD"}},{"type":"Feature","id":301,"geometry":{"type":"Point","coordinates":[-10915844.5519,4384735.9555]},"properties":{"OBJECTID":301,"Plant_Name":"Nash","Owner":"SemGas, LP","Operator":"SemGas, LP","State":"OK","County":"Grant","City":"Nash","ZipCode":"73761-5073","Cap_MMcfd":40,"Plant_Flow":null,"BTU_Content":null,"Dry_Stor":null,"NGL_Stor":null,"Longitude":-98.0587,"Latitude":36.60893,"Period":2017,"Source":"EIA-757, Natural Gas Processing Plant Survey","Loc_Source":"HIFLD"}},{"type":"Feature","id":302,"geometry":{"type":"Point","coordinates":[-11216883.6244,4461321.9032]},"properties":{"OBJECTID":302,"Plant_Name":"National Helium Plant","Owner":"DCP Operating Company, LP","Operator":"DCP Operating Company, LP","State":"KS","County":"Seward","City":"Liberal","ZipCode":"67901-2079","Cap_MMcfd":620,"Plant_Flow":340,"BTU_Content":1080,"Dry_Stor":null,"NGL_Stor":4000,"Longitude":-100.76298,"Latitude":37.15921,"Period":2017,"Source":"EIA-757, Natural Gas Processing Plant Survey","Loc_Source":"HIFLD"}},{"type":"Feature","id":303,"geometry":{"type":"Point","coordinates":[-9001553.4,4831111.2513]},"properties":{"OBJECTID":303,"Plant_Name":"Natrium Extraction and Fractionation Plant","Owner":"Blue Racer Midstream, LLC","Operator":"Blue Racer Midstream, LLC","State":"WV","County":"Marshall","City":"Proctor","ZipCode":"26055","Cap_MMcfd":450,"Plant_Flow":424,"BTU_Content":1217,"Dry_Stor":null,"NGL_Stor":150100,"Longitude":-80.86233,"Latitude":39.75989,"Period":2017,"Source":"EIA-757, Natural Gas Processing Plant Survey","Loc_Source":"Internet Reearch"}},{"type":"Feature","id":304,"geometry":{"type":"Point","coordinates":[-10404973.8051,3603192.4069]},"properties":{"OBJECTID":304,"Plant_Name":"Neale","Owner":"Texas Petroleum Investment Company","Operator":null,"State":"LA","County":"Beauregard","City":"Merryville","ZipCode":"70653","Cap_MMcfd":5,"Plant_Flow":3,"BTU_Content":1072,"Dry_Stor":null,"NGL_Stor":1143,"Longitude":-93.46947,"Latitude":30.77214,"Period":2017,"Source":"EIA-757, Natural Gas Processing Plant Survey","Loc_Source":"HIFLD"}},{"type":"Feature","id":305,"geometry":{"type":"Point","coordinates":[-10179678.7405,3469399.7974]},"properties":{"OBJECTID":305,"Plant_Name":"Neptune Gas Plant","Owner":"Enterprise Gas Processing LLC","Operator":"Enterprise Gas Processing LLC","State":"LA","County":"St. Mary","City":"Centerville","ZipCode":"70522","Cap_MMcfd":650,"Plant_Flow":536,"BTU_Content":1153,"Dry_Stor":null,"NGL_Stor":null,"Longitude":-91.44561,"Latitude":29.73397,"Period":2017,"Source":"EIA-757, Natural Gas Processing Plant Survey","Loc_Source":"HIFLD"}},{"type":"Feature","id":306,"geometry":{"type":"Point","coordinates":[-11470499.4807,6167722.0255]},"properties":{"OBJECTID":306,"Plant_Name":"Nesson Plant","Owner":"Nesson Gathering System LLC","Operator":"Nesson Gathering System LLC","State":"ND","County":"Williams","City":"Tioga","ZipCode":"58852","Cap_MMcfd":35,"Plant_Flow":26.397,"BTU_Content":1340,"Dry_Stor":null,"NGL_Stor":10119,"Longitude":-103.04125,"Latitude":48.36457,"Period":2017,"Source":"EIA-757, Natural Gas Processing Plant Survey","Loc_Source":"HIFLD"}},{"type":"Feature","id":307,"geometry":{"type":"Point","coordinates":[-10596383.2168,3899229.5444]},"properties":{"OBJECTID":307,"Plant_Name":"New Hope","Owner":"Enbridge G & P (East Texas) L.P.","Operator":"Enbridge G & P (East Texas) L.P.","State":"TX","County":"Franklin","City":"Scroggins","ZipCode":"75163","Cap_MMcfd":10,"Plant_Flow":6,"BTU_Content":1054,"Dry_Stor":null,"NGL_Stor":4000,"Longitude":-95.18893,"Latitude":33.02957,"Period":2017,"Source":"EIA-757, Natural Gas Processing Plant Survey","Loc_Source":"HIFLD"}},{"type":"Feature","id":308,"geometry":{"type":"Point","coordinates":[-11639119.5662,5409550.156]},"properties":{"OBJECTID":308,"Plant_Name":"Newcastle Complex","Owner":"Western Gas Partners, LP","Operator":"Western Gas Partners, LP","State":"WY","County":"Weston","City":"Newcastle","ZipCode":"82710","Cap_MMcfd":3,"Plant_Flow":2,"BTU_Content":1550,"Dry_Stor":null,"NGL_Stor":4005,"Longitude":-104.55599,"Latitude":43.63773,"Period":2017,"Source":"EIA-757, Natural Gas Processing Plant Survey","Loc_Source":"HIFLD"}},{"type":"Feature","id":309,"geometry":{"type":"Point","coordinates":[-11054407.2616,4292492.3474]},"properties":{"OBJECTID":309,"Plant_Name":"Nine Mile Gas Plant","Owner":"Enbridge G&P (Oklahoma), L.P.","Operator":"Enbridge G & P (Oklahoma), L.P.","State":"OK","County":"Dewey","City":"Leedy","ZipCode":"73654-9712","Cap_MMcfd":30,"Plant_Flow":30,"BTU_Content":1143,"Dry_Stor":null,"NGL_Stor":null,"Longitude":-99.30343,"Latitude":35.9409,"Period":2017,"Source":"EIA-757, Natural Gas Processing Plant Survey","Loc_Source":"HIFLD"}},{"type":"Feature","id":310,"geometry":{"type":"Point","coordinates":[-11457220.1786,6222738.9921]},"properties":{"OBJECTID":310,"Plant_Name":"Norse Gas Plant","Owner":"Kinder Morgan","Operator":"Kinder Morgan","State":"ND","County":"Divide","City":"McGregor","ZipCode":"58755","Cap_MMcfd":25,"Plant_Flow":22,"BTU_Content":1437,"Dry_Stor":null,"NGL_Stor":6123,"Longitude":-102.92196,"Latitude":48.69187,"Period":2017,"Source":"EIA-757, Natural Gas Processing Plant Survey","Loc_Source":"HIFLD"}},{"type":"Feature","id":311,"geometry":{"type":"Point","coordinates":[-9660697.2556,3673749.2691]},"properties":{"OBJECTID":311,"Plant_Name":"North Beach Plant","Owner":"Plains Gas Solutions, LLC","Operator":null,"State":"AL","County":"Conecuha","City":"Evergreen","ZipCode":"36401","Cap_MMcfd":10,"Plant_Flow":null,"BTU_Content":null,"Dry_Stor":null,"NGL_Stor":2000,"Longitude":-86.78352,"Latitude":31.31518,"Period":2017,"Source":"EIA-757, Natural Gas Processing Plant Survey","Loc_Source":"HIFLD"}},{"type":"Feature","id":312,"geometry":{"type":"Point","coordinates":[-10122132.1297,3455536.198]},"properties":{"OBJECTID":312,"Plant_Name":"North Terrebonne Plant","Owner":"Enterprise Gas Processing LLC","Operator":"Enterprise Gas Processing LLC","State":"LA","County":"Terrebonne","City":"Gibson","ZipCode":"70356","Cap_MMcfd":1100,"Plant_Flow":650,"BTU_Content":1100,"Dry_Stor":null,"NGL_Stor":2000,"Longitude":-90.92866,"Latitude":29.62577,"Period":2017,"Source":"EIA-757, Natural Gas Processing Plant Survey","Loc_Source":"HIFLD"}},{"type":"Feature","id":313,"geometry":{"type":"Point","coordinates":[-10712152.1476,4143864.0012]},"properties":{"OBJECTID":313,"Plant_Name":"Northridge Plant","Owner":null,"Operator":"Enlink Midstream Services, LLC","State":"OK","County":"Hughes","City":"Calvin","ZipCode":"74531","Cap_MMcfd":200,"Plant_Flow":56,"BTU_Content":1134,"Dry_Stor":null,"NGL_Stor":5714,"Longitude":-96.2289,"Latitude":34.85257,"Period":2017,"Source":"EIA-757, Natural Gas Processing Plant Survey","Loc_Source":"HIFLD"}},{"type":"Feature","id":314,"geometry":{"type":"Point","coordinates":[-11642534.8482,4917359.5112]},"properties":{"OBJECTID":314,"Plant_Name":"O`Connor","Owner":"DCP Operating Company, LP","Operator":"DCP Operating Company, LP","State":"CO","County":"Weld","City":"Kersey","ZipCode":"80644","Cap_MMcfd":155,"Plant_Flow":153,"BTU_Content":1300,"Dry_Stor":null,"NGL_Stor":2300,"Longitude":-104.58667,"Latitude":40.35291,"Period":2017,"Source":"EIA-757, Natural Gas Processing Plant Survey","Loc_Source":"EPA"}},{"type":"Feature","id":315,"geometry":{"type":"Point","coordinates":[-8983368.2479,4848062.5619]},"properties":{"OBJECTID":315,"Plant_Name":"Oak Grove","Owner":"Williams Partners LP","Operator":"Williams Partners LP","State":"WV","County":"Marshall","City":"Moundsville","ZipCode":"56041","Cap_MMcfd":200,"Plant_Flow":75,"BTU_Content":1212,"Dry_Stor":null,"NGL_Stor":3213,"Longitude":-80.69897,"Latitude":39.87685,"Period":2017,"Source":"EIA-757, Natural Gas Processing Plant Survey","Loc_Source":"Internet Reearch"}},{"type":"Feature","id":316,"geometry":{"type":"Point","coordinates":[-10918873.5552,4264128.2681]},"properties":{"OBJECTID":316,"Plant_Name":"Okarche","Owner":"DCP Operating Company, LP","Operator":"DCP Operating Company, LP","State":"OK","County":"Kingfisher","City":"Okarche","ZipCode":"73762-9628","Cap_MMcfd":165,"Plant_Flow":150,"BTU_Content":1165,"Dry_Stor":null,"NGL_Stor":3095,"Longitude":-98.08591,"Latitude":35.73434,"Period":2017,"Source":"EIA-757, Natural Gas Processing Plant Survey","Loc_Source":"HIFLD"}},{"type":"Feature","id":317,"geometry":{"type":"Point","coordinates":[-10658582.9822,3381652.3633]},"properties":{"OBJECTID":317,"Plant_Name":"Old Ocean Gas Plant","Owner":"Arrowhead Pipeline L.P","Operator":"Harvest Pipeline Company","State":"TX","County":"Brazoria","City":"Sweeny","ZipCode":"77480","Cap_MMcfd":140,"Plant_Flow":65,"BTU_Content":1100,"Dry_Stor":null,"NGL_Stor":7500,"Longitude":-95.74768,"Latitude":29.04718,"Period":2017,"Source":"EIA-757, Natural Gas Processing Plant Survey","Loc_Source":"HIFLD"}},{"type":"Feature","id":318,"geometry":{"type":"Point","coordinates":[-12283420.081,5127688.6683]},"properties":{"OBJECTID":318,"Plant_Name":"Opal Gas Plant","Owner":"Williams","Operator":"Williams Midstream Services, LLC","State":"WY","County":"Lincoln","City":"Opal","ZipCode":"83124","Cap_MMcfd":1100,"Plant_Flow":660,"BTU_Content":null,"Dry_Stor":null,"NGL_Stor":37000,"Longitude":-110.34384,"Latitude":41.77737,"Period":2017,"Source":"EIA-757, Natural Gas Processing Plant Survey","Loc_Source":"HIFLD"}},{"type":"Feature","id":319,"geometry":{"type":"Point","coordinates":[-12123067.6941,5518477.3303]},"properties":{"OBJECTID":319,"Plant_Name":"Oregon Basin Gas Plant","Owner":"Merit Energy Company","Operator":"Marathon Oil Company","State":"WY","County":"Park","City":"Cody","ZipCode":"82414","Cap_MMcfd":6,"Plant_Flow":5.6,"BTU_Content":928.4,"Dry_Stor":null,"NGL_Stor":952,"Longitude":-108.90337,"Latitude":44.34172,"Period":2017,"Source":"EIA-757, Natural Gas Processing Plant Survey","Loc_Source":"HIFLD"}},{"type":"Feature","id":320,"geometry":{"type":"Point","coordinates":[-11565704.362,3738483.7004]},"properties":{"OBJECTID":320,"Plant_Name":"Orla Plant","Owner":"ETC Texas Pipeline, Ltd.","Operator":"ETC Texas Pipeline, Ltd.","State":"TX","County":"Reeves","City":"Orla","ZipCode":"79770","Cap_MMcfd":210,"Plant_Flow":160,"BTU_Content":1220,"Dry_Stor":null,"NGL_Stor":1350,"Longitude":-103.89649,"Latitude":31.81067,"Period":2017,"Source":"EIA-757, Natural Gas Processing Plant Survey","Loc_Source":"Internet Reearch"}},{"type":"Feature","id":321,"geometry":{"type":"Point","coordinates":[-10699618.6861,4394640.6994]},"properties":{"OBJECTID":321,"Plant_Name":"Osage Hills Gas Plant","Owner":"Osage Hills Pipeline Company, LLC","Operator":"Alex Gas Systems","State":"OK","County":"Osage","City":"Barnsdall","ZipCode":"74002","Cap_MMcfd":5,"Plant_Flow":3,"BTU_Content":null,"Dry_Stor":null,"NGL_Stor":500,"Longitude":-96.11631,"Latitude":36.68032,"Period":2017,"Source":"EIA-757, Natural Gas Processing Plant Survey","Loc_Source":"HIFLD"}},{"type":"Feature","id":322,"geometry":{"type":"Point","coordinates":[-11201080.7095,4271500.5507]},"properties":{"OBJECTID":322,"Plant_Name":"Osborne Plant","Owner":"Enbridge Pipelines (Texas Gathering) L.P.","Operator":"Enbridge Pipelines (Texas Gathering) L.P.","State":"TX","County":"Roberts","City":"Miami","ZipCode":"75059","Cap_MMcfd":25,"Plant_Flow":null,"BTU_Content":null,"Dry_Stor":null,"NGL_Stor":476,"Longitude":-100.62102,"Latitude":35.78808,"Period":2017,"Source":"EIA-757, Natural Gas Processing Plant Survey","Loc_Source":"HIFLD"}},{"type":"Feature","id":323,"geometry":{"type":"Point","coordinates":[-11267503.9365,3591578.8306]},"properties":{"OBJECTID":323,"Plant_Name":"Ozona","Owner":"Chevron","Operator":"Chevron","State":"TX","County":"Crockett","City":"Ozona","ZipCode":"76943","Cap_MMcfd":32,"Plant_Flow":9,"BTU_Content":1290,"Dry_Stor":null,"NGL_Stor":648,"Longitude":-101.21771,"Latitude":30.68246,"Period":2017,"Source":"EIA-757, Natural Gas Processing Plant Survey","Loc_Source":"HIFLD"}},{"type":"Feature","id":324,"geometry":{"type":"Point","coordinates":[-11267503.9365,3591578.8306]},"properties":{"OBJECTID":324,"Plant_Name":"Ozona Gas Processing Plant","Owner":"DCP Operating Company, LP","Operator":"DCP Operating Company, LP","State":"TX","County":"Crockett","City":"Ozona","ZipCode":"76943-1029","Cap_MMcfd":120,"Plant_Flow":85,"BTU_Content":1160,"Dry_Stor":null,"NGL_Stor":15833,"Longitude":-101.21771,"Latitude":30.68246,"Period":2017,"Source":"EIA-757, Natural Gas Processing Plant Survey","Loc_Source":"HIFLD"}},{"type":"Feature","id":325,"geometry":{"type":"Point","coordinates":[-10747796.6485,4239364.5253]},"properties":{"OBJECTID":325,"Plant_Name":"Paden Plant","Owner":"Kinder Morgan (Scissortail Energy LLC)","Operator":"Kinder Morgan (Scissortail Energy LLC)","State":"OK","County":"Okfuskee","City":"Paden","ZipCode":"74860","Cap_MMcfd":90,"Plant_Flow":50,"BTU_Content":1235,"Dry_Stor":null,"NGL_Stor":1550,"Longitude":-96.5491,"Latitude":35.55356,"Period":2017,"Source":"EIA-757, Natural Gas Processing Plant Survey","Loc_Source":"HIFLD"}},{"type":"Feature","id":326,"geometry":{"type":"Point","coordinates":[-12340459.0749,5059369.2422]},"properties":{"OBJECTID":326,"Plant_Name":"Painter","Owner":"Merit Energy Company","Operator":"Merit Energy Company","State":"WY","County":"Uinta","City":"Evanston","ZipCode":"82931","Cap_MMcfd":270,"Plant_Flow":185,"BTU_Content":730,"Dry_Stor":null,"NGL_Stor":13000,"Longitude":-110.85623,"Latitude":41.31806,"Period":2017,"Source":"EIA-757, Natural Gas Processing Plant Survey","Loc_Source":"HIFLD"}},{"type":"Feature","id":327,"geometry":{"type":"Point","coordinates":[-11288930.712,4259594.0571]},"properties":{"OBJECTID":327,"Plant_Name":"Panhandle Superplant","Owner":"DCP Operating Company, LP","Operator":"DCP Operating Company, LP","State":"TX","County":"Hutchinson County","City":"Borger","ZipCode":"79007","Cap_MMcfd":515,"Plant_Flow":275,"BTU_Content":1217,"Dry_Stor":0,"NGL_Stor":31142,"Longitude":-101.41019,"Latitude":35.70127,"Period":2017,"Source":"EIA-757, Natural Gas Processing Plant Survey","Loc_Source":"HIFLD"}},{"type":"Feature","id":328,"geometry":{"type":"Point","coordinates":[-10492667.9604,3787327.3286]},"properties":{"OBJECTID":328,"Plant_Name":"Panola","Owner":"Enable Midstream Partners, LP","Operator":"Enable Texola G&P, LLC","State":"TX","County":"Panola","City":"Carthage","ZipCode":"75633","Cap_MMcfd":100,"Plant_Flow":75,"BTU_Content":1110,"Dry_Stor":null,"NGL_Stor":1000,"Longitude":-94.25724,"Latitude":32.18278,"Period":2017,"Source":"EIA-757, Natural Gas Processing Plant Survey","Loc_Source":"EPA"}},{"type":"Feature","id":329,"geometry":{"type":"Point","coordinates":[-10493686.5337,3788423.0103]},"properties":{"OBJECTID":329,"Plant_Name":"Panola II Processing Plant","Owner":"BTA Gas Processing LLC","Operator":"BTA Gas Processing LLC","State":"TX","County":"Panola","City":"Carthage","ZipCode":"75633","Cap_MMcfd":120,"Plant_Flow":60,"BTU_Content":1117,"Dry_Stor":0,"NGL_Stor":267,"Longitude":-94.26639,"Latitude":32.19111,"Period":2017,"Source":"EIA-757, Natural Gas Processing Plant Survey","Loc_Source":"EPA"}},{"type":"Feature","id":330,"geometry":{"type":"Point","coordinates":[-11043611.4974,4234093.8077]},"properties":{"OBJECTID":330,"Plant_Name":"Panther Creek Natural Gas Processing","Owner":"ONEOK","Operator":"ONEOK","State":"OK","County":"Custer","City":"Canute","ZipCode":"73626","Cap_MMcfd":75,"Plant_Flow":75,"BTU_Content":1120,"Dry_Stor":null,"NGL_Stor":875,"Longitude":-99.20645,"Latitude":35.51503,"Period":2017,"Source":"EIA-757, Natural Gas Processing Plant Survey","Loc_Source":"HIFLD"}},{"type":"Feature","id":331,"geometry":{"type":"Point","coordinates":[-11376106.1185,3716345.997]},"properties":{"OBJECTID":331,"Plant_Name":"Panther Plant","Owner":"La Grange Acquisition LP","Operator":"Energy Transfer Company","State":"TX","County":"Upton","City":"Rankin","ZipCode":"79778","Cap_MMcfd":210,"Plant_Flow":185,"BTU_Content":1326,"Dry_Stor":null,"NGL_Stor":null,"Longitude":-102.1933,"Latitude":31.64152,"Period":2017,"Source":"EIA-757, Natural Gas Processing Plant Survey","Loc_Source":"Internet Reearch"}},{"type":"Feature","id":332,"geometry":{"type":"Point","coordinates":[-12034840.3184,4791797.6605]},"properties":{"OBJECTID":332,"Plant_Name":"Parachute Creek Gas Plants","Owner":"Williams","Operator":"Williams","State":"CO","County":"Garfield","City":"Parachute","ZipCode":"81635","Cap_MMcfd":1000,"Plant_Flow":545,"BTU_Content":1073,"Dry_Stor":null,"NGL_Stor":16000,"Longitude":-108.11081,"Latitude":39.48787,"Period":2017,"Source":"EIA-757, Natural Gas Processing Plant Survey","Loc_Source":"HIFLD"}},{"type":"Feature","id":333,"geometry":{"type":"Point","coordinates":[-9851373.0718,3552812.0156]},"properties":{"OBJECTID":333,"Plant_Name":"Pascagoula Gas Processing Plant","Owner":"Enterprise Gas Processing LLC","Operator":"Enterprise Gas Processing LLC","State":"MS","County":"Jackson","City":null,"ZipCode":"39567","Cap_MMcfd":750,"Plant_Flow":400,"BTU_Content":1200,"Dry_Stor":0,"NGL_Stor":1340,"Longitude":-88.49639,"Latitude":30.3825,"Period":2017,"Source":"EIA-757, Natural Gas Processing Plant Survey","Loc_Source":"HIFLD"}},{"type":"Feature","id":334,"geometry":{"type":"Point","coordinates":[-12079289.0779,5099792.668]},"properties":{"OBJECTID":334,"Plant_Name":"Patrick Draw Gas Plant","Owner":"Mountain Gas Resources, LLC","Operator":"Anadarko Petroleum","State":"WY","County":"Sweetwater","City":"Rock Springs","ZipCode":"82901","Cap_MMcfd":120,"Plant_Flow":70,"BTU_Content":1165,"Dry_Stor":null,"NGL_Stor":24500,"Longitude":-108.5101,"Latitude":41.59022,"Period":2017,"Source":"EIA-757, Natural Gas Processing Plant Survey","Loc_Source":"HIFLD"}},{"type":"Feature","id":335,"geometry":{"type":"Point","coordinates":[-10167984.628,3468392.1974]},"properties":{"OBJECTID":335,"Plant_Name":"Patterson II Plant","Owner":"Plains Gas Solutions, LLC","Operator":"Plains Gas Solutions, LLC","State":"LA","County":"St. Mary","City":"Patterson","ZipCode":"70392","Cap_MMcfd":170,"Plant_Flow":134,"BTU_Content":1097,"Dry_Stor":null,"NGL_Stor":150,"Longitude":-91.34056,"Latitude":29.72611,"Period":2017,"Source":"EIA-757, Natural Gas Processing Plant Survey","Loc_Source":"HIFLD"}},{"type":"Feature","id":336,"geometry":{"type":"Point","coordinates":[-11524533.9615,3697628.1605]},"properties":{"OBJECTID":336,"Plant_Name":"Pecos Bend Gas Processing Plant","Owner":"Caprock Midstream, LLC","Operator":"Caprock Permian Processing, LLC","State":"TX","County":"Reeves","City":"Pecos","ZipCode":"79772","Cap_MMcfd":153,"Plant_Flow":30,"BTU_Content":1386,"Dry_Stor":null,"NGL_Stor":437,"Longitude":-103.52665,"Latitude":31.49826,"Period":2017,"Source":"EIA-757, Natural Gas Processing Plant Survey","Loc_Source":"EPA"}},{"type":"Feature","id":337,"geometry":{"type":"Point","coordinates":[-11607213.1737,3864879.8228]},"properties":{"OBJECTID":337,"Plant_Name":"Pecos Diamond","Owner":"DCP Operating Company, LP","Operator":"DCP Operating Company, LP","State":"NM","County":"Eddy","City":"Artesia","ZipCode":"88210","Cap_MMcfd":40,"Plant_Flow":null,"BTU_Content":null,"Dry_Stor":null,"NGL_Stor":null,"Longitude":-104.26937,"Latitude":32.77049,"Period":2017,"Source":"EIA-757, Natural Gas Processing Plant Survey","Loc_Source":"HIFLD"}},{"type":"Feature","id":338,"geometry":{"type":"Point","coordinates":[-11520401.782,3683588.3868]},"properties":{"OBJECTID":338,"Plant_Name":"Pecos Gas Plant","Owner":"EagleClaw Midstream Ventures, LLC","Operator":"EagleClaw Midstream Ventures, LLC","State":"TX","County":"Reeves","City":"Pecos","ZipCode":"79772","Cap_MMcfd":250,"Plant_Flow":120,"BTU_Content":1300,"Dry_Stor":null,"NGL_Stor":2040,"Longitude":-103.48953,"Latitude":31.39066,"Period":2017,"Source":"EIA-757, Natural Gas Processing Plant Survey","Loc_Source":"EPA"}},{"type":"Feature","id":339,"geometry":{"type":"Point","coordinates":[-11556364.6567,3747772.2472]},"properties":{"OBJECTID":339,"Plant_Name":"Pecos River Plant","Owner":"Medallion Delaware Basin, LLC","Operator":"Medallion Operating Company, LLC","State":"TX","County":"Reeves","City":"Orla","ZipCode":"79770","Cap_MMcfd":30,"Plant_Flow":19,"BTU_Content":1248,"Dry_Stor":null,"NGL_Stor":4300,"Longitude":-103.81259,"Latitude":31.88155,"Period":2017,"Source":"EIA-757, Natural Gas Processing Plant Survey","Loc_Source":"Internet Reearch"}},{"type":"Feature","id":340,"geometry":{"type":"Point","coordinates":[-11369956.8298,3718981.0341]},"properties":{"OBJECTID":340,"Plant_Name":"Pegasus Plant","Owner":"DCP Operating Company, LP","Operator":"DCP Midstream","State":"TX","County":"Midland","City":"Midkiff","ZipCode":"79755","Cap_MMcfd":100,"Plant_Flow":60,"BTU_Content":1287,"Dry_Stor":null,"NGL_Stor":42,"Longitude":-102.13806,"Latitude":31.66167,"Period":2017,"Source":"EIA-757, Natural Gas Processing Plant Survey","Loc_Source":"HIFLD"}},{"type":"Feature","id":341,"geometry":{"type":"Point","coordinates":[-10168231.7572,3463978.1477]},"properties":{"OBJECTID":341,"Plant_Name":"Pelican Plant","Owner":null,"Operator":"Enlink Pelican Plant, LLC","State":"LA","County":"St. Mary","City":"Patterson","ZipCode":"70392","Cap_MMcfd":600,"Plant_Flow":236,"BTU_Content":1090,"Dry_Stor":null,"NGL_Stor":null,"Longitude":-91.34278,"Latitude":29.69167,"Period":2017,"Source":"EIA-757, Natural Gas Processing Plant Survey","Loc_Source":"HIFLD"}},{"type":"Feature","id":342,"geometry":{"type":"Point","coordinates":[-8899215.1657,4984383.4457]},"properties":{"OBJECTID":342,"Plant_Name":"Penn Cryo Gas Plant","Owner":"Mountain Gathering, LLC","Operator":"Mountain Gathering, LLC","State":"PA","County":"Butler","City":"Renfrew","ZipCode":"16053","Cap_MMcfd":144,"Plant_Flow":140,"BTU_Content":1180,"Dry_Stor":null,"NGL_Stor":5733,"Longitude":-79.94301,"Latitude":40.81018,"Period":2017,"Source":"EIA-757, Natural Gas Processing Plant Survey","Loc_Source":"EPA"}},{"type":"Feature","id":343,"geometry":{"type":"Point","coordinates":[-10807690.9874,4285770.8964]},"properties":{"OBJECTID":343,"Plant_Name":"Perkins Plant","Owner":"Superior Pipeline Company LLC","Operator":"Superior Pipeline Company LLC","State":"OK","County":"Payne","City":"Perkins","ZipCode":"74059","Cap_MMcfd":30,"Plant_Flow":3.5,"BTU_Content":1280,"Dry_Stor":0,"NGL_Stor":700,"Longitude":-97.08714,"Latitude":35.892,"Period":2017,"Source":"EIA-757, Natural Gas Processing Plant Survey","Loc_Source":"HIFLD"}},{"type":"Feature","id":344,"geometry":{"type":"Point","coordinates":[-12373257.1364,5002680.8034]},"properties":{"OBJECTID":344,"Plant_Name":"Pineview Gas Plant","Owner":null,"Operator":"Citation Oil & Gas Corp.","State":"UT","County":"Summit","City":"Coalville","ZipCode":"84017","Cap_MMcfd":2,"Plant_Flow":1,"BTU_Content":1870,"Dry_Stor":null,"NGL_Stor":5000,"Longitude":-111.15086,"Latitude":40.93447,"Period":2017,"Source":"EIA-757, Natural Gas Processing Plant Survey","Loc_Source":"EPA"}},{"type":"Feature","id":345,"geometry":{"type":"Point","coordinates":[-12281775.8921,5129914.6027]},"properties":{"OBJECTID":345,"Plant_Name":"Pioneer Cryogenic Plant","Owner":"Enterprise Gas Processing,LLC","Operator":"Enterprise Gas Processing LLC","State":"WY","County":"Lincoln","City":"Opal","ZipCode":"83124","Cap_MMcfd":800,"Plant_Flow":758,"BTU_Content":1115,"Dry_Stor":null,"NGL_Stor":null,"Longitude":-110.32907,"Latitude":41.79228,"Period":2017,"Source":"EIA-757, Natural Gas Processing Plant Survey","Loc_Source":"HIFLD"}},{"type":"Feature","id":346,"geometry":{"type":"Point","coordinates":[-10156742.4726,3533843.0596]},"properties":{"OBJECTID":346,"Plant_Name":"Plaquemine Plant","Owner":"Enlink Midstream","Operator":"EnLink LIG Liquids, LLC","State":"LA","County":"Iberville Parish","City":"Plaquemine","ZipCode":"70764","Cap_MMcfd":225,"Plant_Flow":162,"BTU_Content":1052,"Dry_Stor":null,"NGL_Stor":11905,"Longitude":-91.23957,"Latitude":30.23539,"Period":2017,"Source":"EIA-757, Natural Gas Processing Plant Survey","Loc_Source":"HIFLD"}},{"type":"Feature","id":347,"geometry":{"type":"Point","coordinates":[-12035707.4973,4746027.5408]},"properties":{"OBJECTID":347,"Plant_Name":"Plateau Creek Plant","Owner":"Caerus Piceance LLC","Operator":null,"State":"CO","County":"Mesa","City":"Mesa","ZipCode":"81643","Cap_MMcfd":1,"Plant_Flow":1,"BTU_Content":1075,"Dry_Stor":null,"NGL_Stor":300,"Longitude":-108.1186,"Latitude":39.16983,"Period":2017,"Source":"EIA-757, Natural Gas Processing Plant Survey","Loc_Source":"HIFLD"}},{"type":"Feature","id":348,"geometry":{"type":"Point","coordinates":[-11660829.0933,4886729.8992]},"properties":{"OBJECTID":348,"Plant_Name":"Platte Valley Gas Plant","Owner":"Western Gas Partners, LP","Operator":"Western Gas Partners, LP","State":"CO","County":"Weld","City":"Ft Lupton","ZipCode":"80621","Cap_MMcfd":105,"Plant_Flow":100,"BTU_Content":1283,"Dry_Stor":null,"NGL_Stor":15000,"Longitude":-104.75101,"Latitude":40.1429,"Period":2017,"Source":"EIA-757, Natural Gas Processing Plant Survey","Loc_Source":"HIFLD"}},{"type":"Feature","id":349,"geometry":{"type":"Point","coordinates":[-11665828.4516,4899883.9871]},"properties":{"OBJECTID":349,"Plant_Name":"Platteville","Owner":"DCP Operating Company, LP","Operator":"DCP Operating Company, LP","State":"CO","County":"Weld","City":"Platteville","ZipCode":"80651","Cap_MMcfd":70,"Plant_Flow":60,"BTU_Content":1270,"Dry_Stor":null,"NGL_Stor":3600,"Longitude":-104.79592,"Latitude":40.23317,"Period":2017,"Source":"EIA-757, Natural Gas Processing Plant Survey","Loc_Source":"HIFLD"}},{"type":"Feature","id":350,"geometry":{"type":"Point","coordinates":[-12049437.6433,4768736.9123]},"properties":{"OBJECTID":350,"Plant_Name":"Premier DeBeque","Owner":"Red Rock Gathernig Company, LLC","Operator":"Red Rock Gathering Company, LLC","State":"CO","County":"Mesa County","City":"Grand Junction","ZipCode":"81505","Cap_MMcfd":28,"Plant_Flow":20,"BTU_Content":1047,"Dry_Stor":null,"NGL_Stor":1429,"Longitude":-108.24194,"Latitude":39.32781,"Period":2017,"Source":"EIA-757, Natural Gas Processing Plant Survey","Loc_Source":"HIFLD"}},{"type":"Feature","id":351,"geometry":{"type":"Point","coordinates":[-12310101.1365,4815887.4784]},"properties":{"OBJECTID":351,"Plant_Name":"Price Raptor Plant","Owner":"Dominion Energy Questar Field Services","Operator":"Dominion Energy Questar Pipeline","State":"UT","County":"Carbon","City":"Price","ZipCode":"84501","Cap_MMcfd":130,"Plant_Flow":null,"BTU_Content":1046,"Dry_Stor":null,"NGL_Stor":3571,"Longitude":-110.58352,"Latitude":39.65468,"Period":2017,"Source":"EIA-757, Natural Gas Processing Plant Survey","Loc_Source":"HIFLD"}},{"type":"Feature","id":352,"geometry":{"type":"Point","coordinates":[-10997154.5343,3824962.912]},"properties":{"OBJECTID":352,"Plant_Name":"Ranger","Owner":null,"Operator":"Ranger Gas Gathering, L.L.C.","State":"TX","County":"Eastland","City":"Ranger","ZipCode":"76470-0079","Cap_MMcfd":8.5,"Plant_Flow":4.8,"BTU_Content":1380,"Dry_Stor":null,"NGL_Stor":714,"Longitude":-98.78912,"Latitude":32.46847,"Period":2017,"Source":"EIA-757, Natural Gas Processing Plant Survey","Loc_Source":"HIFLD"}},{"type":"Feature","id":353,"geometry":{"type":"Point","coordinates":[-11049651.693,3301332.7168]},"properties":{"OBJECTID":353,"Plant_Name":"Raptor Gas Plant","Owner":"Carnero Processing, LLC","Operator":"Carnero Processing, LLC","State":"TX","County":"La Salle","City":"Cotulla","ZipCode":"78014","Cap_MMcfd":260,"Plant_Flow":136,"BTU_Content":1292,"Dry_Stor":null,"NGL_Stor":null,"Longitude":-99.26071,"Latitude":28.41449,"Period":2017,"Source":"EIA-757, Natural Gas Processing Plant Survey","Loc_Source":"EPA"}},{"type":"Feature","id":354,"geometry":{"type":"Point","coordinates":[-11274414.6504,3765027.7029]},"properties":{"OBJECTID":354,"Plant_Name":"Rawhide","Owner":"DCP Operating Company, LP","Operator":"DCP Operating Company, LP","State":"TX","County":"Sterling","City":"Big Spring","ZipCode":"79720","Cap_MMcfd":75,"Plant_Flow":50,"BTU_Content":1090,"Dry_Stor":0,"NGL_Stor":630,"Longitude":-101.27979,"Latitude":32.01308,"Period":2017,"Source":"EIA-757, Natural Gas Processing Plant Survey","Loc_Source":"EPA"}},{"type":"Feature","id":355,"geometry":{"type":"Point","coordinates":[-11321415.9659,3748887.9296]},"properties":{"OBJECTID":355,"Plant_Name":"Rebel Plant","Owner":"La Grange Acquisition LP","Operator":"Energy Transfer Company","State":"TX","County":"Glasscock","City":"Garden City","ZipCode":"79739","Cap_MMcfd":200,"Plant_Flow":200,"BTU_Content":1300,"Dry_Stor":null,"NGL_Stor":null,"Longitude":-101.70201,"Latitude":31.89006,"Period":2017,"Source":"EIA-757, Natural Gas Processing Plant Survey","Loc_Source":"EPA"}},{"type":"Feature","id":356,"geometry":{"type":"Point","coordinates":[-11569396.8295,3737038.9033]},"properties":{"OBJECTID":356,"Plant_Name":"Red Bluff Plant","Owner":"ETC Field Services LLC","Operator":"ETC Field Services LLC","State":"TX","County":"Reeves","City":"Orla","ZipCode":"79770","Cap_MMcfd":220,"Plant_Flow":180,"BTU_Content":1220,"Dry_Stor":null,"NGL_Stor":1350,"Longitude":-103.92966,"Latitude":31.79964,"Period":2017,"Source":"EIA-757, Natural Gas Processing Plant Survey","Loc_Source":"Internet Reearch"}},{"type":"Feature","id":357,"geometry":{"type":"Point","coordinates":[-11524050.8349,3791311.9869]},"properties":{"OBJECTID":357,"Plant_Name":"Red Hills","Owner":"Lucid Energy Delaware, LLC","Operator":null,"State":"NM","County":"Lea","City":"Jal","ZipCode":"88252","Cap_MMcfd":275,"Plant_Flow":130,"BTU_Content":1150,"Dry_Stor":null,"NGL_Stor":null,"Longitude":-103.52231,"Latitude":32.21307,"Period":2017,"Source":"EIA-757, Natural Gas Processing Plant Survey","Loc_Source":"HIFLD"}},{"type":"Feature","id":358,"geometry":{"type":"Point","coordinates":[-12165061.8588,4894563.1215]},"properties":{"OBJECTID":358,"Plant_Name":"Red Wash Area","Owner":"Andeavor Field Services LLC","Operator":"Andeavor Field Services LLC","State":"UT","County":"Uintah","City":"Vernal","ZipCode":"84078","Cap_MMcfd":300,"Plant_Flow":198,"BTU_Content":1102,"Dry_Stor":null,"NGL_Stor":null,"Longitude":-109.28061,"Latitude":40.19667,"Period":2017,"Source":"EIA-757, Natural Gas Processing Plant Survey","Loc_Source":"EPA"}},{"type":"Feature","id":359,"geometry":{"type":"Point","coordinates":[-11525854.2107,6043091.4305]},"properties":{"OBJECTID":359,"Plant_Name":"Red Wing Creek Gas Plant II","Owner":"True Oil LLC","Operator":"True Oil LLC","State":"ND","County":"McKenzie","City":"Arnegard","ZipCode":"58835","Cap_MMcfd":12,"Plant_Flow":4,"BTU_Content":1475,"Dry_Stor":null,"NGL_Stor":9143,"Longitude":-103.53851,"Latitude":47.6153,"Period":2017,"Source":"EIA-757, Natural Gas Processing Plant Survey","Loc_Source":"HIFLD"}},{"type":"Feature","id":360,"geometry":{"type":"Point","coordinates":[-11562116.5348,4986728.1348]},"properties":{"OBJECTID":360,"Plant_Name":"Redtail Gas Plant","Owner":"Whiting Oil And Gas Corporation","Operator":"Whiting Oil And Gas Corporation","State":"CO","County":"Weld","City":"New Raymer","ZipCode":"80742","Cap_MMcfd":70,"Plant_Flow":17,"BTU_Content":1320,"Dry_Stor":null,"NGL_Stor":7620,"Longitude":-103.86426,"Latitude":40.82612,"Period":2017,"Source":"EIA-757, Natural Gas Processing Plant Survey","Loc_Source":"HIFLD"}},{"type":"Feature","id":361,"geometry":{"type":"Point","coordinates":[-10956388.2236,4554897.0746]},"properties":{"OBJECTID":361,"Plant_Name":"Reno Plant","Owner":"Superior Pipeline Company LLC","Operator":"Superior Pipeline Company LLC","State":"KS","County":"Reno","City":"Turon","ZipCode":"67583","Cap_MMcfd":8,"Plant_Flow":2,"BTU_Content":1370,"Dry_Stor":0,"NGL_Stor":800,"Longitude":-98.42291,"Latitude":37.82616,"Period":2017,"Source":"EIA-757, Natural Gas Processing Plant Survey","Loc_Source":"EPA"}},{"type":"Feature","id":362,"geometry":{"type":"Point","coordinates":[-11077659.6769,3225503.3442]},"properties":{"OBJECTID":362,"Plant_Name":"Reveille Cryogenic Plant","Owner":"Howard Midstream Energy Partners, LLC","Operator":"Texas Pipeline Processing, LLC","State":"TX","County":"Webb","City":"Laredo","ZipCode":"78045","Cap_MMcfd":200,"Plant_Flow":75,"BTU_Content":1098,"Dry_Stor":null,"NGL_Stor":715,"Longitude":-99.51231,"Latitude":27.81368,"Period":2017,"Source":"EIA-757, Natural Gas Processing Plant Survey","Loc_Source":"EPA"}},{"type":"Feature","id":363,"geometry":{"type":"Point","coordinates":[-12004033.7626,4798292.0605]},"properties":{"OBJECTID":363,"Plant_Name":"Rifle Gas Plant-Rifle Creek","Owner":"Xcel Energy","Operator":"Xcel Energy","State":"CO","County":"Garfield","City":null,"ZipCode":"81650","Cap_MMcfd":50,"Plant_Flow":25,"BTU_Content":1070,"Dry_Stor":null,"NGL_Stor":2857,"Longitude":-107.83407,"Latitude":39.53288,"Period":2017,"Source":"EIA-757, Natural Gas Processing Plant Survey","Loc_Source":"HIFLD"}},{"type":"Feature","id":364,"geometry":{"type":"Point","coordinates":[-11343926.9933,3795226.9001]},"properties":{"OBJECTID":364,"Plant_Name":"Riptide Plant","Owner":null,"Operator":"Coronado Midstream LLC","State":"TX","County":"Martin","City":"Lenorah","ZipCode":"79749","Cap_MMcfd":100,"Plant_Flow":85,"BTU_Content":1270,"Dry_Stor":null,"NGL_Stor":6600,"Longitude":-101.90423,"Latitude":32.24282,"Period":2017,"Source":"EIA-757, Natural Gas Processing Plant Survey","Loc_Source":"EPA"}},{"type":"Feature","id":365,"geometry":{"type":"Point","coordinates":[-11382108.4654,3734757.4444]},"properties":{"OBJECTID":365,"Plant_Name":"Roberts Ranch","Owner":"DCP Operating Company, LP","Operator":"DCP Operating Company, LP","State":"TX","County":"Midland","City":"Odessa","ZipCode":"79766","Cap_MMcfd":70,"Plant_Flow":70,"BTU_Content":1100,"Dry_Stor":null,"NGL_Stor":362,"Longitude":-102.24722,"Latitude":31.78222,"Period":2017,"Source":"EIA-757, Natural Gas Processing Plant Survey","Loc_Source":"HIFLD"}},{"type":"Feature","id":366,"geometry":{"type":"Point","coordinates":[-11393568.807,6117542.0808]},"properties":{"OBJECTID":366,"Plant_Name":"Robinson Lake Gas Plant","Owner":"Andeavor Field Services LLC","Operator":"Andeavor Field Services LLC","State":"ND","County":"Mountrail","City":"New Town","ZipCode":"58673","Cap_MMcfd":140,"Plant_Flow":97,"BTU_Content":1550,"Dry_Stor":null,"NGL_Stor":29050,"Longitude":-102.35017,"Latitude":48.0642,"Period":2017,"Source":"EIA-757, Natural Gas Processing Plant Survey","Loc_Source":"HIFLD"}},{"type":"Feature","id":367,"geometry":{"type":"Point","coordinates":[-10913153.9598,4325407.7906]},"properties":{"OBJECTID":367,"Plant_Name":"Rodman","Owner":"Mustang Ventures Company","Operator":"Mustang Gas Products, LLC","State":"OK","County":"Garfield","City":"Waukomis","ZipCode":"73773","Cap_MMcfd":80,"Plant_Flow":68,"BTU_Content":1200,"Dry_Stor":null,"NGL_Stor":580,"Longitude":-98.03453,"Latitude":36.17993,"Period":2017,"Source":"EIA-757, Natural Gas Processing Plant Survey","Loc_Source":"HIFLD"}},{"type":"Feature","id":368,"geometry":{"type":"Point","coordinates":[-11078692.7217,4238813.1222]},"properties":{"OBJECTID":368,"Plant_Name":"Roger Mills","Owner":"Enable Midstream","Operator":"Enable Midstream Partners","State":"OK","County":"Roger Mills","City":"Cheyenne","ZipCode":"73628","Cap_MMcfd":100,"Plant_Flow":30,"BTU_Content":1065,"Dry_Stor":0,"NGL_Stor":1200,"Longitude":-99.52159,"Latitude":35.54953,"Period":2017,"Source":"EIA-757, Natural Gas Processing Plant Survey","Loc_Source":"HIFLD"}},{"type":"Feature","id":369,"geometry":{"type":"Point","coordinates":[-9244577.2067,4346761.411]},"properties":{"OBJECTID":369,"Plant_Name":"Rogersville Cryogenic Plant","Owner":"Continuum Midstream, LLC","Operator":"Continuum Midstream, LLC","State":"TN","County":"Hawkins","City":"Rogersville","ZipCode":"37857","Cap_MMcfd":25,"Plant_Flow":12,"BTU_Content":1225,"Dry_Stor":null,"NGL_Stor":2857,"Longitude":-83.04545,"Latitude":36.33461,"Period":2017,"Source":"EIA-757, Natural Gas Processing Plant Survey","Loc_Source":"HIFLD"}},{"type":"Feature","id":370,"geometry":{"type":"Point","coordinates":[-11620356.666,4883040.5133]},"properties":{"OBJECTID":370,"Plant_Name":"Roggen","Owner":"DCP Operating Company, LP","Operator":"DCP Operating Company, LP","State":"CO","County":"Weld","City":"Roggen","ZipCode":"80652","Cap_MMcfd":75,"Plant_Flow":65,"BTU_Content":1300,"Dry_Stor":null,"NGL_Stor":5950,"Longitude":-104.38744,"Latitude":40.11756,"Period":2017,"Source":"EIA-757, Natural Gas Processing Plant Survey","Loc_Source":"HIFLD"}},{"type":"Feature","id":371,"geometry":{"type":"Point","coordinates":[-10993149.259,4392890.5033]},"properties":{"OBJECTID":371,"Plant_Name":"Rose Valley","Owner":"SemGas, LP","Operator":"SemGas, LP","State":"OK","County":"Woods","City":"Alva","ZipCode":"73717-5073","Cap_MMcfd":400,"Plant_Flow":250,"BTU_Content":1130,"Dry_Stor":null,"NGL_Stor":null,"Longitude":-98.75314,"Latitude":36.66771,"Period":2017,"Source":"EIA-757, Natural Gas Processing Plant Survey","Loc_Source":"EPA"}},{"type":"Feature","id":372,"geometry":{"type":"Point","coordinates":[-10582358.0741,3867076.3768]},"properties":{"OBJECTID":372,"Plant_Name":"Rosewood Plant","Owner":"ETC Field Services LLC","Operator":"ETC Field Services LLC","State":"TX","County":"Upshur","City":"Gilmer","ZipCode":"75644","Cap_MMcfd":12,"Plant_Flow":4,"BTU_Content":1103,"Dry_Stor":null,"NGL_Stor":467,"Longitude":-95.06294,"Latitude":32.78708,"Period":2017,"Source":"EIA-757, Natural Gas Processing Plant Survey","Loc_Source":"HIFLD"}},{"type":"Feature","id":373,"geometry":{"type":"Point","coordinates":[-10735198.6218,3693289.2449]},"properties":{"OBJECTID":373,"Plant_Name":"Rothermel","Owner":"Linn Energy LLC","Operator":null,"State":"TX","County":"Limestone","City":"Groesbeck","ZipCode":"76642","Cap_MMcfd":15,"Plant_Flow":15,"BTU_Content":1080,"Dry_Stor":null,"NGL_Stor":714,"Longitude":-96.43593,"Latitude":31.46502,"Period":2017,"Source":"EIA-757, Natural Gas Processing Plant Survey","Loc_Source":"EPA"}},{"type":"Feature","id":374,"geometry":{"type":"Point","coordinates":[-8791076.0727,5119221.1119]},"properties":{"OBJECTID":374,"Plant_Name":"Roystone Gas Plant","Owner":"Elkhorn Holdings LLC","Operator":"Elkhorn Gas Processing","State":"PA","County":"Warren","City":"Sheffield","ZipCode":"16347","Cap_MMcfd":9,"Plant_Flow":6,"BTU_Content":1251,"Dry_Stor":null,"NGL_Stor":3036,"Longitude":-78.97158,"Latitude":41.72062,"Period":2017,"Source":"EIA-757, Natural Gas Processing Plant Survey","Loc_Source":"HIFLD"}},{"type":"Feature","id":375,"geometry":{"type":"Point","coordinates":[-11783406.3242,5329487.858]},"properties":{"OBJECTID":375,"Plant_Name":"Sage Creek Natural Gas Processing Plant","Owner":"ONEOK","Operator":"ONEOK","State":"WY","County":"Converse","City":"Glenrock","ZipCode":"82637","Cap_MMcfd":50,"Plant_Flow":20,"BTU_Content":1300,"Dry_Stor":null,"NGL_Stor":200,"Longitude":-105.85214,"Latitude":43.11497,"Period":2017,"Source":"EIA-757, Natural Gas Processing Plant Survey","Loc_Source":"Internet Reearch"}},{"type":"Feature","id":376,"geometry":{"type":"Point","coordinates":[-10867500.7234,3979662.1316]},"properties":{"OBJECTID":376,"Plant_Name":"Saint Jo Processing Plant","Owner":"Kinder Morgan - Copano Field Services/North Texas, LLC","Operator":null,"State":"TX","County":"Montague","City":"Montague","ZipCode":"76251","Cap_MMcfd":110,"Plant_Flow":73,"BTU_Content":1082,"Dry_Stor":null,"NGL_Stor":null,"Longitude":-97.62442,"Latitude":33.63325,"Period":2017,"Source":"EIA-757, Natural Gas Processing Plant Survey","Loc_Source":"HIFLD"}},{"type":"Feature","id":377,"geometry":{"type":"Point","coordinates":[-11347376.7843,3791033.0571]},"properties":{"OBJECTID":377,"Plant_Name":"Sale Ranch Gas Plant","Owner":"West Texas Gas Processing LP","Operator":"West Texas Gas Processing LP","State":"TX","County":"Martin","City":"Stanton","ZipCode":"79782","Cap_MMcfd":250,"Plant_Flow":210,"BTU_Content":1247,"Dry_Stor":null,"NGL_Stor":750,"Longitude":-101.93522,"Latitude":32.21095,"Period":2017,"Source":"EIA-757, Natural Gas Processing Plant Survey","Loc_Source":"HIFLD"}},{"type":"Feature","id":378,"geometry":{"type":"Point","coordinates":[-9909171.2647,4658207.8346]},"properties":{"OBJECTID":378,"Plant_Name":"Salem Gas Plant","Owner":null,"Operator":"Citation Oil & Gas Corp.","State":"IL","County":"Marion","City":"Salem","ZipCode":"62881","Cap_MMcfd":1.5,"Plant_Flow":0.85,"BTU_Content":null,"Dry_Stor":null,"NGL_Stor":1500,"Longitude":-89.0156,"Latitude":38.55556,"Period":2017,"Source":"EIA-757, Natural Gas Processing Plant Survey","Loc_Source":"Internet Reearch"}},{"type":"Feature","id":379,"geometry":{"type":"Point","coordinates":[-11228655.6606,3926195.9525]},"properties":{"OBJECTID":379,"Plant_Name":"Salt Creek Processing Plant","Owner":"Occidental Permian Ltd","Operator":"Occidental Permian Ltd","State":"TX","County":"Kent","City":"Snyder","ZipCode":"79550","Cap_MMcfd":165,"Plant_Flow":160,"BTU_Content":1170,"Dry_Stor":null,"NGL_Stor":1300,"Longitude":-100.86873,"Latitude":33.23243,"Period":2017,"Source":"EIA-757, Natural Gas Processing Plant Survey","Loc_Source":"EPA"}},{"type":"Feature","id":380,"geometry":{"type":"Point","coordinates":[-12018977.291,4401802.6982]},"properties":{"OBJECTID":380,"Plant_Name":"San Juan Gas Plant","Owner":"Hilcorp San Juan, LLC.","Operator":"Harvest Pipeline Company","State":"NM","County":"San Juan","City":"Bloomfield","ZipCode":"87413","Cap_MMcfd":550,"Plant_Flow":372,"BTU_Content":1152,"Dry_Stor":null,"NGL_Stor":4000,"Longitude":-107.96831,"Latitude":36.7319,"Period":2017,"Source":"EIA-757, Natural Gas Processing Plant Survey","Loc_Source":"HIFLD"}},{"type":"Feature","id":381,"geometry":{"type":"Point","coordinates":[-10954852.0146,3402656.6551]},"properties":{"OBJECTID":381,"Plant_Name":"San Martin Natural Gas Plant","Owner":"Enterprise Hydrocarbons L.P.","Operator":"Enterprise Hydrocarbons L.P.","State":"TX","County":"Bexar","City":"Elmendorf","ZipCode":"78112-9771","Cap_MMcfd":200,"Plant_Flow":145,"BTU_Content":1251,"Dry_Stor":null,"NGL_Stor":null,"Longitude":-98.40911,"Latitude":29.212,"Period":2017,"Source":"EIA-757, Natural Gas Processing Plant Survey","Loc_Source":"HIFLD"}},{"type":"Feature","id":382,"geometry":{"type":"Point","coordinates":[-13224334.7186,4081009.9048]},"properties":{"OBJECTID":382,"Plant_Name":"Santa Clara Valley Gas Plant","Owner":"Vintage Pipeline, Inc.","Operator":"Vintage Pipeline, Inc.","State":"CA","County":"Ventura","City":"Piru","ZipCode":"93040","Cap_MMcfd":17,"Plant_Flow":10,"BTU_Content":1250,"Dry_Stor":null,"NGL_Stor":2610,"Longitude":-118.79622,"Latitude":34.38792,"Period":2017,"Source":"EIA-757, Natural Gas Processing Plant Survey","Loc_Source":"HIFLD"}},{"type":"Feature","id":383,"geometry":{"type":"Point","coordinates":[-11533580.8966,3902945.2571]},"properties":{"OBJECTID":383,"Plant_Name":"Saunders Plant","Owner":"Targa Midstream Services, LLC","Operator":"Targa Midstream Services, LLC","State":"NM","County":"Lea","City":"Lovington","ZipCode":"88260","Cap_MMcfd":70,"Plant_Flow":38,"BTU_Content":1220,"Dry_Stor":null,"NGL_Stor":2286,"Longitude":-103.60792000000001,"Latitude":33.05755,"Period":2017,"Source":"EIA-757, Natural Gas Processing Plant Survey","Loc_Source":"HIFLD"}},{"type":"Feature","id":384,"geometry":{"type":"Point","coordinates":[-10248817.0498,3490274.6383]},"properties":{"OBJECTID":384,"Plant_Name":"Sea Robin Gas Processing Plant","Owner":"Enterprise Gas Processing, LLC","Operator":"Enterprise Gas Processing, LLC","State":"LA","County":"Vermillion","City":"Erath","ZipCode":"70533","Cap_MMcfd":660,"Plant_Flow":100,"BTU_Content":1080,"Dry_Stor":null,"NGL_Stor":350,"Longitude":-92.06669,"Latitude":29.89667,"Period":2017,"Source":"EIA-757, Natural Gas Processing Plant Survey","Loc_Source":"HIFLD"}},{"type":"Feature","id":385,"geometry":{"type":"Point","coordinates":[-11430542.4627,3863169.4688]},"properties":{"OBJECTID":385,"Plant_Name":"Seminole Gas Processing Plant","Owner":"Oxy USA INC","Operator":"Oxy USA INC","State":"TX","County":"Gaines","City":"Seminole","ZipCode":"79360","Cap_MMcfd":285,"Plant_Flow":275,"BTU_Content":null,"Dry_Stor":null,"NGL_Stor":10000,"Longitude":-102.68231,"Latitude":32.75757,"Period":2017,"Source":"EIA-757, Natural Gas Processing Plant Survey","Loc_Source":"HIFLD"}},{"type":"Feature","id":386,"geometry":{"type":"Point","coordinates":[-11041409.5979,3799681.5907]},"properties":{"OBJECTID":386,"Plant_Name":"Shackelford Plant","Owner":"Dgp Taurus Gp Holding LLC","Operator":"Davis Gas Processing Inc","State":"TX","County":"Eastland","City":"Cisco","ZipCode":"76437","Cap_MMcfd":15,"Plant_Flow":7,"BTU_Content":1262,"Dry_Stor":null,"NGL_Stor":750,"Longitude":-99.18667,"Latitude":32.27666,"Period":2017,"Source":"EIA-757, Natural Gas Processing Plant Survey","Loc_Source":"EPA"}},{"type":"Feature","id":387,"geometry":{"type":"Point","coordinates":[-11045151.046,3876661.8016]},"properties":{"OBJECTID":387,"Plant_Name":"Shackelford Plant","Owner":"Targa Midstream Services, LLC","Operator":"Targa Midstream Services, LLC","State":"TX","County":"Shackelford","City":"Albany","ZipCode":null,"Cap_MMcfd":15,"Plant_Flow":6,"BTU_Content":1321,"Dry_Stor":null,"NGL_Stor":4528,"Longitude":-99.22028,"Latitude":32.85944,"Period":2017,"Source":"EIA-757, Natural Gas Processing Plant Survey","Loc_Source":"HIFLD"}},{"type":"Feature","id":388,"geometry":{"type":"Point","coordinates":[-10616002.1638,3820865.4358]},"properties":{"OBJECTID":388,"Plant_Name":"Shamburger Lake Plant","Owner":"Valence Operating Company","Operator":"Valence Operating Company","State":"TX","County":"Smith","City":"Tyler","ZipCode":"75706","Cap_MMcfd":2,"Plant_Flow":0.115,"BTU_Content":1295,"Dry_Stor":null,"NGL_Stor":355,"Longitude":-95.36517,"Latitude":32.43741,"Period":2017,"Source":"EIA-757, Natural Gas Processing Plant Survey","Loc_Source":"HIFLD"}},{"type":"Feature","id":389,"geometry":{"type":"Point","coordinates":[-10757493.6894,3986266.1838]},"properties":{"OBJECTID":389,"Plant_Name":"Sherman","Owner":"SemGas, LP","Operator":"SemGas, LP","State":"TX","County":"Grayson","City":"Sherman","ZipCode":"75092-6707","Cap_MMcfd":30,"Plant_Flow":30,"BTU_Content":null,"Dry_Stor":null,"NGL_Stor":350,"Longitude":-96.63621,"Latitude":33.68263,"Period":2017,"Source":"EIA-757, Natural Gas Processing Plant Survey","Loc_Source":"HIFLD"}},{"type":"Feature","id":390,"geometry":{"type":"Point","coordinates":[-9502741.5774,5477460.3753]},"properties":{"OBJECTID":390,"Plant_Name":"Sherman 35","Owner":"Breitburn Operating, L.P.","Operator":"Breitburn Operating, L.P.","State":"MI","County":"Osceola","City":"LeRoy","ZipCode":"49655","Cap_MMcfd":2,"Plant_Flow":2,"BTU_Content":null,"Dry_Stor":null,"NGL_Stor":714,"Longitude":-85.36458,"Latitude":44.07761,"Period":2017,"Source":"EIA-757, Natural Gas Processing Plant Survey","Loc_Source":"HIFLD"}},{"type":"Feature","id":391,"geometry":{"type":"Point","coordinates":[-8981778.6056,4761299.4863]},"properties":{"OBJECTID":391,"Plant_Name":"Sherwood Plant","Owner":"MarkWest Liberty Midstream & Resource","Operator":"MarkWest Liberty Midstream & Resources","State":"WV","County":"Doddridge","City":"West Union","ZipCode":"26456","Cap_MMcfd":1800,"Plant_Flow":1481,"BTU_Content":1225,"Dry_Stor":null,"NGL_Stor":null,"Longitude":-80.68469,"Latitude":39.27611,"Period":2017,"Source":"EIA-757, Natural Gas Processing Plant Survey","Loc_Source":"EPA"}},{"type":"Feature","id":392,"geometry":{"type":"Point","coordinates":[-11006302.7701,3241614.139]},"properties":{"OBJECTID":392,"Plant_Name":"Shilling Gas Plant","Owner":"Enterprise Hydrocarbons L.P.","Operator":"Enterprise Products Operating LLC","State":"TX","County":"Webb","City":"Freer","ZipCode":"78357-2032","Cap_MMcfd":110,"Plant_Flow":110,"BTU_Content":1200,"Dry_Stor":null,"NGL_Stor":null,"Longitude":-98.8713,"Latitude":27.94161,"Period":2017,"Source":"EIA-757, Natural Gas Processing Plant Survey","Loc_Source":"HIFLD"}},{"type":"Feature","id":393,"geometry":{"type":"Point","coordinates":[-10863220.489,4095271.8873]},"properties":{"OBJECTID":393,"Plant_Name":"Sholem Alechem","Owner":"DCP Operating Company, LP","Operator":"DCP Operating Company, LP","State":"OK","County":"Stephens-Carter","City":"Duncan","ZipCode":"73533","Cap_MMcfd":60,"Plant_Flow":55,"BTU_Content":1235,"Dry_Stor":null,"NGL_Stor":5950,"Longitude":-97.58597,"Latitude":34.49358,"Period":2017,"Source":"EIA-757, Natural Gas Processing Plant Survey","Loc_Source":"HIFLD"}},{"type":"Feature","id":394,"geometry":{"type":"Point","coordinates":[-10860949.5714,3223745.1907]},"properties":{"OBJECTID":394,"Plant_Name":"Shoup Cryogenic Plant","Owner":"Enterprise Hydrocarbons L.P.","Operator":"Enterprise Hydrocarbons L.P.","State":"TX","County":"Nueces","City":"Corpus Christi","ZipCode":"78410","Cap_MMcfd":285,"Plant_Flow":255,"BTU_Content":1120,"Dry_Stor":null,"NGL_Stor":1700,"Longitude":-97.56557,"Latitude":27.79971,"Period":2017,"Source":"EIA-757, Natural Gas Processing Plant Survey","Loc_Source":"HIFLD"}},{"type":"Feature","id":395,"geometry":{"type":"Point","coordinates":[-13155247.6162,4003393.1388]},"properties":{"OBJECTID":395,"Plant_Name":"Signal Hill West Unit Gas Plant","Owner":"Signal Hill Petroleum, Inc.","Operator":"Signal Hill Petroleum, Inc.","State":"CA","County":"Los Angeles","City":"Signal Hill","ZipCode":"90755","Cap_MMcfd":4,"Plant_Flow":1,"BTU_Content":1476,"Dry_Stor":null,"NGL_Stor":952,"Longitude":-118.1756,"Latitude":33.81056,"Period":2017,"Source":"EIA-757, Natural Gas Processing Plant Survey","Loc_Source":"HIFLD"}},{"type":"Feature","id":396,"geometry":{"type":"Point","coordinates":[-11644487.392,5054999.3028]},"properties":{"OBJECTID":396,"Plant_Name":"Silo Gas Plant","Owner":"Kaiser-Frontier Midstream, LLC","Operator":"Kaiser-Frontier Midstream, LLC","State":"WY","County":"Laramie","City":"Cheyenne","ZipCode":"82009","Cap_MMcfd":15,"Plant_Flow":6,"BTU_Content":1400,"Dry_Stor":null,"NGL_Stor":2140,"Longitude":-104.60421,"Latitude":41.28857,"Period":2017,"Source":"EIA-757, Natural Gas Processing Plant Survey","Loc_Source":"HIFLD"}},{"type":"Feature","id":397,"geometry":{"type":"Point","coordinates":[-10873087.8486,3868959.4634]},"properties":{"OBJECTID":397,"Plant_Name":"Silver Creek Plant","Owner":"Enlink Texas Processing, LP","Operator":"Enlink Texas Processing, LP","State":"TX","County":"Parker","City":"Weatherford","ZipCode":"76087","Cap_MMcfd":200,"Plant_Flow":146,"BTU_Content":1164,"Dry_Stor":null,"NGL_Stor":1287,"Longitude":-97.67461,"Latitude":32.8013,"Period":2017,"Source":"EIA-757, Natural Gas Processing Plant Survey","Loc_Source":"HIFLD"}},{"type":"Feature","id":398,"geometry":{"type":"Point","coordinates":[-10893011.8111,3319580.9645]},"properties":{"OBJECTID":398,"Plant_Name":"Silver Oak Plant 1","Owner":"APL South Tex Processing Company LP","Operator":"TPL South Tex Processing Company LP","State":"TX","County":"Bee","City":"Tuleta","ZipCode":"78162","Cap_MMcfd":260,"Plant_Flow":179,"BTU_Content":1292,"Dry_Stor":null,"NGL_Stor":null,"Longitude":-97.85359,"Latitude":28.55857,"Period":2017,"Source":"EIA-757, Natural Gas Processing Plant Survey","Loc_Source":"EPA"}},{"type":"Feature","id":399,"geometry":{"type":"Point","coordinates":[-12126684.4643,5616908.4062]},"properties":{"OBJECTID":399,"Plant_Name":"Silvertip","Owner":"Incremental Oil and Gas","Operator":"Incremental Oil and Gas","State":"WY","County":"Park","City":"Powell","ZipCode":"82435","Cap_MMcfd":5,"Plant_Flow":5,"BTU_Content":null,"Dry_Stor":null,"NGL_Stor":2140,"Longitude":-108.93586,"Latitude":44.97069,"Period":2017,"Source":"EIA-757, Natural Gas Processing Plant Survey","Loc_Source":"Internet Reearch"}},{"type":"Feature","id":400,"geometry":{"type":"Point","coordinates":[-12057213.3097,5005082.9597]},"properties":{"OBJECTID":400,"Plant_Name":"Skull Creek Dew Point","Owner":"Dominion Energy Questar Pipeline","Operator":"Dominion Energy Questar Pipeline","State":"CO","County":"Moffat","City":"Craig","ZipCode":"81625","Cap_MMcfd":45,"Plant_Flow":20,"BTU_Content":1108,"Dry_Stor":null,"NGL_Stor":1428,"Longitude":-108.31179,"Latitude":40.95077,"Period":2017,"Source":"EIA-757, Natural Gas Processing Plant Survey","Loc_Source":"HIFLD"}},{"type":"Feature","id":401,"geometry":{"type":"Point","coordinates":[-11416873.5424,3957601.1804]},"properties":{"OBJECTID":401,"Plant_Name":"Slaughter Gasoline Plant","Owner":"Oxy","Operator":"OXY","State":"TX","County":"Hockley","City":"Sundown","ZipCode":"79372","Cap_MMcfd":35,"Plant_Flow":30,"BTU_Content":1400,"Dry_Stor":null,"NGL_Stor":446000,"Longitude":-102.55952,"Latitude":33.46809,"Period":2017,"Source":"EIA-757, Natural Gas Processing Plant Survey","Loc_Source":"HIFLD"}},{"type":"Feature","id":402,"geometry":{"type":"Point","coordinates":[-11417107.3133,3956388.2225]},"properties":{"OBJECTID":402,"Plant_Name":"Slaughter Gasoline Plant (Mallet)","Owner":"Oxy","Operator":"OXY","State":"TX","County":"Hockley","City":"Sundown","ZipCode":"79372","Cap_MMcfd":345,"Plant_Flow":340,"BTU_Content":1250,"Dry_Stor":null,"NGL_Stor":2200,"Longitude":-102.56162,"Latitude":33.459,"Period":2017,"Source":"EIA-757, Natural Gas Processing Plant Survey","Loc_Source":"HIFLD"}},{"type":"Feature","id":403,"geometry":{"type":"Point","coordinates":[-10411835.5385,3831213.4274]},"properties":{"OBJECTID":403,"Plant_Name":"Sligo Processing Facility","Owner":"Enable Midstream Partners","Operator":"Enable Midstream Partners","State":"LA","County":"Bossier","City":"Haughton","ZipCode":"71037","Cap_MMcfd":230,"Plant_Flow":140,"BTU_Content":1100,"Dry_Stor":null,"NGL_Stor":7857,"Longitude":-93.53111,"Latitude":32.51583,"Period":2017,"Source":"EIA-757, Natural Gas Processing Plant Survey","Loc_Source":"HIFLD"}},{"type":"Feature","id":404,"geometry":{"type":"Point","coordinates":[-9137596.9497,4569018.2886]},"properties":{"OBJECTID":404,"Plant_Name":"Smokehouse","Owner":"Core Appalachia Operating, LLC","Operator":"Core Appalachia Operating, LLC","State":"WV","County":"Logan","City":"Chapmanville","ZipCode":"25508","Cap_MMcfd":13,"Plant_Flow":7,"BTU_Content":1279,"Dry_Stor":null,"NGL_Stor":2142,"Longitude":-82.08443,"Latitude":37.92629,"Period":2017,"Source":"EIA-757, Natural Gas Processing Plant Survey","Loc_Source":"HIFLD"}},{"type":"Feature","id":405,"geometry":{"type":"Point","coordinates":[-11238676.6411,3862375.2711]},"properties":{"OBJECTID":405,"Plant_Name":"Snyder Gasoline Plant","Owner":"ExxonMobil Corporation","Operator":"Kinder Morgan CO2","State":"TX","County":"Scurry","City":"Snyder","ZipCode":"79549","Cap_MMcfd":90,"Plant_Flow":59,"BTU_Content":1300,"Dry_Stor":null,"NGL_Stor":1000,"Longitude":-100.95875,"Latitude":32.75157,"Period":2017,"Source":"EIA-757, Natural Gas Processing Plant Survey","Loc_Source":"HIFLD"}},{"type":"Feature","id":406,"geometry":{"type":"Point","coordinates":[-11204008.4121,3542097.1365]},"properties":{"OBJECTID":406,"Plant_Name":"Sonora Plant","Owner":"Enterprise Hydrocarbons LP","Operator":"Enterprise Products Operating LLC","State":"TX","County":"Sutton","City":"Sonora","ZipCode":"76950","Cap_MMcfd":120,"Plant_Flow":95,"BTU_Content":1141,"Dry_Stor":null,"NGL_Stor":750,"Longitude":-100.64732,"Latitude":30.29943,"Period":2017,"Source":"EIA-757, Natural Gas Processing Plant Survey","Loc_Source":"HIFLD"}},{"type":"Feature","id":407,"geometry":{"type":"Point","coordinates":[-10921737.8057,4233507.113]},"properties":{"OBJECTID":407,"Plant_Name":"South Canadian","Owner":"Enable Products LLC","Operator":"Enable Products LLC","State":"OK","County":"Canadian","City":"Calumet","ZipCode":"73014","Cap_MMcfd":200,"Plant_Flow":200,"BTU_Content":1152,"Dry_Stor":null,"NGL_Stor":null,"Longitude":-98.11164,"Latitude":35.51074,"Period":2017,"Source":"EIA-757, Natural Gas Processing Plant Survey","Loc_Source":"HIFLD"}},{"type":"Feature","id":408,"geometry":{"type":"Point","coordinates":[-11592401.0023,3804492.258]},"properties":{"OBJECTID":408,"Plant_Name":"South Carlsbad Dew Point Plant","Owner":"Enterprise Field Services LLC","Operator":"Enterprise Products Operating LLC","State":"NM","County":"Eddy","City":"Loving","ZipCode":"88256","Cap_MMcfd":200,"Plant_Flow":50,"BTU_Content":1060,"Dry_Stor":null,"NGL_Stor":1200,"Longitude":-104.13631,"Latitude":32.31319,"Period":2017,"Source":"EIA-757, Natural Gas Processing Plant Survey","Loc_Source":"HIFLD"}},{"type":"Feature","id":409,"geometry":{"type":"Point","coordinates":[-11558267.1068,3784685.2146]},"properties":{"OBJECTID":409,"Plant_Name":"South Eddy Cryo Plant","Owner":"Enterprise Field Services LLC","Operator":"Enterprise Products Operating LLC","State":"NM","County":"Eddy","City":"Malaga","ZipCode":"88263","Cap_MMcfd":200,"Plant_Flow":200,"BTU_Content":1246,"Dry_Stor":null,"NGL_Stor":null,"Longitude":-103.82968,"Latitude":32.16269,"Period":2017,"Source":"EIA-757, Natural Gas Processing Plant Survey","Loc_Source":"Internet Reearch"}},{"type":"Feature","id":410,"geometry":{"type":"Point","coordinates":[-11295218.0369,3560986.8274]},"properties":{"OBJECTID":410,"Plant_Name":"Southwest Ozona","Owner":"DCP Operating Company, LP","Operator":"DCP Operating Company, LP","State":"TX","County":"Crockett","City":"Ozona","ZipCode":"76943-1029","Cap_MMcfd":90,"Plant_Flow":85,"BTU_Content":1160,"Dry_Stor":null,"NGL_Stor":1429,"Longitude":-101.46667,"Latitude":30.44583,"Period":2017,"Source":"EIA-757, Natural Gas Processing Plant Survey","Loc_Source":"HIFLD"}},{"type":"Feature","id":411,"geometry":{"type":"Point","coordinates":[-11248613.0189,4312433.7512]},"properties":{"OBJECTID":411,"Plant_Name":"Spearman Plant","Owner":"ETC Field Serivces LLC","Operator":"ETC Field Services LLC","State":"TX","County":"Ochiltree","City":"Spearman","ZipCode":"79081","Cap_MMcfd":100,"Plant_Flow":80,"BTU_Content":1210,"Dry_Stor":null,"NGL_Stor":1657,"Longitude":-101.04801,"Latitude":36.0858,"Period":2017,"Source":"EIA-757, Natural Gas Processing Plant Survey","Loc_Source":"HIFLD"}},{"type":"Feature","id":412,"geometry":{"type":"Point","coordinates":[-11675654.6231,4878875.2277]},"properties":{"OBJECTID":412,"Plant_Name":"Spindle","Owner":"DCP Operating Company, LP","Operator":"DCP Operating Company, LP","State":"CO","County":"Weld","City":"Ft. Lupton","ZipCode":"80621","Cap_MMcfd":39,"Plant_Flow":39,"BTU_Content":1275,"Dry_Stor":null,"NGL_Stor":7270,"Longitude":-104.88419,"Latitude":40.08894,"Period":2017,"Source":"EIA-757, Natural Gas Processing Plant Survey","Loc_Source":"HIFLD"}},{"type":"Feature","id":413,"geometry":{"type":"Point","coordinates":[-10933716.8961,4491021.9813]},"properties":{"OBJECTID":413,"Plant_Name":"Spivey","Owner":"Atlas KS Energy LLC","Operator":"Pioneer Exploration, LLC","State":"KS","County":"Harper","City":"Harper","ZipCode":"67058-8432","Cap_MMcfd":22,"Plant_Flow":8,"BTU_Content":1190,"Dry_Stor":null,"NGL_Stor":7620,"Longitude":-98.21925,"Latitude":37.37154,"Period":2017,"Source":"EIA-757, Natural Gas Processing Plant Survey","Loc_Source":"HIFLD"}},{"type":"Feature","id":414,"geometry":{"type":"Point","coordinates":[-11331429.154,3744663.0392]},"properties":{"OBJECTID":414,"Plant_Name":"Spraberry Plant","Owner":"Navitas Midstream Midland Basin, LLC","Operator":null,"State":"TX","County":"Midland","City":"Midland","ZipCode":"79706","Cap_MMcfd":125,"Plant_Flow":63,"BTU_Content":1300,"Dry_Stor":null,"NGL_Stor":null,"Longitude":-101.79196,"Latitude":31.85783,"Period":2017,"Source":"EIA-757, Natural Gas Processing Plant Survey","Loc_Source":"HIFLD"}},{"type":"Feature","id":415,"geometry":{"type":"Point","coordinates":[-11523686.8202,6145077.2896]},"properties":{"OBJECTID":415,"Plant_Name":"SpringBrook Gas Plant","Owner":"1804 Ltd","Operator":"1804 LTD","State":"ND","County":"Williams","City":"Williston","ZipCode":"58801","Cap_MMcfd":null,"Plant_Flow":null,"BTU_Content":null,"Dry_Stor":null,"NGL_Stor":null,"Longitude":-103.51904,"Latitude":48.22924,"Period":2017,"Source":"EIA-757, Natural Gas Processing Plant Survey","Loc_Source":"Internet Reearch"}},{"type":"Feature","id":416,"geometry":{"type":"Point","coordinates":[-11571002.0566,6144911.854]},"properties":{"OBJECTID":416,"Plant_Name":"Stateline Natural Gas Processing Plant","Owner":"ONEOK","Operator":"ONEOK","State":"ND","County":"Williams","City":"Williston","ZipCode":"58801","Cap_MMcfd":220,"Plant_Flow":167,"BTU_Content":1424,"Dry_Stor":null,"NGL_Stor":17358,"Longitude":-103.94408,"Latitude":48.22825,"Period":2017,"Source":"EIA-757, Natural Gas Processing Plant Survey","Loc_Source":"HIFLD"}},{"type":"Feature","id":417,"geometry":{"type":"Point","coordinates":[-10876027.7964,4091895.7587]},"properties":{"OBJECTID":417,"Plant_Name":"Stephens Natural Gas Processing","Owner":"ONEOK","Operator":"ONEOK","State":"OK","County":"Stephens","City":"Velma","ZipCode":"73491","Cap_MMcfd":30,"Plant_Flow":27,"BTU_Content":1145,"Dry_Stor":null,"NGL_Stor":500,"Longitude":-97.70102,"Latitude":34.46858,"Period":2017,"Source":"EIA-757, Natural Gas Processing Plant Survey","Loc_Source":"HIFLD"}},{"type":"Feature","id":418,"geometry":{"type":"Point","coordinates":[-11269552.2151,3759410.0472]},"properties":{"OBJECTID":418,"Plant_Name":"Sterling Plant","Owner":"Targa Resources","Operator":"Targa Resources","State":"TX","County":"Sterling","City":"Sterling City","ZipCode":"76951","Cap_MMcfd":90,"Plant_Flow":85,"BTU_Content":1250,"Dry_Stor":0,"NGL_Stor":1610,"Longitude":-101.23611,"Latitude":31.97028,"Period":2017,"Source":"EIA-757, Natural Gas Processing Plant Survey","Loc_Source":"HIFLD"}},{"type":"Feature","id":419,"geometry":{"type":"Point","coordinates":[-10501994.3073,3729224.5307]},"properties":{"OBJECTID":419,"Plant_Name":"Stockman Plant","Owner":"Enable Midstream Partners","Operator":"Enable Midstream Partners","State":"TX","County":"Shelby","City":"Center","ZipCode":"75935","Cap_MMcfd":15,"Plant_Flow":1,"BTU_Content":1070,"Dry_Stor":null,"NGL_Stor":714,"Longitude":-94.34102,"Latitude":31.73996,"Period":2017,"Source":"EIA-757, Natural Gas Processing Plant Survey","Loc_Source":"HIFLD"}},{"type":"Feature","id":420,"geometry":{"type":"Point","coordinates":[-11334059.6336,4295407.6429]},"properties":{"OBJECTID":420,"Plant_Name":"Sunray Gas Plant","Owner":"ETC Field Services LLC","Operator":"ETC Field Services LLC","State":"TX","County":"Moore","City":"Sunray","ZipCode":"79086","Cap_MMcfd":165,"Plant_Flow":145,"BTU_Content":1185,"Dry_Stor":null,"NGL_Stor":4050,"Longitude":-101.81559,"Latitude":35.9621,"Period":2017,"Source":"EIA-757, Natural Gas Processing Plant Survey","Loc_Source":"HIFLD"}},{"type":"Feature","id":421,"geometry":{"type":"Point","coordinates":[-11197499.5615,3568874.9436]},"properties":{"OBJECTID":421,"Plant_Name":"Sutton Sonora Plant","Owner":"DCP Operating Company, LP","Operator":"DCP Operating Company, LP","State":"TX","County":"Sutton","City":"Sonora","ZipCode":"76493","Cap_MMcfd":62,"Plant_Flow":62,"BTU_Content":1175,"Dry_Stor":null,"NGL_Stor":4523,"Longitude":-100.58885,"Latitude":30.5069,"Period":2017,"Source":"EIA-757, Natural Gas Processing Plant Survey","Loc_Source":"HIFLD"}},{"type":"Feature","id":422,"geometry":{"type":"Point","coordinates":[-10842283.5191,3918093.897]},"properties":{"OBJECTID":422,"Plant_Name":"Sweetwater Creek Gas Plant","Owner":"Aethon United BR LP","Operator":"Aethon Energy Operating LLC","State":"TX","County":"Wise","City":"Decatur","ZipCode":"76234","Cap_MMcfd":12,"Plant_Flow":8,"BTU_Content":1120,"Dry_Stor":null,"NGL_Stor":5714,"Longitude":-97.39789,"Latitude":33.17153,"Period":2017,"Source":"EIA-757, Natural Gas Processing Plant Survey","Loc_Source":"HIFLD"}},{"type":"Feature","id":423,"geometry":{"type":"Point","coordinates":[-11110233.9863,4213331.0253]},"properties":{"OBJECTID":423,"Plant_Name":"Sweetwater Plant","Owner":"Enbridge G&P (Oklahoma), L.P.","Operator":"Enbridge G & P (Oklahoma), L.P.","State":"OK","County":"Beckham","City":"Sayre","ZipCode":"73662","Cap_MMcfd":125,"Plant_Flow":65,"BTU_Content":1143,"Dry_Stor":null,"NGL_Stor":null,"Longitude":-99.80493,"Latitude":35.36307,"Period":2017,"Source":"EIA-757, Natural Gas Processing Plant Survey","Loc_Source":"HIFLD"}},{"type":"Feature","id":424,"geometry":{"type":"Point","coordinates":[-11482299.3467,3819220.7741]},"properties":{"OBJECTID":424,"Plant_Name":"Targa Midstream Services LLC","Owner":null,"Operator":"Targa Midstream Services, LLC","State":"NM","County":"Lea","City":"Eunice","ZipCode":"88231-1909","Cap_MMcfd":115,"Plant_Flow":100,"BTU_Content":1029,"Dry_Stor":null,"NGL_Stor":713,"Longitude":-103.14725,"Latitude":32.42494,"Period":2017,"Source":"EIA-757, Natural Gas Processing Plant Survey","Loc_Source":"EPA"}},{"type":"Feature","id":425,"geometry":{"type":"Point","coordinates":[-11425924.9302,3698000.2512]},"properties":{"OBJECTID":425,"Plant_Name":"Targa Sandhills Plt","Owner":"Targa Resources","Operator":"Targa Resources","State":"TX","County":"Crane","City":"Crane","ZipCode":"79743","Cap_MMcfd":180,"Plant_Flow":152,"BTU_Content":1230,"Dry_Stor":null,"NGL_Stor":9285,"Longitude":-102.64083,"Latitude":31.50111,"Period":2017,"Source":"EIA-757, Natural Gas Processing Plant Survey","Loc_Source":"HIFLD"}},{"type":"Feature","id":426,"geometry":{"type":"Point","coordinates":[-11344697.3242,3812904.0634]},"properties":{"OBJECTID":426,"Plant_Name":"Tarzan Gas Plant","Owner":"Targa Resources","Operator":"Targa Resources","State":"TX","County":"Martin","City":"Lenorah","ZipCode":"79749","Cap_MMcfd":10,"Plant_Flow":8.7,"BTU_Content":1050,"Dry_Stor":null,"NGL_Stor":1876,"Longitude":-101.91115,"Latitude":32.37703,"Period":2017,"Source":"EIA-757, Natural Gas Processing Plant Survey","Loc_Source":"EPA"}},{"type":"Feature","id":427,"geometry":{"type":"Point","coordinates":[-10791836.8655,4191964.213]},"properties":{"OBJECTID":427,"Plant_Name":"Tecumseh Gas Plant","Owner":"Enerfin Resources Company","Operator":"Enerfin Resources I LP","State":"OK","County":"Pottatomie","City":"Tecumseh","ZipCode":"74873","Cap_MMcfd":20,"Plant_Flow":10,"BTU_Content":1310,"Dry_Stor":null,"NGL_Stor":1400,"Longitude":-96.94472,"Latitude":35.20639,"Period":2017,"Source":"EIA-757, Natural Gas Processing Plant Survey","Loc_Source":"HIFLD"}},{"type":"Feature","id":428,"geometry":{"type":"Point","coordinates":[-10568764.8511,3423568.2915]},"properties":{"OBJECTID":428,"Plant_Name":"Texas City Processing Plant","Owner":"Kinder Morgan Tejas Pipeline LLC","Operator":"Kinder Morgan Tejas Pipeline LLC","State":"TX","County":"Galveston","City":"Texas City","ZipCode":"77590","Cap_MMcfd":65,"Plant_Flow":65,"BTU_Content":1045,"Dry_Stor":null,"NGL_Stor":400,"Longitude":-94.94083,"Latitude":29.37583,"Period":2017,"Source":"EIA-757, Natural Gas Processing Plant Survey","Loc_Source":"HIFLD"}},{"type":"Feature","id":429,"geometry":{"type":"Point","coordinates":[-10998118.5611,4264827.6941]},"properties":{"OBJECTID":429,"Plant_Name":"Thomas","Owner":"Enable Products LLC","Operator":"Enable Products LLC","State":"OK","County":"Custer","City":"Thomas","ZipCode":"73669","Cap_MMcfd":150,"Plant_Flow":93,"BTU_Content":1051,"Dry_Stor":null,"NGL_Stor":null,"Longitude":-98.79778,"Latitude":35.73944,"Period":2017,"Source":"EIA-757, Natural Gas Processing Plant Survey","Loc_Source":"HIFLD"}},{"type":"Feature","id":430,"geometry":{"type":"Point","coordinates":[-11013644.2905,3155662.4396]},"properties":{"OBJECTID":430,"Plant_Name":"Thompsonville Gas Plant","Owner":"Enterprise Hydrocarbons LP","Operator":"Enterprise Hydrocarbons L.P.","State":"TX","County":"Jim Hogg","City":"Mirando City","ZipCode":"77369","Cap_MMcfd":330,"Plant_Flow":305,"BTU_Content":1140,"Dry_Stor":null,"NGL_Stor":null,"Longitude":-98.93725,"Latitude":27.25736,"Period":2017,"Source":"EIA-757, Natural Gas Processing Plant Survey","Loc_Source":"HIFLD"}},{"type":"Feature","id":431,"geometry":{"type":"Point","coordinates":[-10924437.3033,3300230.3612]},"properties":{"OBJECTID":431,"Plant_Name":"Three Rivers","Owner":"DCP Operating Company, LP","Operator":"DCP Operating Company, LP","State":"TX","County":"Live Oak","City":"George West","ZipCode":"78022","Cap_MMcfd":95,"Plant_Flow":null,"BTU_Content":null,"Dry_Stor":null,"NGL_Stor":1380,"Longitude":-98.13589,"Latitude":28.40578,"Period":2017,"Source":"EIA-757, Natural Gas Processing Plant Survey","Loc_Source":"HIFLD"}},{"type":"Feature","id":432,"geometry":{"type":"Point","coordinates":[-10968263.7869,3300826.4573]},"properties":{"OBJECTID":432,"Plant_Name":"Tilden","Owner":"ETC Field Services LLC","Operator":"ETC Field Services LLC","State":"TX","County":"McMullen","City":"Tilden","ZipCode":"78072","Cap_MMcfd":150,"Plant_Flow":98,"BTU_Content":1250,"Dry_Stor":null,"NGL_Stor":3250,"Longitude":-98.52959,"Latitude":28.41049,"Period":2017,"Source":"EIA-757, Natural Gas Processing Plant Survey","Loc_Source":"EPA"}},{"type":"Feature","id":433,"geometry":{"type":"Point","coordinates":[-11379392.2699,3637622.7888]},"properties":{"OBJECTID":433,"Plant_Name":"Tippett Plant","Owner":"ETC Field Services LLC","Operator":"ETC Field Services LLC","State":"TX","County":"Upton","City":"McCamey","ZipCode":"79752","Cap_MMcfd":55,"Plant_Flow":50,"BTU_Content":1200,"Dry_Stor":null,"NGL_Stor":7500,"Longitude":-102.22282,"Latitude":31.03752,"Period":2017,"Source":"EIA-757, Natural Gas Processing Plant Survey","Loc_Source":"EPA"}},{"type":"Feature","id":434,"geometry":{"type":"Point","coordinates":[-10000187.1935,3486367.8039]},"properties":{"OBJECTID":434,"Plant_Name":"Toca Gas Plant","Owner":"Enterprise Gas Processing LLC","Operator":"Enterprise Gas Processing LLC","State":"LA","County":"St. Bernard","City":"St. Bernard","ZipCode":"70085","Cap_MMcfd":1100,"Plant_Flow":150,"BTU_Content":1096,"Dry_Stor":null,"NGL_Stor":null,"Longitude":-89.83321,"Latitude":29.86624,"Period":2017,"Source":"EIA-757, Natural Gas Processing Plant Survey","Loc_Source":"HIFLD"}},{"type":"Feature","id":435,"geometry":{"type":"Point","coordinates":[-10896922.4648,3808543.256]},"properties":{"OBJECTID":435,"Plant_Name":"Tolar Plant/Black Diamond","Owner":"DCP Operating Company, LP","Operator":"DCP Operating Company, LP","State":"TX","County":"Hood","City":"Tolar","ZipCode":"76476","Cap_MMcfd":120,"Plant_Flow":20,"BTU_Content":1270,"Dry_Stor":null,"NGL_Stor":1430,"Longitude":-97.88872,"Latitude":32.34394,"Period":2017,"Source":"EIA-757, Natural Gas Processing Plant Survey","Loc_Source":"HIFLD"}},{"type":"Feature","id":436,"geometry":{"type":"Point","coordinates":[-11346858.0355,3615733.6943]},"properties":{"OBJECTID":436,"Plant_Name":"Tract 75 Gas Plant","Owner":"Kinder Morgan Production Company LLC","Operator":"Kinder Morgan Production Company LLC","State":"TX","County":"Pecos","City":"Iraan","ZipCode":"79744","Cap_MMcfd":110,"Plant_Flow":73,"BTU_Content":300,"Dry_Stor":null,"NGL_Stor":null,"Longitude":-101.93056,"Latitude":30.86889,"Period":2017,"Source":"EIA-757, Natural Gas Processing Plant Survey","Loc_Source":"HIFLD"}},{"type":"Feature","id":437,"geometry":{"type":"Point","coordinates":[-10715830.1436,3690640.1835]},"properties":{"OBJECTID":437,"Plant_Name":"Trend Gathering Farrar plant","Owner":"XTO Energy","Operator":"XTO Energy, Inc.","State":"TX","County":"Limestone","City":"Jewett","ZipCode":"75846","Cap_MMcfd":330,"Plant_Flow":110,"BTU_Content":1000,"Dry_Stor":null,"NGL_Stor":3000,"Longitude":-96.26194,"Latitude":31.44472,"Period":2017,"Source":"EIA-757, Natural Gas Processing Plant Survey","Loc_Source":"EPA"}},{"type":"Feature","id":438,"geometry":{"type":"Point","coordinates":[-10711204.8187,3714531.2268]},"properties":{"OBJECTID":438,"Plant_Name":"Trend Teague Plant","Owner":"Trend Gathering and Treating L.P.","Operator":"Trend Gathering and Treating L.P.","State":"TX","County":"Freestone","City":"Teague","ZipCode":"75860","Cap_MMcfd":330,"Plant_Flow":200,"BTU_Content":1025,"Dry_Stor":null,"NGL_Stor":3000,"Longitude":-96.22039,"Latitude":31.62764,"Period":2017,"Source":"EIA-757, Natural Gas Processing Plant Survey","Loc_Source":"EPA"}},{"type":"Feature","id":439,"geometry":{"type":"Point","coordinates":[-10696116.5749,3780066.5311]},"properties":{"OBJECTID":439,"Plant_Name":"Trinidad","Owner":"Enbridge G & P (East Texas) L.P.","Operator":"Enbridge G & P (East Texas) L.P.","State":"TX","County":"Henderson","City":"Trinidad","ZipCode":"75163","Cap_MMcfd":65,"Plant_Flow":52,"BTU_Content":1049,"Dry_Stor":null,"NGL_Stor":476,"Longitude":-96.08485,"Latitude":32.12756,"Period":2017,"Source":"EIA-757, Natural Gas Processing Plant Survey","Loc_Source":"HIFLD"}},{"type":"Feature","id":440,"geometry":{"type":"Point","coordinates":[-10719163.0491,4107733.1629]},"properties":{"OBJECTID":440,"Plant_Name":"Tupelo Gas Plant","Owner":"Targa Resources","Operator":"Targa Resources","State":"OK","County":"Coal","City":"Coalgate","ZipCode":"74538","Cap_MMcfd":125,"Plant_Flow":122,"BTU_Content":1223,"Dry_Stor":null,"NGL_Stor":null,"Longitude":-96.29188,"Latitude":34.58579,"Period":2017,"Source":"EIA-757, Natural Gas Processing Plant Survey","Loc_Source":"EPA"}},{"type":"Feature","id":441,"geometry":{"type":"Point","coordinates":[-10623709.9254,3813801.7259]},"properties":{"OBJECTID":441,"Plant_Name":"Tyler Gas Plant","Owner":"Aethon United Gas LP","Operator":"Aethon Energy Operating LLC","State":"TX","County":"Smith","City":"Tyler","ZipCode":"75704","Cap_MMcfd":1,"Plant_Flow":1,"BTU_Content":null,"Dry_Stor":null,"NGL_Stor":210,"Longitude":-95.43441,"Latitude":32.38384,"Period":2017,"Source":"EIA-757, Natural Gas Processing Plant Survey","Loc_Source":"HIFLD"}},{"type":"Feature","id":442,"geometry":{"type":"Point","coordinates":[-10644927.4203,3834221.0771]},"properties":{"OBJECTID":442,"Plant_Name":"Van Plant","Owner":"UNOCAL - CNAEP","Operator":"UNOCAL - CNAEP","State":"TX","County":"Van Zandt","City":"Van","ZipCode":"75790","Cap_MMcfd":1.2,"Plant_Flow":0.5,"BTU_Content":1370,"Dry_Stor":null,"NGL_Stor":1142,"Longitude":-95.62501,"Latitude":32.53861,"Period":2017,"Source":"EIA-757, Natural Gas Processing Plant Survey","Loc_Source":"HIFLD"}},{"type":"Feature","id":443,"geometry":{"type":"Point","coordinates":[-10874701.9812,4090924.9714]},"properties":{"OBJECTID":443,"Plant_Name":"Velma Gas Plant","Owner":"Targa Pipeline Mid-Continent LLC","Operator":"Targa Pipeline Mid-Continent LLC","State":"OK","County":"Stephens","City":"Velma","ZipCode":"73491","Cap_MMcfd":160,"Plant_Flow":151,"BTU_Content":1210,"Dry_Stor":null,"NGL_Stor":4500,"Longitude":-97.68911,"Latitude":34.46139,"Period":2017,"Source":"EIA-757, Natural Gas Processing Plant Survey","Loc_Source":"HIFLD"}},{"type":"Feature","id":444,"geometry":{"type":"Point","coordinates":[-9950293.7978,3405873.6111]},"properties":{"OBJECTID":444,"Plant_Name":"Venice Gas Plant","Owner":"Targa Resources, LLC","Operator":"Targa Resources","State":"LA","County":"Plaquemines","City":"Venice","ZipCode":"70091","Cap_MMcfd":750,"Plant_Flow":450,"BTU_Content":1180,"Dry_Stor":null,"NGL_Stor":null,"Longitude":-89.38501,"Latitude":29.23722,"Period":2017,"Source":"EIA-757, Natural Gas Processing Plant Survey","Loc_Source":"HIFLD"}},{"type":"Feature","id":445,"geometry":{"type":"Point","coordinates":[-13277094.5912,4070800.2928]},"properties":{"OBJECTID":445,"Plant_Name":"Venture Gas Plant 7","Owner":"Aera Energy LLC","Operator":"Aera Energy LLC","State":"CA","County":"Ventura","City":"Ventura","ZipCode":"93001","Cap_MMcfd":12,"Plant_Flow":8,"BTU_Content":1168,"Dry_Stor":null,"NGL_Stor":1400,"Longitude":-119.27017,"Latitude":34.3122,"Period":2017,"Source":"EIA-757, Natural Gas Processing Plant Survey","Loc_Source":"HIFLD"}},{"type":"Feature","id":446,"geometry":{"type":"Point","coordinates":[-12107313.7597,5020977.1861]},"properties":{"OBJECTID":446,"Plant_Name":"Vermillion Gas Plant","Owner":"Andeavor Field Services LLC","Operator":"Andeavor Field Services LLC","State":"WY","County":"Sweetwater","City":"Rock Springs","ZipCode":"82934","Cap_MMcfd":57,"Plant_Flow":49,"BTU_Content":1068,"Dry_Stor":null,"NGL_Stor":685,"Longitude":-108.76185,"Latitude":41.05852,"Period":2017,"Source":"EIA-757, Natural Gas Processing Plant Survey","Loc_Source":"HIFLD"}},{"type":"Feature","id":447,"geometry":{"type":"Point","coordinates":[-10462596.1131,3878273.3862]},"properties":{"OBJECTID":447,"Plant_Name":"Vivian Gas Processing","Owner":"Caruthers Producing Co, Inc","Operator":"Caruthers Producing Co, Inc","State":"LA","County":"Caddo","City":"Vivian","ZipCode":null,"Cap_MMcfd":1,"Plant_Flow":1,"BTU_Content":null,"Dry_Stor":null,"NGL_Stor":714,"Longitude":-93.9871,"Latitude":32.8716,"Period":2017,"Source":"EIA-757, Natural Gas Processing Plant Survey","Loc_Source":"HIFLD"}},{"type":"Feature","id":448,"geometry":{"type":"Point","coordinates":[-11475555.612,3667719.085]},"properties":{"OBJECTID":448,"Plant_Name":"Waha Plant","Owner":"ETC Field Services LLC","Operator":"ETC Field Services LLC","State":"TX","County":"Pecos","City":"Pecos","ZipCode":"79730","Cap_MMcfd":120,"Plant_Flow":120,"BTU_Content":1184,"Dry_Stor":null,"NGL_Stor":null,"Longitude":-103.08667,"Latitude":31.26889,"Period":2017,"Source":"EIA-757, Natural Gas Processing Plant Survey","Loc_Source":"HIFLD"}},{"type":"Feature","id":449,"geometry":{"type":"Point","coordinates":[-10472133.9671,3825389.0989]},"properties":{"OBJECTID":449,"Plant_Name":"Waskom Gas Processing","Owner":"Enable Midsteam Partners, LP","Operator":"Enable Midstream Partners","State":"TX","County":"Harrision","City":"Waskom","ZipCode":"75692","Cap_MMcfd":250,"Plant_Flow":210,"BTU_Content":1080,"Dry_Stor":null,"NGL_Stor":48000,"Longitude":-94.07278,"Latitude":32.4717,"Period":2017,"Source":"EIA-757, Natural Gas Processing Plant Survey","Loc_Source":"HIFLD"}},{"type":"Feature","id":450,"geometry":{"type":"Point","coordinates":[-11438595.3146,3896858.3732]},"properties":{"OBJECTID":450,"Plant_Name":"Wasson ODC Unit CO2 Removal Plant","Owner":"Occidental Permian Ltd 04","Operator":"Occidental Permian Ltd","State":"TX","County":"Yoakum","City":"Denver City","ZipCode":"79323","Cap_MMcfd":100,"Plant_Flow":96,"BTU_Content":null,"Dry_Stor":null,"NGL_Stor":4300,"Longitude":-102.75465,"Latitude":33.01171,"Period":2017,"Source":"EIA-757, Natural Gas Processing Plant Survey","Loc_Source":"HIFLD"}},{"type":"Feature","id":451,"geometry":{"type":"Point","coordinates":[-11552674.4156,6093914.7882]},"properties":{"OBJECTID":451,"Plant_Name":"Watford City Gas Plant","Owner":"Hiland Partners Holdings  LLC","Operator":"Kinder Morgan","State":"ND","County":"McKenzie","City":"Alexander","ZipCode":"58831","Cap_MMcfd":85,"Plant_Flow":57,"BTU_Content":1445,"Dry_Stor":null,"NGL_Stor":61429,"Longitude":-103.77944,"Latitude":47.92216,"Period":2017,"Source":"EIA-757, Natural Gas Processing Plant Survey","Loc_Source":"HIFLD"}},{"type":"Feature","id":452,"geometry":{"type":"Point","coordinates":[-11653095.7283,4829162.3081]},"properties":{"OBJECTID":452,"Plant_Name":"Wattenberg Gas Plant","Owner":"Anadarko Petroleum Company","Operator":null,"State":"CO","County":"Adams","City":"Aurora","ZipCode":"80019","Cap_MMcfd":250,"Plant_Flow":183,"BTU_Content":1259,"Dry_Stor":null,"NGL_Stor":9500,"Longitude":-104.68154,"Latitude":39.74643,"Period":2017,"Source":"EIA-757, Natural Gas Processing Plant Survey","Loc_Source":"HIFLD"}},{"type":"Feature","id":453,"geometry":{"type":"Point","coordinates":[-10994617.5631,4390668.8198]},"properties":{"OBJECTID":453,"Plant_Name":"Waynoka Plant","Owner":"TPL Mid-Continent Westok, LLC","Operator":"Tpl Mid-Continent Westok, LLC","State":"OK","County":"Woods","City":"Alva","ZipCode":"73717","Cap_MMcfd":430,"Plant_Flow":340,"BTU_Content":1130,"Dry_Stor":null,"NGL_Stor":null,"Longitude":-98.76633,"Latitude":36.6517,"Period":2017,"Source":"EIA-757, Natural Gas Processing Plant Survey","Loc_Source":"HIFLD"}},{"type":"Feature","id":454,"geometry":{"type":"Point","coordinates":[-8995468.6766,4768197.2623]},"properties":{"OBJECTID":454,"Plant_Name":"West Union NGL Extraction Plant","Owner":"Dominion Gathering and Processing, Inc.","Operator":"Dominion Energy Transmission, Inc.","State":"WV","County":"Doddridge","City":"West Union","ZipCode":"26456","Cap_MMcfd":35,"Plant_Flow":null,"BTU_Content":null,"Dry_Stor":null,"NGL_Stor":2514,"Longitude":-80.80767,"Latitude":39.32406,"Period":2017,"Source":"EIA-757, Natural Gas Processing Plant Survey","Loc_Source":"HIFLD"}},{"type":"Feature","id":455,"geometry":{"type":"Point","coordinates":[-10705503.0344,4182924.2593]},"properties":{"OBJECTID":455,"Plant_Name":"Wetumka","Owner":"Enable Products LLC","Operator":"Enable Products LLC","State":"OK","County":"Hughes","City":"Wetumka","ZipCode":"74883","Cap_MMcfd":60,"Plant_Flow":36,"BTU_Content":1190,"Dry_Stor":null,"NGL_Stor":2857,"Longitude":-96.16917,"Latitude":35.14001,"Period":2017,"Source":"EIA-757, Natural Gas Processing Plant Survey","Loc_Source":"HIFLD"}},{"type":"Feature","id":456,"geometry":{"type":"Point","coordinates":[-11163883.3017,4236134.4912]},"properties":{"OBJECTID":456,"Plant_Name":"Wheeler","Owner":"Enable Products LLC","Operator":"Enable Products LLC","State":"TX","County":"Wheeler","City":"Wheeler","ZipCode":"79096","Cap_MMcfd":200,"Plant_Flow":200,"BTU_Content":1215,"Dry_Stor":null,"NGL_Stor":null,"Longitude":-100.28687,"Latitude":35.52995,"Period":2017,"Source":"EIA-757, Natural Gas Processing Plant Survey","Loc_Source":"EPA"}},{"type":"Feature","id":457,"geometry":{"type":"Point","coordinates":[-11146415.0472,4219677.5785]},"properties":{"OBJECTID":457,"Plant_Name":"Wheeler","Owner":"ETC Field Services LLC","Operator":"ETC Field Services LLC","State":"TX","County":"Wheeler","City":"Kelton","ZipCode":"79096","Cap_MMcfd":60,"Plant_Flow":35,"BTU_Content":1195,"Dry_Stor":null,"NGL_Stor":null,"Longitude":-100.12995,"Latitude":35.40955,"Period":2017,"Source":"EIA-757, Natural Gas Processing Plant Survey","Loc_Source":"EPA"}},{"type":"Feature","id":458,"geometry":{"type":"Point","coordinates":[-8772424.4921,5103040.9163]},"properties":{"OBJECTID":458,"Plant_Name":"Whitetail Gas Plant","Owner":"Elkhorn Investments, LLC","Operator":"Elkhorn Gas Processing","State":"PA","County":"Elk","City":"Kane","ZipCode":"16735","Cap_MMcfd":6,"Plant_Flow":2,"BTU_Content":1150,"Dry_Stor":null,"NGL_Stor":1214,"Longitude":-78.80403,"Latitude":41.61204,"Period":2017,"Source":"EIA-757, Natural Gas Processing Plant Survey","Loc_Source":"HIFLD"}},{"type":"Feature","id":459,"geometry":{"type":"Point","coordinates":[-11575054.086,4901940.2126]},"properties":{"OBJECTID":459,"Plant_Name":"Wiggins Gas Processing Plant","Owner":null,"Operator":"Western Operating Company","State":"CO","County":"Morgan","City":"Fort Morgan","ZipCode":"80701","Cap_MMcfd":3,"Plant_Flow":0.05,"BTU_Content":1400,"Dry_Stor":0,"NGL_Stor":762,"Longitude":-103.98048,"Latitude":40.24727,"Period":2017,"Source":"EIA-757, Natural Gas Processing Plant Survey","Loc_Source":"HIFLD"}},{"type":"Feature","id":460,"geometry":{"type":"Point","coordinates":[-10762317.1629,3418493.9799]},"properties":{"OBJECTID":460,"Plant_Name":"Wilcox Gas Plant","Owner":"DCP Operating Company, LP","Operator":"DCP Operating Company, LP","State":"TX","County":"Lavaca","City":"Hallettsville","ZipCode":"77964","Cap_MMcfd":240,"Plant_Flow":135,"BTU_Content":1102,"Dry_Stor":null,"NGL_Stor":9857,"Longitude":-96.67954,"Latitude":29.3361,"Period":2017,"Source":"EIA-757, Natural Gas Processing Plant Survey","Loc_Source":"HIFLD"}},{"type":"Feature","id":461,"geometry":{"type":"Point","coordinates":[-11487324.3085,6083379.6597]},"properties":{"OBJECTID":461,"Plant_Name":"Wild Basin","Owner":"Oasis Petroleum","Operator":"Oasis Midstream Partners","State":"ND","County":"McKenzie","City":"Watford City","ZipCode":"58854","Cap_MMcfd":79,"Plant_Flow":79,"BTU_Content":1500,"Dry_Stor":null,"NGL_Stor":17143,"Longitude":-103.19239,"Latitude":47.8587,"Period":2017,"Source":"EIA-757, Natural Gas Processing Plant Survey","Loc_Source":"Internet Reearch"}},{"type":"Feature","id":462,"geometry":{"type":"Point","coordinates":[-9729676.3781,3687249.4396]},"properties":{"OBJECTID":462,"Plant_Name":"Wildfork Plant","Owner":"Gas Processors Inc","Operator":"Gas Processors Inc","State":"AL","County":"Monroe","City":"Frisco City","ZipCode":"36445","Cap_MMcfd":9,"Plant_Flow":9,"BTU_Content":1275,"Dry_Stor":null,"NGL_Stor":2857,"Longitude":-87.40317,"Latitude":31.41873,"Period":2017,"Source":"EIA-757, Natural Gas Processing Plant Survey","Loc_Source":"HIFLD"}},{"type":"Feature","id":463,"geometry":{"type":"Point","coordinates":[-11446571.3562,3899023.7406]},"properties":{"OBJECTID":463,"Plant_Name":"Willard CO2 Recovery Plant","Owner":"Oxy Usa Wtp, LP 00","Operator":"OXY","State":"TX","County":"Yoakum","City":"Denver City","ZipCode":"79323","Cap_MMcfd":96,"Plant_Flow":94,"BTU_Content":185,"Dry_Stor":0,"NGL_Stor":1500,"Longitude":-102.8263,"Latitude":33.02802,"Period":2017,"Source":"EIA-757, Natural Gas Processing Plant Survey","Loc_Source":"HIFLD"}},{"type":"Feature","id":464,"geometry":{"type":"Point","coordinates":[-9815843.23,3555142.7099]},"properties":{"OBJECTID":464,"Plant_Name":"Williams Mobile Bay Processing Plant","Owner":"The Williams Companies, Inc.","Operator":"The Williams Companies, Inc.","State":"AL","County":"Mobile","City":"Coden","ZipCode":"36523","Cap_MMcfd":690,"Plant_Flow":350,"BTU_Content":1135,"Dry_Stor":null,"NGL_Stor":null,"Longitude":-88.17722,"Latitude":30.40056,"Period":2017,"Source":"EIA-757, Natural Gas Processing Plant Survey","Loc_Source":"HIFLD"}},{"type":"Feature","id":465,"geometry":{"type":"Point","coordinates":[-12049451.0016,4842014.1149]},"properties":{"OBJECTID":465,"Plant_Name":"Willow Creek","Owner":"Williams","Operator":"Williams Midstream Services, LLC","State":"CO","County":"Rio Blanco","City":"Rifle","ZipCode":"81650","Cap_MMcfd":495,"Plant_Flow":471,"BTU_Content":null,"Dry_Stor":null,"NGL_Stor":null,"Longitude":-108.24206,"Latitude":39.83514,"Period":2017,"Source":"EIA-757, Natural Gas Processing Plant Survey","Loc_Source":"HIFLD"}},{"type":"Feature","id":466,"geometry":{"type":"Point","coordinates":[-12013515.9568,4894669.5107]},"properties":{"OBJECTID":466,"Plant_Name":"Wilson Creek Gas Plant","Owner":"Chevron","Operator":"Chevron","State":"CO","County":"Rio blanco","City":"Meeker","ZipCode":"81641","Cap_MMcfd":1,"Plant_Flow":1,"BTU_Content":1545,"Dry_Stor":null,"NGL_Stor":2926,"Longitude":-107.91925,"Latitude":40.1974,"Period":2017,"Source":"EIA-757, Natural Gas Processing Plant Survey","Loc_Source":"HIFLD"}},{"type":"Feature","id":467,"geometry":{"type":"Point","coordinates":[-11157453.4879,4258646.8681]},"properties":{"OBJECTID":467,"Plant_Name":"Woodall Plant","Owner":"ETC Field Services LLC","Operator":"ETC Field Services LLC","State":"TX","County":"Hemphill","City":"Briscoe","ZipCode":"79011","Cap_MMcfd":60,"Plant_Flow":32,"BTU_Content":1190,"Dry_Stor":null,"NGL_Stor":430,"Longitude":-100.22911,"Latitude":35.69436,"Period":2017,"Source":"EIA-757, Natural Gas Processing Plant Survey","Loc_Source":"HIFLD"}},{"type":"Feature","id":468,"geometry":{"type":"Point","coordinates":[-10829344.8547,3271179.0131]},"properties":{"OBJECTID":468,"Plant_Name":"Woodsboro Plant","Owner":"Southcross Energy GP LLC","Operator":"Southcross Processing LLC","State":"TX","County":"Refugio","City":"Woodsboro","ZipCode":"78393","Cap_MMcfd":200,"Plant_Flow":139,"BTU_Content":1206,"Dry_Stor":null,"NGL_Stor":2000,"Longitude":-97.28166,"Latitude":28.17598,"Period":2017,"Source":"EIA-757, Natural Gas Processing Plant Survey","Loc_Source":"EPA"}},{"type":"Feature","id":469,"geometry":{"type":"Point","coordinates":[-11073996.1524,4361608.8079]},"properties":{"OBJECTID":469,"Plant_Name":"Woodward Natural Gas Processing","Owner":"ONEOK","Operator":"ONEOK","State":"OK","County":"Woodward","City":"Woodward","ZipCode":"73802","Cap_MMcfd":70,"Plant_Flow":65,"BTU_Content":1150,"Dry_Stor":null,"NGL_Stor":65500,"Longitude":-99.4794,"Latitude":36.44198,"Period":2017,"Source":"EIA-757, Natural Gas Processing Plant Survey","Loc_Source":"HIFLD"}},{"type":"Feature","id":470,"geometry":{"type":"Point","coordinates":[-12012646.5516,5485659.6187]},"properties":{"OBJECTID":470,"Plant_Name":"Worland Plant","Owner":"Devon Energy Production Co LP","Operator":"Devon Energy Production Co LP","State":"WY","County":"Washakie","City":"Worland,","ZipCode":"82401","Cap_MMcfd":10,"Plant_Flow":5,"BTU_Content":1287,"Dry_Stor":null,"NGL_Stor":9200,"Longitude":-107.91144,"Latitude":44.1305,"Period":2017,"Source":"EIA-757, Natural Gas Processing Plant Survey","Loc_Source":"HIFLD"}},{"type":"Feature","id":471,"geometry":{"type":"Point","coordinates":[-10917312.8559,3908523.699]},"properties":{"OBJECTID":471,"Plant_Name":"Worsham-Steed Cryogenic Gas Plant","Owner":"Nortex Midstream Partners, LLC","Operator":"Worsham-Steed Gas Storage, LLC","State":"TX","County":"Jack","City":"Perrin","ZipCode":"76486","Cap_MMcfd":60,"Plant_Flow":41,"BTU_Content":950,"Dry_Stor":null,"NGL_Stor":null,"Longitude":-98.07189,"Latitude":33.09954,"Period":2017,"Source":"EIA-757, Natural Gas Processing Plant Survey","Loc_Source":"HIFLD"}},{"type":"Feature","id":472,"geometry":{"type":"Point","coordinates":[-11448753.2182,3885073.3676]},"properties":{"OBJECTID":472,"Plant_Name":"WPMT NGL","Owner":"Occidental Permian Ltd 04","Operator":"Occidental Permian Ltd","State":"TX","County":"Yoakum","City":"Denver City","ZipCode":"79323","Cap_MMcfd":40,"Plant_Flow":11,"BTU_Content":891,"Dry_Stor":null,"NGL_Stor":null,"Longitude":-102.8459,"Latitude":32.92289,"Period":2017,"Source":"EIA-757, Natural Gas Processing Plant Survey","Loc_Source":"HIFLD"}},{"type":"Feature","id":473,"geometry":{"type":"Point","coordinates":[-9810420.8576,3555542.817]},"properties":{"OBJECTID":473,"Plant_Name":"Yellowhammer Gas Plant","Owner":"W&T Offshore, Inc.","Operator":"W&T Offshore, Inc.","State":"AL","County":"Mobile","City":"Coden","ZipCode":"36523","Cap_MMcfd":200,"Plant_Flow":60,"BTU_Content":1110,"Dry_Stor":null,"NGL_Stor":7142,"Longitude":-88.12851,"Latitude":30.40366,"Period":2017,"Source":"EIA-757, Natural Gas Processing Plant Survey","Loc_Source":"HIFLD"}},{"type":"Feature","id":474,"geometry":{"type":"Point","coordinates":[-11509397.8504,4967554.6937]},"properties":{"OBJECTID":474,"Plant_Name":"Yenter Gas Plant","Owner":"Sterling Energy Investments, LLC","Operator":"Sterling Energy Investments, LLC","State":"CO","County":"Logan","City":"Sterling","ZipCode":"80751","Cap_MMcfd":11,"Plant_Flow":1,"BTU_Content":1396,"Dry_Stor":null,"NGL_Stor":5394,"Longitude":-103.39068,"Latitude":40.69566,"Period":2017,"Source":"EIA-757, Natural Gas Processing Plant Survey","Loc_Source":"HIFLD"}},{"type":"Feature","id":475,"geometry":{"type":"Point","coordinates":[-10810270.26,3419187.3822]},"properties":{"OBJECTID":475,"Plant_Name":"Yoakum Gas Processing Plant","Owner":"Enterprise Hydrocarbons LP","Operator":"Enterprise Products Operating LLC","State":"TX","County":"Lavaca","City":"Yoakum","ZipCode":"77995","Cap_MMcfd":900,"Plant_Flow":900,"BTU_Content":1250,"Dry_Stor":null,"NGL_Stor":null,"Longitude":-97.11031,"Latitude":29.34153,"Period":2017,"Source":"EIA-757, Natural Gas Processing Plant Survey","Loc_Source":"HIFLD"}},{"type":"Feature","id":476,"geometry":{"type":"Point","coordinates":[-12108153.1087,5497684.1816]},"properties":{"OBJECTID":476,"Plant_Name":"Yu Bench","Owner":"Rock Oil And Gas Assets, LLC","Operator":"Cumberland Operating, LLC","State":"WY","County":"Park","City":"Cody","ZipCode":"82414","Cap_MMcfd":4,"Plant_Flow":1,"BTU_Content":1115,"Dry_Stor":null,"NGL_Stor":714,"Longitude":-108.76939,"Latitude":44.20798,"Period":2017,"Source":"EIA-757, Natural Gas Processing Plant Survey","Loc_Source":"HIFLD"}},{"type":"Feature","id":477,"geometry":{"type":"Point","coordinates":[-11556268.922,3847850.8851]},"properties":{"OBJECTID":477,"Plant_Name":"Zia II Plant","Owner":"DCP Operating Company, LP","Operator":"DCP Operating Company, LP","State":"NM","County":"Lea","City":"Hobbs","ZipCode":"88240","Cap_MMcfd":220,"Plant_Flow":180,"BTU_Content":1120,"Dry_Stor":null,"NGL_Stor":3950,"Longitude":-103.81173,"Latitude":32.64177,"Period":2017,"Source":"EIA-757, Natural Gas Processing Plant Survey","Loc_Source":"Internet Reearch"}},{"type":"Feature","id":478,"geometry":{"type":"Point","coordinates":[-11148461.0994,4246406.5879]},"properties":{"OBJECTID":478,"Plant_Name":"Zybach","Owner":"Enbridge Pipelines (Texas Gathering) L.P.","Operator":null,"State":"TX","County":"Wheeler","City":"Briscoe","ZipCode":"79011","Cap_MMcfd":164,"Plant_Flow":69,"BTU_Content":1169,"Dry_Stor":null,"NGL_Stor":952,"Longitude":-100.14833,"Latitude":35.60501,"Period":2017,"Source":"EIA-757, Natural Gas Processing Plant Survey","Loc_Source":"HIFLD"}}]}