state,date,year,week,new_cases,cases_ytd
Alabama,2022-01-03,2022,1,0,0
Alabama,2022-01-10,2022,2,0,0
Alabama,2022-01-17,2022,3,0,0
Alabama,2022-01-24,2022,4,0,0
Alabama,2022-01-31,2022,5,0,0
Alabama,2022-02-07,2022,6,0,0
Alabama,2022-02-14,2022,7,0,0
Alabama,2022-02-21,2022,8,0,0
Alabama,2022-02-28,2022,9,0,0
Alabama,2022-03-07,2022,10,0,0
Alabama,2022-03-14,2022,11,0,0
Alabama,2022-03-21,2022,12,0,0
Alabama,2022-03-28,2022,13,0,0
Alabama,2022-04-04,2022,14,0,0
Alabama,2022-04-11,2022,15,0,0
Alabama,2022-04-18,2022,16,0,0
Alabama,2022-04-25,2022,17,0,0
Alabama,2022-05-02,2022,18,0,0
Alabama,2022-05-09,2022,19,0,0
Alabama,2022-05-16,2022,20,0,0
Alabama,2022-05-23,2022,21,0,0
Alabama,2022-05-30,2022,22,0,0
Alabama,2022-06-06,2022,23,0,0
Alabama,2022-06-13,2022,24,0,0
Alabama,2022-06-20,2022,25,0,0
Alabama,2022-06-27,2022,26,0,0
Alabama,2022-07-04,2022,27,0,0
Alabama,2022-07-11,2022,28,0,0
Alabama,2022-07-18,2022,29,0,0
Alabama,2022-07-25,2022,30,0,0
Alabama,2022-08-01,2022,31,0,0
Alabama,2022-08-08,2022,32,0,0
Alabama,2022-08-15,2022,33,0,0
Alabama,2022-08-22,2022,34,0,0
Alabama,2022-08-29,2022,35,0,0
Alabama,2022-09-05,2022,36,0,0
Alabama,2022-09-12,2022,37,0,0
Alabama,2022-09-19,2022,38,0,0
Alabama,2022-09-26,2022,39,0,0
Alabama,2022-10-03,2022,40,0,0
Alabama,2022-10-10,2022,41,0,0
Alabama,2022-10-17,2022,42,0,0
Alabama,2022-10-24,2022,43,0,0
Alabama,2022-10-31,2022,44,0,0
Alabama,2022-11-07,2022,45,0,0
Alabama,2022-11-14,2022,46,0,0
Alabama,2022-11-21,2022,47,0,0
Alabama,2022-11-28,2022,48,0,0
Alabama,2022-12-05,2022,49,0,0
Alabama,2022-12-12,2022,50,0,0
Alabama,2022-12-19,2022,51,0,0
Alabama,2022-12-26,2022,52,0,0
Alabama,2023-01-02,2023,1,0,0
Alabama,2023-01-09,2023,2,0,0
Alabama,2023-01-16,2023,3,0,0
Alabama,2023-01-23,2023,4,0,0
Alabama,2023-01-30,2023,5,0,0
Alabama,2023-02-06,2023,6,0,0
Alabama,2023-02-13,2023,7,0,0
Alabama,2023-02-20,2023,8,0,0
Alabama,2023-02-27,2023,9,0,0
Alabama,2023-03-06,2023,10,0,0
Alabama,2023-03-13,2023,11,0,0
Alabama,2023-03-20,2023,12,0,0
Alabama,2023-03-27,2023,13,0,0
Alabama,2023-04-03,2023,14,0,0
Alabama,2023-04-10,2023,15,0,0
Alabama,2023-04-17,2023,16,0,0
Alabama,2023-04-24,2023,17,0,0
Alabama,2023-05-01,2023,18,0,0
Alabama,2023-05-08,2023,19,0,0
Alabama,2023-05-15,2023,20,0,0
Alabama,2023-05-22,2023,21,0,0
Alabama,2023-05-29,2023,22,0,0
Alabama,2023-06-05,2023,23,0,0
Alabama,2023-06-12,2023,24,0,0
Alabama,2023-06-19,2023,25,0,0
Alabama,2023-06-26,2023,26,0,0
Alabama,2023-07-03,2023,27,0,0
Alabama,2023-07-10,2023,28,0,0
Alabama,2023-07-17,2023,29,0,0
Alabama,2023-07-24,2023,30,0,0
Alabama,2023-07-31,2023,31,0,0
Alabama,2023-08-07,2023,32,0,0
Alabama,2023-08-14,2023,33,0,0
Alabama,2023-08-21,2023,34,0,0
Alabama,2023-08-28,2023,35,0,0
Alabama,2023-09-04,2023,36,0,0
Alabama,2023-09-11,2023,37,0,0
Alabama,2023-09-18,2023,38,0,0
Alabama,2023-09-25,2023,39,0,0
Alabama,2023-10-02,2023,40,0,0
Alabama,2023-10-09,2023,41,0,0
Alabama,2023-10-16,2023,42,0,0
Alabama,2023-10-23,2023,43,0,0
Alabama,2023-10-30,2023,44,0,0
Alabama,2023-11-06,2023,45,0,0
Alabama,2023-11-13,2023,46,0,0
Alabama,2023-11-20,2023,47,0,0
Alabama,2023-11-27,2023,48,0,0
Alabama,2023-12-04,2023,49,0,0
Alabama,2023-12-11,2023,50,0,0
Alabama,2023-12-18,2023,51,0,0
Alabama,2023-12-25,2023,52,0,0
Alabama,2024-01-08,2024,1,0,0
Alabama,2024-01-15,2024,2,0,0
Alabama,2024-01-22,2024,3,0,0
Alabama,2024-01-29,2024,4,0,0
Alabama,2024-02-05,2024,5,0,0
Alabama,2024-02-12,2024,6,0,0
Alabama,2024-02-19,2024,7,0,0
Alabama,2024-02-26,2024,8,0,0
Alabama,2024-03-04,2024,9,0,0
Alabama,2024-03-11,2024,10,0,0
Alabama,2024-03-18,2024,11,0,0
Alabama,2024-03-25,2024,12,0,0
Alabama,2024-04-01,2024,13,0,0
Alabama,2024-04-08,2024,14,0,0
Alabama,2024-04-15,2024,15,0,0
Alabama,2024-04-22,2024,16,0,0
Alabama,2024-04-29,2024,17,0,0
Alabama,2024-05-06,2024,18,0,0
Alabama,2024-05-13,2024,19,0,0
Alabama,2024-05-20,2024,20,0,0
Alabama,2024-05-27,2024,21,0,0
Alabama,2024-06-03,2024,22,0,0
Alabama,2024-06-10,2024,23,0,0
Alabama,2024-06-17,2024,24,0,0
Alabama,2024-06-24,2024,25,0,0
Alabama,2024-07-01,2024,26,0,0
Alabama,2024-07-08,2024,27,0,0
Alabama,2024-07-15,2024,28,0,0
Alabama,2024-07-22,2024,29,0,0
Alabama,2024-07-29,2024,30,0,0
Alabama,2024-08-05,2024,31,0,0
Alabama,2024-08-12,2024,32,0,0
Alabama,2024-08-19,2024,33,0,0
Alabama,2024-08-26,2024,34,0,0
Alabama,2024-09-02,2024,35,0,0
Alabama,2024-09-09,2024,36,0,0
Alabama,2024-09-16,2024,37,0,0
Alabama,2024-09-23,2024,38,0,0
Alabama,2024-09-30,2024,39,0,0
Alabama,2024-10-07,2024,40,0,0
Alabama,2024-10-14,2024,41,0,0
Alabama,2024-10-21,2024,42,0,0
Alabama,2024-10-28,2024,43,0,0
Alabama,2024-11-04,2024,44,0,0
Alabama,2024-11-11,2024,45,0,0
Alabama,2024-11-18,2024,46,0,0
Alabama,2024-11-25,2024,47,0,0
Alabama,2024-12-02,2024,48,0,0
Alabama,2024-12-09,2024,49,0,0
Alabama,2024-12-16,2024,50,0,0
Alabama,2024-12-23,2024,51,0,0
Alabama,2024-12-30,2024,52,0,0
Alabama,2025-01-06,2025,1,0,0
Alabama,2025-01-13,2025,2,0,0
Alabama,2025-01-20,2025,3,0,0
Alabama,2025-01-27,2025,4,0,0
Alabama,2025-02-03,2025,5,0,0
Alabama,2025-02-10,2025,6,0,0
Alabama,2025-02-17,2025,7,0,0
Alabama,2025-02-24,2025,8,0,0
Alabama,2025-03-03,2025,9,0,0
Alabama,2025-03-10,2025,10,0,0
Alabama,2025-03-17,2025,11,0,0
Alabama,2025-03-24,2025,12,0,0
Alabama,2025-03-31,2025,13,0,0
Alabama,2025-04-07,2025,14,0,0
Alabama,2025-04-14,2025,15,0,0
Alabama,2025-04-21,2025,16,0,0
Alabama,2025-04-28,2025,17,0,0
Alabama,2025-05-05,2025,18,0,0
Alabama,2025-05-12,2025,19,0,0
Alabama,2025-05-19,2025,20,0,0
Alabama,2025-05-26,2025,21,0,0
Alabama,2025-06-02,2025,22,0,0
Alabama,2025-06-09,2025,23,0,0
Alabama,2025-06-16,2025,24,0,0
Alabama,2025-06-23,2025,25,0,0
Alabama,2025-06-30,2025,26,0,0
Alabama,2025-07-07,2025,27,0,0
Alabama,2025-07-14,2025,28,0,0
Alabama,2025-07-21,2025,29,0,0
Alabama,2025-07-28,2025,30,0,0
Alabama,2025-08-04,2025,31,0,0
Alabama,2025-08-11,2025,32,0,0
Alabama,2025-08-18,2025,33,0,0
Alabama,2025-08-25,2025,34,0,0
Alabama,2025-09-01,2025,35,0,0
Alabama,2025-09-08,2025,36,1,1
Alabama,2025-09-15,2025,37,0,1
Alabama,2025-09-22,2025,38,0,1
Alabama,2025-09-29,2025,39,0,1
Alabama,2025-10-06,2025,40,0,1
Alabama,2025-10-13,2025,41,0,1
Alabama,2025-10-20,2025,42,0,1
Alabama,2025-10-27,2025,43,0,1
Alabama,2025-11-03,2025,44,0,1
Alabama,2025-11-10,2025,45,0,1
Alabama,2025-11-17,2025,46,0,1
Alabama,2025-11-24,2025,47,0,1
Alabama,2025-12-01,2025,48,0,1
Alabama,2025-12-08,2025,49,0,1
Alabama,2025-12-15,2025,50,0,1
Alabama,2025-12-22,2025,51,0,1
Alabama,2025-12-29,2025,52,0,1
Alabama,2026-01-05,2026,1,1,1
Alabama,2026-01-12,2026,2,0,1
Alabama,2026-01-19,2026,3,0,1
Alabama,2026-01-26,2026,4,0,1
Alabama,2026-02-02,2026,5,0,1
Alabama,2026-02-09,2026,6,0,1
Alabama,2026-02-16,2026,7,0,1
Alabama,2026-02-23,2026,8,0,1
Alabama,2026-03-02,2026,9,0,1
Alabama,2026-03-09,2026,10,0,1
Alabama,2026-03-16,2026,11,0,1
Alabama,2026-03-23,2026,12,0,1
Alabama,2026-03-30,2026,13,0,1
Alabama,2026-04-06,2026,14,0,1
Alabama,2026-04-13,2026,15,0,1
Alabama,2026-04-20,2026,16,0,1
Alabama,2026-04-27,2026,17,0,1
Alabama,2026-05-04,2026,18,0,1
Alabama,2026-05-11,2026,19,0,1
Alabama,2026-05-18,2026,20,0,1
Alabama,2026-05-25,2026,21,0,1
Alabama,2026-06-01,2026,22,0,1
Alabama,2026-06-08,2026,23,0,1
Alabama,2026-06-15,2026,24,0,1
Alabama,2026-06-22,2026,25,0,1
Alabama,2026-06-29,2026,26,0,1
Alabama,2026-07-06,2026,27,0,1
Alabama,2026-07-13,2026,28,1,2
Alabama,2026-07-20,2026,29,0,2
Alabama,2026-07-27,2026,30,0,2
Alabama,2026-08-03,2026,31,0,2
Alabama,2026-08-10,2026,32,0,2
Alabama,2026-08-17,2026,33,0,2
Alabama,2026-08-24,2026,34,0,1
Alabama,2026-08-31,2026,35,0,1
Alabama,NA,2025,53,0,1
Alaska,2022-01-03,2022,1,0,0
Alaska,2022-01-10,2022,2,0,0
Alaska,2022-01-17,2022,3,0,0
Alaska,2022-01-24,2022,4,0,0
Alaska,2022-01-31,2022,5,0,0
Alaska,2022-02-07,2022,6,0,0
Alaska,2022-02-14,2022,7,0,0
Alaska,2022-02-21,2022,8,0,0
Alaska,2022-02-28,2022,9,0,0
Alaska,2022-03-07,2022,10,0,0
Alaska,2022-03-14,2022,11,0,0
Alaska,2022-03-21,2022,12,0,0
Alaska,2022-03-28,2022,13,0,0
Alaska,2022-04-04,2022,14,0,0
Alaska,2022-04-11,2022,15,0,0
Alaska,2022-04-18,2022,16,0,0
Alaska,2022-04-25,2022,17,0,0
Alaska,2022-05-02,2022,18,0,0
Alaska,2022-05-09,2022,19,0,0
Alaska,2022-05-16,2022,20,0,0
Alaska,2022-05-23,2022,21,0,0
Alaska,2022-05-30,2022,22,0,0
Alaska,2022-06-06,2022,23,0,0
Alaska,2022-06-13,2022,24,0,0
Alaska,2022-06-20,2022,25,0,0
Alaska,2022-06-27,2022,26,0,0
Alaska,2022-07-04,2022,27,0,0
Alaska,2022-07-11,2022,28,0,0
Alaska,2022-07-18,2022,29,0,0
Alaska,2022-07-25,2022,30,0,0
Alaska,2022-08-01,2022,31,0,0
Alaska,2022-08-08,2022,32,0,0
Alaska,2022-08-15,2022,33,0,0
Alaska,2022-08-22,2022,34,0,0
Alaska,2022-08-29,2022,35,0,0
Alaska,2022-09-05,2022,36,0,0
Alaska,2022-09-12,2022,37,0,0
Alaska,2022-09-19,2022,38,0,0
Alaska,2022-09-26,2022,39,0,0
Alaska,2022-10-03,2022,40,0,0
Alaska,2022-10-10,2022,41,0,0
Alaska,2022-10-17,2022,42,0,0
Alaska,2022-10-24,2022,43,0,0
Alaska,2022-10-31,2022,44,0,0
Alaska,2022-11-07,2022,45,0,0
Alaska,2022-11-14,2022,46,0,0
Alaska,2022-11-21,2022,47,0,0
Alaska,2022-11-28,2022,48,0,0
Alaska,2022-12-05,2022,49,0,0
Alaska,2022-12-12,2022,50,0,0
Alaska,2022-12-19,2022,51,0,0
Alaska,2022-12-26,2022,52,0,0
Alaska,2023-01-02,2023,1,0,0
Alaska,2023-01-09,2023,2,0,0
Alaska,2023-01-16,2023,3,0,0
Alaska,2023-01-23,2023,4,0,0
Alaska,2023-01-30,2023,5,0,0
Alaska,2023-02-06,2023,6,0,0
Alaska,2023-02-13,2023,7,0,0
Alaska,2023-02-20,2023,8,0,0
Alaska,2023-02-27,2023,9,0,0
Alaska,2023-03-06,2023,10,0,0
Alaska,2023-03-13,2023,11,0,0
Alaska,2023-03-20,2023,12,0,0
Alaska,2023-03-27,2023,13,0,0
Alaska,2023-04-03,2023,14,0,0
Alaska,2023-04-10,2023,15,0,0
Alaska,2023-04-17,2023,16,0,0
Alaska,2023-04-24,2023,17,0,0
Alaska,2023-05-01,2023,18,0,0
Alaska,2023-05-08,2023,19,0,0
Alaska,2023-05-15,2023,20,0,0
Alaska,2023-05-22,2023,21,0,0
Alaska,2023-05-29,2023,22,0,0
Alaska,2023-06-05,2023,23,0,0
Alaska,2023-06-12,2023,24,0,0
Alaska,2023-06-19,2023,25,0,0
Alaska,2023-06-26,2023,26,0,0
Alaska,2023-07-03,2023,27,0,0
Alaska,2023-07-10,2023,28,0,0
Alaska,2023-07-17,2023,29,0,0
Alaska,2023-07-24,2023,30,0,0
Alaska,2023-07-31,2023,31,0,0
Alaska,2023-08-07,2023,32,0,0
Alaska,2023-08-14,2023,33,0,0
Alaska,2023-08-21,2023,34,0,0
Alaska,2023-08-28,2023,35,0,0
Alaska,2023-09-04,2023,36,0,0
Alaska,2023-09-11,2023,37,0,0
Alaska,2023-09-18,2023,38,0,0
Alaska,2023-09-25,2023,39,0,0
Alaska,2023-10-02,2023,40,0,0
Alaska,2023-10-09,2023,41,0,0
Alaska,2023-10-16,2023,42,0,0
Alaska,2023-10-23,2023,43,0,0
Alaska,2023-10-30,2023,44,0,0
Alaska,2023-11-06,2023,45,0,0
Alaska,2023-11-13,2023,46,0,0
Alaska,2023-11-20,2023,47,0,0
Alaska,2023-11-27,2023,48,0,0
Alaska,2023-12-04,2023,49,0,0
Alaska,2023-12-11,2023,50,0,0
Alaska,2023-12-18,2023,51,0,0
Alaska,2023-12-25,2023,52,0,0
Alaska,2024-01-08,2024,1,0,0
Alaska,2024-01-15,2024,2,0,0
Alaska,2024-01-22,2024,3,0,0
Alaska,2024-01-29,2024,4,0,0
Alaska,2024-02-05,2024,5,0,0
Alaska,2024-02-12,2024,6,0,0
Alaska,2024-02-19,2024,7,0,0
Alaska,2024-02-26,2024,8,0,0
Alaska,2024-03-04,2024,9,0,0
Alaska,2024-03-11,2024,10,0,0
Alaska,2024-03-18,2024,11,0,0
Alaska,2024-03-25,2024,12,0,0
Alaska,2024-04-01,2024,13,0,0
Alaska,2024-04-08,2024,14,0,0
Alaska,2024-04-15,2024,15,0,0
Alaska,2024-04-22,2024,16,0,0
Alaska,2024-04-29,2024,17,0,0
Alaska,2024-05-06,2024,18,0,0
Alaska,2024-05-13,2024,19,0,0
Alaska,2024-05-20,2024,20,0,0
Alaska,2024-05-27,2024,21,0,0
Alaska,2024-06-03,2024,22,0,0
Alaska,2024-06-10,2024,23,0,0
Alaska,2024-06-17,2024,24,0,0
Alaska,2024-06-24,2024,25,0,0
Alaska,2024-07-01,2024,26,0,0
Alaska,2024-07-08,2024,27,0,0
Alaska,2024-07-15,2024,28,0,0
Alaska,2024-07-22,2024,29,0,0
Alaska,2024-07-29,2024,30,0,0
Alaska,2024-08-05,2024,31,0,0
Alaska,2024-08-12,2024,32,0,0
Alaska,2024-08-19,2024,33,0,0
Alaska,2024-08-26,2024,34,0,0
Alaska,2024-09-02,2024,35,0,0
Alaska,2024-09-09,2024,36,0,0
Alaska,2024-09-16,2024,37,0,0
Alaska,2024-09-23,2024,38,0,0
Alaska,2024-09-30,2024,39,0,0
Alaska,2024-10-07,2024,40,0,0
Alaska,2024-10-14,2024,41,0,0
Alaska,2024-10-21,2024,42,0,0
Alaska,2024-10-28,2024,43,0,0
Alaska,2024-11-04,2024,44,0,0
Alaska,2024-11-11,2024,45,0,0
Alaska,2024-11-18,2024,46,0,0
Alaska,2024-11-25,2024,47,0,0
Alaska,2024-12-02,2024,48,0,0
Alaska,2024-12-09,2024,49,0,0
Alaska,2024-12-16,2024,50,0,0
Alaska,2024-12-23,2024,51,0,0
Alaska,2024-12-30,2024,52,0,0
Alaska,2025-01-06,2025,1,0,0
Alaska,2025-01-13,2025,2,0,0
Alaska,2025-01-20,2025,3,0,0
Alaska,2025-01-27,2025,4,1,1
Alaska,2025-02-03,2025,5,0,1
Alaska,2025-02-10,2025,6,0,1
Alaska,2025-02-17,2025,7,0,1
Alaska,2025-02-24,2025,8,0,1
Alaska,2025-03-03,2025,9,0,1
Alaska,2025-03-10,2025,10,0,1
Alaska,2025-03-17,2025,11,0,1
Alaska,2025-03-24,2025,12,0,1
Alaska,2025-03-31,2025,13,0,1
Alaska,2025-04-07,2025,14,0,1
Alaska,2025-04-14,2025,15,0,1
Alaska,2025-04-21,2025,16,0,1
Alaska,2025-04-28,2025,17,0,1
Alaska,2025-05-05,2025,18,0,1
Alaska,2025-05-12,2025,19,0,1
Alaska,2025-05-19,2025,20,0,1
Alaska,2025-05-26,2025,21,0,1
Alaska,2025-06-02,2025,22,0,1
Alaska,2025-06-09,2025,23,0,1
Alaska,2025-06-16,2025,24,0,1
Alaska,2025-06-23,2025,25,0,1
Alaska,2025-06-30,2025,26,1,2
Alaska,2025-07-07,2025,27,0,2
Alaska,2025-07-14,2025,28,0,2
Alaska,2025-07-21,2025,29,0,2
Alaska,2025-07-28,2025,30,0,2
Alaska,2025-08-04,2025,31,0,2
Alaska,2025-08-11,2025,32,0,2
Alaska,2025-08-18,2025,33,0,2
Alaska,2025-08-25,2025,34,0,2
Alaska,2025-09-01,2025,35,0,2
Alaska,2025-09-08,2025,36,0,2
Alaska,2025-09-15,2025,37,0,2
Alaska,2025-09-22,2025,38,0,2
Alaska,2025-09-29,2025,39,0,2
Alaska,2025-10-06,2025,40,0,2
Alaska,2025-10-13,2025,41,0,2
Alaska,2025-10-20,2025,42,0,2
Alaska,2025-10-27,2025,43,0,2
Alaska,2025-11-03,2025,44,0,2
Alaska,2025-11-10,2025,45,0,2
Alaska,2025-11-17,2025,46,0,2
Alaska,2025-11-24,2025,47,0,2
Alaska,2025-12-01,2025,48,0,2
Alaska,2025-12-08,2025,49,0,2
Alaska,2025-12-15,2025,50,0,2
Alaska,2025-12-22,2025,51,0,2
Alaska,2025-12-29,2025,52,0,2
Alaska,2026-01-05,2026,1,2,2
Alaska,2026-01-12,2026,2,0,2
Alaska,2026-01-19,2026,3,0,2
Alaska,2026-01-26,2026,4,0,1
Alaska,2026-02-02,2026,5,0,1
Alaska,2026-02-09,2026,6,0,1
Alaska,2026-02-16,2026,7,0,1
Alaska,2026-02-23,2026,8,0,1
Alaska,2026-03-02,2026,9,0,1
Alaska,2026-03-09,2026,10,1,2
Alaska,2026-03-16,2026,11,0,2
Alaska,2026-03-23,2026,12,0,2
Alaska,2026-03-30,2026,13,0,2
Alaska,2026-04-06,2026,14,0,2
Alaska,2026-04-13,2026,15,0,2
Alaska,2026-04-20,2026,16,0,2
Alaska,2026-04-27,2026,17,0,2
Alaska,2026-05-04,2026,18,0,2
Alaska,2026-05-11,2026,19,0,2
Alaska,2026-05-18,2026,20,0,2
Alaska,2026-05-25,2026,21,0,2
Alaska,2026-06-01,2026,22,0,2
Alaska,2026-06-08,2026,23,0,2
Alaska,2026-06-15,2026,24,0,2
Alaska,2026-06-22,2026,25,0,2
Alaska,2026-06-29,2026,26,0,2
Alaska,2026-07-06,2026,27,0,2
Alaska,2026-07-13,2026,28,0,2
Alaska,2026-07-20,2026,29,0,2
Alaska,2026-07-27,2026,30,0,2
Alaska,2026-08-03,2026,31,0,2
Alaska,2026-08-10,2026,32,0,2
Alaska,2026-08-17,2026,33,0,2
Alaska,2026-08-24,2026,34,0,2
Alaska,2026-08-31,2026,35,0,2
Alaska,NA,2025,53,0,2
Arizona,2022-01-03,2022,1,0,0
Arizona,2022-01-10,2022,2,0,0
Arizona,2022-01-17,2022,3,0,0
Arizona,2022-01-24,2022,4,0,0
Arizona,2022-01-31,2022,5,0,0
Arizona,2022-02-07,2022,6,0,0
Arizona,2022-02-14,2022,7,0,0
Arizona,2022-02-21,2022,8,0,0
Arizona,2022-02-28,2022,9,0,0
Arizona,2022-03-07,2022,10,0,0
Arizona,2022-03-14,2022,11,0,0
Arizona,2022-03-21,2022,12,0,0
Arizona,2022-03-28,2022,13,0,0
Arizona,2022-04-04,2022,14,0,0
Arizona,2022-04-11,2022,15,0,0
Arizona,2022-04-18,2022,16,0,0
Arizona,2022-04-25,2022,17,0,0
Arizona,2022-05-02,2022,18,0,0
Arizona,2022-05-09,2022,19,0,0
Arizona,2022-05-16,2022,20,0,0
Arizona,2022-05-23,2022,21,0,0
Arizona,2022-05-30,2022,22,0,0
Arizona,2022-06-06,2022,23,0,0
Arizona,2022-06-13,2022,24,0,0
Arizona,2022-06-20,2022,25,0,0
Arizona,2022-06-27,2022,26,0,0
Arizona,2022-07-04,2022,27,0,0
Arizona,2022-07-11,2022,28,0,0
Arizona,2022-07-18,2022,29,0,0
Arizona,2022-07-25,2022,30,0,0
Arizona,2022-08-01,2022,31,0,0
Arizona,2022-08-08,2022,32,0,0
Arizona,2022-08-15,2022,33,0,0
Arizona,2022-08-22,2022,34,0,0
Arizona,2022-08-29,2022,35,0,0
Arizona,2022-09-05,2022,36,3,3
Arizona,2022-09-12,2022,37,0,3
Arizona,2022-09-19,2022,38,0,3
Arizona,2022-09-26,2022,39,0,3
Arizona,2022-10-03,2022,40,0,3
Arizona,2022-10-10,2022,41,0,3
Arizona,2022-10-17,2022,42,0,3
Arizona,2022-10-24,2022,43,0,3
Arizona,2022-10-31,2022,44,0,3
Arizona,2022-11-07,2022,45,0,3
Arizona,2022-11-14,2022,46,0,3
Arizona,2022-11-21,2022,47,0,0
Arizona,2022-11-28,2022,48,3,3
Arizona,2022-12-05,2022,49,0,3
Arizona,2022-12-12,2022,50,0,3
Arizona,2022-12-19,2022,51,0,3
Arizona,2022-12-26,2022,52,0,3
Arizona,2023-01-02,2023,1,3,3
Arizona,2023-01-09,2023,2,0,3
Arizona,2023-01-16,2023,3,0,3
Arizona,2023-01-23,2023,4,0,3
Arizona,2023-01-30,2023,5,0,3
Arizona,2023-02-06,2023,6,0,3
Arizona,2023-02-13,2023,7,0,3
Arizona,2023-02-20,2023,8,0,3
Arizona,2023-02-27,2023,9,0,3
Arizona,2023-03-06,2023,10,0,3
Arizona,2023-03-13,2023,11,0,3
Arizona,2023-03-20,2023,12,0,3
Arizona,2023-03-27,2023,13,0,3
Arizona,2023-04-03,2023,14,0,3
Arizona,2023-04-10,2023,15,0,3
Arizona,2023-04-17,2023,16,0,3
Arizona,2023-04-24,2023,17,0,3
Arizona,2023-05-01,2023,18,0,3
Arizona,2023-05-08,2023,19,0,3
Arizona,2023-05-15,2023,20,0,3
Arizona,2023-05-22,2023,21,0,3
Arizona,2023-05-29,2023,22,0,3
Arizona,2023-06-05,2023,23,0,3
Arizona,2023-06-12,2023,24,0,3
Arizona,2023-06-19,2023,25,0,3
Arizona,2023-06-26,2023,26,0,3
Arizona,2023-07-03,2023,27,0,3
Arizona,2023-07-10,2023,28,0,3
Arizona,2023-07-17,2023,29,0,3
Arizona,2023-07-24,2023,30,0,3
Arizona,2023-07-31,2023,31,0,3
Arizona,2023-08-07,2023,32,0,3
Arizona,2023-08-14,2023,33,0,3
Arizona,2023-08-21,2023,34,0,3
Arizona,2023-08-28,2023,35,0,3
Arizona,2023-09-04,2023,36,0,2
Arizona,2023-09-11,2023,37,0,0
Arizona,2023-09-18,2023,38,0,0
Arizona,2023-09-25,2023,39,0,0
Arizona,2023-10-02,2023,40,0,0
Arizona,2023-10-09,2023,41,0,0
Arizona,2023-10-16,2023,42,1,1
Arizona,2023-10-23,2023,43,0,1
Arizona,2023-10-30,2023,44,0,1
Arizona,2023-11-06,2023,45,0,1
Arizona,2023-11-13,2023,46,0,1
Arizona,2023-11-20,2023,47,0,1
Arizona,2023-11-27,2023,48,0,1
Arizona,2023-12-04,2023,49,0,1
Arizona,2023-12-11,2023,50,0,1
Arizona,2023-12-18,2023,51,0,1
Arizona,2023-12-25,2023,52,0,1
Arizona,2024-01-08,2024,1,1,1
Arizona,2024-01-15,2024,2,0,1
Arizona,2024-01-22,2024,3,0,1
Arizona,2024-01-29,2024,4,0,1
Arizona,2024-02-05,2024,5,0,1
Arizona,2024-02-12,2024,6,0,1
Arizona,2024-02-19,2024,7,0,1
Arizona,2024-02-26,2024,8,0,1
Arizona,2024-03-04,2024,9,0,1
Arizona,2024-03-11,2024,10,0,1
Arizona,2024-03-18,2024,11,1,2
Arizona,2024-03-25,2024,12,0,2
Arizona,2024-04-01,2024,13,0,2
Arizona,2024-04-08,2024,14,1,3
Arizona,2024-04-15,2024,15,0,2
Arizona,2024-04-22,2024,16,0,2
Arizona,2024-04-29,2024,17,0,2
Arizona,2024-05-06,2024,18,0,2
Arizona,2024-05-13,2024,19,0,2
Arizona,2024-05-20,2024,20,0,2
Arizona,2024-05-27,2024,21,0,2
Arizona,2024-06-03,2024,22,1,3
Arizona,2024-06-10,2024,23,0,3
Arizona,2024-06-17,2024,24,0,3
Arizona,2024-06-24,2024,25,0,3
Arizona,2024-07-01,2024,26,0,3
Arizona,2024-07-08,2024,27,0,3
Arizona,2024-07-15,2024,28,0,3
Arizona,2024-07-22,2024,29,0,3
Arizona,2024-07-29,2024,30,0,3
Arizona,2024-08-05,2024,31,0,3
Arizona,2024-08-12,2024,32,0,3
Arizona,2024-08-19,2024,33,0,3
Arizona,2024-08-26,2024,34,0,3
Arizona,2024-09-02,2024,35,0,3
Arizona,2024-09-09,2024,36,0,3
Arizona,2024-09-16,2024,37,0,3
Arizona,2024-09-23,2024,38,0,3
Arizona,2024-09-30,2024,39,0,3
Arizona,2024-10-07,2024,40,0,3
Arizona,2024-10-14,2024,41,0,3
Arizona,2024-10-21,2024,42,0,3
Arizona,2024-10-28,2024,43,0,3
Arizona,2024-11-04,2024,44,0,3
Arizona,2024-11-11,2024,45,0,3
Arizona,2024-11-18,2024,46,0,3
Arizona,2024-11-25,2024,47,0,3
Arizona,2024-12-02,2024,48,0,3
Arizona,2024-12-09,2024,49,0,3
Arizona,2024-12-16,2024,50,0,3
Arizona,2024-12-23,2024,51,0,3
Arizona,2024-12-30,2024,52,0,3
Arizona,2025-01-06,2025,1,3,3
Arizona,2025-01-13,2025,2,0,3
Arizona,2025-01-20,2025,3,0,3
Arizona,2025-01-27,2025,4,0,3
Arizona,2025-02-03,2025,5,0,3
Arizona,2025-02-10,2025,6,0,3
Arizona,2025-02-17,2025,7,0,3
Arizona,2025-02-24,2025,8,0,3
Arizona,2025-03-03,2025,9,0,3
Arizona,2025-03-10,2025,10,0,3
Arizona,2025-03-17,2025,11,0,1
Arizona,2025-03-24,2025,12,0,1
Arizona,2025-03-31,2025,13,0,1
Arizona,2025-04-07,2025,14,0,1
Arizona,2025-04-14,2025,15,0,1
Arizona,2025-04-21,2025,16,0,1
Arizona,2025-04-28,2025,17,0,1
Arizona,2025-05-05,2025,18,0,1
Arizona,2025-05-12,2025,19,0,1
Arizona,2025-05-19,2025,20,0,1
Arizona,2025-05-26,2025,21,0,0
Arizona,2025-06-02,2025,22,0,0
Arizona,2025-06-09,2025,23,0,0
Arizona,2025-06-16,2025,24,4,4
Arizona,2025-06-23,2025,25,0,4
Arizona,2025-06-30,2025,26,0,4
Arizona,2025-07-07,2025,27,0,4
Arizona,2025-07-14,2025,28,0,4
Arizona,2025-07-21,2025,29,0,4
Arizona,2025-07-28,2025,30,0,4
Arizona,2025-08-04,2025,31,0,4
Arizona,2025-08-11,2025,32,0,4
Arizona,2025-08-18,2025,33,1,5
Arizona,2025-08-25,2025,34,10,15
Arizona,2025-09-01,2025,35,6,21
Arizona,2025-09-08,2025,36,2,23
Arizona,2025-09-15,2025,37,0,23
Arizona,2025-09-22,2025,38,0,23
Arizona,2025-09-29,2025,39,0,23
Arizona,2025-10-06,2025,40,0,23
Arizona,2025-10-13,2025,41,0,23
Arizona,2025-10-20,2025,42,0,23
Arizona,2025-10-27,2025,43,0,23
Arizona,2025-11-03,2025,44,0,23
Arizona,2025-11-10,2025,45,0,23
Arizona,2025-11-17,2025,46,3,26
Arizona,2025-11-24,2025,47,6,32
Arizona,2025-12-01,2025,48,0,32
Arizona,2025-12-08,2025,49,0,32
Arizona,2025-12-15,2025,50,0,32
Arizona,2025-12-22,2025,51,0,32
Arizona,2025-12-29,2025,52,0,32
Arizona,2026-01-05,2026,1,32,32
Arizona,2026-01-12,2026,2,0,32
Arizona,2026-01-19,2026,3,0,32
Arizona,2026-01-26,2026,4,0,32
Arizona,2026-02-02,2026,5,0,32
Arizona,2026-02-09,2026,6,0,32
Arizona,2026-02-16,2026,7,0,32
Arizona,2026-02-23,2026,8,0,32
Arizona,2026-03-02,2026,9,0,32
Arizona,2026-03-09,2026,10,0,32
Arizona,2026-03-16,2026,11,0,32
Arizona,2026-03-23,2026,12,0,32
Arizona,2026-03-30,2026,13,0,32
Arizona,2026-04-06,2026,14,0,32
Arizona,2026-04-13,2026,15,0,32
Arizona,2026-04-20,2026,16,0,32
Arizona,2026-04-27,2026,17,0,32
Arizona,2026-05-04,2026,18,0,32
Arizona,2026-05-11,2026,19,0,32
Arizona,2026-05-18,2026,20,0,32
Arizona,2026-05-25,2026,21,0,32
Arizona,2026-06-01,2026,22,0,32
Arizona,2026-06-08,2026,23,0,29
Arizona,2026-06-15,2026,24,0,29
Arizona,2026-06-22,2026,25,0,29
Arizona,2026-06-29,2026,26,0,29
Arizona,2026-07-06,2026,27,0,29
Arizona,2026-07-13,2026,28,0,29
Arizona,2026-07-20,2026,29,0,29
Arizona,2026-07-27,2026,30,0,29
Arizona,2026-08-03,2026,31,0,29
Arizona,2026-08-10,2026,32,0,29
Arizona,2026-08-17,2026,33,0,29
Arizona,2026-08-24,2026,34,0,29
Arizona,2026-08-31,2026,35,0,29
Arizona,NA,2025,53,0,32
Arkansas,2022-01-03,2022,1,0,0
Arkansas,2022-01-10,2022,2,0,0
Arkansas,2022-01-17,2022,3,0,0
Arkansas,2022-01-24,2022,4,0,0
Arkansas,2022-01-31,2022,5,0,0
Arkansas,2022-02-07,2022,6,0,0
Arkansas,2022-02-14,2022,7,0,0
Arkansas,2022-02-21,2022,8,0,0
Arkansas,2022-02-28,2022,9,0,0
Arkansas,2022-03-07,2022,10,0,0
Arkansas,2022-03-14,2022,11,0,0
Arkansas,2022-03-21,2022,12,0,0
Arkansas,2022-03-28,2022,13,0,0
Arkansas,2022-04-04,2022,14,0,0
Arkansas,2022-04-11,2022,15,0,0
Arkansas,2022-04-18,2022,16,0,0
Arkansas,2022-04-25,2022,17,0,0
Arkansas,2022-05-02,2022,18,0,0
Arkansas,2022-05-09,2022,19,0,0
Arkansas,2022-05-16,2022,20,0,0
Arkansas,2022-05-23,2022,21,0,0
Arkansas,2022-05-30,2022,22,0,0
Arkansas,2022-06-06,2022,23,0,0
Arkansas,2022-06-13,2022,24,0,0
Arkansas,2022-06-20,2022,25,0,0
Arkansas,2022-06-27,2022,26,0,0
Arkansas,2022-07-04,2022,27,0,0
Arkansas,2022-07-11,2022,28,0,0
Arkansas,2022-07-18,2022,29,0,0
Arkansas,2022-07-25,2022,30,0,0
Arkansas,2022-08-01,2022,31,0,0
Arkansas,2022-08-08,2022,32,0,0
Arkansas,2022-08-15,2022,33,0,0
Arkansas,2022-08-22,2022,34,0,0
Arkansas,2022-08-29,2022,35,0,0
Arkansas,2022-09-05,2022,36,0,0
Arkansas,2022-09-12,2022,37,0,0
Arkansas,2022-09-19,2022,38,0,0
Arkansas,2022-09-26,2022,39,0,0
Arkansas,2022-10-03,2022,40,0,0
Arkansas,2022-10-10,2022,41,0,0
Arkansas,2022-10-17,2022,42,0,0
Arkansas,2022-10-24,2022,43,0,0
Arkansas,2022-10-31,2022,44,0,0
Arkansas,2022-11-07,2022,45,0,0
Arkansas,2022-11-14,2022,46,0,0
Arkansas,2022-11-21,2022,47,0,0
Arkansas,2022-11-28,2022,48,0,0
Arkansas,2022-12-05,2022,49,0,0
Arkansas,2022-12-12,2022,50,0,0
Arkansas,2022-12-19,2022,51,0,0
Arkansas,2022-12-26,2022,52,0,0
Arkansas,2023-01-02,2023,1,0,0
Arkansas,2023-01-09,2023,2,0,0
Arkansas,2023-01-16,2023,3,0,0
Arkansas,2023-01-23,2023,4,0,0
Arkansas,2023-01-30,2023,5,0,0
Arkansas,2023-02-06,2023,6,0,0
Arkansas,2023-02-13,2023,7,0,0
Arkansas,2023-02-20,2023,8,0,0
Arkansas,2023-02-27,2023,9,0,0
Arkansas,2023-03-06,2023,10,0,0
Arkansas,2023-03-13,2023,11,0,0
Arkansas,2023-03-20,2023,12,0,0
Arkansas,2023-03-27,2023,13,0,0
Arkansas,2023-04-03,2023,14,0,0
Arkansas,2023-04-10,2023,15,0,0
Arkansas,2023-04-17,2023,16,0,0
Arkansas,2023-04-24,2023,17,0,0
Arkansas,2023-05-01,2023,18,0,0
Arkansas,2023-05-08,2023,19,0,0
Arkansas,2023-05-15,2023,20,0,0
Arkansas,2023-05-22,2023,21,0,0
Arkansas,2023-05-29,2023,22,0,0
Arkansas,2023-06-05,2023,23,0,0
Arkansas,2023-06-12,2023,24,0,0
Arkansas,2023-06-19,2023,25,0,0
Arkansas,2023-06-26,2023,26,0,0
Arkansas,2023-07-03,2023,27,0,0
Arkansas,2023-07-10,2023,28,0,0
Arkansas,2023-07-17,2023,29,0,0
Arkansas,2023-07-24,2023,30,0,0
Arkansas,2023-07-31,2023,31,0,0
Arkansas,2023-08-07,2023,32,0,0
Arkansas,2023-08-14,2023,33,0,0
Arkansas,2023-08-21,2023,34,0,0
Arkansas,2023-08-28,2023,35,0,0
Arkansas,2023-09-04,2023,36,0,0
Arkansas,2023-09-11,2023,37,0,0
Arkansas,2023-09-18,2023,38,0,0
Arkansas,2023-09-25,2023,39,0,0
Arkansas,2023-10-02,2023,40,0,0
Arkansas,2023-10-09,2023,41,0,0
Arkansas,2023-10-16,2023,42,0,0
Arkansas,2023-10-23,2023,43,0,0
Arkansas,2023-10-30,2023,44,0,0
Arkansas,2023-11-06,2023,45,0,0
Arkansas,2023-11-13,2023,46,0,0
Arkansas,2023-11-20,2023,47,0,0
Arkansas,2023-11-27,2023,48,0,0
Arkansas,2023-12-04,2023,49,0,0
Arkansas,2023-12-11,2023,50,0,0
Arkansas,2023-12-18,2023,51,0,0
Arkansas,2023-12-25,2023,52,0,0
Arkansas,2024-01-08,2024,1,0,0
Arkansas,2024-01-15,2024,2,0,0
Arkansas,2024-01-22,2024,3,0,0
Arkansas,2024-01-29,2024,4,0,0
Arkansas,2024-02-05,2024,5,0,0
Arkansas,2024-02-12,2024,6,0,0
Arkansas,2024-02-19,2024,7,0,0
Arkansas,2024-02-26,2024,8,0,0
Arkansas,2024-03-04,2024,9,0,0
Arkansas,2024-03-11,2024,10,0,0
Arkansas,2024-03-18,2024,11,0,0
Arkansas,2024-03-25,2024,12,0,0
Arkansas,2024-04-01,2024,13,0,0
Arkansas,2024-04-08,2024,14,0,0
Arkansas,2024-04-15,2024,15,0,0
Arkansas,2024-04-22,2024,16,0,0
Arkansas,2024-04-29,2024,17,0,0
Arkansas,2024-05-06,2024,18,0,0
Arkansas,2024-05-13,2024,19,0,0
Arkansas,2024-05-20,2024,20,0,0
Arkansas,2024-05-27,2024,21,0,0
Arkansas,2024-06-03,2024,22,0,0
Arkansas,2024-06-10,2024,23,0,0
Arkansas,2024-06-17,2024,24,0,0
Arkansas,2024-06-24,2024,25,0,0
Arkansas,2024-07-01,2024,26,0,0
Arkansas,2024-07-08,2024,27,0,0
Arkansas,2024-07-15,2024,28,0,0
Arkansas,2024-07-22,2024,29,0,0
Arkansas,2024-07-29,2024,30,0,0
Arkansas,2024-08-05,2024,31,0,0
Arkansas,2024-08-12,2024,32,0,0
Arkansas,2024-08-19,2024,33,0,0
Arkansas,2024-08-26,2024,34,0,0
Arkansas,2024-09-02,2024,35,0,0
Arkansas,2024-09-09,2024,36,0,0
Arkansas,2024-09-16,2024,37,0,0
Arkansas,2024-09-23,2024,38,0,0
Arkansas,2024-09-30,2024,39,0,0
Arkansas,2024-10-07,2024,40,0,0
Arkansas,2024-10-14,2024,41,0,0
Arkansas,2024-10-21,2024,42,0,0
Arkansas,2024-10-28,2024,43,0,0
Arkansas,2024-11-04,2024,44,0,0
Arkansas,2024-11-11,2024,45,0,0
Arkansas,2024-11-18,2024,46,0,0
Arkansas,2024-11-25,2024,47,0,0
Arkansas,2024-12-02,2024,48,0,0
Arkansas,2024-12-09,2024,49,0,0
Arkansas,2024-12-16,2024,50,0,0
Arkansas,2024-12-23,2024,51,0,0
Arkansas,2024-12-30,2024,52,0,0
Arkansas,2025-01-06,2025,1,0,0
Arkansas,2025-01-13,2025,2,0,0
Arkansas,2025-01-20,2025,3,0,0
Arkansas,2025-01-27,2025,4,0,0
Arkansas,2025-02-03,2025,5,0,0
Arkansas,2025-02-10,2025,6,0,0
Arkansas,2025-02-17,2025,7,0,0
Arkansas,2025-02-24,2025,8,0,0
Arkansas,2025-03-03,2025,9,0,0
Arkansas,2025-03-10,2025,10,0,0
Arkansas,2025-03-17,2025,11,0,0
Arkansas,2025-03-24,2025,12,0,0
Arkansas,2025-03-31,2025,13,0,0
Arkansas,2025-04-07,2025,14,0,0
Arkansas,2025-04-14,2025,15,0,0
Arkansas,2025-04-21,2025,16,0,0
Arkansas,2025-04-28,2025,17,0,0
Arkansas,2025-05-05,2025,18,0,0
Arkansas,2025-05-12,2025,19,0,0
Arkansas,2025-05-19,2025,20,0,0
Arkansas,2025-05-26,2025,21,0,0
Arkansas,2025-06-02,2025,22,2,2
Arkansas,2025-06-09,2025,23,0,2
Arkansas,2025-06-16,2025,24,0,2
Arkansas,2025-06-23,2025,25,0,2
Arkansas,2025-06-30,2025,26,0,2
Arkansas,2025-07-07,2025,27,0,2
Arkansas,2025-07-14,2025,28,0,2
Arkansas,2025-07-21,2025,29,0,2
Arkansas,2025-07-28,2025,30,0,2
Arkansas,2025-08-04,2025,31,0,2
Arkansas,2025-08-11,2025,32,0,2
Arkansas,2025-08-18,2025,33,0,2
Arkansas,2025-08-25,2025,34,0,2
Arkansas,2025-09-01,2025,35,0,2
Arkansas,2025-09-08,2025,36,0,2
Arkansas,2025-09-15,2025,37,0,2
Arkansas,2025-09-22,2025,38,0,2
Arkansas,2025-09-29,2025,39,0,2
Arkansas,2025-10-06,2025,40,0,2
Arkansas,2025-10-13,2025,41,0,2
Arkansas,2025-10-20,2025,42,0,2
Arkansas,2025-10-27,2025,43,0,2
Arkansas,2025-11-03,2025,44,0,2
Arkansas,2025-11-10,2025,45,0,2
Arkansas,2025-11-17,2025,46,0,2
Arkansas,2025-11-24,2025,47,0,2
Arkansas,2025-12-01,2025,48,0,2
Arkansas,2025-12-08,2025,49,0,2
Arkansas,2025-12-15,2025,50,0,2
Arkansas,2025-12-22,2025,51,0,2
Arkansas,2025-12-29,2025,52,0,2
Arkansas,2026-01-05,2026,1,2,2
Arkansas,2026-01-12,2026,2,0,2
Arkansas,2026-01-19,2026,3,0,2
Arkansas,2026-01-26,2026,4,0,2
Arkansas,2026-02-02,2026,5,0,2
Arkansas,2026-02-09,2026,6,0,2
Arkansas,2026-02-16,2026,7,0,2
Arkansas,2026-02-23,2026,8,0,2
Arkansas,2026-03-02,2026,9,0,2
Arkansas,2026-03-09,2026,10,0,2
Arkansas,2026-03-16,2026,11,0,2
Arkansas,2026-03-23,2026,12,0,2
Arkansas,2026-03-30,2026,13,0,2
Arkansas,2026-04-06,2026,14,0,2
Arkansas,2026-04-13,2026,15,0,2
Arkansas,2026-04-20,2026,16,0,2
Arkansas,2026-04-27,2026,17,0,2
Arkansas,2026-05-04,2026,18,0,2
Arkansas,2026-05-11,2026,19,0,1
Arkansas,2026-05-18,2026,20,0,1
Arkansas,2026-05-25,2026,21,0,1
Arkansas,2026-06-01,2026,22,0,1
Arkansas,2026-06-08,2026,23,0,1
Arkansas,2026-06-15,2026,24,0,1
Arkansas,2026-06-22,2026,25,0,0
Arkansas,2026-06-29,2026,26,0,0
Arkansas,2026-07-06,2026,27,0,0
Arkansas,2026-07-13,2026,28,0,0
Arkansas,2026-07-20,2026,29,0,0
Arkansas,2026-07-27,2026,30,0,0
Arkansas,2026-08-03,2026,31,0,0
Arkansas,2026-08-10,2026,32,0,0
Arkansas,2026-08-17,2026,33,0,0
Arkansas,2026-08-24,2026,34,0,0
Arkansas,2026-08-31,2026,35,0,0
Arkansas,NA,2025,53,0,2
California,2022-01-03,2022,1,0,0
California,2022-01-10,2022,2,0,0
California,2022-01-17,2022,3,0,0
California,2022-01-24,2022,4,0,0
California,2022-01-31,2022,5,0,0
California,2022-02-07,2022,6,0,0
California,2022-02-14,2022,7,0,0
California,2022-02-21,2022,8,0,0
California,2022-02-28,2022,9,0,0
California,2022-03-07,2022,10,0,0
California,2022-03-14,2022,11,0,0
California,2022-03-21,2022,12,0,0
California,2022-03-28,2022,13,0,0
California,2022-04-04,2022,14,0,0
California,2022-04-11,2022,15,0,0
California,2022-04-18,2022,16,0,0
California,2022-04-25,2022,17,0,0
California,2022-05-02,2022,18,0,0
California,2022-05-09,2022,19,0,0
California,2022-05-16,2022,20,0,0
California,2022-05-23,2022,21,0,0
California,2022-05-30,2022,22,0,0
California,2022-06-06,2022,23,0,0
California,2022-06-13,2022,24,0,0
California,2022-06-20,2022,25,0,0
California,2022-06-27,2022,26,0,0
California,2022-07-04,2022,27,0,0
California,2022-07-11,2022,28,0,0
California,2022-07-18,2022,29,0,0
California,2022-07-25,2022,30,0,0
California,2022-08-01,2022,31,0,0
California,2022-08-08,2022,32,0,0
California,2022-08-15,2022,33,0,0
California,2022-08-22,2022,34,0,0
California,2022-08-29,2022,35,0,0
California,2022-09-05,2022,36,0,0
California,2022-09-12,2022,37,0,0
California,2022-09-19,2022,38,0,0
California,2022-09-26,2022,39,0,0
California,2022-10-03,2022,40,0,0
California,2022-10-10,2022,41,0,0
California,2022-10-17,2022,42,0,0
California,2022-10-24,2022,43,0,0
California,2022-10-31,2022,44,0,0
California,2022-11-07,2022,45,0,0
California,2022-11-14,2022,46,0,0
California,2022-11-21,2022,47,0,0
California,2022-11-28,2022,48,0,0
California,2022-12-05,2022,49,0,0
California,2022-12-12,2022,50,0,0
California,2022-12-19,2022,51,0,0
California,2022-12-26,2022,52,0,0
California,2023-01-02,2023,1,0,0
California,2023-01-09,2023,2,0,0
California,2023-01-16,2023,3,0,0
California,2023-01-23,2023,4,0,0
California,2023-01-30,2023,5,0,0
California,2023-02-06,2023,6,0,0
California,2023-02-13,2023,7,0,0
California,2023-02-20,2023,8,0,0
California,2023-02-27,2023,9,0,0
California,2023-03-06,2023,10,0,0
California,2023-03-13,2023,11,0,0
California,2023-03-20,2023,12,0,0
California,2023-03-27,2023,13,0,0
California,2023-04-03,2023,14,0,0
California,2023-04-10,2023,15,0,0
California,2023-04-17,2023,16,0,0
California,2023-04-24,2023,17,0,0
California,2023-05-01,2023,18,0,0
California,2023-05-08,2023,19,1,1
California,2023-05-15,2023,20,0,1
California,2023-05-22,2023,21,0,1
California,2023-05-29,2023,22,0,1
California,2023-06-05,2023,23,1,2
California,2023-06-12,2023,24,0,2
California,2023-06-19,2023,25,0,2
California,2023-06-26,2023,26,0,2
California,2023-07-03,2023,27,0,2
California,2023-07-10,2023,28,0,2
California,2023-07-17,2023,29,0,2
California,2023-07-24,2023,30,0,2
California,2023-07-31,2023,31,0,2
California,2023-08-07,2023,32,0,2
California,2023-08-14,2023,33,0,2
California,2023-08-21,2023,34,0,2
California,2023-08-28,2023,35,0,2
California,2023-09-04,2023,36,0,2
California,2023-09-11,2023,37,0,2
California,2023-09-18,2023,38,0,2
California,2023-09-25,2023,39,0,2
California,2023-10-02,2023,40,0,2
California,2023-10-09,2023,41,0,2
California,2023-10-16,2023,42,0,2
California,2023-10-23,2023,43,0,2
California,2023-10-30,2023,44,0,2
California,2023-11-06,2023,45,0,2
California,2023-11-13,2023,46,0,2
California,2023-11-20,2023,47,0,2
California,2023-11-27,2023,48,0,2
California,2023-12-04,2023,49,0,2
California,2023-12-11,2023,50,0,2
California,2023-12-18,2023,51,0,2
California,2023-12-25,2023,52,0,2
California,2024-01-08,2024,1,2,2
California,2024-01-15,2024,2,0,2
California,2024-01-22,2024,3,0,2
California,2024-01-29,2024,4,0,2
California,2024-02-05,2024,5,0,2
California,2024-02-12,2024,6,1,3
California,2024-02-19,2024,7,0,3
California,2024-02-26,2024,8,0,3
California,2024-03-04,2024,9,0,3
California,2024-03-11,2024,10,0,3
California,2024-03-18,2024,11,0,3
California,2024-03-25,2024,12,0,3
California,2024-04-01,2024,13,0,3
California,2024-04-08,2024,14,0,3
California,2024-04-15,2024,15,0,3
California,2024-04-22,2024,16,0,3
California,2024-04-29,2024,17,0,3
California,2024-05-06,2024,18,0,0
California,2024-05-13,2024,19,3,3
California,2024-05-20,2024,20,0,3
California,2024-05-27,2024,21,0,3
California,2024-06-03,2024,22,0,3
California,2024-06-10,2024,23,0,3
California,2024-06-17,2024,24,0,3
California,2024-06-24,2024,25,0,3
California,2024-07-01,2024,26,0,3
California,2024-07-08,2024,27,0,3
California,2024-07-15,2024,28,0,3
California,2024-07-22,2024,29,0,3
California,2024-07-29,2024,30,0,3
California,2024-08-05,2024,31,0,3
California,2024-08-12,2024,32,0,3
California,2024-08-19,2024,33,0,3
California,2024-08-26,2024,34,0,3
California,2024-09-02,2024,35,0,3
California,2024-09-09,2024,36,0,3
California,2024-09-16,2024,37,0,3
California,2024-09-23,2024,38,0,3
California,2024-09-30,2024,39,0,3
California,2024-10-07,2024,40,0,3
California,2024-10-14,2024,41,0,3
California,2024-10-21,2024,42,0,3
California,2024-10-28,2024,43,0,3
California,2024-11-04,2024,44,0,3
California,2024-11-11,2024,45,0,3
California,2024-11-18,2024,46,0,3
California,2024-11-25,2024,47,0,3
California,2024-12-02,2024,48,0,3
California,2024-12-09,2024,49,0,3
California,2024-12-16,2024,50,0,3
California,2024-12-23,2024,51,0,3
California,2024-12-30,2024,52,0,3
California,2025-01-06,2025,1,3,3
California,2025-01-13,2025,2,0,2
California,2025-01-20,2025,3,0,2
California,2025-01-27,2025,4,0,2
California,2025-02-03,2025,5,0,2
California,2025-02-10,2025,6,0,2
California,2025-02-17,2025,7,0,2
California,2025-02-24,2025,8,0,2
California,2025-03-03,2025,9,0,2
California,2025-03-10,2025,10,0,2
California,2025-03-17,2025,11,1,3
California,2025-03-24,2025,12,1,4
California,2025-03-31,2025,13,0,4
California,2025-04-07,2025,14,0,4
California,2025-04-14,2025,15,0,4
California,2025-04-21,2025,16,0,4
California,2025-04-28,2025,17,0,4
California,2025-05-05,2025,18,0,4
California,2025-05-12,2025,19,0,4
California,2025-05-19,2025,20,0,4
California,2025-05-26,2025,21,0,4
California,2025-06-02,2025,22,0,4
California,2025-06-09,2025,23,0,4
California,2025-06-16,2025,24,0,4
California,2025-06-23,2025,25,0,4
California,2025-06-30,2025,26,0,4
California,2025-07-07,2025,27,0,4
California,2025-07-14,2025,28,0,4
California,2025-07-21,2025,29,0,4
California,2025-07-28,2025,30,0,4
California,2025-08-04,2025,31,0,4
California,2025-08-11,2025,32,0,4
California,2025-08-18,2025,33,0,4
California,2025-08-25,2025,34,0,4
California,2025-09-01,2025,35,0,3
California,2025-09-08,2025,36,0,3
California,2025-09-15,2025,37,0,3
California,2025-09-22,2025,38,0,3
California,2025-09-29,2025,39,0,3
California,2025-10-06,2025,40,0,3
California,2025-10-13,2025,41,0,3
California,2025-10-20,2025,42,0,3
California,2025-10-27,2025,43,3,6
California,2025-11-03,2025,44,0,6
California,2025-11-10,2025,45,0,6
California,2025-11-17,2025,46,0,6
California,2025-11-24,2025,47,0,6
California,2025-12-01,2025,48,0,6
California,2025-12-08,2025,49,0,6
California,2025-12-15,2025,50,0,6
California,2025-12-22,2025,51,0,6
California,2025-12-29,2025,52,0,6
California,2026-01-05,2026,1,6,6
California,2026-01-12,2026,2,0,6
California,2026-01-19,2026,3,0,6
California,2026-01-26,2026,4,0,6
California,2026-02-02,2026,5,0,6
California,2026-02-09,2026,6,2,8
California,2026-02-16,2026,7,1,9
California,2026-02-23,2026,8,0,9
California,2026-03-02,2026,9,1,10
California,2026-03-09,2026,10,0,10
California,2026-03-16,2026,11,0,10
California,2026-03-23,2026,12,0,10
California,2026-03-30,2026,13,0,10
California,2026-04-06,2026,14,0,10
California,2026-04-13,2026,15,0,10
California,2026-04-20,2026,16,0,10
California,2026-04-27,2026,17,0,10
California,2026-05-04,2026,18,0,10
California,2026-05-11,2026,19,0,10
California,2026-05-18,2026,20,0,10
California,2026-05-25,2026,21,0,10
California,2026-06-01,2026,22,0,10
California,2026-06-08,2026,23,0,8
California,2026-06-15,2026,24,0,8
California,2026-06-22,2026,25,0,8
California,2026-06-29,2026,26,0,8
California,2026-07-06,2026,27,0,8
California,2026-07-13,2026,28,0,8
California,2026-07-20,2026,29,0,8
California,2026-07-27,2026,30,0,8
California,2026-08-03,2026,31,0,8
California,2026-08-10,2026,32,0,8
California,2026-08-17,2026,33,0,8
California,2026-08-24,2026,34,0,8
California,2026-08-31,2026,35,0,8
California,NA,2025,53,0,6
Colorado,2022-01-03,2022,1,0,0
Colorado,2022-01-10,2022,2,0,0
Colorado,2022-01-17,2022,3,0,0
Colorado,2022-01-24,2022,4,0,0
Colorado,2022-01-31,2022,5,0,0
Colorado,2022-02-07,2022,6,0,0
Colorado,2022-02-14,2022,7,0,0
Colorado,2022-02-21,2022,8,0,0
Colorado,2022-02-28,2022,9,0,0
Colorado,2022-03-07,2022,10,0,0
Colorado,2022-03-14,2022,11,0,0
Colorado,2022-03-21,2022,12,0,0
Colorado,2022-03-28,2022,13,0,0
Colorado,2022-04-04,2022,14,0,0
Colorado,2022-04-11,2022,15,0,0
Colorado,2022-04-18,2022,16,0,0
Colorado,2022-04-25,2022,17,0,0
Colorado,2022-05-02,2022,18,0,0
Colorado,2022-05-09,2022,19,0,0
Colorado,2022-05-16,2022,20,0,0
Colorado,2022-05-23,2022,21,0,0
Colorado,2022-05-30,2022,22,0,0
Colorado,2022-06-06,2022,23,0,0
Colorado,2022-06-13,2022,24,0,0
Colorado,2022-06-20,2022,25,0,0
Colorado,2022-06-27,2022,26,0,0
Colorado,2022-07-04,2022,27,0,0
Colorado,2022-07-11,2022,28,0,0
Colorado,2022-07-18,2022,29,0,0
Colorado,2022-07-25,2022,30,0,0
Colorado,2022-08-01,2022,31,0,0
Colorado,2022-08-08,2022,32,0,0
Colorado,2022-08-15,2022,33,0,0
Colorado,2022-08-22,2022,34,0,0
Colorado,2022-08-29,2022,35,0,0
Colorado,2022-09-05,2022,36,0,0
Colorado,2022-09-12,2022,37,0,0
Colorado,2022-09-19,2022,38,0,0
Colorado,2022-09-26,2022,39,0,0
Colorado,2022-10-03,2022,40,0,0
Colorado,2022-10-10,2022,41,0,0
Colorado,2022-10-17,2022,42,0,0
Colorado,2022-10-24,2022,43,0,0
Colorado,2022-10-31,2022,44,0,0
Colorado,2022-11-07,2022,45,0,0
Colorado,2022-11-14,2022,46,0,0
Colorado,2022-11-21,2022,47,0,0
Colorado,2022-11-28,2022,48,0,0
Colorado,2022-12-05,2022,49,0,0
Colorado,2022-12-12,2022,50,0,0
Colorado,2022-12-19,2022,51,0,0
Colorado,2022-12-26,2022,52,0,0
Colorado,2023-01-02,2023,1,0,0
Colorado,2023-01-09,2023,2,0,0
Colorado,2023-01-16,2023,3,0,0
Colorado,2023-01-23,2023,4,0,0
Colorado,2023-01-30,2023,5,0,0
Colorado,2023-02-06,2023,6,0,0
Colorado,2023-02-13,2023,7,0,0
Colorado,2023-02-20,2023,8,0,0
Colorado,2023-02-27,2023,9,0,0
Colorado,2023-03-06,2023,10,0,0
Colorado,2023-03-13,2023,11,0,0
Colorado,2023-03-20,2023,12,0,0
Colorado,2023-03-27,2023,13,0,0
Colorado,2023-04-03,2023,14,0,0
Colorado,2023-04-10,2023,15,0,0
Colorado,2023-04-17,2023,16,0,0
Colorado,2023-04-24,2023,17,0,0
Colorado,2023-05-01,2023,18,0,0
Colorado,2023-05-08,2023,19,0,0
Colorado,2023-05-15,2023,20,0,0
Colorado,2023-05-22,2023,21,0,0
Colorado,2023-05-29,2023,22,0,0
Colorado,2023-06-05,2023,23,0,0
Colorado,2023-06-12,2023,24,0,0
Colorado,2023-06-19,2023,25,0,0
Colorado,2023-06-26,2023,26,0,0
Colorado,2023-07-03,2023,27,0,0
Colorado,2023-07-10,2023,28,0,0
Colorado,2023-07-17,2023,29,0,0
Colorado,2023-07-24,2023,30,0,0
Colorado,2023-07-31,2023,31,0,0
Colorado,2023-08-07,2023,32,0,0
Colorado,2023-08-14,2023,33,0,0
Colorado,2023-08-21,2023,34,0,0
Colorado,2023-08-28,2023,35,0,0
Colorado,2023-09-04,2023,36,0,0
Colorado,2023-09-11,2023,37,0,0
Colorado,2023-09-18,2023,38,0,0
Colorado,2023-09-25,2023,39,0,0
Colorado,2023-10-02,2023,40,0,0
Colorado,2023-10-09,2023,41,0,0
Colorado,2023-10-16,2023,42,0,0
Colorado,2023-10-23,2023,43,0,0
Colorado,2023-10-30,2023,44,0,0
Colorado,2023-11-06,2023,45,0,0
Colorado,2023-11-13,2023,46,0,0
Colorado,2023-11-20,2023,47,0,0
Colorado,2023-11-27,2023,48,0,0
Colorado,2023-12-04,2023,49,0,0
Colorado,2023-12-11,2023,50,0,0
Colorado,2023-12-18,2023,51,0,0
Colorado,2023-12-25,2023,52,0,0
Colorado,2024-01-08,2024,1,0,0
Colorado,2024-01-15,2024,2,0,0
Colorado,2024-01-22,2024,3,0,0
Colorado,2024-01-29,2024,4,0,0
Colorado,2024-02-05,2024,5,0,0
Colorado,2024-02-12,2024,6,0,0
Colorado,2024-02-19,2024,7,0,0
Colorado,2024-02-26,2024,8,0,0
Colorado,2024-03-04,2024,9,0,0
Colorado,2024-03-11,2024,10,1,1
Colorado,2024-03-18,2024,11,0,1
Colorado,2024-03-25,2024,12,0,1
Colorado,2024-04-01,2024,13,0,1
Colorado,2024-04-08,2024,14,0,1
Colorado,2024-04-15,2024,15,0,1
Colorado,2024-04-22,2024,16,0,1
Colorado,2024-04-29,2024,17,0,1
Colorado,2024-05-06,2024,18,0,1
Colorado,2024-05-13,2024,19,0,1
Colorado,2024-05-20,2024,20,0,1
Colorado,2024-05-27,2024,21,0,1
Colorado,2024-06-03,2024,22,0,1
Colorado,2024-06-10,2024,23,0,1
Colorado,2024-06-17,2024,24,0,1
Colorado,2024-06-24,2024,25,0,1
Colorado,2024-07-01,2024,26,0,1
Colorado,2024-07-08,2024,27,0,1
Colorado,2024-07-15,2024,28,0,1
Colorado,2024-07-22,2024,29,0,1
Colorado,2024-07-29,2024,30,0,1
Colorado,2024-08-05,2024,31,0,1
Colorado,2024-08-12,2024,32,0,1
Colorado,2024-08-19,2024,33,0,1
Colorado,2024-08-26,2024,34,0,1
Colorado,2024-09-02,2024,35,0,1
Colorado,2024-09-09,2024,36,0,1
Colorado,2024-09-16,2024,37,0,1
Colorado,2024-09-23,2024,38,0,1
Colorado,2024-09-30,2024,39,0,1
Colorado,2024-10-07,2024,40,0,1
Colorado,2024-10-14,2024,41,0,1
Colorado,2024-10-21,2024,42,0,1
Colorado,2024-10-28,2024,43,0,1
Colorado,2024-11-04,2024,44,0,1
Colorado,2024-11-11,2024,45,0,1
Colorado,2024-11-18,2024,46,0,1
Colorado,2024-11-25,2024,47,0,1
Colorado,2024-12-02,2024,48,0,1
Colorado,2024-12-09,2024,49,0,1
Colorado,2024-12-16,2024,50,0,1
Colorado,2024-12-23,2024,51,0,1
Colorado,2024-12-30,2024,52,0,0
Colorado,2025-01-06,2025,1,0,0
Colorado,2025-01-13,2025,2,0,0
Colorado,2025-01-20,2025,3,0,0
Colorado,2025-01-27,2025,4,0,0
Colorado,2025-02-03,2025,5,0,0
Colorado,2025-02-10,2025,6,0,0
Colorado,2025-02-17,2025,7,0,0
Colorado,2025-02-24,2025,8,0,0
Colorado,2025-03-03,2025,9,0,0
Colorado,2025-03-10,2025,10,0,0
Colorado,2025-03-17,2025,11,0,0
Colorado,2025-03-24,2025,12,0,0
Colorado,2025-03-31,2025,13,0,0
Colorado,2025-04-07,2025,14,1,1
Colorado,2025-04-14,2025,15,0,1
Colorado,2025-04-21,2025,16,0,1
Colorado,2025-04-28,2025,17,0,1
Colorado,2025-05-05,2025,18,0,1
Colorado,2025-05-12,2025,19,0,1
Colorado,2025-05-19,2025,20,0,1
Colorado,2025-05-26,2025,21,0,1
Colorado,2025-06-02,2025,22,0,1
Colorado,2025-06-09,2025,23,2,3
Colorado,2025-06-16,2025,24,0,3
Colorado,2025-06-23,2025,25,0,3
Colorado,2025-06-30,2025,26,0,3
Colorado,2025-07-07,2025,27,0,3
Colorado,2025-07-14,2025,28,0,3
Colorado,2025-07-21,2025,29,0,3
Colorado,2025-07-28,2025,30,0,3
Colorado,2025-08-04,2025,31,0,3
Colorado,2025-08-11,2025,32,0,3
Colorado,2025-08-18,2025,33,0,3
Colorado,2025-08-25,2025,34,0,3
Colorado,2025-09-01,2025,35,0,3
Colorado,2025-09-08,2025,36,0,3
Colorado,2025-09-15,2025,37,0,3
Colorado,2025-09-22,2025,38,0,3
Colorado,2025-09-29,2025,39,4,7
Colorado,2025-10-06,2025,40,0,7
Colorado,2025-10-13,2025,41,0,7
Colorado,2025-10-20,2025,42,0,7
Colorado,2025-10-27,2025,43,0,7
Colorado,2025-11-03,2025,44,0,7
Colorado,2025-11-10,2025,45,0,7
Colorado,2025-11-17,2025,46,0,7
Colorado,2025-11-24,2025,47,0,7
Colorado,2025-12-01,2025,48,0,7
Colorado,2025-12-08,2025,49,0,7
Colorado,2025-12-15,2025,50,0,7
Colorado,2025-12-22,2025,51,0,7
Colorado,2025-12-29,2025,52,0,7
Colorado,2026-01-05,2026,1,7,7
Colorado,2026-01-12,2026,2,0,7
Colorado,2026-01-19,2026,3,0,7
Colorado,2026-01-26,2026,4,0,7
Colorado,2026-02-02,2026,5,0,7
Colorado,2026-02-09,2026,6,0,7
Colorado,2026-02-16,2026,7,0,7
Colorado,2026-02-23,2026,8,0,7
Colorado,2026-03-02,2026,9,0,7
Colorado,2026-03-09,2026,10,0,7
Colorado,2026-03-16,2026,11,0,7
Colorado,2026-03-23,2026,12,0,4
Colorado,2026-03-30,2026,13,0,4
Colorado,2026-04-06,2026,14,0,4
Colorado,2026-04-13,2026,15,0,4
Colorado,2026-04-20,2026,16,0,4
Colorado,2026-04-27,2026,17,0,4
Colorado,2026-05-04,2026,18,0,4
Colorado,2026-05-11,2026,19,0,4
Colorado,2026-05-18,2026,20,0,4
Colorado,2026-05-25,2026,21,0,4
Colorado,2026-06-01,2026,22,0,3
Colorado,2026-06-08,2026,23,0,3
Colorado,2026-06-15,2026,24,0,3
Colorado,2026-06-22,2026,25,1,4
Colorado,2026-06-29,2026,26,0,4
Colorado,2026-07-06,2026,27,0,4
Colorado,2026-07-13,2026,28,0,4
Colorado,2026-07-20,2026,29,0,4
Colorado,2026-07-27,2026,30,0,4
Colorado,2026-08-03,2026,31,0,3
Colorado,2026-08-10,2026,32,0,3
Colorado,2026-08-17,2026,33,0,3
Colorado,2026-08-24,2026,34,0,3
Colorado,2026-08-31,2026,35,0,2
Colorado,NA,2025,53,0,7
Connecticut,2022-01-03,2022,1,2,2
Connecticut,2022-01-10,2022,2,0,2
Connecticut,2022-01-17,2022,3,0,2
Connecticut,2022-01-24,2022,4,0,2
Connecticut,2022-01-31,2022,5,0,2
Connecticut,2022-02-07,2022,6,0,2
Connecticut,2022-02-14,2022,7,0,2
Connecticut,2022-02-21,2022,8,0,2
Connecticut,2022-02-28,2022,9,0,2
Connecticut,2022-03-07,2022,10,0,2
Connecticut,2022-03-14,2022,11,0,2
Connecticut,2022-03-21,2022,12,0,2
Connecticut,2022-03-28,2022,13,0,2
Connecticut,2022-04-04,2022,14,0,2
Connecticut,2022-04-11,2022,15,0,1
Connecticut,2022-04-18,2022,16,0,0
Connecticut,2022-04-25,2022,17,0,0
Connecticut,2022-05-02,2022,18,0,0
Connecticut,2022-05-09,2022,19,0,0
Connecticut,2022-05-16,2022,20,0,0
Connecticut,2022-05-23,2022,21,0,0
Connecticut,2022-05-30,2022,22,0,0
Connecticut,2022-06-06,2022,23,0,0
Connecticut,2022-06-13,2022,24,0,0
Connecticut,2022-06-20,2022,25,0,0
Connecticut,2022-06-27,2022,26,0,0
Connecticut,2022-07-04,2022,27,0,0
Connecticut,2022-07-11,2022,28,0,0
Connecticut,2022-07-18,2022,29,0,0
Connecticut,2022-07-25,2022,30,0,0
Connecticut,2022-08-01,2022,31,0,0
Connecticut,2022-08-08,2022,32,0,0
Connecticut,2022-08-15,2022,33,0,0
Connecticut,2022-08-22,2022,34,0,0
Connecticut,2022-08-29,2022,35,0,0
Connecticut,2022-09-05,2022,36,0,0
Connecticut,2022-09-12,2022,37,0,0
Connecticut,2022-09-19,2022,38,0,0
Connecticut,2022-09-26,2022,39,0,0
Connecticut,2022-10-03,2022,40,0,0
Connecticut,2022-10-10,2022,41,0,0
Connecticut,2022-10-17,2022,42,0,0
Connecticut,2022-10-24,2022,43,0,0
Connecticut,2022-10-31,2022,44,0,0
Connecticut,2022-11-07,2022,45,0,0
Connecticut,2022-11-14,2022,46,0,0
Connecticut,2022-11-21,2022,47,0,0
Connecticut,2022-11-28,2022,48,0,0
Connecticut,2022-12-05,2022,49,0,0
Connecticut,2022-12-12,2022,50,0,0
Connecticut,2022-12-19,2022,51,0,0
Connecticut,2022-12-26,2022,52,0,0
Connecticut,2023-01-02,2023,1,0,0
Connecticut,2023-01-09,2023,2,0,0
Connecticut,2023-01-16,2023,3,0,0
Connecticut,2023-01-23,2023,4,0,0
Connecticut,2023-01-30,2023,5,0,0
Connecticut,2023-02-06,2023,6,0,0
Connecticut,2023-02-13,2023,7,0,0
Connecticut,2023-02-20,2023,8,0,0
Connecticut,2023-02-27,2023,9,0,0
Connecticut,2023-03-06,2023,10,0,0
Connecticut,2023-03-13,2023,11,0,0
Connecticut,2023-03-20,2023,12,0,0
Connecticut,2023-03-27,2023,13,0,0
Connecticut,2023-04-03,2023,14,0,0
Connecticut,2023-04-10,2023,15,0,0
Connecticut,2023-04-17,2023,16,0,0
Connecticut,2023-04-24,2023,17,0,0
Connecticut,2023-05-01,2023,18,0,0
Connecticut,2023-05-08,2023,19,0,0
Connecticut,2023-05-15,2023,20,0,0
Connecticut,2023-05-22,2023,21,0,0
Connecticut,2023-05-29,2023,22,0,0
Connecticut,2023-06-05,2023,23,0,0
Connecticut,2023-06-12,2023,24,0,0
Connecticut,2023-06-19,2023,25,0,0
Connecticut,2023-06-26,2023,26,0,0
Connecticut,2023-07-03,2023,27,0,0
Connecticut,2023-07-10,2023,28,0,0
Connecticut,2023-07-17,2023,29,0,0
Connecticut,2023-07-24,2023,30,0,0
Connecticut,2023-07-31,2023,31,0,0
Connecticut,2023-08-07,2023,32,0,0
Connecticut,2023-08-14,2023,33,0,0
Connecticut,2023-08-21,2023,34,0,0
Connecticut,2023-08-28,2023,35,0,0
Connecticut,2023-09-04,2023,36,0,0
Connecticut,2023-09-11,2023,37,0,0
Connecticut,2023-09-18,2023,38,0,0
Connecticut,2023-09-25,2023,39,0,0
Connecticut,2023-10-02,2023,40,0,0
Connecticut,2023-10-09,2023,41,0,0
Connecticut,2023-10-16,2023,42,0,0
Connecticut,2023-10-23,2023,43,0,0
Connecticut,2023-10-30,2023,44,0,0
Connecticut,2023-11-06,2023,45,0,0
Connecticut,2023-11-13,2023,46,0,0
Connecticut,2023-11-20,2023,47,0,0
Connecticut,2023-11-27,2023,48,0,0
Connecticut,2023-12-04,2023,49,0,0
Connecticut,2023-12-11,2023,50,0,0
Connecticut,2023-12-18,2023,51,0,0
Connecticut,2023-12-25,2023,52,0,0
Connecticut,2024-01-08,2024,1,0,0
Connecticut,2024-01-15,2024,2,0,0
Connecticut,2024-01-22,2024,3,0,0
Connecticut,2024-01-29,2024,4,0,0
Connecticut,2024-02-05,2024,5,0,0
Connecticut,2024-02-12,2024,6,0,0
Connecticut,2024-02-19,2024,7,0,0
Connecticut,2024-02-26,2024,8,0,0
Connecticut,2024-03-04,2024,9,0,0
Connecticut,2024-03-11,2024,10,0,0
Connecticut,2024-03-18,2024,11,0,0
Connecticut,2024-03-25,2024,12,0,0
Connecticut,2024-04-01,2024,13,0,0
Connecticut,2024-04-08,2024,14,0,0
Connecticut,2024-04-15,2024,15,0,0
Connecticut,2024-04-22,2024,16,0,0
Connecticut,2024-04-29,2024,17,0,0
Connecticut,2024-05-06,2024,18,0,0
Connecticut,2024-05-13,2024,19,0,0
Connecticut,2024-05-20,2024,20,0,0
Connecticut,2024-05-27,2024,21,0,0
Connecticut,2024-06-03,2024,22,0,0
Connecticut,2024-06-10,2024,23,0,0
Connecticut,2024-06-17,2024,24,0,0
Connecticut,2024-06-24,2024,25,0,0
Connecticut,2024-07-01,2024,26,0,0
Connecticut,2024-07-08,2024,27,0,0
Connecticut,2024-07-15,2024,28,0,0
Connecticut,2024-07-22,2024,29,0,0
Connecticut,2024-07-29,2024,30,0,0
Connecticut,2024-08-05,2024,31,0,0
Connecticut,2024-08-12,2024,32,0,0
Connecticut,2024-08-19,2024,33,0,0
Connecticut,2024-08-26,2024,34,0,0
Connecticut,2024-09-02,2024,35,0,0
Connecticut,2024-09-09,2024,36,0,0
Connecticut,2024-09-16,2024,37,0,0
Connecticut,2024-09-23,2024,38,0,0
Connecticut,2024-09-30,2024,39,0,0
Connecticut,2024-10-07,2024,40,0,0
Connecticut,2024-10-14,2024,41,0,0
Connecticut,2024-10-21,2024,42,0,0
Connecticut,2024-10-28,2024,43,0,0
Connecticut,2024-11-04,2024,44,0,0
Connecticut,2024-11-11,2024,45,0,0
Connecticut,2024-11-18,2024,46,0,0
Connecticut,2024-11-25,2024,47,0,0
Connecticut,2024-12-02,2024,48,0,0
Connecticut,2024-12-09,2024,49,0,0
Connecticut,2024-12-16,2024,50,0,0
Connecticut,2024-12-23,2024,51,0,0
Connecticut,2024-12-30,2024,52,0,0
Connecticut,2025-01-06,2025,1,0,0
Connecticut,2025-01-13,2025,2,0,0
Connecticut,2025-01-20,2025,3,0,0
Connecticut,2025-01-27,2025,4,0,0
Connecticut,2025-02-03,2025,5,0,0
Connecticut,2025-02-10,2025,6,0,0
Connecticut,2025-02-17,2025,7,0,0
Connecticut,2025-02-24,2025,8,0,0
Connecticut,2025-03-03,2025,9,0,0
Connecticut,2025-03-10,2025,10,0,0
Connecticut,2025-03-17,2025,11,0,0
Connecticut,2025-03-24,2025,12,0,0
Connecticut,2025-03-31,2025,13,0,0
Connecticut,2025-04-07,2025,14,0,0
Connecticut,2025-04-14,2025,15,0,0
Connecticut,2025-04-21,2025,16,0,0
Connecticut,2025-04-28,2025,17,0,0
Connecticut,2025-05-05,2025,18,0,0
Connecticut,2025-05-12,2025,19,0,0
Connecticut,2025-05-19,2025,20,0,0
Connecticut,2025-05-26,2025,21,0,0
Connecticut,2025-06-02,2025,22,0,0
Connecticut,2025-06-09,2025,23,0,0
Connecticut,2025-06-16,2025,24,0,0
Connecticut,2025-06-23,2025,25,0,0
Connecticut,2025-06-30,2025,26,0,0
Connecticut,2025-07-07,2025,27,0,0
Connecticut,2025-07-14,2025,28,0,0
Connecticut,2025-07-21,2025,29,0,0
Connecticut,2025-07-28,2025,30,0,0
Connecticut,2025-08-04,2025,31,0,0
Connecticut,2025-08-11,2025,32,0,0
Connecticut,2025-08-18,2025,33,0,0
Connecticut,2025-08-25,2025,34,0,0
Connecticut,2025-09-01,2025,35,0,0
Connecticut,2025-09-08,2025,36,0,0
Connecticut,2025-09-15,2025,37,0,0
Connecticut,2025-09-22,2025,38,0,0
Connecticut,2025-09-29,2025,39,0,0
Connecticut,2025-10-06,2025,40,0,0
Connecticut,2025-10-13,2025,41,0,0
Connecticut,2025-10-20,2025,42,0,0
Connecticut,2025-10-27,2025,43,0,0
Connecticut,2025-11-03,2025,44,0,0
Connecticut,2025-11-10,2025,45,0,0
Connecticut,2025-11-17,2025,46,0,0
Connecticut,2025-11-24,2025,47,0,0
Connecticut,2025-12-01,2025,48,0,0
Connecticut,2025-12-08,2025,49,0,0
Connecticut,2025-12-15,2025,50,0,0
Connecticut,2025-12-22,2025,51,1,1
Connecticut,2025-12-29,2025,52,0,1
Connecticut,2026-01-05,2026,1,1,1
Connecticut,2026-01-12,2026,2,0,1
Connecticut,2026-01-19,2026,3,0,1
Connecticut,2026-01-26,2026,4,0,1
Connecticut,2026-02-02,2026,5,0,1
Connecticut,2026-02-09,2026,6,0,1
Connecticut,2026-02-16,2026,7,0,1
Connecticut,2026-02-23,2026,8,0,1
Connecticut,2026-03-02,2026,9,0,1
Connecticut,2026-03-09,2026,10,0,1
Connecticut,2026-03-16,2026,11,0,1
Connecticut,2026-03-23,2026,12,0,1
Connecticut,2026-03-30,2026,13,0,1
Connecticut,2026-04-06,2026,14,0,1
Connecticut,2026-04-13,2026,15,0,1
Connecticut,2026-04-20,2026,16,0,1
Connecticut,2026-04-27,2026,17,0,1
Connecticut,2026-05-04,2026,18,0,1
Connecticut,2026-05-11,2026,19,0,1
Connecticut,2026-05-18,2026,20,0,1
Connecticut,2026-05-25,2026,21,0,1
Connecticut,2026-06-01,2026,22,0,1
Connecticut,2026-06-08,2026,23,0,1
Connecticut,2026-06-15,2026,24,0,1
Connecticut,2026-06-22,2026,25,0,1
Connecticut,2026-06-29,2026,26,0,1
Connecticut,2026-07-06,2026,27,0,1
Connecticut,2026-07-13,2026,28,0,1
Connecticut,2026-07-20,2026,29,0,1
Connecticut,2026-07-27,2026,30,0,1
Connecticut,2026-08-03,2026,31,0,1
Connecticut,2026-08-10,2026,32,0,1
Connecticut,2026-08-17,2026,33,0,1
Connecticut,2026-08-24,2026,34,0,1
Connecticut,2026-08-31,2026,35,0,1
Connecticut,NA,2025,53,0,1
Delaware,2022-01-03,2022,1,0,0
Delaware,2022-01-10,2022,2,0,0
Delaware,2022-01-17,2022,3,0,0
Delaware,2022-01-24,2022,4,0,0
Delaware,2022-01-31,2022,5,0,0
Delaware,2022-02-07,2022,6,0,0
Delaware,2022-02-14,2022,7,0,0
Delaware,2022-02-21,2022,8,0,0
Delaware,2022-02-28,2022,9,0,0
Delaware,2022-03-07,2022,10,0,0
Delaware,2022-03-14,2022,11,0,0
Delaware,2022-03-21,2022,12,0,0
Delaware,2022-03-28,2022,13,0,0
Delaware,2022-04-04,2022,14,0,0
Delaware,2022-04-11,2022,15,0,0
Delaware,2022-04-18,2022,16,0,0
Delaware,2022-04-25,2022,17,0,0
Delaware,2022-05-02,2022,18,0,0
Delaware,2022-05-09,2022,19,0,0
Delaware,2022-05-16,2022,20,0,0
Delaware,2022-05-23,2022,21,0,0
Delaware,2022-05-30,2022,22,0,0
Delaware,2022-06-06,2022,23,0,0
Delaware,2022-06-13,2022,24,0,0
Delaware,2022-06-20,2022,25,0,0
Delaware,2022-06-27,2022,26,0,0
Delaware,2022-07-04,2022,27,0,0
Delaware,2022-07-11,2022,28,0,0
Delaware,2022-07-18,2022,29,0,0
Delaware,2022-07-25,2022,30,0,0
Delaware,2022-08-01,2022,31,0,0
Delaware,2022-08-08,2022,32,0,0
Delaware,2022-08-15,2022,33,0,0
Delaware,2022-08-22,2022,34,0,0
Delaware,2022-08-29,2022,35,0,0
Delaware,2022-09-05,2022,36,0,0
Delaware,2022-09-12,2022,37,0,0
Delaware,2022-09-19,2022,38,0,0
Delaware,2022-09-26,2022,39,0,0
Delaware,2022-10-03,2022,40,0,0
Delaware,2022-10-10,2022,41,0,0
Delaware,2022-10-17,2022,42,0,0
Delaware,2022-10-24,2022,43,0,0
Delaware,2022-10-31,2022,44,0,0
Delaware,2022-11-07,2022,45,0,0
Delaware,2022-11-14,2022,46,0,0
Delaware,2022-11-21,2022,47,0,0
Delaware,2022-11-28,2022,48,0,0
Delaware,2022-12-05,2022,49,0,0
Delaware,2022-12-12,2022,50,0,0
Delaware,2022-12-19,2022,51,0,0
Delaware,2022-12-26,2022,52,0,0
Delaware,2023-01-02,2023,1,0,0
Delaware,2023-01-09,2023,2,0,0
Delaware,2023-01-16,2023,3,0,0
Delaware,2023-01-23,2023,4,0,0
Delaware,2023-01-30,2023,5,0,0
Delaware,2023-02-06,2023,6,0,0
Delaware,2023-02-13,2023,7,0,0
Delaware,2023-02-20,2023,8,0,0
Delaware,2023-02-27,2023,9,0,0
Delaware,2023-03-06,2023,10,0,0
Delaware,2023-03-13,2023,11,0,0
Delaware,2023-03-20,2023,12,0,0
Delaware,2023-03-27,2023,13,0,0
Delaware,2023-04-03,2023,14,0,0
Delaware,2023-04-10,2023,15,0,0
Delaware,2023-04-17,2023,16,0,0
Delaware,2023-04-24,2023,17,0,0
Delaware,2023-05-01,2023,18,0,0
Delaware,2023-05-08,2023,19,0,0
Delaware,2023-05-15,2023,20,0,0
Delaware,2023-05-22,2023,21,0,0
Delaware,2023-05-29,2023,22,0,0
Delaware,2023-06-05,2023,23,0,0
Delaware,2023-06-12,2023,24,0,0
Delaware,2023-06-19,2023,25,0,0
Delaware,2023-06-26,2023,26,0,0
Delaware,2023-07-03,2023,27,0,0
Delaware,2023-07-10,2023,28,0,0
Delaware,2023-07-17,2023,29,0,0
Delaware,2023-07-24,2023,30,0,0
Delaware,2023-07-31,2023,31,0,0
Delaware,2023-08-07,2023,32,0,0
Delaware,2023-08-14,2023,33,0,0
Delaware,2023-08-21,2023,34,0,0
Delaware,2023-08-28,2023,35,0,0
Delaware,2023-09-04,2023,36,0,0
Delaware,2023-09-11,2023,37,0,0
Delaware,2023-09-18,2023,38,0,0
Delaware,2023-09-25,2023,39,0,0
Delaware,2023-10-02,2023,40,0,0
Delaware,2023-10-09,2023,41,0,0
Delaware,2023-10-16,2023,42,0,0
Delaware,2023-10-23,2023,43,0,0
Delaware,2023-10-30,2023,44,0,0
Delaware,2023-11-06,2023,45,0,0
Delaware,2023-11-13,2023,46,0,0
Delaware,2023-11-20,2023,47,0,0
Delaware,2023-11-27,2023,48,0,0
Delaware,2023-12-04,2023,49,0,0
Delaware,2023-12-11,2023,50,0,0
Delaware,2023-12-18,2023,51,0,0
Delaware,2023-12-25,2023,52,0,0
Delaware,2024-01-08,2024,1,0,0
Delaware,2024-01-15,2024,2,0,0
Delaware,2024-01-22,2024,3,0,0
Delaware,2024-01-29,2024,4,0,0
Delaware,2024-02-05,2024,5,0,0
Delaware,2024-02-12,2024,6,0,0
Delaware,2024-02-19,2024,7,0,0
Delaware,2024-02-26,2024,8,0,0
Delaware,2024-03-04,2024,9,0,0
Delaware,2024-03-11,2024,10,0,0
Delaware,2024-03-18,2024,11,0,0
Delaware,2024-03-25,2024,12,0,0
Delaware,2024-04-01,2024,13,0,0
Delaware,2024-04-08,2024,14,0,0
Delaware,2024-04-15,2024,15,0,0
Delaware,2024-04-22,2024,16,0,0
Delaware,2024-04-29,2024,17,0,0
Delaware,2024-05-06,2024,18,0,0
Delaware,2024-05-13,2024,19,0,0
Delaware,2024-05-20,2024,20,0,0
Delaware,2024-05-27,2024,21,0,0
Delaware,2024-06-03,2024,22,0,0
Delaware,2024-06-10,2024,23,0,0
Delaware,2024-06-17,2024,24,0,0
Delaware,2024-06-24,2024,25,0,0
Delaware,2024-07-01,2024,26,0,0
Delaware,2024-07-08,2024,27,0,0
Delaware,2024-07-15,2024,28,0,0
Delaware,2024-07-22,2024,29,0,0
Delaware,2024-07-29,2024,30,0,0
Delaware,2024-08-05,2024,31,0,0
Delaware,2024-08-12,2024,32,0,0
Delaware,2024-08-19,2024,33,0,0
Delaware,2024-08-26,2024,34,0,0
Delaware,2024-09-02,2024,35,0,0
Delaware,2024-09-09,2024,36,0,0
Delaware,2024-09-16,2024,37,0,0
Delaware,2024-09-23,2024,38,0,0
Delaware,2024-09-30,2024,39,0,0
Delaware,2024-10-07,2024,40,0,0
Delaware,2024-10-14,2024,41,0,0
Delaware,2024-10-21,2024,42,0,0
Delaware,2024-10-28,2024,43,0,0
Delaware,2024-11-04,2024,44,0,0
Delaware,2024-11-11,2024,45,0,0
Delaware,2024-11-18,2024,46,0,0
Delaware,2024-11-25,2024,47,0,0
Delaware,2024-12-02,2024,48,0,0
Delaware,2024-12-09,2024,49,0,0
Delaware,2024-12-16,2024,50,0,0
Delaware,2024-12-23,2024,51,0,0
Delaware,2024-12-30,2024,52,0,0
Delaware,2025-01-06,2025,1,0,0
Delaware,2025-01-13,2025,2,0,0
Delaware,2025-01-20,2025,3,0,0
Delaware,2025-01-27,2025,4,0,0
Delaware,2025-02-03,2025,5,0,0
Delaware,2025-02-10,2025,6,0,0
Delaware,2025-02-17,2025,7,0,0
Delaware,2025-02-24,2025,8,0,0
Delaware,2025-03-03,2025,9,0,0
Delaware,2025-03-10,2025,10,0,0
Delaware,2025-03-17,2025,11,0,0
Delaware,2025-03-24,2025,12,0,0
Delaware,2025-03-31,2025,13,0,0
Delaware,2025-04-07,2025,14,0,0
Delaware,2025-04-14,2025,15,0,0
Delaware,2025-04-21,2025,16,0,0
Delaware,2025-04-28,2025,17,0,0
Delaware,2025-05-05,2025,18,0,0
Delaware,2025-05-12,2025,19,0,0
Delaware,2025-05-19,2025,20,0,0
Delaware,2025-05-26,2025,21,0,0
Delaware,2025-06-02,2025,22,0,0
Delaware,2025-06-09,2025,23,0,0
Delaware,2025-06-16,2025,24,0,0
Delaware,2025-06-23,2025,25,0,0
Delaware,2025-06-30,2025,26,0,0
Delaware,2025-07-07,2025,27,0,0
Delaware,2025-07-14,2025,28,0,0
Delaware,2025-07-21,2025,29,0,0
Delaware,2025-07-28,2025,30,0,0
Delaware,2025-08-04,2025,31,0,0
Delaware,2025-08-11,2025,32,0,0
Delaware,2025-08-18,2025,33,0,0
Delaware,2025-08-25,2025,34,0,0
Delaware,2025-09-01,2025,35,0,0
Delaware,2025-09-08,2025,36,0,0
Delaware,2025-09-15,2025,37,0,0
Delaware,2025-09-22,2025,38,0,0
Delaware,2025-09-29,2025,39,0,0
Delaware,2025-10-06,2025,40,0,0
Delaware,2025-10-13,2025,41,0,0
Delaware,2025-10-20,2025,42,0,0
Delaware,2025-10-27,2025,43,0,0
Delaware,2025-11-03,2025,44,0,0
Delaware,2025-11-10,2025,45,0,0
Delaware,2025-11-17,2025,46,0,0
Delaware,2025-11-24,2025,47,0,0
Delaware,2025-12-01,2025,48,0,0
Delaware,2025-12-08,2025,49,0,0
Delaware,2025-12-15,2025,50,0,0
Delaware,2025-12-22,2025,51,0,0
Delaware,2025-12-29,2025,52,0,0
Delaware,2026-01-05,2026,1,0,0
Delaware,2026-01-12,2026,2,0,0
Delaware,2026-01-19,2026,3,0,0
Delaware,2026-01-26,2026,4,0,0
Delaware,2026-02-02,2026,5,0,0
Delaware,2026-02-09,2026,6,0,0
Delaware,2026-02-16,2026,7,0,0
Delaware,2026-02-23,2026,8,0,0
Delaware,2026-03-02,2026,9,0,0
Delaware,2026-03-09,2026,10,0,0
Delaware,2026-03-16,2026,11,0,0
Delaware,2026-03-23,2026,12,0,0
Delaware,2026-03-30,2026,13,0,0
Delaware,2026-04-06,2026,14,0,0
Delaware,2026-04-13,2026,15,0,0
Delaware,2026-04-20,2026,16,0,0
Delaware,2026-04-27,2026,17,0,0
Delaware,2026-05-04,2026,18,0,0
Delaware,2026-05-11,2026,19,0,0
Delaware,2026-05-18,2026,20,0,0
Delaware,2026-05-25,2026,21,0,0
Delaware,2026-06-01,2026,22,0,0
Delaware,2026-06-08,2026,23,0,0
Delaware,2026-06-15,2026,24,0,0
Delaware,2026-06-22,2026,25,0,0
Delaware,2026-06-29,2026,26,0,0
Delaware,2026-07-06,2026,27,0,0
Delaware,2026-07-13,2026,28,0,0
Delaware,2026-07-20,2026,29,0,0
Delaware,2026-07-27,2026,30,0,0
Delaware,2026-08-03,2026,31,0,0
Delaware,2026-08-10,2026,32,0,0
Delaware,2026-08-17,2026,33,0,0
Delaware,2026-08-24,2026,34,0,0
Delaware,2026-08-31,2026,35,0,0
Delaware,NA,2025,53,0,0
District of Columbia,2022-01-03,2022,1,0,0
District of Columbia,2022-01-10,2022,2,0,0
District of Columbia,2022-01-17,2022,3,0,0
District of Columbia,2022-01-24,2022,4,0,0
District of Columbia,2022-01-31,2022,5,0,0
District of Columbia,2022-02-07,2022,6,0,0
District of Columbia,2022-02-14,2022,7,0,0
District of Columbia,2022-02-21,2022,8,0,0
District of Columbia,2022-02-28,2022,9,0,0
District of Columbia,2022-03-07,2022,10,0,0
District of Columbia,2022-03-14,2022,11,0,0
District of Columbia,2022-03-21,2022,12,0,0
District of Columbia,2022-03-28,2022,13,0,0
District of Columbia,2022-04-04,2022,14,0,0
District of Columbia,2022-04-11,2022,15,0,0
District of Columbia,2022-04-18,2022,16,0,0
District of Columbia,2022-04-25,2022,17,0,0
District of Columbia,2022-05-02,2022,18,0,0
District of Columbia,2022-05-09,2022,19,0,0
District of Columbia,2022-05-16,2022,20,0,0
District of Columbia,2022-05-23,2022,21,0,0
District of Columbia,2022-05-30,2022,22,0,0
District of Columbia,2022-06-06,2022,23,0,0
District of Columbia,2022-06-13,2022,24,0,0
District of Columbia,2022-06-20,2022,25,0,0
District of Columbia,2022-06-27,2022,26,0,0
District of Columbia,2022-07-04,2022,27,0,0
District of Columbia,2022-07-11,2022,28,0,0
District of Columbia,2022-07-18,2022,29,0,0
District of Columbia,2022-07-25,2022,30,0,0
District of Columbia,2022-08-01,2022,31,0,0
District of Columbia,2022-08-08,2022,32,0,0
District of Columbia,2022-08-15,2022,33,0,0
District of Columbia,2022-08-22,2022,34,0,0
District of Columbia,2022-08-29,2022,35,0,0
District of Columbia,2022-09-05,2022,36,0,0
District of Columbia,2022-09-12,2022,37,0,0
District of Columbia,2022-09-19,2022,38,0,0
District of Columbia,2022-09-26,2022,39,0,0
District of Columbia,2022-10-03,2022,40,0,0
District of Columbia,2022-10-10,2022,41,0,0
District of Columbia,2022-10-17,2022,42,0,0
District of Columbia,2022-10-24,2022,43,0,0
District of Columbia,2022-10-31,2022,44,0,0
District of Columbia,2022-11-07,2022,45,0,0
District of Columbia,2022-11-14,2022,46,0,0
District of Columbia,2022-11-21,2022,47,0,0
District of Columbia,2022-11-28,2022,48,0,0
District of Columbia,2022-12-05,2022,49,0,0
District of Columbia,2022-12-12,2022,50,0,0
District of Columbia,2022-12-19,2022,51,0,0
District of Columbia,2022-12-26,2022,52,0,0
District of Columbia,2023-01-02,2023,1,0,0
District of Columbia,2023-01-09,2023,2,0,0
District of Columbia,2023-01-16,2023,3,0,0
District of Columbia,2023-01-23,2023,4,0,0
District of Columbia,2023-01-30,2023,5,0,0
District of Columbia,2023-02-06,2023,6,0,0
District of Columbia,2023-02-13,2023,7,0,0
District of Columbia,2023-02-20,2023,8,0,0
District of Columbia,2023-02-27,2023,9,0,0
District of Columbia,2023-03-06,2023,10,0,0
District of Columbia,2023-03-13,2023,11,0,0
District of Columbia,2023-03-20,2023,12,0,0
District of Columbia,2023-03-27,2023,13,0,0
District of Columbia,2023-04-03,2023,14,0,0
District of Columbia,2023-04-10,2023,15,0,0
District of Columbia,2023-04-17,2023,16,0,0
District of Columbia,2023-04-24,2023,17,0,0
District of Columbia,2023-05-01,2023,18,0,0
District of Columbia,2023-05-08,2023,19,0,0
District of Columbia,2023-05-15,2023,20,0,0
District of Columbia,2023-05-22,2023,21,0,0
District of Columbia,2023-05-29,2023,22,0,0
District of Columbia,2023-06-05,2023,23,1,1
District of Columbia,2023-06-12,2023,24,0,1
District of Columbia,2023-06-19,2023,25,0,1
District of Columbia,2023-06-26,2023,26,0,1
District of Columbia,2023-07-03,2023,27,0,1
District of Columbia,2023-07-10,2023,28,0,1
District of Columbia,2023-07-17,2023,29,0,1
District of Columbia,2023-07-24,2023,30,0,1
District of Columbia,2023-07-31,2023,31,0,1
District of Columbia,2023-08-07,2023,32,0,1
District of Columbia,2023-08-14,2023,33,0,1
District of Columbia,2023-08-21,2023,34,1,2
District of Columbia,2023-08-28,2023,35,0,2
District of Columbia,2023-09-04,2023,36,0,2
District of Columbia,2023-09-11,2023,37,0,2
District of Columbia,2023-09-18,2023,38,0,2
District of Columbia,2023-09-25,2023,39,0,2
District of Columbia,2023-10-02,2023,40,0,2
District of Columbia,2023-10-09,2023,41,0,2
District of Columbia,2023-10-16,2023,42,0,2
District of Columbia,2023-10-23,2023,43,0,2
District of Columbia,2023-10-30,2023,44,0,2
District of Columbia,2023-11-06,2023,45,0,2
District of Columbia,2023-11-13,2023,46,0,2
District of Columbia,2023-11-20,2023,47,0,2
District of Columbia,2023-11-27,2023,48,0,2
District of Columbia,2023-12-04,2023,49,0,2
District of Columbia,2023-12-11,2023,50,0,2
District of Columbia,2023-12-18,2023,51,0,2
District of Columbia,2023-12-25,2023,52,0,2
District of Columbia,2024-01-08,2024,1,2,2
District of Columbia,2024-01-15,2024,2,0,2
District of Columbia,2024-01-22,2024,3,0,2
District of Columbia,2024-01-29,2024,4,0,2
District of Columbia,2024-02-05,2024,5,0,2
District of Columbia,2024-02-12,2024,6,0,2
District of Columbia,2024-02-19,2024,7,0,2
District of Columbia,2024-02-26,2024,8,0,2
District of Columbia,2024-03-04,2024,9,0,2
District of Columbia,2024-03-11,2024,10,0,2
District of Columbia,2024-03-18,2024,11,0,2
District of Columbia,2024-03-25,2024,12,0,2
District of Columbia,2024-04-01,2024,13,0,2
District of Columbia,2024-04-08,2024,14,0,2
District of Columbia,2024-04-15,2024,15,0,2
District of Columbia,2024-04-22,2024,16,0,2
District of Columbia,2024-04-29,2024,17,0,2
District of Columbia,2024-05-06,2024,18,0,2
District of Columbia,2024-05-13,2024,19,0,2
District of Columbia,2024-05-20,2024,20,0,1
District of Columbia,2024-05-27,2024,21,0,1
District of Columbia,2024-06-03,2024,22,0,1
District of Columbia,2024-06-10,2024,23,0,1
District of Columbia,2024-06-17,2024,24,0,1
District of Columbia,2024-06-24,2024,25,0,1
District of Columbia,2024-07-01,2024,26,0,1
District of Columbia,2024-07-08,2024,27,0,1
District of Columbia,2024-07-15,2024,28,0,1
District of Columbia,2024-07-22,2024,29,0,1
District of Columbia,2024-07-29,2024,30,0,1
District of Columbia,2024-08-05,2024,31,0,1
District of Columbia,2024-08-12,2024,32,0,1
District of Columbia,2024-08-19,2024,33,0,1
District of Columbia,2024-08-26,2024,34,0,1
District of Columbia,2024-09-02,2024,35,0,1
District of Columbia,2024-09-09,2024,36,0,1
District of Columbia,2024-09-16,2024,37,0,1
District of Columbia,2024-09-23,2024,38,0,1
District of Columbia,2024-09-30,2024,39,0,1
District of Columbia,2024-10-07,2024,40,0,1
District of Columbia,2024-10-14,2024,41,0,1
District of Columbia,2024-10-21,2024,42,0,1
District of Columbia,2024-10-28,2024,43,0,1
District of Columbia,2024-11-04,2024,44,0,1
District of Columbia,2024-11-11,2024,45,0,1
District of Columbia,2024-11-18,2024,46,0,1
District of Columbia,2024-11-25,2024,47,0,1
District of Columbia,2024-12-02,2024,48,0,1
District of Columbia,2024-12-09,2024,49,0,1
District of Columbia,2024-12-16,2024,50,0,1
District of Columbia,2024-12-23,2024,51,0,1
District of Columbia,2024-12-30,2024,52,0,1
District of Columbia,2025-01-06,2025,1,1,1
District of Columbia,2025-01-13,2025,2,0,1
District of Columbia,2025-01-20,2025,3,0,1
District of Columbia,2025-01-27,2025,4,0,1
District of Columbia,2025-02-03,2025,5,0,1
District of Columbia,2025-02-10,2025,6,0,1
District of Columbia,2025-02-17,2025,7,0,1
District of Columbia,2025-02-24,2025,8,0,1
District of Columbia,2025-03-03,2025,9,0,1
District of Columbia,2025-03-10,2025,10,0,1
District of Columbia,2025-03-17,2025,11,0,1
District of Columbia,2025-03-24,2025,12,0,1
District of Columbia,2025-03-31,2025,13,0,1
District of Columbia,2025-04-07,2025,14,0,1
District of Columbia,2025-04-14,2025,15,0,1
District of Columbia,2025-04-21,2025,16,0,1
District of Columbia,2025-04-28,2025,17,0,1
District of Columbia,2025-05-05,2025,18,0,1
District of Columbia,2025-05-12,2025,19,0,1
District of Columbia,2025-05-19,2025,20,0,1
District of Columbia,2025-05-26,2025,21,0,1
District of Columbia,2025-06-02,2025,22,0,1
District of Columbia,2025-06-09,2025,23,0,1
District of Columbia,2025-06-16,2025,24,0,1
District of Columbia,2025-06-23,2025,25,0,1
District of Columbia,2025-06-30,2025,26,0,1
District of Columbia,2025-07-07,2025,27,0,0
District of Columbia,2025-07-14,2025,28,0,0
District of Columbia,2025-07-21,2025,29,0,0
District of Columbia,2025-07-28,2025,30,0,0
District of Columbia,2025-08-04,2025,31,0,0
District of Columbia,2025-08-11,2025,32,0,0
District of Columbia,2025-08-18,2025,33,0,0
District of Columbia,2025-08-25,2025,34,0,0
District of Columbia,2025-09-01,2025,35,0,0
District of Columbia,2025-09-08,2025,36,0,0
District of Columbia,2025-09-15,2025,37,0,0
District of Columbia,2025-09-22,2025,38,0,0
District of Columbia,2025-09-29,2025,39,0,0
District of Columbia,2025-10-06,2025,40,0,0
District of Columbia,2025-10-13,2025,41,0,0
District of Columbia,2025-10-20,2025,42,0,0
District of Columbia,2025-10-27,2025,43,0,0
District of Columbia,2025-11-03,2025,44,0,0
District of Columbia,2025-11-10,2025,45,0,0
District of Columbia,2025-11-17,2025,46,0,0
District of Columbia,2025-11-24,2025,47,0,0
District of Columbia,2025-12-01,2025,48,0,0
District of Columbia,2025-12-08,2025,49,0,0
District of Columbia,2025-12-15,2025,50,0,0
District of Columbia,2025-12-22,2025,51,0,0
District of Columbia,2025-12-29,2025,52,0,0
District of Columbia,2026-01-05,2026,1,0,0
District of Columbia,2026-01-12,2026,2,0,0
District of Columbia,2026-01-19,2026,3,0,0
District of Columbia,2026-01-26,2026,4,0,0
District of Columbia,2026-02-02,2026,5,0,0
District of Columbia,2026-02-09,2026,6,0,0
District of Columbia,2026-02-16,2026,7,0,0
District of Columbia,2026-02-23,2026,8,0,0
District of Columbia,2026-03-02,2026,9,0,0
District of Columbia,2026-03-09,2026,10,0,0
District of Columbia,2026-03-16,2026,11,0,0
District of Columbia,2026-03-23,2026,12,0,0
District of Columbia,2026-03-30,2026,13,0,0
District of Columbia,2026-04-06,2026,14,0,0
District of Columbia,2026-04-13,2026,15,0,0
District of Columbia,2026-04-20,2026,16,0,0
District of Columbia,2026-04-27,2026,17,0,0
District of Columbia,2026-05-04,2026,18,0,0
District of Columbia,2026-05-11,2026,19,0,0
District of Columbia,2026-05-18,2026,20,0,0
District of Columbia,2026-05-25,2026,21,0,0
District of Columbia,2026-06-01,2026,22,0,0
District of Columbia,2026-06-08,2026,23,0,0
District of Columbia,2026-06-15,2026,24,0,0
District of Columbia,2026-06-22,2026,25,0,0
District of Columbia,2026-06-29,2026,26,0,0
District of Columbia,2026-07-06,2026,27,0,0
District of Columbia,2026-07-13,2026,28,0,0
District of Columbia,2026-07-20,2026,29,0,0
District of Columbia,2026-07-27,2026,30,0,0
District of Columbia,2026-08-03,2026,31,0,0
District of Columbia,2026-08-10,2026,32,0,0
District of Columbia,2026-08-17,2026,33,0,0
District of Columbia,2026-08-24,2026,34,0,0
District of Columbia,2026-08-31,2026,35,0,0
District of Columbia,NA,2025,53,0,0
Florida,2022-01-03,2022,1,0,0
Florida,2022-01-10,2022,2,0,0
Florida,2022-01-17,2022,3,0,0
Florida,2022-01-24,2022,4,0,0
Florida,2022-01-31,2022,5,0,0
Florida,2022-02-07,2022,6,0,0
Florida,2022-02-14,2022,7,0,0
Florida,2022-02-21,2022,8,0,0
Florida,2022-02-28,2022,9,0,0
Florida,2022-03-07,2022,10,0,0
Florida,2022-03-14,2022,11,0,0
Florida,2022-03-21,2022,12,0,0
Florida,2022-03-28,2022,13,0,0
Florida,2022-04-04,2022,14,0,0
Florida,2022-04-11,2022,15,0,0
Florida,2022-04-18,2022,16,0,0
Florida,2022-04-25,2022,17,0,0
Florida,2022-05-02,2022,18,0,0
Florida,2022-05-09,2022,19,0,0
Florida,2022-05-16,2022,20,0,0
Florida,2022-05-23,2022,21,0,0
Florida,2022-05-30,2022,22,0,0
Florida,2022-06-06,2022,23,0,0
Florida,2022-06-13,2022,24,0,0
Florida,2022-06-20,2022,25,0,0
Florida,2022-06-27,2022,26,0,0
Florida,2022-07-04,2022,27,0,0
Florida,2022-07-11,2022,28,0,0
Florida,2022-07-18,2022,29,0,0
Florida,2022-07-25,2022,30,0,0
Florida,2022-08-01,2022,31,0,0
Florida,2022-08-08,2022,32,0,0
Florida,2022-08-15,2022,33,0,0
Florida,2022-08-22,2022,34,0,0
Florida,2022-08-29,2022,35,0,0
Florida,2022-09-05,2022,36,0,0
Florida,2022-09-12,2022,37,0,0
Florida,2022-09-19,2022,38,0,0
Florida,2022-09-26,2022,39,0,0
Florida,2022-10-03,2022,40,0,0
Florida,2022-10-10,2022,41,0,0
Florida,2022-10-17,2022,42,0,0
Florida,2022-10-24,2022,43,0,0
Florida,2022-10-31,2022,44,0,0
Florida,2022-11-07,2022,45,0,0
Florida,2022-11-14,2022,46,0,0
Florida,2022-11-21,2022,47,0,0
Florida,2022-11-28,2022,48,0,0
Florida,2022-12-05,2022,49,0,0
Florida,2022-12-12,2022,50,0,0
Florida,2022-12-19,2022,51,0,0
Florida,2022-12-26,2022,52,0,0
Florida,2023-01-02,2023,1,0,0
Florida,2023-01-09,2023,2,0,0
Florida,2023-01-16,2023,3,0,0
Florida,2023-01-23,2023,4,0,0
Florida,2023-01-30,2023,5,0,0
Florida,2023-02-06,2023,6,0,0
Florida,2023-02-13,2023,7,0,0
Florida,2023-02-20,2023,8,0,0
Florida,2023-02-27,2023,9,0,0
Florida,2023-03-06,2023,10,0,0
Florida,2023-03-13,2023,11,0,0
Florida,2023-03-20,2023,12,0,0
Florida,2023-03-27,2023,13,0,0
Florida,2023-04-03,2023,14,0,0
Florida,2023-04-10,2023,15,0,0
Florida,2023-04-17,2023,16,0,0
Florida,2023-04-24,2023,17,0,0
Florida,2023-05-01,2023,18,0,0
Florida,2023-05-08,2023,19,0,0
Florida,2023-05-15,2023,20,0,0
Florida,2023-05-22,2023,21,0,0
Florida,2023-05-29,2023,22,0,0
Florida,2023-06-05,2023,23,0,0
Florida,2023-06-12,2023,24,0,0
Florida,2023-06-19,2023,25,0,0
Florida,2023-06-26,2023,26,0,0
Florida,2023-07-03,2023,27,0,0
Florida,2023-07-10,2023,28,0,0
Florida,2023-07-17,2023,29,0,0
Florida,2023-07-24,2023,30,0,0
Florida,2023-07-31,2023,31,0,0
Florida,2023-08-07,2023,32,0,0
Florida,2023-08-14,2023,33,0,0
Florida,2023-08-21,2023,34,0,0
Florida,2023-08-28,2023,35,0,0
Florida,2023-09-04,2023,36,0,0
Florida,2023-09-11,2023,37,0,0
Florida,2023-09-18,2023,38,1,1
Florida,2023-09-25,2023,39,0,1
Florida,2023-10-02,2023,40,0,1
Florida,2023-10-09,2023,41,0,1
Florida,2023-10-16,2023,42,0,1
Florida,2023-10-23,2023,43,0,1
Florida,2023-10-30,2023,44,0,1
Florida,2023-11-06,2023,45,0,1
Florida,2023-11-13,2023,46,0,1
Florida,2023-11-20,2023,47,0,1
Florida,2023-11-27,2023,48,0,1
Florida,2023-12-04,2023,49,0,1
Florida,2023-12-11,2023,50,0,1
Florida,2023-12-18,2023,51,0,1
Florida,2023-12-25,2023,52,0,1
Florida,2024-01-08,2024,1,1,1
Florida,2024-01-15,2024,2,0,1
Florida,2024-01-22,2024,3,0,1
Florida,2024-01-29,2024,4,0,1
Florida,2024-02-05,2024,5,0,1
Florida,2024-02-12,2024,6,0,1
Florida,2024-02-19,2024,7,0,1
Florida,2024-02-26,2024,8,1,2
Florida,2024-03-04,2024,9,5,7
Florida,2024-03-11,2024,10,0,7
Florida,2024-03-18,2024,11,0,7
Florida,2024-03-25,2024,12,0,7
Florida,2024-04-01,2024,13,0,7
Florida,2024-04-08,2024,14,0,7
Florida,2024-04-15,2024,15,0,7
Florida,2024-04-22,2024,16,0,7
Florida,2024-04-29,2024,17,0,7
Florida,2024-05-06,2024,18,0,7
Florida,2024-05-13,2024,19,0,7
Florida,2024-05-20,2024,20,0,7
Florida,2024-05-27,2024,21,1,8
Florida,2024-06-03,2024,22,0,8
Florida,2024-06-10,2024,23,0,8
Florida,2024-06-17,2024,24,0,8
Florida,2024-06-24,2024,25,0,8
Florida,2024-07-01,2024,26,0,8
Florida,2024-07-08,2024,27,0,8
Florida,2024-07-15,2024,28,0,8
Florida,2024-07-22,2024,29,0,8
Florida,2024-07-29,2024,30,0,8
Florida,2024-08-05,2024,31,0,8
Florida,2024-08-12,2024,32,0,6
Florida,2024-08-19,2024,33,0,6
Florida,2024-08-26,2024,34,0,6
Florida,2024-09-02,2024,35,0,6
Florida,2024-09-09,2024,36,0,6
Florida,2024-09-16,2024,37,0,6
Florida,2024-09-23,2024,38,0,6
Florida,2024-09-30,2024,39,0,6
Florida,2024-10-07,2024,40,0,6
Florida,2024-10-14,2024,41,0,6
Florida,2024-10-21,2024,42,0,6
Florida,2024-10-28,2024,43,0,6
Florida,2024-11-04,2024,44,0,6
Florida,2024-11-11,2024,45,0,6
Florida,2024-11-18,2024,46,0,6
Florida,2024-11-25,2024,47,0,6
Florida,2024-12-02,2024,48,0,6
Florida,2024-12-09,2024,49,0,6
Florida,2024-12-16,2024,50,0,6
Florida,2024-12-23,2024,51,0,6
Florida,2024-12-30,2024,52,0,6
Florida,2025-01-06,2025,1,6,6
Florida,2025-01-13,2025,2,0,6
Florida,2025-01-20,2025,3,0,6
Florida,2025-01-27,2025,4,0,6
Florida,2025-02-03,2025,5,0,6
Florida,2025-02-10,2025,6,0,6
Florida,2025-02-17,2025,7,0,6
Florida,2025-02-24,2025,8,0,6
Florida,2025-03-03,2025,9,0,1
Florida,2025-03-10,2025,10,0,1
Florida,2025-03-17,2025,11,1,2
Florida,2025-03-24,2025,12,0,2
Florida,2025-03-31,2025,13,0,2
Florida,2025-04-07,2025,14,0,2
Florida,2025-04-14,2025,15,0,1
Florida,2025-04-21,2025,16,0,1
Florida,2025-04-28,2025,17,0,1
Florida,2025-05-05,2025,18,1,2
Florida,2025-05-12,2025,19,0,2
Florida,2025-05-19,2025,20,0,2
Florida,2025-05-26,2025,21,0,2
Florida,2025-06-02,2025,22,0,2
Florida,2025-06-09,2025,23,0,2
Florida,2025-06-16,2025,24,0,2
Florida,2025-06-23,2025,25,0,2
Florida,2025-06-30,2025,26,0,2
Florida,2025-07-07,2025,27,0,2
Florida,2025-07-14,2025,28,0,2
Florida,2025-07-21,2025,29,0,2
Florida,2025-07-28,2025,30,0,2
Florida,2025-08-04,2025,31,0,2
Florida,2025-08-11,2025,32,0,2
Florida,2025-08-18,2025,33,0,2
Florida,2025-08-25,2025,34,0,2
Florida,2025-09-01,2025,35,0,2
Florida,2025-09-08,2025,36,0,2
Florida,2025-09-15,2025,37,0,2
Florida,2025-09-22,2025,38,0,2
Florida,2025-09-29,2025,39,0,2
Florida,2025-10-06,2025,40,0,2
Florida,2025-10-13,2025,41,0,2
Florida,2025-10-20,2025,42,0,2
Florida,2025-10-27,2025,43,0,2
Florida,2025-11-03,2025,44,0,2
Florida,2025-11-10,2025,45,0,2
Florida,2025-11-17,2025,46,0,2
Florida,2025-11-24,2025,47,0,2
Florida,2025-12-01,2025,48,0,2
Florida,2025-12-08,2025,49,0,2
Florida,2025-12-15,2025,50,0,2
Florida,2025-12-22,2025,51,0,2
Florida,2025-12-29,2025,52,0,2
Florida,2026-01-05,2026,1,2,2
Florida,2026-01-12,2026,2,1,3
Florida,2026-01-19,2026,3,0,3
Florida,2026-01-26,2026,4,0,3
Florida,2026-02-02,2026,5,8,11
Florida,2026-02-09,2026,6,36,47
Florida,2026-02-16,2026,7,0,47
Florida,2026-02-23,2026,8,0,47
Florida,2026-03-02,2026,9,2,49
Florida,2026-03-09,2026,10,0,49
Florida,2026-03-16,2026,11,0,49
Florida,2026-03-23,2026,12,0,49
Florida,2026-03-30,2026,13,0,49
Florida,2026-04-06,2026,14,0,49
Florida,2026-04-13,2026,15,0,49
Florida,2026-04-20,2026,16,0,49
Florida,2026-04-27,2026,17,1,50
Florida,2026-05-04,2026,18,0,50
Florida,2026-05-11,2026,19,0,50
Florida,2026-05-18,2026,20,1,51
Florida,2026-05-25,2026,21,0,51
Florida,2026-06-01,2026,22,0,51
Florida,2026-06-08,2026,23,0,51
Florida,2026-06-15,2026,24,0,51
Florida,2026-06-22,2026,25,0,51
Florida,2026-06-29,2026,26,0,51
Florida,2026-07-06,2026,27,0,51
Florida,2026-07-13,2026,28,0,51
Florida,2026-07-20,2026,29,0,51
Florida,2026-07-27,2026,30,0,51
Florida,2026-08-03,2026,31,0,51
Florida,2026-08-10,2026,32,0,51
Florida,2026-08-17,2026,33,0,51
Florida,2026-08-24,2026,34,0,51
Florida,2026-08-31,2026,35,0,51
Florida,NA,2025,53,0,2
Georgia,2022-01-03,2022,1,0,0
Georgia,2022-01-10,2022,2,0,0
Georgia,2022-01-17,2022,3,0,0
Georgia,2022-01-24,2022,4,0,0
Georgia,2022-01-31,2022,5,0,0
Georgia,2022-02-07,2022,6,0,0
Georgia,2022-02-14,2022,7,0,0
Georgia,2022-02-21,2022,8,0,0
Georgia,2022-02-28,2022,9,0,0
Georgia,2022-03-07,2022,10,0,0
Georgia,2022-03-14,2022,11,0,0
Georgia,2022-03-21,2022,12,0,0
Georgia,2022-03-28,2022,13,0,0
Georgia,2022-04-04,2022,14,0,0
Georgia,2022-04-11,2022,15,0,0
Georgia,2022-04-18,2022,16,0,0
Georgia,2022-04-25,2022,17,0,0
Georgia,2022-05-02,2022,18,0,0
Georgia,2022-05-09,2022,19,0,0
Georgia,2022-05-16,2022,20,0,0
Georgia,2022-05-23,2022,21,0,0
Georgia,2022-05-30,2022,22,0,0
Georgia,2022-06-06,2022,23,0,0
Georgia,2022-06-13,2022,24,0,0
Georgia,2022-06-20,2022,25,0,0
Georgia,2022-06-27,2022,26,0,0
Georgia,2022-07-04,2022,27,0,0
Georgia,2022-07-11,2022,28,0,0
Georgia,2022-07-18,2022,29,0,0
Georgia,2022-07-25,2022,30,0,0
Georgia,2022-08-01,2022,31,0,0
Georgia,2022-08-08,2022,32,0,0
Georgia,2022-08-15,2022,33,0,0
Georgia,2022-08-22,2022,34,0,0
Georgia,2022-08-29,2022,35,0,0
Georgia,2022-09-05,2022,36,0,0
Georgia,2022-09-12,2022,37,0,0
Georgia,2022-09-19,2022,38,0,0
Georgia,2022-09-26,2022,39,0,0
Georgia,2022-10-03,2022,40,0,0
Georgia,2022-10-10,2022,41,0,0
Georgia,2022-10-17,2022,42,0,0
Georgia,2022-10-24,2022,43,0,0
Georgia,2022-10-31,2022,44,0,0
Georgia,2022-11-07,2022,45,0,0
Georgia,2022-11-14,2022,46,0,0
Georgia,2022-11-21,2022,47,0,0
Georgia,2022-11-28,2022,48,0,0
Georgia,2022-12-05,2022,49,0,0
Georgia,2022-12-12,2022,50,0,0
Georgia,2022-12-19,2022,51,0,0
Georgia,2022-12-26,2022,52,0,0
Georgia,2023-01-02,2023,1,0,0
Georgia,2023-01-09,2023,2,0,0
Georgia,2023-01-16,2023,3,0,0
Georgia,2023-01-23,2023,4,0,0
Georgia,2023-01-30,2023,5,0,0
Georgia,2023-02-06,2023,6,0,0
Georgia,2023-02-13,2023,7,0,0
Georgia,2023-02-20,2023,8,0,0
Georgia,2023-02-27,2023,9,0,0
Georgia,2023-03-06,2023,10,0,0
Georgia,2023-03-13,2023,11,0,0
Georgia,2023-03-20,2023,12,0,0
Georgia,2023-03-27,2023,13,0,0
Georgia,2023-04-03,2023,14,0,0
Georgia,2023-04-10,2023,15,0,0
Georgia,2023-04-17,2023,16,0,0
Georgia,2023-04-24,2023,17,0,0
Georgia,2023-05-01,2023,18,0,0
Georgia,2023-05-08,2023,19,0,0
Georgia,2023-05-15,2023,20,0,0
Georgia,2023-05-22,2023,21,0,0
Georgia,2023-05-29,2023,22,0,0
Georgia,2023-06-05,2023,23,0,0
Georgia,2023-06-12,2023,24,0,0
Georgia,2023-06-19,2023,25,0,0
Georgia,2023-06-26,2023,26,0,0
Georgia,2023-07-03,2023,27,0,0
Georgia,2023-07-10,2023,28,0,0
Georgia,2023-07-17,2023,29,0,0
Georgia,2023-07-24,2023,30,0,0
Georgia,2023-07-31,2023,31,0,0
Georgia,2023-08-07,2023,32,0,0
Georgia,2023-08-14,2023,33,0,0
Georgia,2023-08-21,2023,34,0,0
Georgia,2023-08-28,2023,35,0,0
Georgia,2023-09-04,2023,36,0,0
Georgia,2023-09-11,2023,37,0,0
Georgia,2023-09-18,2023,38,0,0
Georgia,2023-09-25,2023,39,0,0
Georgia,2023-10-02,2023,40,0,0
Georgia,2023-10-09,2023,41,0,0
Georgia,2023-10-16,2023,42,0,0
Georgia,2023-10-23,2023,43,0,0
Georgia,2023-10-30,2023,44,0,0
Georgia,2023-11-06,2023,45,0,0
Georgia,2023-11-13,2023,46,0,0
Georgia,2023-11-20,2023,47,0,0
Georgia,2023-11-27,2023,48,0,0
Georgia,2023-12-04,2023,49,0,0
Georgia,2023-12-11,2023,50,0,0
Georgia,2023-12-18,2023,51,0,0
Georgia,2023-12-25,2023,52,0,0
Georgia,2024-01-08,2024,1,0,0
Georgia,2024-01-15,2024,2,0,0
Georgia,2024-01-22,2024,3,0,0
Georgia,2024-01-29,2024,4,0,0
Georgia,2024-02-05,2024,5,0,0
Georgia,2024-02-12,2024,6,0,0
Georgia,2024-02-19,2024,7,0,0
Georgia,2024-02-26,2024,8,0,0
Georgia,2024-03-04,2024,9,0,0
Georgia,2024-03-11,2024,10,0,0
Georgia,2024-03-18,2024,11,0,0
Georgia,2024-03-25,2024,12,1,1
Georgia,2024-04-01,2024,13,0,1
Georgia,2024-04-08,2024,14,0,1
Georgia,2024-04-15,2024,15,0,1
Georgia,2024-04-22,2024,16,1,2
Georgia,2024-04-29,2024,17,0,2
Georgia,2024-05-06,2024,18,0,2
Georgia,2024-05-13,2024,19,0,2
Georgia,2024-05-20,2024,20,0,2
Georgia,2024-05-27,2024,21,0,2
Georgia,2024-06-03,2024,22,0,2
Georgia,2024-06-10,2024,23,0,2
Georgia,2024-06-17,2024,24,0,2
Georgia,2024-06-24,2024,25,2,4
Georgia,2024-07-01,2024,26,0,4
Georgia,2024-07-08,2024,27,0,4
Georgia,2024-07-15,2024,28,0,4
Georgia,2024-07-22,2024,29,0,4
Georgia,2024-07-29,2024,30,0,2
Georgia,2024-08-05,2024,31,0,2
Georgia,2024-08-12,2024,32,0,2
Georgia,2024-08-19,2024,33,0,2
Georgia,2024-08-26,2024,34,0,2
Georgia,2024-09-02,2024,35,0,2
Georgia,2024-09-09,2024,36,0,2
Georgia,2024-09-16,2024,37,0,2
Georgia,2024-09-23,2024,38,0,2
Georgia,2024-09-30,2024,39,0,2
Georgia,2024-10-07,2024,40,0,2
Georgia,2024-10-14,2024,41,0,2
Georgia,2024-10-21,2024,42,0,2
Georgia,2024-10-28,2024,43,0,2
Georgia,2024-11-04,2024,44,0,2
Georgia,2024-11-11,2024,45,0,2
Georgia,2024-11-18,2024,46,0,2
Georgia,2024-11-25,2024,47,0,2
Georgia,2024-12-02,2024,48,0,2
Georgia,2024-12-09,2024,49,0,2
Georgia,2024-12-16,2024,50,0,2
Georgia,2024-12-23,2024,51,0,2
Georgia,2024-12-30,2024,52,0,2
Georgia,2025-01-06,2025,1,2,2
Georgia,2025-01-13,2025,2,0,2
Georgia,2025-01-20,2025,3,0,2
Georgia,2025-01-27,2025,4,0,2
Georgia,2025-02-03,2025,5,0,2
Georgia,2025-02-10,2025,6,0,2
Georgia,2025-02-17,2025,7,0,2
Georgia,2025-02-24,2025,8,0,2
Georgia,2025-03-03,2025,9,0,2
Georgia,2025-03-10,2025,10,0,2
Georgia,2025-03-17,2025,11,0,2
Georgia,2025-03-24,2025,12,0,2
Georgia,2025-03-31,2025,13,0,2
Georgia,2025-04-07,2025,14,0,2
Georgia,2025-04-14,2025,15,0,1
Georgia,2025-04-21,2025,16,0,1
Georgia,2025-04-28,2025,17,0,1
Georgia,2025-05-05,2025,18,2,3
Georgia,2025-05-12,2025,19,0,3
Georgia,2025-05-19,2025,20,0,3
Georgia,2025-05-26,2025,21,0,3
Georgia,2025-06-02,2025,22,0,3
Georgia,2025-06-09,2025,23,0,3
Georgia,2025-06-16,2025,24,0,3
Georgia,2025-06-23,2025,25,0,3
Georgia,2025-06-30,2025,26,0,3
Georgia,2025-07-07,2025,27,0,3
Georgia,2025-07-14,2025,28,0,3
Georgia,2025-07-21,2025,29,0,3
Georgia,2025-07-28,2025,30,0,3
Georgia,2025-08-04,2025,31,0,3
Georgia,2025-08-11,2025,32,0,3
Georgia,2025-08-18,2025,33,0,3
Georgia,2025-08-25,2025,34,0,3
Georgia,2025-09-01,2025,35,0,3
Georgia,2025-09-08,2025,36,0,3
Georgia,2025-09-15,2025,37,0,3
Georgia,2025-09-22,2025,38,0,3
Georgia,2025-09-29,2025,39,0,3
Georgia,2025-10-06,2025,40,0,3
Georgia,2025-10-13,2025,41,0,3
Georgia,2025-10-20,2025,42,0,3
Georgia,2025-10-27,2025,43,0,3
Georgia,2025-11-03,2025,44,0,3
Georgia,2025-11-10,2025,45,0,3
Georgia,2025-11-17,2025,46,0,3
Georgia,2025-11-24,2025,47,0,3
Georgia,2025-12-01,2025,48,0,3
Georgia,2025-12-08,2025,49,0,3
Georgia,2025-12-15,2025,50,0,3
Georgia,2025-12-22,2025,51,0,3
Georgia,2025-12-29,2025,52,0,3
Georgia,2026-01-05,2026,1,3,3
Georgia,2026-01-12,2026,2,0,3
Georgia,2026-01-19,2026,3,0,3
Georgia,2026-01-26,2026,4,0,2
Georgia,2026-02-02,2026,5,0,2
Georgia,2026-02-09,2026,6,0,2
Georgia,2026-02-16,2026,7,1,3
Georgia,2026-02-23,2026,8,0,3
Georgia,2026-03-02,2026,9,0,3
Georgia,2026-03-09,2026,10,0,3
Georgia,2026-03-16,2026,11,0,3
Georgia,2026-03-23,2026,12,0,3
Georgia,2026-03-30,2026,13,0,3
Georgia,2026-04-06,2026,14,0,3
Georgia,2026-04-13,2026,15,7,10
Georgia,2026-04-20,2026,16,0,10
Georgia,2026-04-27,2026,17,0,10
Georgia,2026-05-04,2026,18,0,10
Georgia,2026-05-11,2026,19,0,10
Georgia,2026-05-18,2026,20,0,3
Georgia,2026-05-25,2026,21,0,3
Georgia,2026-06-01,2026,22,0,3
Georgia,2026-06-08,2026,23,0,3
Georgia,2026-06-15,2026,24,0,3
Georgia,2026-06-22,2026,25,0,3
Georgia,2026-06-29,2026,26,0,3
Georgia,2026-07-06,2026,27,0,3
Georgia,2026-07-13,2026,28,0,3
Georgia,2026-07-20,2026,29,0,3
Georgia,2026-07-27,2026,30,0,3
Georgia,2026-08-03,2026,31,0,3
Georgia,2026-08-10,2026,32,0,3
Georgia,2026-08-17,2026,33,0,3
Georgia,2026-08-24,2026,34,0,3
Georgia,2026-08-31,2026,35,0,3
Georgia,NA,2025,53,0,3
Hawaii,2022-01-03,2022,1,0,0
Hawaii,2022-01-10,2022,2,0,0
Hawaii,2022-01-17,2022,3,0,0
Hawaii,2022-01-24,2022,4,0,0
Hawaii,2022-01-31,2022,5,0,0
Hawaii,2022-02-07,2022,6,0,0
Hawaii,2022-02-14,2022,7,0,0
Hawaii,2022-02-21,2022,8,0,0
Hawaii,2022-02-28,2022,9,0,0
Hawaii,2022-03-07,2022,10,0,0
Hawaii,2022-03-14,2022,11,0,0
Hawaii,2022-03-21,2022,12,0,0
Hawaii,2022-03-28,2022,13,0,0
Hawaii,2022-04-04,2022,14,0,0
Hawaii,2022-04-11,2022,15,0,0
Hawaii,2022-04-18,2022,16,0,0
Hawaii,2022-04-25,2022,17,0,0
Hawaii,2022-05-02,2022,18,0,0
Hawaii,2022-05-09,2022,19,0,0
Hawaii,2022-05-16,2022,20,0,0
Hawaii,2022-05-23,2022,21,0,0
Hawaii,2022-05-30,2022,22,0,0
Hawaii,2022-06-06,2022,23,0,0
Hawaii,2022-06-13,2022,24,0,0
Hawaii,2022-06-20,2022,25,0,0
Hawaii,2022-06-27,2022,26,0,0
Hawaii,2022-07-04,2022,27,0,0
Hawaii,2022-07-11,2022,28,0,0
Hawaii,2022-07-18,2022,29,0,0
Hawaii,2022-07-25,2022,30,0,0
Hawaii,2022-08-01,2022,31,0,0
Hawaii,2022-08-08,2022,32,0,0
Hawaii,2022-08-15,2022,33,0,0
Hawaii,2022-08-22,2022,34,0,0
Hawaii,2022-08-29,2022,35,0,0
Hawaii,2022-09-05,2022,36,1,1
Hawaii,2022-09-12,2022,37,0,1
Hawaii,2022-09-19,2022,38,0,1
Hawaii,2022-09-26,2022,39,0,1
Hawaii,2022-10-03,2022,40,0,1
Hawaii,2022-10-10,2022,41,0,1
Hawaii,2022-10-17,2022,42,0,1
Hawaii,2022-10-24,2022,43,0,1
Hawaii,2022-10-31,2022,44,0,1
Hawaii,2022-11-07,2022,45,0,1
Hawaii,2022-11-14,2022,46,0,1
Hawaii,2022-11-21,2022,47,0,1
Hawaii,2022-11-28,2022,48,0,1
Hawaii,2022-12-05,2022,49,0,1
Hawaii,2022-12-12,2022,50,0,1
Hawaii,2022-12-19,2022,51,0,1
Hawaii,2022-12-26,2022,52,0,1
Hawaii,2023-01-02,2023,1,1,1
Hawaii,2023-01-09,2023,2,0,1
Hawaii,2023-01-16,2023,3,0,1
Hawaii,2023-01-23,2023,4,0,1
Hawaii,2023-01-30,2023,5,0,1
Hawaii,2023-02-06,2023,6,0,1
Hawaii,2023-02-13,2023,7,0,1
Hawaii,2023-02-20,2023,8,0,1
Hawaii,2023-02-27,2023,9,0,1
Hawaii,2023-03-06,2023,10,0,1
Hawaii,2023-03-13,2023,11,0,1
Hawaii,2023-03-20,2023,12,0,1
Hawaii,2023-03-27,2023,13,0,1
Hawaii,2023-04-03,2023,14,0,1
Hawaii,2023-04-10,2023,15,1,2
Hawaii,2023-04-17,2023,16,0,2
Hawaii,2023-04-24,2023,17,0,2
Hawaii,2023-05-01,2023,18,0,2
Hawaii,2023-05-08,2023,19,0,2
Hawaii,2023-05-15,2023,20,0,2
Hawaii,2023-05-22,2023,21,0,2
Hawaii,2023-05-29,2023,22,0,2
Hawaii,2023-06-05,2023,23,0,2
Hawaii,2023-06-12,2023,24,0,2
Hawaii,2023-06-19,2023,25,0,2
Hawaii,2023-06-26,2023,26,0,2
Hawaii,2023-07-03,2023,27,0,2
Hawaii,2023-07-10,2023,28,0,2
Hawaii,2023-07-17,2023,29,0,2
Hawaii,2023-07-24,2023,30,0,2
Hawaii,2023-07-31,2023,31,0,2
Hawaii,2023-08-07,2023,32,0,2
Hawaii,2023-08-14,2023,33,0,2
Hawaii,2023-08-21,2023,34,0,2
Hawaii,2023-08-28,2023,35,0,2
Hawaii,2023-09-04,2023,36,0,2
Hawaii,2023-09-11,2023,37,0,2
Hawaii,2023-09-18,2023,38,0,2
Hawaii,2023-09-25,2023,39,0,2
Hawaii,2023-10-02,2023,40,0,2
Hawaii,2023-10-09,2023,41,0,2
Hawaii,2023-10-16,2023,42,0,2
Hawaii,2023-10-23,2023,43,0,2
Hawaii,2023-10-30,2023,44,0,2
Hawaii,2023-11-06,2023,45,0,2
Hawaii,2023-11-13,2023,46,0,2
Hawaii,2023-11-20,2023,47,0,2
Hawaii,2023-11-27,2023,48,0,2
Hawaii,2023-12-04,2023,49,0,2
Hawaii,2023-12-11,2023,50,0,2
Hawaii,2023-12-18,2023,51,0,2
Hawaii,2023-12-25,2023,52,0,2
Hawaii,2024-01-08,2024,1,2,2
Hawaii,2024-01-15,2024,2,0,2
Hawaii,2024-01-22,2024,3,0,2
Hawaii,2024-01-29,2024,4,0,2
Hawaii,2024-02-05,2024,5,0,2
Hawaii,2024-02-12,2024,6,0,2
Hawaii,2024-02-19,2024,7,0,2
Hawaii,2024-02-26,2024,8,0,2
Hawaii,2024-03-04,2024,9,0,2
Hawaii,2024-03-11,2024,10,0,2
Hawaii,2024-03-18,2024,11,0,2
Hawaii,2024-03-25,2024,12,0,2
Hawaii,2024-04-01,2024,13,0,2
Hawaii,2024-04-08,2024,14,0,1
Hawaii,2024-04-15,2024,15,0,1
Hawaii,2024-04-22,2024,16,0,0
Hawaii,2024-04-29,2024,17,0,0
Hawaii,2024-05-06,2024,18,0,0
Hawaii,2024-05-13,2024,19,0,0
Hawaii,2024-05-20,2024,20,0,0
Hawaii,2024-05-27,2024,21,0,0
Hawaii,2024-06-03,2024,22,0,0
Hawaii,2024-06-10,2024,23,0,0
Hawaii,2024-06-17,2024,24,0,0
Hawaii,2024-06-24,2024,25,0,0
Hawaii,2024-07-01,2024,26,0,0
Hawaii,2024-07-08,2024,27,0,0
Hawaii,2024-07-15,2024,28,0,0
Hawaii,2024-07-22,2024,29,0,0
Hawaii,2024-07-29,2024,30,0,0
Hawaii,2024-08-05,2024,31,0,0
Hawaii,2024-08-12,2024,32,0,0
Hawaii,2024-08-19,2024,33,0,0
Hawaii,2024-08-26,2024,34,0,0
Hawaii,2024-09-02,2024,35,0,0
Hawaii,2024-09-09,2024,36,0,0
Hawaii,2024-09-16,2024,37,0,0
Hawaii,2024-09-23,2024,38,0,0
Hawaii,2024-09-30,2024,39,0,0
Hawaii,2024-10-07,2024,40,0,0
Hawaii,2024-10-14,2024,41,0,0
Hawaii,2024-10-21,2024,42,0,0
Hawaii,2024-10-28,2024,43,0,0
Hawaii,2024-11-04,2024,44,0,0
Hawaii,2024-11-11,2024,45,0,0
Hawaii,2024-11-18,2024,46,0,0
Hawaii,2024-11-25,2024,47,0,0
Hawaii,2024-12-02,2024,48,0,0
Hawaii,2024-12-09,2024,49,0,0
Hawaii,2024-12-16,2024,50,0,0
Hawaii,2024-12-23,2024,51,0,0
Hawaii,2024-12-30,2024,52,0,0
Hawaii,2025-01-06,2025,1,0,0
Hawaii,2025-01-13,2025,2,0,0
Hawaii,2025-01-20,2025,3,0,0
Hawaii,2025-01-27,2025,4,0,0
Hawaii,2025-02-03,2025,5,0,0
Hawaii,2025-02-10,2025,6,0,0
Hawaii,2025-02-17,2025,7,0,0
Hawaii,2025-02-24,2025,8,0,0
Hawaii,2025-03-03,2025,9,0,0
Hawaii,2025-03-10,2025,10,0,0
Hawaii,2025-03-17,2025,11,0,0
Hawaii,2025-03-24,2025,12,0,0
Hawaii,2025-03-31,2025,13,0,0
Hawaii,2025-04-07,2025,14,0,0
Hawaii,2025-04-14,2025,15,0,0
Hawaii,2025-04-21,2025,16,0,0
Hawaii,2025-04-28,2025,17,1,1
Hawaii,2025-05-05,2025,18,0,1
Hawaii,2025-05-12,2025,19,0,1
Hawaii,2025-05-19,2025,20,0,1
Hawaii,2025-05-26,2025,21,0,1
Hawaii,2025-06-02,2025,22,0,1
Hawaii,2025-06-09,2025,23,0,1
Hawaii,2025-06-16,2025,24,0,1
Hawaii,2025-06-23,2025,25,0,1
Hawaii,2025-06-30,2025,26,0,1
Hawaii,2025-07-07,2025,27,0,1
Hawaii,2025-07-14,2025,28,0,1
Hawaii,2025-07-21,2025,29,0,1
Hawaii,2025-07-28,2025,30,0,1
Hawaii,2025-08-04,2025,31,0,1
Hawaii,2025-08-11,2025,32,0,1
Hawaii,2025-08-18,2025,33,0,1
Hawaii,2025-08-25,2025,34,0,1
Hawaii,2025-09-01,2025,35,0,1
Hawaii,2025-09-08,2025,36,0,1
Hawaii,2025-09-15,2025,37,0,1
Hawaii,2025-09-22,2025,38,0,1
Hawaii,2025-09-29,2025,39,0,1
Hawaii,2025-10-06,2025,40,0,1
Hawaii,2025-10-13,2025,41,0,1
Hawaii,2025-10-20,2025,42,0,1
Hawaii,2025-10-27,2025,43,0,1
Hawaii,2025-11-03,2025,44,0,1
Hawaii,2025-11-10,2025,45,0,1
Hawaii,2025-11-17,2025,46,0,1
Hawaii,2025-11-24,2025,47,0,1
Hawaii,2025-12-01,2025,48,0,1
Hawaii,2025-12-08,2025,49,0,1
Hawaii,2025-12-15,2025,50,0,1
Hawaii,2025-12-22,2025,51,0,1
Hawaii,2025-12-29,2025,52,0,1
Hawaii,2026-01-05,2026,1,1,1
Hawaii,2026-01-12,2026,2,0,1
Hawaii,2026-01-19,2026,3,0,1
Hawaii,2026-01-26,2026,4,0,1
Hawaii,2026-02-02,2026,5,0,1
Hawaii,2026-02-09,2026,6,0,1
Hawaii,2026-02-16,2026,7,0,1
Hawaii,2026-02-23,2026,8,0,1
Hawaii,2026-03-02,2026,9,1,2
Hawaii,2026-03-09,2026,10,0,2
Hawaii,2026-03-16,2026,11,0,2
Hawaii,2026-03-23,2026,12,0,2
Hawaii,2026-03-30,2026,13,0,2
Hawaii,2026-04-06,2026,14,0,2
Hawaii,2026-04-13,2026,15,0,2
Hawaii,2026-04-20,2026,16,0,1
Hawaii,2026-04-27,2026,17,0,1
Hawaii,2026-05-04,2026,18,0,1
Hawaii,2026-05-11,2026,19,0,1
Hawaii,2026-05-18,2026,20,0,1
Hawaii,2026-05-25,2026,21,0,1
Hawaii,2026-06-01,2026,22,0,1
Hawaii,2026-06-08,2026,23,0,1
Hawaii,2026-06-15,2026,24,0,1
Hawaii,2026-06-22,2026,25,0,1
Hawaii,2026-06-29,2026,26,0,1
Hawaii,2026-07-06,2026,27,0,1
Hawaii,2026-07-13,2026,28,0,1
Hawaii,2026-07-20,2026,29,0,1
Hawaii,2026-07-27,2026,30,0,1
Hawaii,2026-08-03,2026,31,0,1
Hawaii,2026-08-10,2026,32,0,1
Hawaii,2026-08-17,2026,33,0,1
Hawaii,2026-08-24,2026,34,0,1
Hawaii,2026-08-31,2026,35,0,1
Hawaii,NA,2025,53,0,1
Idaho,2022-01-03,2022,1,0,0
Idaho,2022-01-10,2022,2,0,0
Idaho,2022-01-17,2022,3,0,0
Idaho,2022-01-24,2022,4,0,0
Idaho,2022-01-31,2022,5,0,0
Idaho,2022-02-07,2022,6,0,0
Idaho,2022-02-14,2022,7,0,0
Idaho,2022-02-21,2022,8,0,0
Idaho,2022-02-28,2022,9,0,0
Idaho,2022-03-07,2022,10,0,0
Idaho,2022-03-14,2022,11,0,0
Idaho,2022-03-21,2022,12,0,0
Idaho,2022-03-28,2022,13,0,0
Idaho,2022-04-04,2022,14,0,0
Idaho,2022-04-11,2022,15,0,0
Idaho,2022-04-18,2022,16,0,0
Idaho,2022-04-25,2022,17,0,0
Idaho,2022-05-02,2022,18,0,0
Idaho,2022-05-09,2022,19,0,0
Idaho,2022-05-16,2022,20,0,0
Idaho,2022-05-23,2022,21,0,0
Idaho,2022-05-30,2022,22,0,0
Idaho,2022-06-06,2022,23,0,0
Idaho,2022-06-13,2022,24,0,0
Idaho,2022-06-20,2022,25,0,0
Idaho,2022-06-27,2022,26,0,0
Idaho,2022-07-04,2022,27,0,0
Idaho,2022-07-11,2022,28,0,0
Idaho,2022-07-18,2022,29,0,0
Idaho,2022-07-25,2022,30,0,0
Idaho,2022-08-01,2022,31,0,0
Idaho,2022-08-08,2022,32,0,0
Idaho,2022-08-15,2022,33,0,0
Idaho,2022-08-22,2022,34,0,0
Idaho,2022-08-29,2022,35,0,0
Idaho,2022-09-05,2022,36,0,0
Idaho,2022-09-12,2022,37,0,0
Idaho,2022-09-19,2022,38,0,0
Idaho,2022-09-26,2022,39,0,0
Idaho,2022-10-03,2022,40,0,0
Idaho,2022-10-10,2022,41,0,0
Idaho,2022-10-17,2022,42,0,0
Idaho,2022-10-24,2022,43,0,0
Idaho,2022-10-31,2022,44,0,0
Idaho,2022-11-07,2022,45,0,0
Idaho,2022-11-14,2022,46,0,0
Idaho,2022-11-21,2022,47,0,0
Idaho,2022-11-28,2022,48,0,0
Idaho,2022-12-05,2022,49,0,0
Idaho,2022-12-12,2022,50,0,0
Idaho,2022-12-19,2022,51,0,0
Idaho,2022-12-26,2022,52,0,0
Idaho,2023-01-02,2023,1,0,0
Idaho,2023-01-09,2023,2,0,0
Idaho,2023-01-16,2023,3,0,0
Idaho,2023-01-23,2023,4,0,0
Idaho,2023-01-30,2023,5,0,0
Idaho,2023-02-06,2023,6,0,0
Idaho,2023-02-13,2023,7,0,0
Idaho,2023-02-20,2023,8,0,0
Idaho,2023-02-27,2023,9,0,0
Idaho,2023-03-06,2023,10,0,0
Idaho,2023-03-13,2023,11,0,0
Idaho,2023-03-20,2023,12,0,0
Idaho,2023-03-27,2023,13,0,0
Idaho,2023-04-03,2023,14,0,0
Idaho,2023-04-10,2023,15,0,0
Idaho,2023-04-17,2023,16,0,0
Idaho,2023-04-24,2023,17,0,0
Idaho,2023-05-01,2023,18,0,0
Idaho,2023-05-08,2023,19,0,0
Idaho,2023-05-15,2023,20,0,0
Idaho,2023-05-22,2023,21,0,0
Idaho,2023-05-29,2023,22,0,0
Idaho,2023-06-05,2023,23,0,0
Idaho,2023-06-12,2023,24,0,0
Idaho,2023-06-19,2023,25,0,0
Idaho,2023-06-26,2023,26,0,0
Idaho,2023-07-03,2023,27,0,0
Idaho,2023-07-10,2023,28,0,0
Idaho,2023-07-17,2023,29,0,0
Idaho,2023-07-24,2023,30,0,0
Idaho,2023-07-31,2023,31,0,0
Idaho,2023-08-07,2023,32,0,0
Idaho,2023-08-14,2023,33,0,0
Idaho,2023-08-21,2023,34,0,0
Idaho,2023-08-28,2023,35,0,0
Idaho,2023-09-04,2023,36,0,0
Idaho,2023-09-11,2023,37,0,0
Idaho,2023-09-18,2023,38,0,0
Idaho,2023-09-25,2023,39,0,0
Idaho,2023-10-02,2023,40,0,0
Idaho,2023-10-09,2023,41,0,0
Idaho,2023-10-16,2023,42,0,0
Idaho,2023-10-23,2023,43,0,0
Idaho,2023-10-30,2023,44,0,0
Idaho,2023-11-06,2023,45,5,5
Idaho,2023-11-13,2023,46,0,5
Idaho,2023-11-20,2023,47,0,5
Idaho,2023-11-27,2023,48,0,5
Idaho,2023-12-04,2023,49,0,5
Idaho,2023-12-11,2023,50,0,5
Idaho,2023-12-18,2023,51,0,5
Idaho,2023-12-25,2023,52,0,5
Idaho,2024-01-08,2024,1,5,5
Idaho,2024-01-15,2024,2,0,5
Idaho,2024-01-22,2024,3,0,5
Idaho,2024-01-29,2024,4,0,5
Idaho,2024-02-05,2024,5,0,5
Idaho,2024-02-12,2024,6,0,5
Idaho,2024-02-19,2024,7,0,5
Idaho,2024-02-26,2024,8,0,5
Idaho,2024-03-04,2024,9,0,5
Idaho,2024-03-11,2024,10,0,5
Idaho,2024-03-18,2024,11,0,5
Idaho,2024-03-25,2024,12,0,5
Idaho,2024-04-01,2024,13,0,5
Idaho,2024-04-08,2024,14,0,5
Idaho,2024-04-15,2024,15,0,5
Idaho,2024-04-22,2024,16,0,5
Idaho,2024-04-29,2024,17,0,5
Idaho,2024-05-06,2024,18,0,5
Idaho,2024-05-13,2024,19,0,5
Idaho,2024-05-20,2024,20,0,5
Idaho,2024-05-27,2024,21,0,5
Idaho,2024-06-03,2024,22,1,6
Idaho,2024-06-10,2024,23,0,6
Idaho,2024-06-17,2024,24,0,6
Idaho,2024-06-24,2024,25,0,6
Idaho,2024-07-01,2024,26,0,6
Idaho,2024-07-08,2024,27,0,6
Idaho,2024-07-15,2024,28,0,6
Idaho,2024-07-22,2024,29,0,6
Idaho,2024-07-29,2024,30,0,6
Idaho,2024-08-05,2024,31,0,6
Idaho,2024-08-12,2024,32,0,6
Idaho,2024-08-19,2024,33,0,6
Idaho,2024-08-26,2024,34,0,6
Idaho,2024-09-02,2024,35,0,6
Idaho,2024-09-09,2024,36,0,6
Idaho,2024-09-16,2024,37,0,6
Idaho,2024-09-23,2024,38,0,6
Idaho,2024-09-30,2024,39,0,5
Idaho,2024-10-07,2024,40,0,5
Idaho,2024-10-14,2024,41,0,0
Idaho,2024-10-21,2024,42,0,0
Idaho,2024-10-28,2024,43,0,0
Idaho,2024-11-04,2024,44,0,0
Idaho,2024-11-11,2024,45,0,0
Idaho,2024-11-18,2024,46,0,0
Idaho,2024-11-25,2024,47,0,0
Idaho,2024-12-02,2024,48,0,0
Idaho,2024-12-09,2024,49,0,0
Idaho,2024-12-16,2024,50,0,0
Idaho,2024-12-23,2024,51,0,0
Idaho,2024-12-30,2024,52,0,0
Idaho,2025-01-06,2025,1,0,0
Idaho,2025-01-13,2025,2,0,0
Idaho,2025-01-20,2025,3,0,0
Idaho,2025-01-27,2025,4,0,0
Idaho,2025-02-03,2025,5,0,0
Idaho,2025-02-10,2025,6,0,0
Idaho,2025-02-17,2025,7,0,0
Idaho,2025-02-24,2025,8,0,0
Idaho,2025-03-03,2025,9,0,0
Idaho,2025-03-10,2025,10,0,0
Idaho,2025-03-17,2025,11,0,0
Idaho,2025-03-24,2025,12,0,0
Idaho,2025-03-31,2025,13,0,0
Idaho,2025-04-07,2025,14,0,0
Idaho,2025-04-14,2025,15,0,0
Idaho,2025-04-21,2025,16,0,0
Idaho,2025-04-28,2025,17,0,0
Idaho,2025-05-05,2025,18,0,0
Idaho,2025-05-12,2025,19,0,0
Idaho,2025-05-19,2025,20,0,0
Idaho,2025-05-26,2025,21,0,0
Idaho,2025-06-02,2025,22,0,0
Idaho,2025-06-09,2025,23,0,0
Idaho,2025-06-16,2025,24,0,0
Idaho,2025-06-23,2025,25,0,0
Idaho,2025-06-30,2025,26,0,0
Idaho,2025-07-07,2025,27,0,0
Idaho,2025-07-14,2025,28,0,0
Idaho,2025-07-21,2025,29,0,0
Idaho,2025-07-28,2025,30,0,0
Idaho,2025-08-04,2025,31,0,0
Idaho,2025-08-11,2025,32,0,0
Idaho,2025-08-18,2025,33,0,0
Idaho,2025-08-25,2025,34,0,0
Idaho,2025-09-01,2025,35,2,2
Idaho,2025-09-08,2025,36,1,3
Idaho,2025-09-15,2025,37,0,3
Idaho,2025-09-22,2025,38,0,3
Idaho,2025-09-29,2025,39,0,3
Idaho,2025-10-06,2025,40,0,3
Idaho,2025-10-13,2025,41,0,3
Idaho,2025-10-20,2025,42,0,3
Idaho,2025-10-27,2025,43,0,3
Idaho,2025-11-03,2025,44,0,3
Idaho,2025-11-10,2025,45,0,3
Idaho,2025-11-17,2025,46,0,3
Idaho,2025-11-24,2025,47,0,3
Idaho,2025-12-01,2025,48,0,3
Idaho,2025-12-08,2025,49,1,4
Idaho,2025-12-15,2025,50,0,4
Idaho,2025-12-22,2025,51,0,4
Idaho,2025-12-29,2025,52,0,3
Idaho,2026-01-05,2026,1,3,3
Idaho,2026-01-12,2026,2,0,3
Idaho,2026-01-19,2026,3,0,3
Idaho,2026-01-26,2026,4,0,3
Idaho,2026-02-02,2026,5,0,3
Idaho,2026-02-09,2026,6,0,3
Idaho,2026-02-16,2026,7,0,3
Idaho,2026-02-23,2026,8,0,3
Idaho,2026-03-02,2026,9,0,3
Idaho,2026-03-09,2026,10,0,3
Idaho,2026-03-16,2026,11,0,3
Idaho,2026-03-23,2026,12,0,3
Idaho,2026-03-30,2026,13,0,3
Idaho,2026-04-06,2026,14,0,3
Idaho,2026-04-13,2026,15,0,3
Idaho,2026-04-20,2026,16,0,3
Idaho,2026-04-27,2026,17,0,3
Idaho,2026-05-04,2026,18,0,3
Idaho,2026-05-11,2026,19,0,3
Idaho,2026-05-18,2026,20,0,3
Idaho,2026-05-25,2026,21,0,3
Idaho,2026-06-01,2026,22,0,3
Idaho,2026-06-08,2026,23,0,3
Idaho,2026-06-15,2026,24,0,3
Idaho,2026-06-22,2026,25,0,3
Idaho,2026-06-29,2026,26,0,3
Idaho,2026-07-06,2026,27,0,3
Idaho,2026-07-13,2026,28,0,3
Idaho,2026-07-20,2026,29,0,3
Idaho,2026-07-27,2026,30,0,3
Idaho,2026-08-03,2026,31,0,3
Idaho,2026-08-10,2026,32,0,3
Idaho,2026-08-17,2026,33,0,3
Idaho,2026-08-24,2026,34,0,3
Idaho,2026-08-31,2026,35,0,3
Idaho,NA,2025,53,0,3
Illinois,2022-01-03,2022,1,0,0
Illinois,2022-01-10,2022,2,0,0
Illinois,2022-01-17,2022,3,0,0
Illinois,2022-01-24,2022,4,0,0
Illinois,2022-01-31,2022,5,0,0
Illinois,2022-02-07,2022,6,0,0
Illinois,2022-02-14,2022,7,0,0
Illinois,2022-02-21,2022,8,0,0
Illinois,2022-02-28,2022,9,0,0
Illinois,2022-03-07,2022,10,0,0
Illinois,2022-03-14,2022,11,0,0
Illinois,2022-03-21,2022,12,0,0
Illinois,2022-03-28,2022,13,0,0
Illinois,2022-04-04,2022,14,0,0
Illinois,2022-04-11,2022,15,0,0
Illinois,2022-04-18,2022,16,0,0
Illinois,2022-04-25,2022,17,0,0
Illinois,2022-05-02,2022,18,0,0
Illinois,2022-05-09,2022,19,0,0
Illinois,2022-05-16,2022,20,0,0
Illinois,2022-05-23,2022,21,0,0
Illinois,2022-05-30,2022,22,0,0
Illinois,2022-06-06,2022,23,0,0
Illinois,2022-06-13,2022,24,0,0
Illinois,2022-06-20,2022,25,0,0
Illinois,2022-06-27,2022,26,0,0
Illinois,2022-07-04,2022,27,0,0
Illinois,2022-07-11,2022,28,0,0
Illinois,2022-07-18,2022,29,0,0
Illinois,2022-07-25,2022,30,0,0
Illinois,2022-08-01,2022,31,0,0
Illinois,2022-08-08,2022,32,0,0
Illinois,2022-08-15,2022,33,0,0
Illinois,2022-08-22,2022,34,0,0
Illinois,2022-08-29,2022,35,0,0
Illinois,2022-09-05,2022,36,0,0
Illinois,2022-09-12,2022,37,0,0
Illinois,2022-09-19,2022,38,0,0
Illinois,2022-09-26,2022,39,0,0
Illinois,2022-10-03,2022,40,0,0
Illinois,2022-10-10,2022,41,0,0
Illinois,2022-10-17,2022,42,0,0
Illinois,2022-10-24,2022,43,0,0
Illinois,2022-10-31,2022,44,0,0
Illinois,2022-11-07,2022,45,0,0
Illinois,2022-11-14,2022,46,0,0
Illinois,2022-11-21,2022,47,0,0
Illinois,2022-11-28,2022,48,0,0
Illinois,2022-12-05,2022,49,0,0
Illinois,2022-12-12,2022,50,0,0
Illinois,2022-12-19,2022,51,0,0
Illinois,2022-12-26,2022,52,0,0
Illinois,2023-01-02,2023,1,0,0
Illinois,2023-01-09,2023,2,0,0
Illinois,2023-01-16,2023,3,0,0
Illinois,2023-01-23,2023,4,0,0
Illinois,2023-01-30,2023,5,0,0
Illinois,2023-02-06,2023,6,0,0
Illinois,2023-02-13,2023,7,0,0
Illinois,2023-02-20,2023,8,0,0
Illinois,2023-02-27,2023,9,0,0
Illinois,2023-03-06,2023,10,0,0
Illinois,2023-03-13,2023,11,0,0
Illinois,2023-03-20,2023,12,0,0
Illinois,2023-03-27,2023,13,0,0
Illinois,2023-04-03,2023,14,0,0
Illinois,2023-04-10,2023,15,0,0
Illinois,2023-04-17,2023,16,0,0
Illinois,2023-04-24,2023,17,0,0
Illinois,2023-05-01,2023,18,0,0
Illinois,2023-05-08,2023,19,0,0
Illinois,2023-05-15,2023,20,0,0
Illinois,2023-05-22,2023,21,0,0
Illinois,2023-05-29,2023,22,0,0
Illinois,2023-06-05,2023,23,0,0
Illinois,2023-06-12,2023,24,0,0
Illinois,2023-06-19,2023,25,0,0
Illinois,2023-06-26,2023,26,0,0
Illinois,2023-07-03,2023,27,0,0
Illinois,2023-07-10,2023,28,0,0
Illinois,2023-07-17,2023,29,0,0
Illinois,2023-07-24,2023,30,0,0
Illinois,2023-07-31,2023,31,0,0
Illinois,2023-08-07,2023,32,0,0
Illinois,2023-08-14,2023,33,0,0
Illinois,2023-08-21,2023,34,0,0
Illinois,2023-08-28,2023,35,0,0
Illinois,2023-09-04,2023,36,0,0
Illinois,2023-09-11,2023,37,0,0
Illinois,2023-09-18,2023,38,0,0
Illinois,2023-09-25,2023,39,0,0
Illinois,2023-10-02,2023,40,0,0
Illinois,2023-10-09,2023,41,0,0
Illinois,2023-10-16,2023,42,0,0
Illinois,2023-10-23,2023,43,0,0
Illinois,2023-10-30,2023,44,0,0
Illinois,2023-11-06,2023,45,0,0
Illinois,2023-11-13,2023,46,0,0
Illinois,2023-11-20,2023,47,0,0
Illinois,2023-11-27,2023,48,2,2
Illinois,2023-12-04,2023,49,1,3
Illinois,2023-12-11,2023,50,0,3
Illinois,2023-12-18,2023,51,0,3
Illinois,2023-12-25,2023,52,0,3
Illinois,2024-01-08,2024,1,3,3
Illinois,2024-01-15,2024,2,0,3
Illinois,2024-01-22,2024,3,0,3
Illinois,2024-01-29,2024,4,0,3
Illinois,2024-02-05,2024,5,0,3
Illinois,2024-02-12,2024,6,0,3
Illinois,2024-02-19,2024,7,0,3
Illinois,2024-02-26,2024,8,0,3
Illinois,2024-03-04,2024,9,0,3
Illinois,2024-03-11,2024,10,0,3
Illinois,2024-03-18,2024,11,0,3
Illinois,2024-03-25,2024,12,0,3
Illinois,2024-04-01,2024,13,10,13
Illinois,2024-04-08,2024,14,21,34
Illinois,2024-04-15,2024,15,0,34
Illinois,2024-04-22,2024,16,0,34
Illinois,2024-04-29,2024,17,0,34
Illinois,2024-05-06,2024,18,0,34
Illinois,2024-05-13,2024,19,0,34
Illinois,2024-05-20,2024,20,0,34
Illinois,2024-05-27,2024,21,0,34
Illinois,2024-06-03,2024,22,0,34
Illinois,2024-06-10,2024,23,0,34
Illinois,2024-06-17,2024,24,0,34
Illinois,2024-06-24,2024,25,0,34
Illinois,2024-07-01,2024,26,0,34
Illinois,2024-07-08,2024,27,0,34
Illinois,2024-07-15,2024,28,0,34
Illinois,2024-07-22,2024,29,2,36
Illinois,2024-07-29,2024,30,0,36
Illinois,2024-08-05,2024,31,0,36
Illinois,2024-08-12,2024,32,0,36
Illinois,2024-08-19,2024,33,0,36
Illinois,2024-08-26,2024,34,0,36
Illinois,2024-09-02,2024,35,0,36
Illinois,2024-09-09,2024,36,0,36
Illinois,2024-09-16,2024,37,0,36
Illinois,2024-09-23,2024,38,0,36
Illinois,2024-09-30,2024,39,0,36
Illinois,2024-10-07,2024,40,0,36
Illinois,2024-10-14,2024,41,0,36
Illinois,2024-10-21,2024,42,0,35
Illinois,2024-10-28,2024,43,0,35
Illinois,2024-11-04,2024,44,0,35
Illinois,2024-11-11,2024,45,0,35
Illinois,2024-11-18,2024,46,0,35
Illinois,2024-11-25,2024,47,0,35
Illinois,2024-12-02,2024,48,0,35
Illinois,2024-12-09,2024,49,0,35
Illinois,2024-12-16,2024,50,0,35
Illinois,2024-12-23,2024,51,0,35
Illinois,2024-12-30,2024,52,0,35
Illinois,2025-01-06,2025,1,35,35
Illinois,2025-01-13,2025,2,0,35
Illinois,2025-01-20,2025,3,0,35
Illinois,2025-01-27,2025,4,0,35
Illinois,2025-02-03,2025,5,0,35
Illinois,2025-02-10,2025,6,0,35
Illinois,2025-02-17,2025,7,0,35
Illinois,2025-02-24,2025,8,0,35
Illinois,2025-03-03,2025,9,0,35
Illinois,2025-03-10,2025,10,0,35
Illinois,2025-03-17,2025,11,0,35
Illinois,2025-03-24,2025,12,0,35
Illinois,2025-03-31,2025,13,0,8
Illinois,2025-04-07,2025,14,0,8
Illinois,2025-04-14,2025,15,0,3
Illinois,2025-04-21,2025,16,0,1
Illinois,2025-04-28,2025,17,0,0
Illinois,2025-05-05,2025,18,0,0
Illinois,2025-05-12,2025,19,2,2
Illinois,2025-05-19,2025,20,2,4
Illinois,2025-05-26,2025,21,0,4
Illinois,2025-06-02,2025,22,0,4
Illinois,2025-06-09,2025,23,1,5
Illinois,2025-06-16,2025,24,0,5
Illinois,2025-06-23,2025,25,0,5
Illinois,2025-06-30,2025,26,0,5
Illinois,2025-07-07,2025,27,0,5
Illinois,2025-07-14,2025,28,0,5
Illinois,2025-07-21,2025,29,0,5
Illinois,2025-07-28,2025,30,0,5
Illinois,2025-08-04,2025,31,0,5
Illinois,2025-08-11,2025,32,0,5
Illinois,2025-08-18,2025,33,0,5
Illinois,2025-08-25,2025,34,0,5
Illinois,2025-09-01,2025,35,0,5
Illinois,2025-09-08,2025,36,0,5
Illinois,2025-09-15,2025,37,0,5
Illinois,2025-09-22,2025,38,0,5
Illinois,2025-09-29,2025,39,0,5
Illinois,2025-10-06,2025,40,0,5
Illinois,2025-10-13,2025,41,0,5
Illinois,2025-10-20,2025,42,0,5
Illinois,2025-10-27,2025,43,0,5
Illinois,2025-11-03,2025,44,0,5
Illinois,2025-11-10,2025,45,0,5
Illinois,2025-11-17,2025,46,0,5
Illinois,2025-11-24,2025,47,0,5
Illinois,2025-12-01,2025,48,0,5
Illinois,2025-12-08,2025,49,0,5
Illinois,2025-12-15,2025,50,0,5
Illinois,2025-12-22,2025,51,0,5
Illinois,2025-12-29,2025,52,0,5
Illinois,2026-01-05,2026,1,5,5
Illinois,2026-01-12,2026,2,0,5
Illinois,2026-01-19,2026,3,0,5
Illinois,2026-01-26,2026,4,0,5
Illinois,2026-02-02,2026,5,0,5
Illinois,2026-02-09,2026,6,0,5
Illinois,2026-02-16,2026,7,0,5
Illinois,2026-02-23,2026,8,0,5
Illinois,2026-03-02,2026,9,0,5
Illinois,2026-03-09,2026,10,0,5
Illinois,2026-03-16,2026,11,0,5
Illinois,2026-03-23,2026,12,0,5
Illinois,2026-03-30,2026,13,0,5
Illinois,2026-04-06,2026,14,0,5
Illinois,2026-04-13,2026,15,0,5
Illinois,2026-04-20,2026,16,0,5
Illinois,2026-04-27,2026,17,0,5
Illinois,2026-05-04,2026,18,0,3
Illinois,2026-05-11,2026,19,0,3
Illinois,2026-05-18,2026,20,0,3
Illinois,2026-05-25,2026,21,0,3
Illinois,2026-06-01,2026,22,0,3
Illinois,2026-06-08,2026,23,0,3
Illinois,2026-06-15,2026,24,0,3
Illinois,2026-06-22,2026,25,0,3
Illinois,2026-06-29,2026,26,0,3
Illinois,2026-07-06,2026,27,0,3
Illinois,2026-07-13,2026,28,0,3
Illinois,2026-07-20,2026,29,0,3
Illinois,2026-07-27,2026,30,0,3
Illinois,2026-08-03,2026,31,0,3
Illinois,2026-08-10,2026,32,0,3
Illinois,2026-08-17,2026,33,0,3
Illinois,2026-08-24,2026,34,0,3
Illinois,2026-08-31,2026,35,0,3
Illinois,NA,2025,53,0,5
Indiana,2022-01-03,2022,1,0,0
Indiana,2022-01-10,2022,2,0,0
Indiana,2022-01-17,2022,3,0,0
Indiana,2022-01-24,2022,4,0,0
Indiana,2022-01-31,2022,5,0,0
Indiana,2022-02-07,2022,6,0,0
Indiana,2022-02-14,2022,7,0,0
Indiana,2022-02-21,2022,8,0,0
Indiana,2022-02-28,2022,9,0,0
Indiana,2022-03-07,2022,10,0,0
Indiana,2022-03-14,2022,11,0,0
Indiana,2022-03-21,2022,12,0,0
Indiana,2022-03-28,2022,13,0,0
Indiana,2022-04-04,2022,14,0,0
Indiana,2022-04-11,2022,15,0,0
Indiana,2022-04-18,2022,16,0,0
Indiana,2022-04-25,2022,17,0,0
Indiana,2022-05-02,2022,18,0,0
Indiana,2022-05-09,2022,19,0,0
Indiana,2022-05-16,2022,20,0,0
Indiana,2022-05-23,2022,21,0,0
Indiana,2022-05-30,2022,22,0,0
Indiana,2022-06-06,2022,23,0,0
Indiana,2022-06-13,2022,24,0,0
Indiana,2022-06-20,2022,25,0,0
Indiana,2022-06-27,2022,26,0,0
Indiana,2022-07-04,2022,27,0,0
Indiana,2022-07-11,2022,28,0,0
Indiana,2022-07-18,2022,29,0,0
Indiana,2022-07-25,2022,30,0,0
Indiana,2022-08-01,2022,31,0,0
Indiana,2022-08-08,2022,32,0,0
Indiana,2022-08-15,2022,33,0,0
Indiana,2022-08-22,2022,34,0,0
Indiana,2022-08-29,2022,35,0,0
Indiana,2022-09-05,2022,36,0,0
Indiana,2022-09-12,2022,37,0,0
Indiana,2022-09-19,2022,38,0,0
Indiana,2022-09-26,2022,39,0,0
Indiana,2022-10-03,2022,40,0,0
Indiana,2022-10-10,2022,41,0,0
Indiana,2022-10-17,2022,42,0,0
Indiana,2022-10-24,2022,43,0,0
Indiana,2022-10-31,2022,44,0,0
Indiana,2022-11-07,2022,45,0,0
Indiana,2022-11-14,2022,46,0,0
Indiana,2022-11-21,2022,47,0,0
Indiana,2022-11-28,2022,48,0,0
Indiana,2022-12-05,2022,49,0,0
Indiana,2022-12-12,2022,50,0,0
Indiana,2022-12-19,2022,51,0,0
Indiana,2022-12-26,2022,52,0,0
Indiana,2023-01-02,2023,1,0,0
Indiana,2023-01-09,2023,2,0,0
Indiana,2023-01-16,2023,3,0,0
Indiana,2023-01-23,2023,4,0,0
Indiana,2023-01-30,2023,5,0,0
Indiana,2023-02-06,2023,6,0,0
Indiana,2023-02-13,2023,7,0,0
Indiana,2023-02-20,2023,8,0,0
Indiana,2023-02-27,2023,9,0,0
Indiana,2023-03-06,2023,10,0,0
Indiana,2023-03-13,2023,11,0,0
Indiana,2023-03-20,2023,12,0,0
Indiana,2023-03-27,2023,13,0,0
Indiana,2023-04-03,2023,14,0,0
Indiana,2023-04-10,2023,15,0,0
Indiana,2023-04-17,2023,16,0,0
Indiana,2023-04-24,2023,17,0,0
Indiana,2023-05-01,2023,18,0,0
Indiana,2023-05-08,2023,19,0,0
Indiana,2023-05-15,2023,20,0,0
Indiana,2023-05-22,2023,21,0,0
Indiana,2023-05-29,2023,22,0,0
Indiana,2023-06-05,2023,23,0,0
Indiana,2023-06-12,2023,24,0,0
Indiana,2023-06-19,2023,25,0,0
Indiana,2023-06-26,2023,26,0,0
Indiana,2023-07-03,2023,27,0,0
Indiana,2023-07-10,2023,28,0,0
Indiana,2023-07-17,2023,29,0,0
Indiana,2023-07-24,2023,30,0,0
Indiana,2023-07-31,2023,31,0,0
Indiana,2023-08-07,2023,32,0,0
Indiana,2023-08-14,2023,33,0,0
Indiana,2023-08-21,2023,34,0,0
Indiana,2023-08-28,2023,35,0,0
Indiana,2023-09-04,2023,36,0,0
Indiana,2023-09-11,2023,37,0,0
Indiana,2023-09-18,2023,38,0,0
Indiana,2023-09-25,2023,39,0,0
Indiana,2023-10-02,2023,40,0,0
Indiana,2023-10-09,2023,41,0,0
Indiana,2023-10-16,2023,42,0,0
Indiana,2023-10-23,2023,43,0,0
Indiana,2023-10-30,2023,44,0,0
Indiana,2023-11-06,2023,45,0,0
Indiana,2023-11-13,2023,46,0,0
Indiana,2023-11-20,2023,47,0,0
Indiana,2023-11-27,2023,48,0,0
Indiana,2023-12-04,2023,49,0,0
Indiana,2023-12-11,2023,50,0,0
Indiana,2023-12-18,2023,51,0,0
Indiana,2023-12-25,2023,52,0,0
Indiana,2024-01-08,2024,1,0,0
Indiana,2024-01-15,2024,2,0,0
Indiana,2024-01-22,2024,3,0,0
Indiana,2024-01-29,2024,4,0,0
Indiana,2024-02-05,2024,5,0,0
Indiana,2024-02-12,2024,6,0,0
Indiana,2024-02-19,2024,7,0,0
Indiana,2024-02-26,2024,8,0,0
Indiana,2024-03-04,2024,9,1,1
Indiana,2024-03-11,2024,10,0,1
Indiana,2024-03-18,2024,11,0,1
Indiana,2024-03-25,2024,12,0,1
Indiana,2024-04-01,2024,13,0,1
Indiana,2024-04-08,2024,14,0,1
Indiana,2024-04-15,2024,15,0,1
Indiana,2024-04-22,2024,16,0,1
Indiana,2024-04-29,2024,17,0,1
Indiana,2024-05-06,2024,18,0,1
Indiana,2024-05-13,2024,19,0,1
Indiana,2024-05-20,2024,20,0,1
Indiana,2024-05-27,2024,21,0,1
Indiana,2024-06-03,2024,22,0,1
Indiana,2024-06-10,2024,23,0,1
Indiana,2024-06-17,2024,24,0,1
Indiana,2024-06-24,2024,25,0,1
Indiana,2024-07-01,2024,26,0,1
Indiana,2024-07-08,2024,27,0,1
Indiana,2024-07-15,2024,28,0,1
Indiana,2024-07-22,2024,29,0,1
Indiana,2024-07-29,2024,30,0,1
Indiana,2024-08-05,2024,31,0,1
Indiana,2024-08-12,2024,32,0,1
Indiana,2024-08-19,2024,33,0,1
Indiana,2024-08-26,2024,34,0,1
Indiana,2024-09-02,2024,35,0,1
Indiana,2024-09-09,2024,36,0,1
Indiana,2024-09-16,2024,37,0,1
Indiana,2024-09-23,2024,38,0,1
Indiana,2024-09-30,2024,39,0,1
Indiana,2024-10-07,2024,40,0,1
Indiana,2024-10-14,2024,41,0,1
Indiana,2024-10-21,2024,42,0,1
Indiana,2024-10-28,2024,43,0,1
Indiana,2024-11-04,2024,44,0,1
Indiana,2024-11-11,2024,45,0,1
Indiana,2024-11-18,2024,46,0,1
Indiana,2024-11-25,2024,47,0,1
Indiana,2024-12-02,2024,48,0,1
Indiana,2024-12-09,2024,49,0,1
Indiana,2024-12-16,2024,50,0,1
Indiana,2024-12-23,2024,51,0,1
Indiana,2024-12-30,2024,52,0,1
Indiana,2025-01-06,2025,1,1,1
Indiana,2025-01-13,2025,2,0,1
Indiana,2025-01-20,2025,3,0,1
Indiana,2025-01-27,2025,4,0,1
Indiana,2025-02-03,2025,5,0,1
Indiana,2025-02-10,2025,6,0,1
Indiana,2025-02-17,2025,7,0,1
Indiana,2025-02-24,2025,8,0,0
Indiana,2025-03-03,2025,9,0,0
Indiana,2025-03-10,2025,10,0,0
Indiana,2025-03-17,2025,11,0,0
Indiana,2025-03-24,2025,12,0,0
Indiana,2025-03-31,2025,13,0,0
Indiana,2025-04-07,2025,14,0,0
Indiana,2025-04-14,2025,15,0,0
Indiana,2025-04-21,2025,16,4,4
Indiana,2025-04-28,2025,17,0,4
Indiana,2025-05-05,2025,18,1,5
Indiana,2025-05-12,2025,19,0,5
Indiana,2025-05-19,2025,20,0,5
Indiana,2025-05-26,2025,21,0,5
Indiana,2025-06-02,2025,22,0,5
Indiana,2025-06-09,2025,23,0,5
Indiana,2025-06-16,2025,24,0,5
Indiana,2025-06-23,2025,25,0,5
Indiana,2025-06-30,2025,26,0,5
Indiana,2025-07-07,2025,27,0,5
Indiana,2025-07-14,2025,28,0,5
Indiana,2025-07-21,2025,29,0,5
Indiana,2025-07-28,2025,30,0,5
Indiana,2025-08-04,2025,31,0,5
Indiana,2025-08-11,2025,32,0,5
Indiana,2025-08-18,2025,33,0,5
Indiana,2025-08-25,2025,34,0,5
Indiana,2025-09-01,2025,35,0,5
Indiana,2025-09-08,2025,36,0,5
Indiana,2025-09-15,2025,37,0,5
Indiana,2025-09-22,2025,38,0,5
Indiana,2025-09-29,2025,39,0,5
Indiana,2025-10-06,2025,40,0,5
Indiana,2025-10-13,2025,41,0,5
Indiana,2025-10-20,2025,42,0,5
Indiana,2025-10-27,2025,43,0,5
Indiana,2025-11-03,2025,44,0,5
Indiana,2025-11-10,2025,45,0,5
Indiana,2025-11-17,2025,46,0,5
Indiana,2025-11-24,2025,47,0,5
Indiana,2025-12-01,2025,48,0,5
Indiana,2025-12-08,2025,49,0,5
Indiana,2025-12-15,2025,50,0,5
Indiana,2025-12-22,2025,51,0,5
Indiana,2025-12-29,2025,52,0,5
Indiana,2026-01-05,2026,1,5,5
Indiana,2026-01-12,2026,2,0,5
Indiana,2026-01-19,2026,3,0,5
Indiana,2026-01-26,2026,4,0,5
Indiana,2026-02-02,2026,5,0,5
Indiana,2026-02-09,2026,6,0,5
Indiana,2026-02-16,2026,7,0,5
Indiana,2026-02-23,2026,8,0,5
Indiana,2026-03-02,2026,9,0,5
Indiana,2026-03-09,2026,10,0,5
Indiana,2026-03-16,2026,11,0,5
Indiana,2026-03-23,2026,12,0,5
Indiana,2026-03-30,2026,13,0,5
Indiana,2026-04-06,2026,14,0,3
Indiana,2026-04-13,2026,15,0,2
Indiana,2026-04-20,2026,16,0,2
Indiana,2026-04-27,2026,17,0,2
Indiana,2026-05-04,2026,18,0,2
Indiana,2026-05-11,2026,19,0,2
Indiana,2026-05-18,2026,20,0,2
Indiana,2026-05-25,2026,21,0,2
Indiana,2026-06-01,2026,22,0,2
Indiana,2026-06-08,2026,23,0,2
Indiana,2026-06-15,2026,24,0,2
Indiana,2026-06-22,2026,25,0,2
Indiana,2026-06-29,2026,26,0,2
Indiana,2026-07-06,2026,27,0,2
Indiana,2026-07-13,2026,28,0,2
Indiana,2026-07-20,2026,29,0,2
Indiana,2026-07-27,2026,30,0,2
Indiana,2026-08-03,2026,31,1,3
Indiana,2026-08-10,2026,32,0,3
Indiana,2026-08-17,2026,33,0,3
Indiana,2026-08-24,2026,34,0,3
Indiana,2026-08-31,2026,35,1,4
Indiana,NA,2025,53,0,5
Iowa,2022-01-03,2022,1,0,0
Iowa,2022-01-10,2022,2,0,0
Iowa,2022-01-17,2022,3,0,0
Iowa,2022-01-24,2022,4,0,0
Iowa,2022-01-31,2022,5,0,0
Iowa,2022-02-07,2022,6,0,0
Iowa,2022-02-14,2022,7,0,0
Iowa,2022-02-21,2022,8,0,0
Iowa,2022-02-28,2022,9,0,0
Iowa,2022-03-07,2022,10,0,0
Iowa,2022-03-14,2022,11,0,0
Iowa,2022-03-21,2022,12,0,0
Iowa,2022-03-28,2022,13,0,0
Iowa,2022-04-04,2022,14,0,0
Iowa,2022-04-11,2022,15,0,0
Iowa,2022-04-18,2022,16,0,0
Iowa,2022-04-25,2022,17,0,0
Iowa,2022-05-02,2022,18,0,0
Iowa,2022-05-09,2022,19,0,0
Iowa,2022-05-16,2022,20,0,0
Iowa,2022-05-23,2022,21,0,0
Iowa,2022-05-30,2022,22,0,0
Iowa,2022-06-06,2022,23,0,0
Iowa,2022-06-13,2022,24,0,0
Iowa,2022-06-20,2022,25,0,0
Iowa,2022-06-27,2022,26,0,0
Iowa,2022-07-04,2022,27,0,0
Iowa,2022-07-11,2022,28,0,0
Iowa,2022-07-18,2022,29,0,0
Iowa,2022-07-25,2022,30,0,0
Iowa,2022-08-01,2022,31,0,0
Iowa,2022-08-08,2022,32,0,0
Iowa,2022-08-15,2022,33,0,0
Iowa,2022-08-22,2022,34,0,0
Iowa,2022-08-29,2022,35,0,0
Iowa,2022-09-05,2022,36,0,0
Iowa,2022-09-12,2022,37,0,0
Iowa,2022-09-19,2022,38,0,0
Iowa,2022-09-26,2022,39,0,0
Iowa,2022-10-03,2022,40,0,0
Iowa,2022-10-10,2022,41,0,0
Iowa,2022-10-17,2022,42,0,0
Iowa,2022-10-24,2022,43,0,0
Iowa,2022-10-31,2022,44,0,0
Iowa,2022-11-07,2022,45,0,0
Iowa,2022-11-14,2022,46,6,6
Iowa,2022-11-21,2022,47,0,0
Iowa,2022-11-28,2022,48,0,0
Iowa,2022-12-05,2022,49,0,0
Iowa,2022-12-12,2022,50,0,0
Iowa,2022-12-19,2022,51,0,0
Iowa,2022-12-26,2022,52,0,0
Iowa,2023-01-02,2023,1,0,0
Iowa,2023-01-09,2023,2,0,0
Iowa,2023-01-16,2023,3,0,0
Iowa,2023-01-23,2023,4,0,0
Iowa,2023-01-30,2023,5,0,0
Iowa,2023-02-06,2023,6,0,0
Iowa,2023-02-13,2023,7,0,0
Iowa,2023-02-20,2023,8,0,0
Iowa,2023-02-27,2023,9,0,0
Iowa,2023-03-06,2023,10,0,0
Iowa,2023-03-13,2023,11,0,0
Iowa,2023-03-20,2023,12,0,0
Iowa,2023-03-27,2023,13,0,0
Iowa,2023-04-03,2023,14,0,0
Iowa,2023-04-10,2023,15,0,0
Iowa,2023-04-17,2023,16,0,0
Iowa,2023-04-24,2023,17,0,0
Iowa,2023-05-01,2023,18,0,0
Iowa,2023-05-08,2023,19,0,0
Iowa,2023-05-15,2023,20,0,0
Iowa,2023-05-22,2023,21,0,0
Iowa,2023-05-29,2023,22,0,0
Iowa,2023-06-05,2023,23,0,0
Iowa,2023-06-12,2023,24,0,0
Iowa,2023-06-19,2023,25,0,0
Iowa,2023-06-26,2023,26,0,0
Iowa,2023-07-03,2023,27,0,0
Iowa,2023-07-10,2023,28,0,0
Iowa,2023-07-17,2023,29,0,0
Iowa,2023-07-24,2023,30,0,0
Iowa,2023-07-31,2023,31,0,0
Iowa,2023-08-07,2023,32,0,0
Iowa,2023-08-14,2023,33,0,0
Iowa,2023-08-21,2023,34,0,0
Iowa,2023-08-28,2023,35,0,0
Iowa,2023-09-04,2023,36,0,0
Iowa,2023-09-11,2023,37,0,0
Iowa,2023-09-18,2023,38,0,0
Iowa,2023-09-25,2023,39,0,0
Iowa,2023-10-02,2023,40,0,0
Iowa,2023-10-09,2023,41,0,0
Iowa,2023-10-16,2023,42,0,0
Iowa,2023-10-23,2023,43,0,0
Iowa,2023-10-30,2023,44,0,0
Iowa,2023-11-06,2023,45,0,0
Iowa,2023-11-13,2023,46,0,0
Iowa,2023-11-20,2023,47,0,0
Iowa,2023-11-27,2023,48,0,0
Iowa,2023-12-04,2023,49,0,0
Iowa,2023-12-11,2023,50,0,0
Iowa,2023-12-18,2023,51,0,0
Iowa,2023-12-25,2023,52,0,0
Iowa,2024-01-08,2024,1,0,0
Iowa,2024-01-15,2024,2,0,0
Iowa,2024-01-22,2024,3,0,0
Iowa,2024-01-29,2024,4,0,0
Iowa,2024-02-05,2024,5,0,0
Iowa,2024-02-12,2024,6,0,0
Iowa,2024-02-19,2024,7,0,0
Iowa,2024-02-26,2024,8,0,0
Iowa,2024-03-04,2024,9,0,0
Iowa,2024-03-11,2024,10,0,0
Iowa,2024-03-18,2024,11,0,0
Iowa,2024-03-25,2024,12,0,0
Iowa,2024-04-01,2024,13,0,0
Iowa,2024-04-08,2024,14,0,0
Iowa,2024-04-15,2024,15,0,0
Iowa,2024-04-22,2024,16,0,0
Iowa,2024-04-29,2024,17,0,0
Iowa,2024-05-06,2024,18,0,0
Iowa,2024-05-13,2024,19,0,0
Iowa,2024-05-20,2024,20,0,0
Iowa,2024-05-27,2024,21,0,0
Iowa,2024-06-03,2024,22,0,0
Iowa,2024-06-10,2024,23,0,0
Iowa,2024-06-17,2024,24,0,0
Iowa,2024-06-24,2024,25,0,0
Iowa,2024-07-01,2024,26,0,0
Iowa,2024-07-08,2024,27,0,0
Iowa,2024-07-15,2024,28,0,0
Iowa,2024-07-22,2024,29,0,0
Iowa,2024-07-29,2024,30,0,0
Iowa,2024-08-05,2024,31,0,0
Iowa,2024-08-12,2024,32,0,0
Iowa,2024-08-19,2024,33,0,0
Iowa,2024-08-26,2024,34,0,0
Iowa,2024-09-02,2024,35,0,0
Iowa,2024-09-09,2024,36,0,0
Iowa,2024-09-16,2024,37,0,0
Iowa,2024-09-23,2024,38,0,0
Iowa,2024-09-30,2024,39,0,0
Iowa,2024-10-07,2024,40,0,0
Iowa,2024-10-14,2024,41,0,0
Iowa,2024-10-21,2024,42,0,0
Iowa,2024-10-28,2024,43,0,0
Iowa,2024-11-04,2024,44,0,0
Iowa,2024-11-11,2024,45,0,0
Iowa,2024-11-18,2024,46,0,0
Iowa,2024-11-25,2024,47,0,0
Iowa,2024-12-02,2024,48,0,0
Iowa,2024-12-09,2024,49,0,0
Iowa,2024-12-16,2024,50,0,0
Iowa,2024-12-23,2024,51,0,0
Iowa,2024-12-30,2024,52,0,0
Iowa,2025-01-06,2025,1,0,0
Iowa,2025-01-13,2025,2,0,0
Iowa,2025-01-20,2025,3,0,0
Iowa,2025-01-27,2025,4,0,0
Iowa,2025-02-03,2025,5,0,0
Iowa,2025-02-10,2025,6,0,0
Iowa,2025-02-17,2025,7,0,0
Iowa,2025-02-24,2025,8,0,0
Iowa,2025-03-03,2025,9,0,0
Iowa,2025-03-10,2025,10,0,0
Iowa,2025-03-17,2025,11,0,0
Iowa,2025-03-24,2025,12,0,0
Iowa,2025-03-31,2025,13,0,0
Iowa,2025-04-07,2025,14,0,0
Iowa,2025-04-14,2025,15,0,0
Iowa,2025-04-21,2025,16,0,0
Iowa,2025-04-28,2025,17,0,0
Iowa,2025-05-05,2025,18,0,0
Iowa,2025-05-12,2025,19,0,0
Iowa,2025-05-19,2025,20,0,0
Iowa,2025-05-26,2025,21,0,0
Iowa,2025-06-02,2025,22,1,1
Iowa,2025-06-09,2025,23,0,1
Iowa,2025-06-16,2025,24,1,2
Iowa,2025-06-23,2025,25,0,2
Iowa,2025-06-30,2025,26,0,2
Iowa,2025-07-07,2025,27,0,2
Iowa,2025-07-14,2025,28,0,2
Iowa,2025-07-21,2025,29,0,2
Iowa,2025-07-28,2025,30,0,2
Iowa,2025-08-04,2025,31,0,2
Iowa,2025-08-11,2025,32,0,2
Iowa,2025-08-18,2025,33,0,2
Iowa,2025-08-25,2025,34,0,2
Iowa,2025-09-01,2025,35,0,2
Iowa,2025-09-08,2025,36,0,2
Iowa,2025-09-15,2025,37,0,2
Iowa,2025-09-22,2025,38,0,2
Iowa,2025-09-29,2025,39,0,2
Iowa,2025-10-06,2025,40,0,2
Iowa,2025-10-13,2025,41,0,2
Iowa,2025-10-20,2025,42,0,2
Iowa,2025-10-27,2025,43,0,2
Iowa,2025-11-03,2025,44,0,2
Iowa,2025-11-10,2025,45,0,2
Iowa,2025-11-17,2025,46,0,2
Iowa,2025-11-24,2025,47,0,2
Iowa,2025-12-01,2025,48,0,2
Iowa,2025-12-08,2025,49,0,2
Iowa,2025-12-15,2025,50,0,2
Iowa,2025-12-22,2025,51,0,2
Iowa,2025-12-29,2025,52,0,2
Iowa,2026-01-05,2026,1,2,2
Iowa,2026-01-12,2026,2,0,2
Iowa,2026-01-19,2026,3,0,2
Iowa,2026-01-26,2026,4,0,2
Iowa,2026-02-02,2026,5,0,2
Iowa,2026-02-09,2026,6,0,2
Iowa,2026-02-16,2026,7,0,2
Iowa,2026-02-23,2026,8,0,2
Iowa,2026-03-02,2026,9,0,2
Iowa,2026-03-09,2026,10,0,2
Iowa,2026-03-16,2026,11,0,2
Iowa,2026-03-23,2026,12,0,2
Iowa,2026-03-30,2026,13,0,2
Iowa,2026-04-06,2026,14,0,2
Iowa,2026-04-13,2026,15,0,2
Iowa,2026-04-20,2026,16,0,2
Iowa,2026-04-27,2026,17,0,2
Iowa,2026-05-04,2026,18,0,2
Iowa,2026-05-11,2026,19,0,2
Iowa,2026-05-18,2026,20,0,2
Iowa,2026-05-25,2026,21,0,2
Iowa,2026-06-01,2026,22,0,2
Iowa,2026-06-08,2026,23,0,1
Iowa,2026-06-15,2026,24,0,1
Iowa,2026-06-22,2026,25,0,1
Iowa,2026-06-29,2026,26,0,1
Iowa,2026-07-06,2026,27,0,1
Iowa,2026-07-13,2026,28,0,1
Iowa,2026-07-20,2026,29,0,1
Iowa,2026-07-27,2026,30,0,1
Iowa,2026-08-03,2026,31,0,1
Iowa,2026-08-10,2026,32,0,1
Iowa,2026-08-17,2026,33,0,1
Iowa,2026-08-24,2026,34,0,1
Iowa,2026-08-31,2026,35,0,1
Iowa,NA,2025,53,0,2
Kansas,2022-01-03,2022,1,0,0
Kansas,2022-01-10,2022,2,0,0
Kansas,2022-01-17,2022,3,0,0
Kansas,2022-01-24,2022,4,0,0
Kansas,2022-01-31,2022,5,0,0
Kansas,2022-02-07,2022,6,0,0
Kansas,2022-02-14,2022,7,0,0
Kansas,2022-02-21,2022,8,0,0
Kansas,2022-02-28,2022,9,0,0
Kansas,2022-03-07,2022,10,0,0
Kansas,2022-03-14,2022,11,0,0
Kansas,2022-03-21,2022,12,0,0
Kansas,2022-03-28,2022,13,0,0
Kansas,2022-04-04,2022,14,0,0
Kansas,2022-04-11,2022,15,0,0
Kansas,2022-04-18,2022,16,0,0
Kansas,2022-04-25,2022,17,0,0
Kansas,2022-05-02,2022,18,0,0
Kansas,2022-05-09,2022,19,0,0
Kansas,2022-05-16,2022,20,0,0
Kansas,2022-05-23,2022,21,0,0
Kansas,2022-05-30,2022,22,0,0
Kansas,2022-06-06,2022,23,0,0
Kansas,2022-06-13,2022,24,0,0
Kansas,2022-06-20,2022,25,0,0
Kansas,2022-06-27,2022,26,0,0
Kansas,2022-07-04,2022,27,0,0
Kansas,2022-07-11,2022,28,0,0
Kansas,2022-07-18,2022,29,0,0
Kansas,2022-07-25,2022,30,0,0
Kansas,2022-08-01,2022,31,0,0
Kansas,2022-08-08,2022,32,0,0
Kansas,2022-08-15,2022,33,0,0
Kansas,2022-08-22,2022,34,0,0
Kansas,2022-08-29,2022,35,0,0
Kansas,2022-09-05,2022,36,0,0
Kansas,2022-09-12,2022,37,0,0
Kansas,2022-09-19,2022,38,0,0
Kansas,2022-09-26,2022,39,0,0
Kansas,2022-10-03,2022,40,0,0
Kansas,2022-10-10,2022,41,0,0
Kansas,2022-10-17,2022,42,0,0
Kansas,2022-10-24,2022,43,0,0
Kansas,2022-10-31,2022,44,0,0
Kansas,2022-11-07,2022,45,0,0
Kansas,2022-11-14,2022,46,0,0
Kansas,2022-11-21,2022,47,0,0
Kansas,2022-11-28,2022,48,0,0
Kansas,2022-12-05,2022,49,0,0
Kansas,2022-12-12,2022,50,0,0
Kansas,2022-12-19,2022,51,0,0
Kansas,2022-12-26,2022,52,0,0
Kansas,2023-01-02,2023,1,0,0
Kansas,2023-01-09,2023,2,0,0
Kansas,2023-01-16,2023,3,0,0
Kansas,2023-01-23,2023,4,0,0
Kansas,2023-01-30,2023,5,0,0
Kansas,2023-02-06,2023,6,0,0
Kansas,2023-02-13,2023,7,0,0
Kansas,2023-02-20,2023,8,0,0
Kansas,2023-02-27,2023,9,0,0
Kansas,2023-03-06,2023,10,0,0
Kansas,2023-03-13,2023,11,0,0
Kansas,2023-03-20,2023,12,0,0
Kansas,2023-03-27,2023,13,0,0
Kansas,2023-04-03,2023,14,0,0
Kansas,2023-04-10,2023,15,0,0
Kansas,2023-04-17,2023,16,0,0
Kansas,2023-04-24,2023,17,0,0
Kansas,2023-05-01,2023,18,0,0
Kansas,2023-05-08,2023,19,0,0
Kansas,2023-05-15,2023,20,0,0
Kansas,2023-05-22,2023,21,0,0
Kansas,2023-05-29,2023,22,0,0
Kansas,2023-06-05,2023,23,0,0
Kansas,2023-06-12,2023,24,0,0
Kansas,2023-06-19,2023,25,0,0
Kansas,2023-06-26,2023,26,0,0
Kansas,2023-07-03,2023,27,0,0
Kansas,2023-07-10,2023,28,0,0
Kansas,2023-07-17,2023,29,0,0
Kansas,2023-07-24,2023,30,0,0
Kansas,2023-07-31,2023,31,0,0
Kansas,2023-08-07,2023,32,0,0
Kansas,2023-08-14,2023,33,0,0
Kansas,2023-08-21,2023,34,0,0
Kansas,2023-08-28,2023,35,0,0
Kansas,2023-09-04,2023,36,0,0
Kansas,2023-09-11,2023,37,0,0
Kansas,2023-09-18,2023,38,0,0
Kansas,2023-09-25,2023,39,0,0
Kansas,2023-10-02,2023,40,0,0
Kansas,2023-10-09,2023,41,0,0
Kansas,2023-10-16,2023,42,0,0
Kansas,2023-10-23,2023,43,0,0
Kansas,2023-10-30,2023,44,0,0
Kansas,2023-11-06,2023,45,0,0
Kansas,2023-11-13,2023,46,0,0
Kansas,2023-11-20,2023,47,0,0
Kansas,2023-11-27,2023,48,0,0
Kansas,2023-12-04,2023,49,0,0
Kansas,2023-12-11,2023,50,0,0
Kansas,2023-12-18,2023,51,0,0
Kansas,2023-12-25,2023,52,0,0
Kansas,2024-01-08,2024,1,0,0
Kansas,2024-01-15,2024,2,0,0
Kansas,2024-01-22,2024,3,0,0
Kansas,2024-01-29,2024,4,0,0
Kansas,2024-02-05,2024,5,0,0
Kansas,2024-02-12,2024,6,0,0
Kansas,2024-02-19,2024,7,0,0
Kansas,2024-02-26,2024,8,0,0
Kansas,2024-03-04,2024,9,0,0
Kansas,2024-03-11,2024,10,0,0
Kansas,2024-03-18,2024,11,0,0
Kansas,2024-03-25,2024,12,0,0
Kansas,2024-04-01,2024,13,0,0
Kansas,2024-04-08,2024,14,0,0
Kansas,2024-04-15,2024,15,0,0
Kansas,2024-04-22,2024,16,0,0
Kansas,2024-04-29,2024,17,0,0
Kansas,2024-05-06,2024,18,0,0
Kansas,2024-05-13,2024,19,0,0
Kansas,2024-05-20,2024,20,0,0
Kansas,2024-05-27,2024,21,0,0
Kansas,2024-06-03,2024,22,0,0
Kansas,2024-06-10,2024,23,0,0
Kansas,2024-06-17,2024,24,0,0
Kansas,2024-06-24,2024,25,0,0
Kansas,2024-07-01,2024,26,0,0
Kansas,2024-07-08,2024,27,0,0
Kansas,2024-07-15,2024,28,0,0
Kansas,2024-07-22,2024,29,0,0
Kansas,2024-07-29,2024,30,0,0
Kansas,2024-08-05,2024,31,0,0
Kansas,2024-08-12,2024,32,0,0
Kansas,2024-08-19,2024,33,0,0
Kansas,2024-08-26,2024,34,0,0
Kansas,2024-09-02,2024,35,0,0
Kansas,2024-09-09,2024,36,0,0
Kansas,2024-09-16,2024,37,0,0
Kansas,2024-09-23,2024,38,0,0
Kansas,2024-09-30,2024,39,0,0
Kansas,2024-10-07,2024,40,0,0
Kansas,2024-10-14,2024,41,0,0
Kansas,2024-10-21,2024,42,0,0
Kansas,2024-10-28,2024,43,0,0
Kansas,2024-11-04,2024,44,0,0
Kansas,2024-11-11,2024,45,0,0
Kansas,2024-11-18,2024,46,0,0
Kansas,2024-11-25,2024,47,0,0
Kansas,2024-12-02,2024,48,0,0
Kansas,2024-12-09,2024,49,0,0
Kansas,2024-12-16,2024,50,0,0
Kansas,2024-12-23,2024,51,0,0
Kansas,2024-12-30,2024,52,0,0
Kansas,2025-01-06,2025,1,0,0
Kansas,2025-01-13,2025,2,0,0
Kansas,2025-01-20,2025,3,0,0
Kansas,2025-01-27,2025,4,0,0
Kansas,2025-02-03,2025,5,0,0
Kansas,2025-02-10,2025,6,0,0
Kansas,2025-02-17,2025,7,0,0
Kansas,2025-02-24,2025,8,0,0
Kansas,2025-03-03,2025,9,0,0
Kansas,2025-03-10,2025,10,0,0
Kansas,2025-03-17,2025,11,0,0
Kansas,2025-03-24,2025,12,6,6
Kansas,2025-03-31,2025,13,4,10
Kansas,2025-04-07,2025,14,0,10
Kansas,2025-04-14,2025,15,0,10
Kansas,2025-04-21,2025,16,0,10
Kansas,2025-04-28,2025,17,0,9
Kansas,2025-05-05,2025,18,0,9
Kansas,2025-05-12,2025,19,1,10
Kansas,2025-05-19,2025,20,0,10
Kansas,2025-05-26,2025,21,0,10
Kansas,2025-06-02,2025,22,0,10
Kansas,2025-06-09,2025,23,0,10
Kansas,2025-06-16,2025,24,0,10
Kansas,2025-06-23,2025,25,2,12
Kansas,2025-06-30,2025,26,0,12
Kansas,2025-07-07,2025,27,0,12
Kansas,2025-07-14,2025,28,0,12
Kansas,2025-07-21,2025,29,0,12
Kansas,2025-07-28,2025,30,0,12
Kansas,2025-08-04,2025,31,0,12
Kansas,2025-08-11,2025,32,0,12
Kansas,2025-08-18,2025,33,0,12
Kansas,2025-08-25,2025,34,0,12
Kansas,2025-09-01,2025,35,0,12
Kansas,2025-09-08,2025,36,0,12
Kansas,2025-09-15,2025,37,0,12
Kansas,2025-09-22,2025,38,0,12
Kansas,2025-09-29,2025,39,0,12
Kansas,2025-10-06,2025,40,0,12
Kansas,2025-10-13,2025,41,0,12
Kansas,2025-10-20,2025,42,0,12
Kansas,2025-10-27,2025,43,0,12
Kansas,2025-11-03,2025,44,0,12
Kansas,2025-11-10,2025,45,0,12
Kansas,2025-11-17,2025,46,0,12
Kansas,2025-11-24,2025,47,0,12
Kansas,2025-12-01,2025,48,0,12
Kansas,2025-12-08,2025,49,0,12
Kansas,2025-12-15,2025,50,0,12
Kansas,2025-12-22,2025,51,0,12
Kansas,2025-12-29,2025,52,0,12
Kansas,2026-01-05,2026,1,12,12
Kansas,2026-01-12,2026,2,0,12
Kansas,2026-01-19,2026,3,0,12
Kansas,2026-01-26,2026,4,0,12
Kansas,2026-02-02,2026,5,0,12
Kansas,2026-02-09,2026,6,0,12
Kansas,2026-02-16,2026,7,0,12
Kansas,2026-02-23,2026,8,0,12
Kansas,2026-03-02,2026,9,0,12
Kansas,2026-03-09,2026,10,0,12
Kansas,2026-03-16,2026,11,0,12
Kansas,2026-03-23,2026,12,0,12
Kansas,2026-03-30,2026,13,0,12
Kansas,2026-04-06,2026,14,0,12
Kansas,2026-04-13,2026,15,0,12
Kansas,2026-04-20,2026,16,0,12
Kansas,2026-04-27,2026,17,0,12
Kansas,2026-05-04,2026,18,0,10
Kansas,2026-05-11,2026,19,0,10
Kansas,2026-05-18,2026,20,0,10
Kansas,2026-05-25,2026,21,0,6
Kansas,2026-06-01,2026,22,0,6
Kansas,2026-06-08,2026,23,0,6
Kansas,2026-06-15,2026,24,0,6
Kansas,2026-06-22,2026,25,0,6
Kansas,2026-06-29,2026,26,0,2
Kansas,2026-07-06,2026,27,0,2
Kansas,2026-07-13,2026,28,0,1
Kansas,2026-07-20,2026,29,0,1
Kansas,2026-07-27,2026,30,0,1
Kansas,2026-08-03,2026,31,0,1
Kansas,2026-08-10,2026,32,0,1
Kansas,2026-08-17,2026,33,0,1
Kansas,2026-08-24,2026,34,0,1
Kansas,2026-08-31,2026,35,0,1
Kansas,NA,2025,53,0,12
Kentucky,2022-01-03,2022,1,0,0
Kentucky,2022-01-10,2022,2,0,0
Kentucky,2022-01-17,2022,3,0,0
Kentucky,2022-01-24,2022,4,0,0
Kentucky,2022-01-31,2022,5,0,0
Kentucky,2022-02-07,2022,6,0,0
Kentucky,2022-02-14,2022,7,0,0
Kentucky,2022-02-21,2022,8,0,0
Kentucky,2022-02-28,2022,9,0,0
Kentucky,2022-03-07,2022,10,0,0
Kentucky,2022-03-14,2022,11,0,0
Kentucky,2022-03-21,2022,12,0,0
Kentucky,2022-03-28,2022,13,0,0
Kentucky,2022-04-04,2022,14,0,0
Kentucky,2022-04-11,2022,15,0,0
Kentucky,2022-04-18,2022,16,0,0
Kentucky,2022-04-25,2022,17,0,0
Kentucky,2022-05-02,2022,18,0,0
Kentucky,2022-05-09,2022,19,0,0
Kentucky,2022-05-16,2022,20,0,0
Kentucky,2022-05-23,2022,21,0,0
Kentucky,2022-05-30,2022,22,0,0
Kentucky,2022-06-06,2022,23,0,0
Kentucky,2022-06-13,2022,24,0,0
Kentucky,2022-06-20,2022,25,0,0
Kentucky,2022-06-27,2022,26,0,0
Kentucky,2022-07-04,2022,27,0,0
Kentucky,2022-07-11,2022,28,0,0
Kentucky,2022-07-18,2022,29,0,0
Kentucky,2022-07-25,2022,30,0,0
Kentucky,2022-08-01,2022,31,0,0
Kentucky,2022-08-08,2022,32,0,0
Kentucky,2022-08-15,2022,33,0,0
Kentucky,2022-08-22,2022,34,0,0
Kentucky,2022-08-29,2022,35,0,0
Kentucky,2022-09-05,2022,36,0,0
Kentucky,2022-09-12,2022,37,0,0
Kentucky,2022-09-19,2022,38,0,0
Kentucky,2022-09-26,2022,39,0,0
Kentucky,2022-10-03,2022,40,0,0
Kentucky,2022-10-10,2022,41,0,0
Kentucky,2022-10-17,2022,42,0,0
Kentucky,2022-10-24,2022,43,0,0
Kentucky,2022-10-31,2022,44,0,0
Kentucky,2022-11-07,2022,45,0,0
Kentucky,2022-11-14,2022,46,0,0
Kentucky,2022-11-21,2022,47,0,0
Kentucky,2022-11-28,2022,48,0,0
Kentucky,2022-12-05,2022,49,0,0
Kentucky,2022-12-12,2022,50,0,0
Kentucky,2022-12-19,2022,51,0,0
Kentucky,2022-12-26,2022,52,0,0
Kentucky,2023-01-02,2023,1,0,0
Kentucky,2023-01-09,2023,2,0,0
Kentucky,2023-01-16,2023,3,0,0
Kentucky,2023-01-23,2023,4,0,0
Kentucky,2023-01-30,2023,5,0,0
Kentucky,2023-02-06,2023,6,0,0
Kentucky,2023-02-13,2023,7,0,0
Kentucky,2023-02-20,2023,8,0,0
Kentucky,2023-02-27,2023,9,1,1
Kentucky,2023-03-06,2023,10,0,1
Kentucky,2023-03-13,2023,11,0,1
Kentucky,2023-03-20,2023,12,0,1
Kentucky,2023-03-27,2023,13,0,1
Kentucky,2023-04-03,2023,14,0,1
Kentucky,2023-04-10,2023,15,0,1
Kentucky,2023-04-17,2023,16,0,1
Kentucky,2023-04-24,2023,17,0,1
Kentucky,2023-05-01,2023,18,0,1
Kentucky,2023-05-08,2023,19,0,1
Kentucky,2023-05-15,2023,20,0,1
Kentucky,2023-05-22,2023,21,0,1
Kentucky,2023-05-29,2023,22,0,1
Kentucky,2023-06-05,2023,23,0,1
Kentucky,2023-06-12,2023,24,0,1
Kentucky,2023-06-19,2023,25,0,1
Kentucky,2023-06-26,2023,26,0,1
Kentucky,2023-07-03,2023,27,0,1
Kentucky,2023-07-10,2023,28,0,1
Kentucky,2023-07-17,2023,29,0,1
Kentucky,2023-07-24,2023,30,0,1
Kentucky,2023-07-31,2023,31,0,1
Kentucky,2023-08-07,2023,32,0,1
Kentucky,2023-08-14,2023,33,0,1
Kentucky,2023-08-21,2023,34,0,1
Kentucky,2023-08-28,2023,35,0,1
Kentucky,2023-09-04,2023,36,0,1
Kentucky,2023-09-11,2023,37,0,1
Kentucky,2023-09-18,2023,38,0,1
Kentucky,2023-09-25,2023,39,0,1
Kentucky,2023-10-02,2023,40,0,1
Kentucky,2023-10-09,2023,41,0,1
Kentucky,2023-10-16,2023,42,0,1
Kentucky,2023-10-23,2023,43,0,1
Kentucky,2023-10-30,2023,44,0,1
Kentucky,2023-11-06,2023,45,0,1
Kentucky,2023-11-13,2023,46,0,1
Kentucky,2023-11-20,2023,47,0,1
Kentucky,2023-11-27,2023,48,0,1
Kentucky,2023-12-04,2023,49,0,1
Kentucky,2023-12-11,2023,50,0,1
Kentucky,2023-12-18,2023,51,0,1
Kentucky,2023-12-25,2023,52,0,1
Kentucky,2024-01-08,2024,1,1,1
Kentucky,2024-01-15,2024,2,0,1
Kentucky,2024-01-22,2024,3,0,1
Kentucky,2024-01-29,2024,4,0,1
Kentucky,2024-02-05,2024,5,0,1
Kentucky,2024-02-12,2024,6,0,1
Kentucky,2024-02-19,2024,7,0,1
Kentucky,2024-02-26,2024,8,0,1
Kentucky,2024-03-04,2024,9,0,0
Kentucky,2024-03-11,2024,10,0,0
Kentucky,2024-03-18,2024,11,0,0
Kentucky,2024-03-25,2024,12,0,0
Kentucky,2024-04-01,2024,13,0,0
Kentucky,2024-04-08,2024,14,0,0
Kentucky,2024-04-15,2024,15,0,0
Kentucky,2024-04-22,2024,16,0,0
Kentucky,2024-04-29,2024,17,0,0
Kentucky,2024-05-06,2024,18,0,0
Kentucky,2024-05-13,2024,19,0,0
Kentucky,2024-05-20,2024,20,0,0
Kentucky,2024-05-27,2024,21,0,0
Kentucky,2024-06-03,2024,22,0,0
Kentucky,2024-06-10,2024,23,0,0
Kentucky,2024-06-17,2024,24,0,0
Kentucky,2024-06-24,2024,25,0,0
Kentucky,2024-07-01,2024,26,0,0
Kentucky,2024-07-08,2024,27,0,0
Kentucky,2024-07-15,2024,28,0,0
Kentucky,2024-07-22,2024,29,0,0
Kentucky,2024-07-29,2024,30,0,0
Kentucky,2024-08-05,2024,31,0,0
Kentucky,2024-08-12,2024,32,0,0
Kentucky,2024-08-19,2024,33,0,0
Kentucky,2024-08-26,2024,34,0,0
Kentucky,2024-09-02,2024,35,0,0
Kentucky,2024-09-09,2024,36,0,0
Kentucky,2024-09-16,2024,37,0,0
Kentucky,2024-09-23,2024,38,0,0
Kentucky,2024-09-30,2024,39,0,0
Kentucky,2024-10-07,2024,40,0,0
Kentucky,2024-10-14,2024,41,0,0
Kentucky,2024-10-21,2024,42,0,0
Kentucky,2024-10-28,2024,43,0,0
Kentucky,2024-11-04,2024,44,0,0
Kentucky,2024-11-11,2024,45,0,0
Kentucky,2024-11-18,2024,46,0,0
Kentucky,2024-11-25,2024,47,0,0
Kentucky,2024-12-02,2024,48,0,0
Kentucky,2024-12-09,2024,49,0,0
Kentucky,2024-12-16,2024,50,0,0
Kentucky,2024-12-23,2024,51,0,0
Kentucky,2024-12-30,2024,52,0,0
Kentucky,2025-01-06,2025,1,0,0
Kentucky,2025-01-13,2025,2,0,0
Kentucky,2025-01-20,2025,3,0,0
Kentucky,2025-01-27,2025,4,0,0
Kentucky,2025-02-03,2025,5,0,0
Kentucky,2025-02-10,2025,6,0,0
Kentucky,2025-02-17,2025,7,0,0
Kentucky,2025-02-24,2025,8,0,0
Kentucky,2025-03-03,2025,9,1,1
Kentucky,2025-03-10,2025,10,0,1
Kentucky,2025-03-17,2025,11,0,1
Kentucky,2025-03-24,2025,12,0,1
Kentucky,2025-03-31,2025,13,0,1
Kentucky,2025-04-07,2025,14,0,1
Kentucky,2025-04-14,2025,15,0,1
Kentucky,2025-04-21,2025,16,0,1
Kentucky,2025-04-28,2025,17,0,1
Kentucky,2025-05-05,2025,18,0,1
Kentucky,2025-05-12,2025,19,0,1
Kentucky,2025-05-19,2025,20,0,1
Kentucky,2025-05-26,2025,21,0,1
Kentucky,2025-06-02,2025,22,0,1
Kentucky,2025-06-09,2025,23,0,1
Kentucky,2025-06-16,2025,24,0,1
Kentucky,2025-06-23,2025,25,0,1
Kentucky,2025-06-30,2025,26,1,2
Kentucky,2025-07-07,2025,27,0,2
Kentucky,2025-07-14,2025,28,5,7
Kentucky,2025-07-21,2025,29,0,7
Kentucky,2025-07-28,2025,30,0,7
Kentucky,2025-08-04,2025,31,0,7
Kentucky,2025-08-11,2025,32,0,7
Kentucky,2025-08-18,2025,33,0,7
Kentucky,2025-08-25,2025,34,0,7
Kentucky,2025-09-01,2025,35,0,7
Kentucky,2025-09-08,2025,36,0,7
Kentucky,2025-09-15,2025,37,0,7
Kentucky,2025-09-22,2025,38,0,7
Kentucky,2025-09-29,2025,39,0,7
Kentucky,2025-10-06,2025,40,0,7
Kentucky,2025-10-13,2025,41,0,7
Kentucky,2025-10-20,2025,42,0,7
Kentucky,2025-10-27,2025,43,0,7
Kentucky,2025-11-03,2025,44,0,7
Kentucky,2025-11-10,2025,45,0,7
Kentucky,2025-11-17,2025,46,0,7
Kentucky,2025-11-24,2025,47,0,7
Kentucky,2025-12-01,2025,48,0,7
Kentucky,2025-12-08,2025,49,0,7
Kentucky,2025-12-15,2025,50,0,7
Kentucky,2025-12-22,2025,51,0,7
Kentucky,2025-12-29,2025,52,0,7
Kentucky,2026-01-05,2026,1,7,7
Kentucky,2026-01-12,2026,2,0,7
Kentucky,2026-01-19,2026,3,0,7
Kentucky,2026-01-26,2026,4,0,7
Kentucky,2026-02-02,2026,5,0,7
Kentucky,2026-02-09,2026,6,0,7
Kentucky,2026-02-16,2026,7,0,7
Kentucky,2026-02-23,2026,8,0,7
Kentucky,2026-03-02,2026,9,0,7
Kentucky,2026-03-09,2026,10,0,7
Kentucky,2026-03-16,2026,11,0,7
Kentucky,2026-03-23,2026,12,0,7
Kentucky,2026-03-30,2026,13,0,7
Kentucky,2026-04-06,2026,14,0,7
Kentucky,2026-04-13,2026,15,0,7
Kentucky,2026-04-20,2026,16,0,7
Kentucky,2026-04-27,2026,17,0,7
Kentucky,2026-05-04,2026,18,0,7
Kentucky,2026-05-11,2026,19,0,7
Kentucky,2026-05-18,2026,20,0,7
Kentucky,2026-05-25,2026,21,0,7
Kentucky,2026-06-01,2026,22,0,7
Kentucky,2026-06-08,2026,23,0,7
Kentucky,2026-06-15,2026,24,0,6
Kentucky,2026-06-22,2026,25,0,6
Kentucky,2026-06-29,2026,26,0,6
Kentucky,2026-07-06,2026,27,0,3
Kentucky,2026-07-13,2026,28,0,2
Kentucky,2026-07-20,2026,29,0,2
Kentucky,2026-07-27,2026,30,0,2
Kentucky,2026-08-03,2026,31,0,2
Kentucky,2026-08-10,2026,32,4,6
Kentucky,2026-08-17,2026,33,5,11
Kentucky,2026-08-24,2026,34,0,11
Kentucky,2026-08-31,2026,35,0,11
Kentucky,NA,2025,53,0,7
Louisiana,2022-01-03,2022,1,0,0
Louisiana,2022-01-10,2022,2,0,0
Louisiana,2022-01-17,2022,3,0,0
Louisiana,2022-01-24,2022,4,0,0
Louisiana,2022-01-31,2022,5,0,0
Louisiana,2022-02-07,2022,6,0,0
Louisiana,2022-02-14,2022,7,0,0
Louisiana,2022-02-21,2022,8,0,0
Louisiana,2022-02-28,2022,9,0,0
Louisiana,2022-03-07,2022,10,0,0
Louisiana,2022-03-14,2022,11,0,0
Louisiana,2022-03-21,2022,12,0,0
Louisiana,2022-03-28,2022,13,0,0
Louisiana,2022-04-04,2022,14,0,0
Louisiana,2022-04-11,2022,15,0,0
Louisiana,2022-04-18,2022,16,0,0
Louisiana,2022-04-25,2022,17,0,0
Louisiana,2022-05-02,2022,18,0,0
Louisiana,2022-05-09,2022,19,0,0
Louisiana,2022-05-16,2022,20,0,0
Louisiana,2022-05-23,2022,21,0,0
Louisiana,2022-05-30,2022,22,0,0
Louisiana,2022-06-06,2022,23,0,0
Louisiana,2022-06-13,2022,24,0,0
Louisiana,2022-06-20,2022,25,0,0
Louisiana,2022-06-27,2022,26,0,0
Louisiana,2022-07-04,2022,27,0,0
Louisiana,2022-07-11,2022,28,0,0
Louisiana,2022-07-18,2022,29,0,0
Louisiana,2022-07-25,2022,30,0,0
Louisiana,2022-08-01,2022,31,0,0
Louisiana,2022-08-08,2022,32,0,0
Louisiana,2022-08-15,2022,33,0,0
Louisiana,2022-08-22,2022,34,0,0
Louisiana,2022-08-29,2022,35,0,0
Louisiana,2022-09-05,2022,36,0,0
Louisiana,2022-09-12,2022,37,0,0
Louisiana,2022-09-19,2022,38,0,0
Louisiana,2022-09-26,2022,39,0,0
Louisiana,2022-10-03,2022,40,0,0
Louisiana,2022-10-10,2022,41,0,0
Louisiana,2022-10-17,2022,42,0,0
Louisiana,2022-10-24,2022,43,0,0
Louisiana,2022-10-31,2022,44,0,0
Louisiana,2022-11-07,2022,45,0,0
Louisiana,2022-11-14,2022,46,0,0
Louisiana,2022-11-21,2022,47,0,0
Louisiana,2022-11-28,2022,48,0,0
Louisiana,2022-12-05,2022,49,0,0
Louisiana,2022-12-12,2022,50,0,0
Louisiana,2022-12-19,2022,51,0,0
Louisiana,2022-12-26,2022,52,0,0
Louisiana,2023-01-02,2023,1,0,0
Louisiana,2023-01-09,2023,2,0,0
Louisiana,2023-01-16,2023,3,0,0
Louisiana,2023-01-23,2023,4,0,0
Louisiana,2023-01-30,2023,5,0,0
Louisiana,2023-02-06,2023,6,0,0
Louisiana,2023-02-13,2023,7,0,0
Louisiana,2023-02-20,2023,8,0,0
Louisiana,2023-02-27,2023,9,0,0
Louisiana,2023-03-06,2023,10,0,0
Louisiana,2023-03-13,2023,11,0,0
Louisiana,2023-03-20,2023,12,0,0
Louisiana,2023-03-27,2023,13,0,0
Louisiana,2023-04-03,2023,14,0,0
Louisiana,2023-04-10,2023,15,0,0
Louisiana,2023-04-17,2023,16,0,0
Louisiana,2023-04-24,2023,17,0,0
Louisiana,2023-05-01,2023,18,0,0
Louisiana,2023-05-08,2023,19,0,0
Louisiana,2023-05-15,2023,20,0,0
Louisiana,2023-05-22,2023,21,0,0
Louisiana,2023-05-29,2023,22,0,0
Louisiana,2023-06-05,2023,23,0,0
Louisiana,2023-06-12,2023,24,0,0
Louisiana,2023-06-19,2023,25,0,0
Louisiana,2023-06-26,2023,26,0,0
Louisiana,2023-07-03,2023,27,0,0
Louisiana,2023-07-10,2023,28,0,0
Louisiana,2023-07-17,2023,29,0,0
Louisiana,2023-07-24,2023,30,0,0
Louisiana,2023-07-31,2023,31,0,0
Louisiana,2023-08-07,2023,32,0,0
Louisiana,2023-08-14,2023,33,0,0
Louisiana,2023-08-21,2023,34,0,0
Louisiana,2023-08-28,2023,35,0,0
Louisiana,2023-09-04,2023,36,0,0
Louisiana,2023-09-11,2023,37,0,0
Louisiana,2023-09-18,2023,38,0,0
Louisiana,2023-09-25,2023,39,0,0
Louisiana,2023-10-02,2023,40,0,0
Louisiana,2023-10-09,2023,41,0,0
Louisiana,2023-10-16,2023,42,0,0
Louisiana,2023-10-23,2023,43,0,0
Louisiana,2023-10-30,2023,44,0,0
Louisiana,2023-11-06,2023,45,0,0
Louisiana,2023-11-13,2023,46,0,0
Louisiana,2023-11-20,2023,47,0,0
Louisiana,2023-11-27,2023,48,0,0
Louisiana,2023-12-04,2023,49,0,0
Louisiana,2023-12-11,2023,50,0,0
Louisiana,2023-12-18,2023,51,0,0
Louisiana,2023-12-25,2023,52,0,0
Louisiana,2024-01-08,2024,1,0,0
Louisiana,2024-01-15,2024,2,0,0
Louisiana,2024-01-22,2024,3,0,0
Louisiana,2024-01-29,2024,4,0,0
Louisiana,2024-02-05,2024,5,0,0
Louisiana,2024-02-12,2024,6,0,0
Louisiana,2024-02-19,2024,7,0,0
Louisiana,2024-02-26,2024,8,0,0
Louisiana,2024-03-04,2024,9,0,0
Louisiana,2024-03-11,2024,10,0,0
Louisiana,2024-03-18,2024,11,0,0
Louisiana,2024-03-25,2024,12,0,0
Louisiana,2024-04-01,2024,13,0,0
Louisiana,2024-04-08,2024,14,0,0
Louisiana,2024-04-15,2024,15,0,0
Louisiana,2024-04-22,2024,16,0,0
Louisiana,2024-04-29,2024,17,0,0
Louisiana,2024-05-06,2024,18,0,0
Louisiana,2024-05-13,2024,19,0,0
Louisiana,2024-05-20,2024,20,0,0
Louisiana,2024-05-27,2024,21,0,0
Louisiana,2024-06-03,2024,22,0,0
Louisiana,2024-06-10,2024,23,0,0
Louisiana,2024-06-17,2024,24,0,0
Louisiana,2024-06-24,2024,25,0,0
Louisiana,2024-07-01,2024,26,2,2
Louisiana,2024-07-08,2024,27,0,2
Louisiana,2024-07-15,2024,28,0,2
Louisiana,2024-07-22,2024,29,0,2
Louisiana,2024-07-29,2024,30,0,2
Louisiana,2024-08-05,2024,31,0,2
Louisiana,2024-08-12,2024,32,0,2
Louisiana,2024-08-19,2024,33,0,2
Louisiana,2024-08-26,2024,34,1,3
Louisiana,2024-09-02,2024,35,0,3
Louisiana,2024-09-09,2024,36,0,3
Louisiana,2024-09-16,2024,37,0,3
Louisiana,2024-09-23,2024,38,0,3
Louisiana,2024-09-30,2024,39,0,3
Louisiana,2024-10-07,2024,40,0,3
Louisiana,2024-10-14,2024,41,0,3
Louisiana,2024-10-21,2024,42,0,3
Louisiana,2024-10-28,2024,43,0,3
Louisiana,2024-11-04,2024,44,0,3
Louisiana,2024-11-11,2024,45,0,3
Louisiana,2024-11-18,2024,46,0,3
Louisiana,2024-11-25,2024,47,0,3
Louisiana,2024-12-02,2024,48,0,3
Louisiana,2024-12-09,2024,49,0,3
Louisiana,2024-12-16,2024,50,0,3
Louisiana,2024-12-23,2024,51,0,3
Louisiana,2024-12-30,2024,52,0,3
Louisiana,2025-01-06,2025,1,3,3
Louisiana,2025-01-13,2025,2,0,3
Louisiana,2025-01-20,2025,3,0,3
Louisiana,2025-01-27,2025,4,0,3
Louisiana,2025-02-03,2025,5,0,3
Louisiana,2025-02-10,2025,6,0,3
Louisiana,2025-02-17,2025,7,0,3
Louisiana,2025-02-24,2025,8,0,3
Louisiana,2025-03-03,2025,9,0,1
Louisiana,2025-03-10,2025,10,0,1
Louisiana,2025-03-17,2025,11,0,1
Louisiana,2025-03-24,2025,12,0,1
Louisiana,2025-03-31,2025,13,0,1
Louisiana,2025-04-07,2025,14,0,1
Louisiana,2025-04-14,2025,15,0,1
Louisiana,2025-04-21,2025,16,0,1
Louisiana,2025-04-28,2025,17,0,1
Louisiana,2025-05-05,2025,18,0,1
Louisiana,2025-05-12,2025,19,0,1
Louisiana,2025-05-19,2025,20,0,1
Louisiana,2025-05-26,2025,21,0,1
Louisiana,2025-06-02,2025,22,0,1
Louisiana,2025-06-09,2025,23,1,2
Louisiana,2025-06-16,2025,24,0,2
Louisiana,2025-06-23,2025,25,0,2
Louisiana,2025-06-30,2025,26,0,2
Louisiana,2025-07-07,2025,27,0,2
Louisiana,2025-07-14,2025,28,0,2
Louisiana,2025-07-21,2025,29,0,2
Louisiana,2025-07-28,2025,30,0,2
Louisiana,2025-08-04,2025,31,0,2
Louisiana,2025-08-11,2025,32,0,2
Louisiana,2025-08-18,2025,33,0,2
Louisiana,2025-08-25,2025,34,0,2
Louisiana,2025-09-01,2025,35,0,2
Louisiana,2025-09-08,2025,36,0,2
Louisiana,2025-09-15,2025,37,0,2
Louisiana,2025-09-22,2025,38,0,2
Louisiana,2025-09-29,2025,39,0,2
Louisiana,2025-10-06,2025,40,0,2
Louisiana,2025-10-13,2025,41,0,2
Louisiana,2025-10-20,2025,42,0,2
Louisiana,2025-10-27,2025,43,0,2
Louisiana,2025-11-03,2025,44,0,2
Louisiana,2025-11-10,2025,45,0,2
Louisiana,2025-11-17,2025,46,0,2
Louisiana,2025-11-24,2025,47,0,2
Louisiana,2025-12-01,2025,48,0,2
Louisiana,2025-12-08,2025,49,0,2
Louisiana,2025-12-15,2025,50,0,2
Louisiana,2025-12-22,2025,51,0,2
Louisiana,2025-12-29,2025,52,0,2
Louisiana,2026-01-05,2026,1,2,2
Louisiana,2026-01-12,2026,2,0,2
Louisiana,2026-01-19,2026,3,0,2
Louisiana,2026-01-26,2026,4,0,2
Louisiana,2026-02-02,2026,5,0,2
Louisiana,2026-02-09,2026,6,0,2
Louisiana,2026-02-16,2026,7,0,2
Louisiana,2026-02-23,2026,8,0,2
Louisiana,2026-03-02,2026,9,0,2
Louisiana,2026-03-09,2026,10,0,2
Louisiana,2026-03-16,2026,11,0,2
Louisiana,2026-03-23,2026,12,0,2
Louisiana,2026-03-30,2026,13,0,2
Louisiana,2026-04-06,2026,14,0,2
Louisiana,2026-04-13,2026,15,0,2
Louisiana,2026-04-20,2026,16,0,1
Louisiana,2026-04-27,2026,17,0,1
Louisiana,2026-05-04,2026,18,0,1
Louisiana,2026-05-11,2026,19,0,1
Louisiana,2026-05-18,2026,20,0,1
Louisiana,2026-05-25,2026,21,0,1
Louisiana,2026-06-01,2026,22,0,1
Louisiana,2026-06-08,2026,23,0,1
Louisiana,2026-06-15,2026,24,0,1
Louisiana,2026-06-22,2026,25,0,1
Louisiana,2026-06-29,2026,26,0,1
Louisiana,2026-07-06,2026,27,0,1
Louisiana,2026-07-13,2026,28,0,1
Louisiana,2026-07-20,2026,29,0,1
Louisiana,2026-07-27,2026,30,0,1
Louisiana,2026-08-03,2026,31,0,1
Louisiana,2026-08-10,2026,32,0,1
Louisiana,2026-08-17,2026,33,0,1
Louisiana,2026-08-24,2026,34,0,1
Louisiana,2026-08-31,2026,35,0,1
Louisiana,NA,2025,53,0,2
Maine,2022-01-03,2022,1,0,0
Maine,2022-01-10,2022,2,0,0
Maine,2022-01-17,2022,3,0,0
Maine,2022-01-24,2022,4,0,0
Maine,2022-01-31,2022,5,0,0
Maine,2022-02-07,2022,6,0,0
Maine,2022-02-14,2022,7,0,0
Maine,2022-02-21,2022,8,0,0
Maine,2022-02-28,2022,9,0,0
Maine,2022-03-07,2022,10,0,0
Maine,2022-03-14,2022,11,0,0
Maine,2022-03-21,2022,12,0,0
Maine,2022-03-28,2022,13,0,0
Maine,2022-04-04,2022,14,0,0
Maine,2022-04-11,2022,15,0,0
Maine,2022-04-18,2022,16,0,0
Maine,2022-04-25,2022,17,0,0
Maine,2022-05-02,2022,18,0,0
Maine,2022-05-09,2022,19,0,0
Maine,2022-05-16,2022,20,0,0
Maine,2022-05-23,2022,21,0,0
Maine,2022-05-30,2022,22,0,0
Maine,2022-06-06,2022,23,0,0
Maine,2022-06-13,2022,24,0,0
Maine,2022-06-20,2022,25,0,0
Maine,2022-06-27,2022,26,0,0
Maine,2022-07-04,2022,27,0,0
Maine,2022-07-11,2022,28,0,0
Maine,2022-07-18,2022,29,0,0
Maine,2022-07-25,2022,30,0,0
Maine,2022-08-01,2022,31,0,0
Maine,2022-08-08,2022,32,0,0
Maine,2022-08-15,2022,33,0,0
Maine,2022-08-22,2022,34,0,0
Maine,2022-08-29,2022,35,0,0
Maine,2022-09-05,2022,36,0,0
Maine,2022-09-12,2022,37,0,0
Maine,2022-09-19,2022,38,0,0
Maine,2022-09-26,2022,39,0,0
Maine,2022-10-03,2022,40,0,0
Maine,2022-10-10,2022,41,0,0
Maine,2022-10-17,2022,42,0,0
Maine,2022-10-24,2022,43,0,0
Maine,2022-10-31,2022,44,0,0
Maine,2022-11-07,2022,45,0,0
Maine,2022-11-14,2022,46,0,0
Maine,2022-11-21,2022,47,0,0
Maine,2022-11-28,2022,48,0,0
Maine,2022-12-05,2022,49,0,0
Maine,2022-12-12,2022,50,0,0
Maine,2022-12-19,2022,51,0,0
Maine,2022-12-26,2022,52,0,0
Maine,2023-01-02,2023,1,0,0
Maine,2023-01-09,2023,2,0,0
Maine,2023-01-16,2023,3,0,0
Maine,2023-01-23,2023,4,0,0
Maine,2023-01-30,2023,5,0,0
Maine,2023-02-06,2023,6,0,0
Maine,2023-02-13,2023,7,0,0
Maine,2023-02-20,2023,8,0,0
Maine,2023-02-27,2023,9,0,0
Maine,2023-03-06,2023,10,0,0
Maine,2023-03-13,2023,11,0,0
Maine,2023-03-20,2023,12,0,0
Maine,2023-03-27,2023,13,0,0
Maine,2023-04-03,2023,14,0,0
Maine,2023-04-10,2023,15,0,0
Maine,2023-04-17,2023,16,0,0
Maine,2023-04-24,2023,17,0,0
Maine,2023-05-01,2023,18,0,0
Maine,2023-05-08,2023,19,0,0
Maine,2023-05-15,2023,20,0,0
Maine,2023-05-22,2023,21,0,0
Maine,2023-05-29,2023,22,0,0
Maine,2023-06-05,2023,23,0,0
Maine,2023-06-12,2023,24,0,0
Maine,2023-06-19,2023,25,0,0
Maine,2023-06-26,2023,26,0,0
Maine,2023-07-03,2023,27,0,0
Maine,2023-07-10,2023,28,0,0
Maine,2023-07-17,2023,29,0,0
Maine,2023-07-24,2023,30,0,0
Maine,2023-07-31,2023,31,0,0
Maine,2023-08-07,2023,32,0,0
Maine,2023-08-14,2023,33,0,0
Maine,2023-08-21,2023,34,0,0
Maine,2023-08-28,2023,35,0,0
Maine,2023-09-04,2023,36,0,0
Maine,2023-09-11,2023,37,0,0
Maine,2023-09-18,2023,38,0,0
Maine,2023-09-25,2023,39,0,0
Maine,2023-10-02,2023,40,0,0
Maine,2023-10-09,2023,41,0,0
Maine,2023-10-16,2023,42,0,0
Maine,2023-10-23,2023,43,0,0
Maine,2023-10-30,2023,44,0,0
Maine,2023-11-06,2023,45,0,0
Maine,2023-11-13,2023,46,0,0
Maine,2023-11-20,2023,47,0,0
Maine,2023-11-27,2023,48,0,0
Maine,2023-12-04,2023,49,0,0
Maine,2023-12-11,2023,50,0,0
Maine,2023-12-18,2023,51,0,0
Maine,2023-12-25,2023,52,0,0
Maine,2024-01-08,2024,1,0,0
Maine,2024-01-15,2024,2,0,0
Maine,2024-01-22,2024,3,0,0
Maine,2024-01-29,2024,4,0,0
Maine,2024-02-05,2024,5,0,0
Maine,2024-02-12,2024,6,0,0
Maine,2024-02-19,2024,7,0,0
Maine,2024-02-26,2024,8,0,0
Maine,2024-03-04,2024,9,0,0
Maine,2024-03-11,2024,10,0,0
Maine,2024-03-18,2024,11,0,0
Maine,2024-03-25,2024,12,0,0
Maine,2024-04-01,2024,13,0,0
Maine,2024-04-08,2024,14,0,0
Maine,2024-04-15,2024,15,0,0
Maine,2024-04-22,2024,16,0,0
Maine,2024-04-29,2024,17,0,0
Maine,2024-05-06,2024,18,0,0
Maine,2024-05-13,2024,19,0,0
Maine,2024-05-20,2024,20,0,0
Maine,2024-05-27,2024,21,0,0
Maine,2024-06-03,2024,22,0,0
Maine,2024-06-10,2024,23,0,0
Maine,2024-06-17,2024,24,0,0
Maine,2024-06-24,2024,25,0,0
Maine,2024-07-01,2024,26,0,0
Maine,2024-07-08,2024,27,0,0
Maine,2024-07-15,2024,28,0,0
Maine,2024-07-22,2024,29,0,0
Maine,2024-07-29,2024,30,0,0
Maine,2024-08-05,2024,31,0,0
Maine,2024-08-12,2024,32,0,0
Maine,2024-08-19,2024,33,0,0
Maine,2024-08-26,2024,34,0,0
Maine,2024-09-02,2024,35,0,0
Maine,2024-09-09,2024,36,0,0
Maine,2024-09-16,2024,37,0,0
Maine,2024-09-23,2024,38,0,0
Maine,2024-09-30,2024,39,0,0
Maine,2024-10-07,2024,40,0,0
Maine,2024-10-14,2024,41,0,0
Maine,2024-10-21,2024,42,0,0
Maine,2024-10-28,2024,43,0,0
Maine,2024-11-04,2024,44,0,0
Maine,2024-11-11,2024,45,0,0
Maine,2024-11-18,2024,46,0,0
Maine,2024-11-25,2024,47,0,0
Maine,2024-12-02,2024,48,0,0
Maine,2024-12-09,2024,49,0,0
Maine,2024-12-16,2024,50,0,0
Maine,2024-12-23,2024,51,0,0
Maine,2024-12-30,2024,52,0,0
Maine,2025-01-06,2025,1,0,0
Maine,2025-01-13,2025,2,0,0
Maine,2025-01-20,2025,3,0,0
Maine,2025-01-27,2025,4,0,0
Maine,2025-02-03,2025,5,0,0
Maine,2025-02-10,2025,6,0,0
Maine,2025-02-17,2025,7,0,0
Maine,2025-02-24,2025,8,0,0
Maine,2025-03-03,2025,9,0,0
Maine,2025-03-10,2025,10,0,0
Maine,2025-03-17,2025,11,0,0
Maine,2025-03-24,2025,12,0,0
Maine,2025-03-31,2025,13,0,0
Maine,2025-04-07,2025,14,0,0
Maine,2025-04-14,2025,15,0,0
Maine,2025-04-21,2025,16,0,0
Maine,2025-04-28,2025,17,0,0
Maine,2025-05-05,2025,18,0,0
Maine,2025-05-12,2025,19,0,0
Maine,2025-05-19,2025,20,0,0
Maine,2025-05-26,2025,21,0,0
Maine,2025-06-02,2025,22,0,0
Maine,2025-06-09,2025,23,0,0
Maine,2025-06-16,2025,24,0,0
Maine,2025-06-23,2025,25,0,0
Maine,2025-06-30,2025,26,0,0
Maine,2025-07-07,2025,27,0,0
Maine,2025-07-14,2025,28,0,0
Maine,2025-07-21,2025,29,0,0
Maine,2025-07-28,2025,30,0,0
Maine,2025-08-04,2025,31,0,0
Maine,2025-08-11,2025,32,0,0
Maine,2025-08-18,2025,33,0,0
Maine,2025-08-25,2025,34,0,0
Maine,2025-09-01,2025,35,0,0
Maine,2025-09-08,2025,36,0,0
Maine,2025-09-15,2025,37,0,0
Maine,2025-09-22,2025,38,0,0
Maine,2025-09-29,2025,39,0,0
Maine,2025-10-06,2025,40,0,0
Maine,2025-10-13,2025,41,0,0
Maine,2025-10-20,2025,42,0,0
Maine,2025-10-27,2025,43,0,0
Maine,2025-11-03,2025,44,0,0
Maine,2025-11-10,2025,45,0,0
Maine,2025-11-17,2025,46,0,0
Maine,2025-11-24,2025,47,0,0
Maine,2025-12-01,2025,48,0,0
Maine,2025-12-08,2025,49,0,0
Maine,2025-12-15,2025,50,0,0
Maine,2025-12-22,2025,51,0,0
Maine,2025-12-29,2025,52,0,0
Maine,2026-01-05,2026,1,0,0
Maine,2026-01-12,2026,2,0,0
Maine,2026-01-19,2026,3,0,0
Maine,2026-01-26,2026,4,0,0
Maine,2026-02-02,2026,5,0,0
Maine,2026-02-09,2026,6,1,1
Maine,2026-02-16,2026,7,3,4
Maine,2026-02-23,2026,8,0,4
Maine,2026-03-02,2026,9,0,4
Maine,2026-03-09,2026,10,0,4
Maine,2026-03-16,2026,11,0,4
Maine,2026-03-23,2026,12,0,4
Maine,2026-03-30,2026,13,0,4
Maine,2026-04-06,2026,14,0,4
Maine,2026-04-13,2026,15,0,4
Maine,2026-04-20,2026,16,0,4
Maine,2026-04-27,2026,17,0,4
Maine,2026-05-04,2026,18,0,4
Maine,2026-05-11,2026,19,0,4
Maine,2026-05-18,2026,20,0,4
Maine,2026-05-25,2026,21,0,4
Maine,2026-06-01,2026,22,0,4
Maine,2026-06-08,2026,23,0,4
Maine,2026-06-15,2026,24,0,4
Maine,2026-06-22,2026,25,0,4
Maine,2026-06-29,2026,26,0,4
Maine,2026-07-06,2026,27,0,4
Maine,2026-07-13,2026,28,0,4
Maine,2026-07-20,2026,29,0,4
Maine,2026-07-27,2026,30,0,4
Maine,2026-08-03,2026,31,0,4
Maine,2026-08-10,2026,32,0,4
Maine,2026-08-17,2026,33,0,4
Maine,2026-08-24,2026,34,0,4
Maine,2026-08-31,2026,35,0,4
Maine,NA,2025,53,0,0
Maryland,2022-01-03,2022,1,0,0
Maryland,2022-01-10,2022,2,0,0
Maryland,2022-01-17,2022,3,0,0
Maryland,2022-01-24,2022,4,0,0
Maryland,2022-01-31,2022,5,0,0
Maryland,2022-02-07,2022,6,0,0
Maryland,2022-02-14,2022,7,0,0
Maryland,2022-02-21,2022,8,0,0
Maryland,2022-02-28,2022,9,0,0
Maryland,2022-03-07,2022,10,0,0
Maryland,2022-03-14,2022,11,0,0
Maryland,2022-03-21,2022,12,0,0
Maryland,2022-03-28,2022,13,0,0
Maryland,2022-04-04,2022,14,0,0
Maryland,2022-04-11,2022,15,0,0
Maryland,2022-04-18,2022,16,0,0
Maryland,2022-04-25,2022,17,0,0
Maryland,2022-05-02,2022,18,0,0
Maryland,2022-05-09,2022,19,0,0
Maryland,2022-05-16,2022,20,0,0
Maryland,2022-05-23,2022,21,0,0
Maryland,2022-05-30,2022,22,0,0
Maryland,2022-06-06,2022,23,0,0
Maryland,2022-06-13,2022,24,0,0
Maryland,2022-06-20,2022,25,0,0
Maryland,2022-06-27,2022,26,0,0
Maryland,2022-07-04,2022,27,0,0
Maryland,2022-07-11,2022,28,0,0
Maryland,2022-07-18,2022,29,0,0
Maryland,2022-07-25,2022,30,0,0
Maryland,2022-08-01,2022,31,0,0
Maryland,2022-08-08,2022,32,0,0
Maryland,2022-08-15,2022,33,0,0
Maryland,2022-08-22,2022,34,0,0
Maryland,2022-08-29,2022,35,0,0
Maryland,2022-09-05,2022,36,0,0
Maryland,2022-09-12,2022,37,0,0
Maryland,2022-09-19,2022,38,0,0
Maryland,2022-09-26,2022,39,0,0
Maryland,2022-10-03,2022,40,0,0
Maryland,2022-10-10,2022,41,0,0
Maryland,2022-10-17,2022,42,0,0
Maryland,2022-10-24,2022,43,0,0
Maryland,2022-10-31,2022,44,0,0
Maryland,2022-11-07,2022,45,0,0
Maryland,2022-11-14,2022,46,0,0
Maryland,2022-11-21,2022,47,0,0
Maryland,2022-11-28,2022,48,0,0
Maryland,2022-12-05,2022,49,0,0
Maryland,2022-12-12,2022,50,0,0
Maryland,2022-12-19,2022,51,0,0
Maryland,2022-12-26,2022,52,0,0
Maryland,2023-01-02,2023,1,0,0
Maryland,2023-01-09,2023,2,0,0
Maryland,2023-01-16,2023,3,0,0
Maryland,2023-01-23,2023,4,0,0
Maryland,2023-01-30,2023,5,0,0
Maryland,2023-02-06,2023,6,0,0
Maryland,2023-02-13,2023,7,0,0
Maryland,2023-02-20,2023,8,0,0
Maryland,2023-02-27,2023,9,0,0
Maryland,2023-03-06,2023,10,0,0
Maryland,2023-03-13,2023,11,0,0
Maryland,2023-03-20,2023,12,0,0
Maryland,2023-03-27,2023,13,0,0
Maryland,2023-04-03,2023,14,0,0
Maryland,2023-04-10,2023,15,0,0
Maryland,2023-04-17,2023,16,0,0
Maryland,2023-04-24,2023,17,0,0
Maryland,2023-05-01,2023,18,0,0
Maryland,2023-05-08,2023,19,0,0
Maryland,2023-05-15,2023,20,0,0
Maryland,2023-05-22,2023,21,0,0
Maryland,2023-05-29,2023,22,0,0
Maryland,2023-06-05,2023,23,1,1
Maryland,2023-06-12,2023,24,0,1
Maryland,2023-06-19,2023,25,0,1
Maryland,2023-06-26,2023,26,0,1
Maryland,2023-07-03,2023,27,0,1
Maryland,2023-07-10,2023,28,0,1
Maryland,2023-07-17,2023,29,0,1
Maryland,2023-07-24,2023,30,0,1
Maryland,2023-07-31,2023,31,0,1
Maryland,2023-08-07,2023,32,0,1
Maryland,2023-08-14,2023,33,0,1
Maryland,2023-08-21,2023,34,0,1
Maryland,2023-08-28,2023,35,0,1
Maryland,2023-09-04,2023,36,0,1
Maryland,2023-09-11,2023,37,0,1
Maryland,2023-09-18,2023,38,0,1
Maryland,2023-09-25,2023,39,0,1
Maryland,2023-10-02,2023,40,0,1
Maryland,2023-10-09,2023,41,0,1
Maryland,2023-10-16,2023,42,0,1
Maryland,2023-10-23,2023,43,0,1
Maryland,2023-10-30,2023,44,0,1
Maryland,2023-11-06,2023,45,0,1
Maryland,2023-11-13,2023,46,0,1
Maryland,2023-11-20,2023,47,0,1
Maryland,2023-11-27,2023,48,0,1
Maryland,2023-12-04,2023,49,0,1
Maryland,2023-12-11,2023,50,0,1
Maryland,2023-12-18,2023,51,0,1
Maryland,2023-12-25,2023,52,0,1
Maryland,2024-01-08,2024,1,1,1
Maryland,2024-01-15,2024,2,0,1
Maryland,2024-01-22,2024,3,0,1
Maryland,2024-01-29,2024,4,0,1
Maryland,2024-02-05,2024,5,0,1
Maryland,2024-02-12,2024,6,0,1
Maryland,2024-02-19,2024,7,0,1
Maryland,2024-02-26,2024,8,0,1
Maryland,2024-03-04,2024,9,0,1
Maryland,2024-03-11,2024,10,0,1
Maryland,2024-03-18,2024,11,0,1
Maryland,2024-03-25,2024,12,0,1
Maryland,2024-04-01,2024,13,0,1
Maryland,2024-04-08,2024,14,0,1
Maryland,2024-04-15,2024,15,0,1
Maryland,2024-04-22,2024,16,0,1
Maryland,2024-04-29,2024,17,0,1
Maryland,2024-05-06,2024,18,0,1
Maryland,2024-05-13,2024,19,0,1
Maryland,2024-05-20,2024,20,0,1
Maryland,2024-05-27,2024,21,0,1
Maryland,2024-06-03,2024,22,0,1
Maryland,2024-06-10,2024,23,0,1
Maryland,2024-06-17,2024,24,0,1
Maryland,2024-06-24,2024,25,0,1
Maryland,2024-07-01,2024,26,0,1
Maryland,2024-07-08,2024,27,0,1
Maryland,2024-07-15,2024,28,0,1
Maryland,2024-07-22,2024,29,0,1
Maryland,2024-07-29,2024,30,0,1
Maryland,2024-08-05,2024,31,0,1
Maryland,2024-08-12,2024,32,0,1
Maryland,2024-08-19,2024,33,0,1
Maryland,2024-08-26,2024,34,0,1
Maryland,2024-09-02,2024,35,0,1
Maryland,2024-09-09,2024,36,0,1
Maryland,2024-09-16,2024,37,0,1
Maryland,2024-09-23,2024,38,0,1
Maryland,2024-09-30,2024,39,0,1
Maryland,2024-10-07,2024,40,0,1
Maryland,2024-10-14,2024,41,0,1
Maryland,2024-10-21,2024,42,0,1
Maryland,2024-10-28,2024,43,0,1
Maryland,2024-11-04,2024,44,0,1
Maryland,2024-11-11,2024,45,0,1
Maryland,2024-11-18,2024,46,0,1
Maryland,2024-11-25,2024,47,0,1
Maryland,2024-12-02,2024,48,0,1
Maryland,2024-12-09,2024,49,0,1
Maryland,2024-12-16,2024,50,0,1
Maryland,2024-12-23,2024,51,0,1
Maryland,2024-12-30,2024,52,0,1
Maryland,2025-01-06,2025,1,1,1
Maryland,2025-01-13,2025,2,0,1
Maryland,2025-01-20,2025,3,0,1
Maryland,2025-01-27,2025,4,0,1
Maryland,2025-02-03,2025,5,0,1
Maryland,2025-02-10,2025,6,0,1
Maryland,2025-02-17,2025,7,0,0
Maryland,2025-02-24,2025,8,0,0
Maryland,2025-03-03,2025,9,0,0
Maryland,2025-03-10,2025,10,0,0
Maryland,2025-03-17,2025,11,0,0
Maryland,2025-03-24,2025,12,0,0
Maryland,2025-03-31,2025,13,0,0
Maryland,2025-04-07,2025,14,0,0
Maryland,2025-04-14,2025,15,2,2
Maryland,2025-04-21,2025,16,0,2
Maryland,2025-04-28,2025,17,0,2
Maryland,2025-05-05,2025,18,0,2
Maryland,2025-05-12,2025,19,0,2
Maryland,2025-05-19,2025,20,0,2
Maryland,2025-05-26,2025,21,0,2
Maryland,2025-06-02,2025,22,0,2
Maryland,2025-06-09,2025,23,0,2
Maryland,2025-06-16,2025,24,0,2
Maryland,2025-06-23,2025,25,0,2
Maryland,2025-06-30,2025,26,0,2
Maryland,2025-07-07,2025,27,0,2
Maryland,2025-07-14,2025,28,0,2
Maryland,2025-07-21,2025,29,0,2
Maryland,2025-07-28,2025,30,0,2
Maryland,2025-08-04,2025,31,0,2
Maryland,2025-08-11,2025,32,0,2
Maryland,2025-08-18,2025,33,0,2
Maryland,2025-08-25,2025,34,0,2
Maryland,2025-09-01,2025,35,0,2
Maryland,2025-09-08,2025,36,0,2
Maryland,2025-09-15,2025,37,0,2
Maryland,2025-09-22,2025,38,0,2
Maryland,2025-09-29,2025,39,0,2
Maryland,2025-10-06,2025,40,0,2
Maryland,2025-10-13,2025,41,0,2
Maryland,2025-10-20,2025,42,0,2
Maryland,2025-10-27,2025,43,0,2
Maryland,2025-11-03,2025,44,0,2
Maryland,2025-11-10,2025,45,0,2
Maryland,2025-11-17,2025,46,0,2
Maryland,2025-11-24,2025,47,0,2
Maryland,2025-12-01,2025,48,0,2
Maryland,2025-12-08,2025,49,0,2
Maryland,2025-12-15,2025,50,0,2
Maryland,2025-12-22,2025,51,0,2
Maryland,2025-12-29,2025,52,0,2
Maryland,2026-01-05,2026,1,2,2
Maryland,2026-01-12,2026,2,0,2
Maryland,2026-01-19,2026,3,0,2
Maryland,2026-01-26,2026,4,0,2
Maryland,2026-02-02,2026,5,0,2
Maryland,2026-02-09,2026,6,0,2
Maryland,2026-02-16,2026,7,0,2
Maryland,2026-02-23,2026,8,0,2
Maryland,2026-03-02,2026,9,0,2
Maryland,2026-03-09,2026,10,0,2
Maryland,2026-03-16,2026,11,0,2
Maryland,2026-03-23,2026,12,0,1
Maryland,2026-03-30,2026,13,0,1
Maryland,2026-04-06,2026,14,0,1
Maryland,2026-04-13,2026,15,0,1
Maryland,2026-04-20,2026,16,0,1
Maryland,2026-04-27,2026,17,2,3
Maryland,2026-05-04,2026,18,0,3
Maryland,2026-05-11,2026,19,0,3
Maryland,2026-05-18,2026,20,0,3
Maryland,2026-05-25,2026,21,0,3
Maryland,2026-06-01,2026,22,0,3
Maryland,2026-06-08,2026,23,0,3
Maryland,2026-06-15,2026,24,0,3
Maryland,2026-06-22,2026,25,0,3
Maryland,2026-06-29,2026,26,0,3
Maryland,2026-07-06,2026,27,0,3
Maryland,2026-07-13,2026,28,0,3
Maryland,2026-07-20,2026,29,0,3
Maryland,2026-07-27,2026,30,0,3
Maryland,2026-08-03,2026,31,0,3
Maryland,2026-08-10,2026,32,5,8
Maryland,2026-08-17,2026,33,0,8
Maryland,2026-08-24,2026,34,0,8
Maryland,2026-08-31,2026,35,4,12
Maryland,NA,2025,53,0,2
Massachusetts,2022-01-03,2022,1,0,0
Massachusetts,2022-01-10,2022,2,0,0
Massachusetts,2022-01-17,2022,3,0,0
Massachusetts,2022-01-24,2022,4,0,0
Massachusetts,2022-01-31,2022,5,0,0
Massachusetts,2022-02-07,2022,6,0,0
Massachusetts,2022-02-14,2022,7,0,0
Massachusetts,2022-02-21,2022,8,0,0
Massachusetts,2022-02-28,2022,9,0,0
Massachusetts,2022-03-07,2022,10,0,0
Massachusetts,2022-03-14,2022,11,0,0
Massachusetts,2022-03-21,2022,12,0,0
Massachusetts,2022-03-28,2022,13,0,0
Massachusetts,2022-04-04,2022,14,0,0
Massachusetts,2022-04-11,2022,15,0,0
Massachusetts,2022-04-18,2022,16,0,0
Massachusetts,2022-04-25,2022,17,0,0
Massachusetts,2022-05-02,2022,18,0,0
Massachusetts,2022-05-09,2022,19,0,0
Massachusetts,2022-05-16,2022,20,0,0
Massachusetts,2022-05-23,2022,21,0,0
Massachusetts,2022-05-30,2022,22,0,0
Massachusetts,2022-06-06,2022,23,0,0
Massachusetts,2022-06-13,2022,24,0,0
Massachusetts,2022-06-20,2022,25,0,0
Massachusetts,2022-06-27,2022,26,0,0
Massachusetts,2022-07-04,2022,27,0,0
Massachusetts,2022-07-11,2022,28,0,0
Massachusetts,2022-07-18,2022,29,0,0
Massachusetts,2022-07-25,2022,30,0,0
Massachusetts,2022-08-01,2022,31,0,0
Massachusetts,2022-08-08,2022,32,0,0
Massachusetts,2022-08-15,2022,33,0,0
Massachusetts,2022-08-22,2022,34,0,0
Massachusetts,2022-08-29,2022,35,0,0
Massachusetts,2022-09-05,2022,36,0,0
Massachusetts,2022-09-12,2022,37,0,0
Massachusetts,2022-09-19,2022,38,0,0
Massachusetts,2022-09-26,2022,39,0,0
Massachusetts,2022-10-03,2022,40,0,0
Massachusetts,2022-10-10,2022,41,0,0
Massachusetts,2022-10-17,2022,42,0,0
Massachusetts,2022-10-24,2022,43,0,0
Massachusetts,2022-10-31,2022,44,0,0
Massachusetts,2022-11-07,2022,45,0,0
Massachusetts,2022-11-14,2022,46,0,0
Massachusetts,2022-11-21,2022,47,0,0
Massachusetts,2022-11-28,2022,48,0,0
Massachusetts,2022-12-05,2022,49,0,0
Massachusetts,2022-12-12,2022,50,0,0
Massachusetts,2022-12-19,2022,51,0,0
Massachusetts,2022-12-26,2022,52,0,0
Massachusetts,2023-01-02,2023,1,0,0
Massachusetts,2023-01-09,2023,2,0,0
Massachusetts,2023-01-16,2023,3,0,0
Massachusetts,2023-01-23,2023,4,0,0
Massachusetts,2023-01-30,2023,5,0,0
Massachusetts,2023-02-06,2023,6,0,0
Massachusetts,2023-02-13,2023,7,0,0
Massachusetts,2023-02-20,2023,8,0,0
Massachusetts,2023-02-27,2023,9,0,0
Massachusetts,2023-03-06,2023,10,0,0
Massachusetts,2023-03-13,2023,11,0,0
Massachusetts,2023-03-20,2023,12,0,0
Massachusetts,2023-03-27,2023,13,0,0
Massachusetts,2023-04-03,2023,14,0,0
Massachusetts,2023-04-10,2023,15,0,0
Massachusetts,2023-04-17,2023,16,0,0
Massachusetts,2023-04-24,2023,17,0,0
Massachusetts,2023-05-01,2023,18,0,0
Massachusetts,2023-05-08,2023,19,0,0
Massachusetts,2023-05-15,2023,20,0,0
Massachusetts,2023-05-22,2023,21,0,0
Massachusetts,2023-05-29,2023,22,0,0
Massachusetts,2023-06-05,2023,23,0,0
Massachusetts,2023-06-12,2023,24,0,0
Massachusetts,2023-06-19,2023,25,0,0
Massachusetts,2023-06-26,2023,26,0,0
Massachusetts,2023-07-03,2023,27,0,0
Massachusetts,2023-07-10,2023,28,0,0
Massachusetts,2023-07-17,2023,29,0,0
Massachusetts,2023-07-24,2023,30,0,0
Massachusetts,2023-07-31,2023,31,0,0
Massachusetts,2023-08-07,2023,32,0,0
Massachusetts,2023-08-14,2023,33,0,0
Massachusetts,2023-08-21,2023,34,0,0
Massachusetts,2023-08-28,2023,35,0,0
Massachusetts,2023-09-04,2023,36,0,0
Massachusetts,2023-09-11,2023,37,0,0
Massachusetts,2023-09-18,2023,38,0,0
Massachusetts,2023-09-25,2023,39,0,0
Massachusetts,2023-10-02,2023,40,0,0
Massachusetts,2023-10-09,2023,41,0,0
Massachusetts,2023-10-16,2023,42,0,0
Massachusetts,2023-10-23,2023,43,0,0
Massachusetts,2023-10-30,2023,44,0,0
Massachusetts,2023-11-06,2023,45,0,0
Massachusetts,2023-11-13,2023,46,0,0
Massachusetts,2023-11-20,2023,47,0,0
Massachusetts,2023-11-27,2023,48,0,0
Massachusetts,2023-12-04,2023,49,0,0
Massachusetts,2023-12-11,2023,50,0,0
Massachusetts,2023-12-18,2023,51,0,0
Massachusetts,2023-12-25,2023,52,0,0
Massachusetts,2024-01-08,2024,1,0,0
Massachusetts,2024-01-15,2024,2,0,0
Massachusetts,2024-01-22,2024,3,0,0
Massachusetts,2024-01-29,2024,4,0,0
Massachusetts,2024-02-05,2024,5,0,0
Massachusetts,2024-02-12,2024,6,0,0
Massachusetts,2024-02-19,2024,7,0,0
Massachusetts,2024-02-26,2024,8,0,0
Massachusetts,2024-03-04,2024,9,0,0
Massachusetts,2024-03-11,2024,10,0,0
Massachusetts,2024-03-18,2024,11,0,0
Massachusetts,2024-03-25,2024,12,0,0
Massachusetts,2024-04-01,2024,13,0,0
Massachusetts,2024-04-08,2024,14,0,0
Massachusetts,2024-04-15,2024,15,0,0
Massachusetts,2024-04-22,2024,16,0,0
Massachusetts,2024-04-29,2024,17,0,0
Massachusetts,2024-05-06,2024,18,0,0
Massachusetts,2024-05-13,2024,19,0,0
Massachusetts,2024-05-20,2024,20,0,0
Massachusetts,2024-05-27,2024,21,0,0
Massachusetts,2024-06-03,2024,22,0,0
Massachusetts,2024-06-10,2024,23,0,0
Massachusetts,2024-06-17,2024,24,0,0
Massachusetts,2024-06-24,2024,25,0,0
Massachusetts,2024-07-01,2024,26,0,0
Massachusetts,2024-07-08,2024,27,0,0
Massachusetts,2024-07-15,2024,28,0,0
Massachusetts,2024-07-22,2024,29,0,0
Massachusetts,2024-07-29,2024,30,0,0
Massachusetts,2024-08-05,2024,31,0,0
Massachusetts,2024-08-12,2024,32,1,1
Massachusetts,2024-08-19,2024,33,0,1
Massachusetts,2024-08-26,2024,34,0,1
Massachusetts,2024-09-02,2024,35,0,1
Massachusetts,2024-09-09,2024,36,0,1
Massachusetts,2024-09-16,2024,37,0,1
Massachusetts,2024-09-23,2024,38,0,1
Massachusetts,2024-09-30,2024,39,0,1
Massachusetts,2024-10-07,2024,40,0,1
Massachusetts,2024-10-14,2024,41,0,1
Massachusetts,2024-10-21,2024,42,0,1
Massachusetts,2024-10-28,2024,43,0,1
Massachusetts,2024-11-04,2024,44,0,1
Massachusetts,2024-11-11,2024,45,0,1
Massachusetts,2024-11-18,2024,46,0,1
Massachusetts,2024-11-25,2024,47,0,1
Massachusetts,2024-12-02,2024,48,0,1
Massachusetts,2024-12-09,2024,49,0,1
Massachusetts,2024-12-16,2024,50,0,1
Massachusetts,2024-12-23,2024,51,0,1
Massachusetts,2024-12-30,2024,52,0,1
Massachusetts,2025-01-06,2025,1,1,1
Massachusetts,2025-01-13,2025,2,0,1
Massachusetts,2025-01-20,2025,3,0,1
Massachusetts,2025-01-27,2025,4,0,1
Massachusetts,2025-02-03,2025,5,0,1
Massachusetts,2025-02-10,2025,6,0,1
Massachusetts,2025-02-17,2025,7,0,1
Massachusetts,2025-02-24,2025,8,0,1
Massachusetts,2025-03-03,2025,9,0,1
Massachusetts,2025-03-10,2025,10,0,1
Massachusetts,2025-03-17,2025,11,0,1
Massachusetts,2025-03-24,2025,12,0,1
Massachusetts,2025-03-31,2025,13,0,1
Massachusetts,2025-04-07,2025,14,0,1
Massachusetts,2025-04-14,2025,15,0,1
Massachusetts,2025-04-21,2025,16,0,1
Massachusetts,2025-04-28,2025,17,0,1
Massachusetts,2025-05-05,2025,18,0,1
Massachusetts,2025-05-12,2025,19,0,1
Massachusetts,2025-05-19,2025,20,0,1
Massachusetts,2025-05-26,2025,21,0,1
Massachusetts,2025-06-02,2025,22,0,1
Massachusetts,2025-06-09,2025,23,0,1
Massachusetts,2025-06-16,2025,24,0,1
Massachusetts,2025-06-23,2025,25,0,1
Massachusetts,2025-06-30,2025,26,0,1
Massachusetts,2025-07-07,2025,27,0,1
Massachusetts,2025-07-14,2025,28,0,0
Massachusetts,2025-07-21,2025,29,0,0
Massachusetts,2025-07-28,2025,30,0,0
Massachusetts,2025-08-04,2025,31,0,0
Massachusetts,2025-08-11,2025,32,0,0
Massachusetts,2025-08-18,2025,33,0,0
Massachusetts,2025-08-25,2025,34,0,0
Massachusetts,2025-09-01,2025,35,0,0
Massachusetts,2025-09-08,2025,36,0,0
Massachusetts,2025-09-15,2025,37,0,0
Massachusetts,2025-09-22,2025,38,0,0
Massachusetts,2025-09-29,2025,39,0,0
Massachusetts,2025-10-06,2025,40,0,0
Massachusetts,2025-10-13,2025,41,0,0
Massachusetts,2025-10-20,2025,42,0,0
Massachusetts,2025-10-27,2025,43,0,0
Massachusetts,2025-11-03,2025,44,0,0
Massachusetts,2025-11-10,2025,45,0,0
Massachusetts,2025-11-17,2025,46,0,0
Massachusetts,2025-11-24,2025,47,0,0
Massachusetts,2025-12-01,2025,48,0,0
Massachusetts,2025-12-08,2025,49,0,0
Massachusetts,2025-12-15,2025,50,0,0
Massachusetts,2025-12-22,2025,51,0,0
Massachusetts,2025-12-29,2025,52,0,0
Massachusetts,2026-01-05,2026,1,0,0
Massachusetts,2026-01-12,2026,2,0,0
Massachusetts,2026-01-19,2026,3,0,0
Massachusetts,2026-01-26,2026,4,0,0
Massachusetts,2026-02-02,2026,5,0,0
Massachusetts,2026-02-09,2026,6,0,0
Massachusetts,2026-02-16,2026,7,0,0
Massachusetts,2026-02-23,2026,8,2,2
Massachusetts,2026-03-02,2026,9,0,2
Massachusetts,2026-03-09,2026,10,0,2
Massachusetts,2026-03-16,2026,11,0,2
Massachusetts,2026-03-23,2026,12,0,2
Massachusetts,2026-03-30,2026,13,0,2
Massachusetts,2026-04-06,2026,14,0,2
Massachusetts,2026-04-13,2026,15,0,2
Massachusetts,2026-04-20,2026,16,0,2
Massachusetts,2026-04-27,2026,17,0,2
Massachusetts,2026-05-04,2026,18,0,2
Massachusetts,2026-05-11,2026,19,0,2
Massachusetts,2026-05-18,2026,20,0,2
Massachusetts,2026-05-25,2026,21,0,2
Massachusetts,2026-06-01,2026,22,0,2
Massachusetts,2026-06-08,2026,23,0,2
Massachusetts,2026-06-15,2026,24,0,2
Massachusetts,2026-06-22,2026,25,0,2
Massachusetts,2026-06-29,2026,26,0,2
Massachusetts,2026-07-06,2026,27,0,2
Massachusetts,2026-07-13,2026,28,0,2
Massachusetts,2026-07-20,2026,29,0,2
Massachusetts,2026-07-27,2026,30,0,2
Massachusetts,2026-08-03,2026,31,0,2
Massachusetts,2026-08-10,2026,32,0,2
Massachusetts,2026-08-17,2026,33,0,2
Massachusetts,2026-08-24,2026,34,0,2
Massachusetts,2026-08-31,2026,35,0,2
Massachusetts,NA,2025,53,0,0
Michigan,2022-01-03,2022,1,0,0
Michigan,2022-01-10,2022,2,0,0
Michigan,2022-01-17,2022,3,0,0
Michigan,2022-01-24,2022,4,0,0
Michigan,2022-01-31,2022,5,0,0
Michigan,2022-02-07,2022,6,0,0
Michigan,2022-02-14,2022,7,0,0
Michigan,2022-02-21,2022,8,0,0
Michigan,2022-02-28,2022,9,0,0
Michigan,2022-03-07,2022,10,0,0
Michigan,2022-03-14,2022,11,0,0
Michigan,2022-03-21,2022,12,0,0
Michigan,2022-03-28,2022,13,0,0
Michigan,2022-04-04,2022,14,0,0
Michigan,2022-04-11,2022,15,0,0
Michigan,2022-04-18,2022,16,0,0
Michigan,2022-04-25,2022,17,0,0
Michigan,2022-05-02,2022,18,0,0
Michigan,2022-05-09,2022,19,0,0
Michigan,2022-05-16,2022,20,0,0
Michigan,2022-05-23,2022,21,0,0
Michigan,2022-05-30,2022,22,0,0
Michigan,2022-06-06,2022,23,0,0
Michigan,2022-06-13,2022,24,0,0
Michigan,2022-06-20,2022,25,0,0
Michigan,2022-06-27,2022,26,0,0
Michigan,2022-07-04,2022,27,0,0
Michigan,2022-07-11,2022,28,0,0
Michigan,2022-07-18,2022,29,0,0
Michigan,2022-07-25,2022,30,0,0
Michigan,2022-08-01,2022,31,0,0
Michigan,2022-08-08,2022,32,0,0
Michigan,2022-08-15,2022,33,0,0
Michigan,2022-08-22,2022,34,0,0
Michigan,2022-08-29,2022,35,0,0
Michigan,2022-09-05,2022,36,0,0
Michigan,2022-09-12,2022,37,0,0
Michigan,2022-09-19,2022,38,0,0
Michigan,2022-09-26,2022,39,0,0
Michigan,2022-10-03,2022,40,0,0
Michigan,2022-10-10,2022,41,1,1
Michigan,2022-10-17,2022,42,0,1
Michigan,2022-10-24,2022,43,0,1
Michigan,2022-10-31,2022,44,0,1
Michigan,2022-11-07,2022,45,0,1
Michigan,2022-11-14,2022,46,0,1
Michigan,2022-11-21,2022,47,0,1
Michigan,2022-11-28,2022,48,0,1
Michigan,2022-12-05,2022,49,0,1
Michigan,2022-12-12,2022,50,0,1
Michigan,2022-12-19,2022,51,1,2
Michigan,2022-12-26,2022,52,0,2
Michigan,2023-01-02,2023,1,2,2
Michigan,2023-01-09,2023,2,0,2
Michigan,2023-01-16,2023,3,0,2
Michigan,2023-01-23,2023,4,0,2
Michigan,2023-01-30,2023,5,0,0
Michigan,2023-02-06,2023,6,0,0
Michigan,2023-02-13,2023,7,0,0
Michigan,2023-02-20,2023,8,0,0
Michigan,2023-02-27,2023,9,0,0
Michigan,2023-03-06,2023,10,0,0
Michigan,2023-03-13,2023,11,0,0
Michigan,2023-03-20,2023,12,0,0
Michigan,2023-03-27,2023,13,0,0
Michigan,2023-04-03,2023,14,0,0
Michigan,2023-04-10,2023,15,0,0
Michigan,2023-04-17,2023,16,0,0
Michigan,2023-04-24,2023,17,0,0
Michigan,2023-05-01,2023,18,0,0
Michigan,2023-05-08,2023,19,0,0
Michigan,2023-05-15,2023,20,0,0
Michigan,2023-05-22,2023,21,0,0
Michigan,2023-05-29,2023,22,0,0
Michigan,2023-06-05,2023,23,0,0
Michigan,2023-06-12,2023,24,0,0
Michigan,2023-06-19,2023,25,0,0
Michigan,2023-06-26,2023,26,0,0
Michigan,2023-07-03,2023,27,0,0
Michigan,2023-07-10,2023,28,0,0
Michigan,2023-07-17,2023,29,0,0
Michigan,2023-07-24,2023,30,1,1
Michigan,2023-07-31,2023,31,0,1
Michigan,2023-08-07,2023,32,0,1
Michigan,2023-08-14,2023,33,0,1
Michigan,2023-08-21,2023,34,0,1
Michigan,2023-08-28,2023,35,0,1
Michigan,2023-09-04,2023,36,0,1
Michigan,2023-09-11,2023,37,0,1
Michigan,2023-09-18,2023,38,0,1
Michigan,2023-09-25,2023,39,0,1
Michigan,2023-10-02,2023,40,0,1
Michigan,2023-10-09,2023,41,0,1
Michigan,2023-10-16,2023,42,0,1
Michigan,2023-10-23,2023,43,0,1
Michigan,2023-10-30,2023,44,0,1
Michigan,2023-11-06,2023,45,0,1
Michigan,2023-11-13,2023,46,0,1
Michigan,2023-11-20,2023,47,0,1
Michigan,2023-11-27,2023,48,0,1
Michigan,2023-12-04,2023,49,0,1
Michigan,2023-12-11,2023,50,0,1
Michigan,2023-12-18,2023,51,0,1
Michigan,2023-12-25,2023,52,0,1
Michigan,2024-01-08,2024,1,1,1
Michigan,2024-01-15,2024,2,0,1
Michigan,2024-01-22,2024,3,0,1
Michigan,2024-01-29,2024,4,0,1
Michigan,2024-02-05,2024,5,0,1
Michigan,2024-02-12,2024,6,0,1
Michigan,2024-02-19,2024,7,0,1
Michigan,2024-02-26,2024,8,0,1
Michigan,2024-03-04,2024,9,1,2
Michigan,2024-03-11,2024,10,0,2
Michigan,2024-03-18,2024,11,0,2
Michigan,2024-03-25,2024,12,0,2
Michigan,2024-04-01,2024,13,0,2
Michigan,2024-04-08,2024,14,0,2
Michigan,2024-04-15,2024,15,0,2
Michigan,2024-04-22,2024,16,0,2
Michigan,2024-04-29,2024,17,0,2
Michigan,2024-05-06,2024,18,0,2
Michigan,2024-05-13,2024,19,0,2
Michigan,2024-05-20,2024,20,0,2
Michigan,2024-05-27,2024,21,0,2
Michigan,2024-06-03,2024,22,0,2
Michigan,2024-06-10,2024,23,0,2
Michigan,2024-06-17,2024,24,0,2
Michigan,2024-06-24,2024,25,0,2
Michigan,2024-07-01,2024,26,0,2
Michigan,2024-07-08,2024,27,0,2
Michigan,2024-07-15,2024,28,0,2
Michigan,2024-07-22,2024,29,0,2
Michigan,2024-07-29,2024,30,0,2
Michigan,2024-08-05,2024,31,0,2
Michigan,2024-08-12,2024,32,0,2
Michigan,2024-08-19,2024,33,0,2
Michigan,2024-08-26,2024,34,0,2
Michigan,2024-09-02,2024,35,0,2
Michigan,2024-09-09,2024,36,0,2
Michigan,2024-09-16,2024,37,0,2
Michigan,2024-09-23,2024,38,0,2
Michigan,2024-09-30,2024,39,0,2
Michigan,2024-10-07,2024,40,0,2
Michigan,2024-10-14,2024,41,0,2
Michigan,2024-10-21,2024,42,0,2
Michigan,2024-10-28,2024,43,0,2
Michigan,2024-11-04,2024,44,0,2
Michigan,2024-11-11,2024,45,0,2
Michigan,2024-11-18,2024,46,0,2
Michigan,2024-11-25,2024,47,0,2
Michigan,2024-12-02,2024,48,0,2
Michigan,2024-12-09,2024,49,0,2
Michigan,2024-12-16,2024,50,0,2
Michigan,2024-12-23,2024,51,0,2
Michigan,2024-12-30,2024,52,0,2
Michigan,2025-01-06,2025,1,2,2
Michigan,2025-01-13,2025,2,0,2
Michigan,2025-01-20,2025,3,0,2
Michigan,2025-01-27,2025,4,0,2
Michigan,2025-02-03,2025,5,0,2
Michigan,2025-02-10,2025,6,0,2
Michigan,2025-02-17,2025,7,0,2
Michigan,2025-02-24,2025,8,0,2
Michigan,2025-03-03,2025,9,0,2
Michigan,2025-03-10,2025,10,0,1
Michigan,2025-03-17,2025,11,0,1
Michigan,2025-03-24,2025,12,1,2
Michigan,2025-03-31,2025,13,0,2
Michigan,2025-04-07,2025,14,0,2
Michigan,2025-04-14,2025,15,0,2
Michigan,2025-04-21,2025,16,0,2
Michigan,2025-04-28,2025,17,2,4
Michigan,2025-05-05,2025,18,0,4
Michigan,2025-05-12,2025,19,0,4
Michigan,2025-05-19,2025,20,0,4
Michigan,2025-05-26,2025,21,0,4
Michigan,2025-06-02,2025,22,0,4
Michigan,2025-06-09,2025,23,0,4
Michigan,2025-06-16,2025,24,0,4
Michigan,2025-06-23,2025,25,0,4
Michigan,2025-06-30,2025,26,0,4
Michigan,2025-07-07,2025,27,0,4
Michigan,2025-07-14,2025,28,0,4
Michigan,2025-07-21,2025,29,0,4
Michigan,2025-07-28,2025,30,0,4
Michigan,2025-08-04,2025,31,2,6
Michigan,2025-08-11,2025,32,0,6
Michigan,2025-08-18,2025,33,0,6
Michigan,2025-08-25,2025,34,0,6
Michigan,2025-09-01,2025,35,0,6
Michigan,2025-09-08,2025,36,0,6
Michigan,2025-09-15,2025,37,0,6
Michigan,2025-09-22,2025,38,0,6
Michigan,2025-09-29,2025,39,0,6
Michigan,2025-10-06,2025,40,0,6
Michigan,2025-10-13,2025,41,0,6
Michigan,2025-10-20,2025,42,0,6
Michigan,2025-10-27,2025,43,0,6
Michigan,2025-11-03,2025,44,0,6
Michigan,2025-11-10,2025,45,0,6
Michigan,2025-11-17,2025,46,0,6
Michigan,2025-11-24,2025,47,0,6
Michigan,2025-12-01,2025,48,0,6
Michigan,2025-12-08,2025,49,0,6
Michigan,2025-12-15,2025,50,0,6
Michigan,2025-12-22,2025,51,0,6
Michigan,2025-12-29,2025,52,0,6
Michigan,2026-01-05,2026,1,6,6
Michigan,2026-01-12,2026,2,0,6
Michigan,2026-01-19,2026,3,0,6
Michigan,2026-01-26,2026,4,0,6
Michigan,2026-02-02,2026,5,0,6
Michigan,2026-02-09,2026,6,0,6
Michigan,2026-02-16,2026,7,0,6
Michigan,2026-02-23,2026,8,0,6
Michigan,2026-03-02,2026,9,0,6
Michigan,2026-03-09,2026,10,0,6
Michigan,2026-03-16,2026,11,0,6
Michigan,2026-03-23,2026,12,0,6
Michigan,2026-03-30,2026,13,0,6
Michigan,2026-04-06,2026,14,0,6
Michigan,2026-04-13,2026,15,0,6
Michigan,2026-04-20,2026,16,0,6
Michigan,2026-04-27,2026,17,1,7
Michigan,2026-05-04,2026,18,0,7
Michigan,2026-05-11,2026,19,0,7
Michigan,2026-05-18,2026,20,0,7
Michigan,2026-05-25,2026,21,0,7
Michigan,2026-06-01,2026,22,0,7
Michigan,2026-06-08,2026,23,0,7
Michigan,2026-06-15,2026,24,0,7
Michigan,2026-06-22,2026,25,0,7
Michigan,2026-06-29,2026,26,0,7
Michigan,2026-07-06,2026,27,0,7
Michigan,2026-07-13,2026,28,0,7
Michigan,2026-07-20,2026,29,0,7
Michigan,2026-07-27,2026,30,0,7
Michigan,2026-08-03,2026,31,0,7
Michigan,2026-08-10,2026,32,0,7
Michigan,2026-08-17,2026,33,0,7
Michigan,2026-08-24,2026,34,0,7
Michigan,2026-08-31,2026,35,0,7
Michigan,NA,2025,53,0,6
Minnesota,2022-01-03,2022,1,0,0
Minnesota,2022-01-10,2022,2,0,0
Minnesota,2022-01-17,2022,3,0,0
Minnesota,2022-01-24,2022,4,0,0
Minnesota,2022-01-31,2022,5,0,0
Minnesota,2022-02-07,2022,6,0,0
Minnesota,2022-02-14,2022,7,0,0
Minnesota,2022-02-21,2022,8,0,0
Minnesota,2022-02-28,2022,9,0,0
Minnesota,2022-03-07,2022,10,0,0
Minnesota,2022-03-14,2022,11,0,0
Minnesota,2022-03-21,2022,12,0,0
Minnesota,2022-03-28,2022,13,0,0
Minnesota,2022-04-04,2022,14,0,0
Minnesota,2022-04-11,2022,15,0,0
Minnesota,2022-04-18,2022,16,0,0
Minnesota,2022-04-25,2022,17,0,0
Minnesota,2022-05-02,2022,18,0,0
Minnesota,2022-05-09,2022,19,0,0
Minnesota,2022-05-16,2022,20,0,0
Minnesota,2022-05-23,2022,21,0,0
Minnesota,2022-05-30,2022,22,0,0
Minnesota,2022-06-06,2022,23,0,0
Minnesota,2022-06-13,2022,24,1,1
Minnesota,2022-06-20,2022,25,0,1
Minnesota,2022-06-27,2022,26,0,1
Minnesota,2022-07-04,2022,27,0,1
Minnesota,2022-07-11,2022,28,0,1
Minnesota,2022-07-18,2022,29,0,1
Minnesota,2022-07-25,2022,30,0,1
Minnesota,2022-08-01,2022,31,0,1
Minnesota,2022-08-08,2022,32,0,1
Minnesota,2022-08-15,2022,33,0,1
Minnesota,2022-08-22,2022,34,0,1
Minnesota,2022-08-29,2022,35,0,1
Minnesota,2022-09-05,2022,36,0,1
Minnesota,2022-09-12,2022,37,0,1
Minnesota,2022-09-19,2022,38,0,1
Minnesota,2022-09-26,2022,39,0,1
Minnesota,2022-10-03,2022,40,0,1
Minnesota,2022-10-10,2022,41,5,6
Minnesota,2022-10-17,2022,42,0,6
Minnesota,2022-10-24,2022,43,0,6
Minnesota,2022-10-31,2022,44,0,6
Minnesota,2022-11-07,2022,45,0,6
Minnesota,2022-11-14,2022,46,0,6
Minnesota,2022-11-21,2022,47,0,6
Minnesota,2022-11-28,2022,48,0,6
Minnesota,2022-12-05,2022,49,0,6
Minnesota,2022-12-12,2022,50,0,6
Minnesota,2022-12-19,2022,51,0,6
Minnesota,2022-12-26,2022,52,0,6
Minnesota,2023-01-02,2023,1,6,6
Minnesota,2023-01-09,2023,2,0,6
Minnesota,2023-01-16,2023,3,0,6
Minnesota,2023-01-23,2023,4,0,6
Minnesota,2023-01-30,2023,5,0,6
Minnesota,2023-02-06,2023,6,0,6
Minnesota,2023-02-13,2023,7,0,6
Minnesota,2023-02-20,2023,8,0,6
Minnesota,2023-02-27,2023,9,0,6
Minnesota,2023-03-06,2023,10,0,6
Minnesota,2023-03-13,2023,11,0,6
Minnesota,2023-03-20,2023,12,0,6
Minnesota,2023-03-27,2023,13,0,6
Minnesota,2023-04-03,2023,14,0,6
Minnesota,2023-04-10,2023,15,0,6
Minnesota,2023-04-17,2023,16,0,6
Minnesota,2023-04-24,2023,17,0,6
Minnesota,2023-05-01,2023,18,0,6
Minnesota,2023-05-08,2023,19,0,6
Minnesota,2023-05-15,2023,20,0,6
Minnesota,2023-05-22,2023,21,0,6
Minnesota,2023-05-29,2023,22,0,6
Minnesota,2023-06-05,2023,23,1,7
Minnesota,2023-06-12,2023,24,0,7
Minnesota,2023-06-19,2023,25,0,7
Minnesota,2023-06-26,2023,26,0,7
Minnesota,2023-07-03,2023,27,0,7
Minnesota,2023-07-10,2023,28,0,7
Minnesota,2023-07-17,2023,29,0,7
Minnesota,2023-07-24,2023,30,0,7
Minnesota,2023-07-31,2023,31,0,7
Minnesota,2023-08-07,2023,32,0,7
Minnesota,2023-08-14,2023,33,0,7
Minnesota,2023-08-21,2023,34,0,7
Minnesota,2023-08-28,2023,35,0,7
Minnesota,2023-09-04,2023,36,0,7
Minnesota,2023-09-11,2023,37,0,7
Minnesota,2023-09-18,2023,38,0,5
Minnesota,2023-09-25,2023,39,0,5
Minnesota,2023-10-02,2023,40,0,3
Minnesota,2023-10-09,2023,41,0,3
Minnesota,2023-10-16,2023,42,0,3
Minnesota,2023-10-23,2023,43,0,3
Minnesota,2023-10-30,2023,44,0,1
Minnesota,2023-11-06,2023,45,0,1
Minnesota,2023-11-13,2023,46,0,0
Minnesota,2023-11-20,2023,47,0,0
Minnesota,2023-11-27,2023,48,0,0
Minnesota,2023-12-04,2023,49,0,0
Minnesota,2023-12-11,2023,50,0,0
Minnesota,2023-12-18,2023,51,0,0
Minnesota,2023-12-25,2023,52,0,0
Minnesota,2024-01-08,2024,1,0,0
Minnesota,2024-01-15,2024,2,0,0
Minnesota,2024-01-22,2024,3,0,0
Minnesota,2024-01-29,2024,4,0,0
Minnesota,2024-02-05,2024,5,0,0
Minnesota,2024-02-12,2024,6,0,0
Minnesota,2024-02-19,2024,7,0,0
Minnesota,2024-02-26,2024,8,0,0
Minnesota,2024-03-04,2024,9,0,0
Minnesota,2024-03-11,2024,10,0,0
Minnesota,2024-03-18,2024,11,1,1
Minnesota,2024-03-25,2024,12,1,2
Minnesota,2024-04-01,2024,13,0,2
Minnesota,2024-04-08,2024,14,0,2
Minnesota,2024-04-15,2024,15,0,2
Minnesota,2024-04-22,2024,16,0,2
Minnesota,2024-04-29,2024,17,0,2
Minnesota,2024-05-06,2024,18,0,2
Minnesota,2024-05-13,2024,19,0,2
Minnesota,2024-05-20,2024,20,0,2
Minnesota,2024-05-27,2024,21,0,2
Minnesota,2024-06-03,2024,22,0,2
Minnesota,2024-06-10,2024,23,0,2
Minnesota,2024-06-17,2024,24,0,2
Minnesota,2024-06-24,2024,25,0,2
Minnesota,2024-07-01,2024,26,0,2
Minnesota,2024-07-08,2024,27,0,2
Minnesota,2024-07-15,2024,28,1,3
Minnesota,2024-07-22,2024,29,0,3
Minnesota,2024-07-29,2024,30,0,3
Minnesota,2024-08-05,2024,31,0,3
Minnesota,2024-08-12,2024,32,0,3
Minnesota,2024-08-19,2024,33,1,4
Minnesota,2024-08-26,2024,34,5,9
Minnesota,2024-09-02,2024,35,0,9
Minnesota,2024-09-09,2024,36,0,9
Minnesota,2024-09-16,2024,37,0,9
Minnesota,2024-09-23,2024,38,0,9
Minnesota,2024-09-30,2024,39,0,9
Minnesota,2024-10-07,2024,40,0,9
Minnesota,2024-10-14,2024,41,0,9
Minnesota,2024-10-21,2024,42,4,13
Minnesota,2024-10-28,2024,43,1,14
Minnesota,2024-11-04,2024,44,0,14
Minnesota,2024-11-11,2024,45,0,14
Minnesota,2024-11-18,2024,46,0,14
Minnesota,2024-11-25,2024,47,0,14
Minnesota,2024-12-02,2024,48,0,14
Minnesota,2024-12-09,2024,49,0,14
Minnesota,2024-12-16,2024,50,0,14
Minnesota,2024-12-23,2024,51,0,14
Minnesota,2024-12-30,2024,52,0,14
Minnesota,2025-01-06,2025,1,14,14
Minnesota,2025-01-13,2025,2,0,14
Minnesota,2025-01-20,2025,3,0,14
Minnesota,2025-01-27,2025,4,0,14
Minnesota,2025-02-03,2025,5,0,14
Minnesota,2025-02-10,2025,6,0,14
Minnesota,2025-02-17,2025,7,0,14
Minnesota,2025-02-24,2025,8,0,14
Minnesota,2025-03-03,2025,9,0,14
Minnesota,2025-03-10,2025,10,0,14
Minnesota,2025-03-17,2025,11,0,14
Minnesota,2025-03-24,2025,12,0,14
Minnesota,2025-03-31,2025,13,0,14
Minnesota,2025-04-07,2025,14,0,14
Minnesota,2025-04-14,2025,15,0,14
Minnesota,2025-04-21,2025,16,0,14
Minnesota,2025-04-28,2025,17,0,14
Minnesota,2025-05-05,2025,18,0,14
Minnesota,2025-05-12,2025,19,0,14
Minnesota,2025-05-19,2025,20,0,14
Minnesota,2025-05-26,2025,21,0,14
Minnesota,2025-06-02,2025,22,0,13
Minnesota,2025-06-09,2025,23,0,13
Minnesota,2025-06-16,2025,24,0,13
Minnesota,2025-06-23,2025,25,0,13
Minnesota,2025-06-30,2025,26,0,13
Minnesota,2025-07-07,2025,27,0,13
Minnesota,2025-07-14,2025,28,0,13
Minnesota,2025-07-21,2025,29,0,13
Minnesota,2025-07-28,2025,30,0,13
Minnesota,2025-08-04,2025,31,0,13
Minnesota,2025-08-11,2025,32,0,13
Minnesota,2025-08-18,2025,33,0,13
Minnesota,2025-08-25,2025,34,0,13
Minnesota,2025-09-01,2025,35,0,13
Minnesota,2025-09-08,2025,36,0,10
Minnesota,2025-09-15,2025,37,0,5
Minnesota,2025-09-22,2025,38,0,5
Minnesota,2025-09-29,2025,39,0,5
Minnesota,2025-10-06,2025,40,4,9
Minnesota,2025-10-13,2025,41,0,9
Minnesota,2025-10-20,2025,42,0,9
Minnesota,2025-10-27,2025,43,0,9
Minnesota,2025-11-03,2025,44,0,9
Minnesota,2025-11-10,2025,45,0,9
Minnesota,2025-11-17,2025,46,0,9
Minnesota,2025-11-24,2025,47,0,9
Minnesota,2025-12-01,2025,48,0,9
Minnesota,2025-12-08,2025,49,0,9
Minnesota,2025-12-15,2025,50,0,9
Minnesota,2025-12-22,2025,51,0,9
Minnesota,2025-12-29,2025,52,0,9
Minnesota,2026-01-05,2026,1,9,9
Minnesota,2026-01-12,2026,2,0,9
Minnesota,2026-01-19,2026,3,0,9
Minnesota,2026-01-26,2026,4,0,9
Minnesota,2026-02-02,2026,5,0,9
Minnesota,2026-02-09,2026,6,0,9
Minnesota,2026-02-16,2026,7,0,9
Minnesota,2026-02-23,2026,8,2,11
Minnesota,2026-03-02,2026,9,0,11
Minnesota,2026-03-09,2026,10,0,11
Minnesota,2026-03-16,2026,11,0,11
Minnesota,2026-03-23,2026,12,0,11
Minnesota,2026-03-30,2026,13,0,11
Minnesota,2026-04-06,2026,14,0,11
Minnesota,2026-04-13,2026,15,0,11
Minnesota,2026-04-20,2026,16,0,11
Minnesota,2026-04-27,2026,17,0,11
Minnesota,2026-05-04,2026,18,0,11
Minnesota,2026-05-11,2026,19,0,11
Minnesota,2026-05-18,2026,20,0,11
Minnesota,2026-05-25,2026,21,0,11
Minnesota,2026-06-01,2026,22,0,11
Minnesota,2026-06-08,2026,23,0,11
Minnesota,2026-06-15,2026,24,0,11
Minnesota,2026-06-22,2026,25,0,11
Minnesota,2026-06-29,2026,26,0,11
Minnesota,2026-07-06,2026,27,0,11
Minnesota,2026-07-13,2026,28,0,11
Minnesota,2026-07-20,2026,29,0,11
Minnesota,2026-07-27,2026,30,0,11
Minnesota,2026-08-03,2026,31,0,11
Minnesota,2026-08-10,2026,32,0,11
Minnesota,2026-08-17,2026,33,0,11
Minnesota,2026-08-24,2026,34,0,11
Minnesota,2026-08-31,2026,35,0,11
Minnesota,NA,2025,53,0,9
Mississippi,2022-01-03,2022,1,0,0
Mississippi,2022-01-10,2022,2,0,0
Mississippi,2022-01-17,2022,3,0,0
Mississippi,2022-01-24,2022,4,0,0
Mississippi,2022-01-31,2022,5,0,0
Mississippi,2022-02-07,2022,6,0,0
Mississippi,2022-02-14,2022,7,0,0
Mississippi,2022-02-21,2022,8,0,0
Mississippi,2022-02-28,2022,9,0,0
Mississippi,2022-03-07,2022,10,0,0
Mississippi,2022-03-14,2022,11,0,0
Mississippi,2022-03-21,2022,12,0,0
Mississippi,2022-03-28,2022,13,0,0
Mississippi,2022-04-04,2022,14,0,0
Mississippi,2022-04-11,2022,15,0,0
Mississippi,2022-04-18,2022,16,0,0
Mississippi,2022-04-25,2022,17,0,0
Mississippi,2022-05-02,2022,18,0,0
Mississippi,2022-05-09,2022,19,0,0
Mississippi,2022-05-16,2022,20,0,0
Mississippi,2022-05-23,2022,21,0,0
Mississippi,2022-05-30,2022,22,0,0
Mississippi,2022-06-06,2022,23,0,0
Mississippi,2022-06-13,2022,24,0,0
Mississippi,2022-06-20,2022,25,0,0
Mississippi,2022-06-27,2022,26,0,0
Mississippi,2022-07-04,2022,27,0,0
Mississippi,2022-07-11,2022,28,0,0
Mississippi,2022-07-18,2022,29,0,0
Mississippi,2022-07-25,2022,30,0,0
Mississippi,2022-08-01,2022,31,0,0
Mississippi,2022-08-08,2022,32,0,0
Mississippi,2022-08-15,2022,33,0,0
Mississippi,2022-08-22,2022,34,0,0
Mississippi,2022-08-29,2022,35,0,0
Mississippi,2022-09-05,2022,36,0,0
Mississippi,2022-09-12,2022,37,0,0
Mississippi,2022-09-19,2022,38,0,0
Mississippi,2022-09-26,2022,39,0,0
Mississippi,2022-10-03,2022,40,0,0
Mississippi,2022-10-10,2022,41,0,0
Mississippi,2022-10-17,2022,42,0,0
Mississippi,2022-10-24,2022,43,0,0
Mississippi,2022-10-31,2022,44,0,0
Mississippi,2022-11-07,2022,45,0,0
Mississippi,2022-11-14,2022,46,0,0
Mississippi,2022-11-21,2022,47,0,0
Mississippi,2022-11-28,2022,48,0,0
Mississippi,2022-12-05,2022,49,0,0
Mississippi,2022-12-12,2022,50,0,0
Mississippi,2022-12-19,2022,51,0,0
Mississippi,2022-12-26,2022,52,0,0
Mississippi,2023-01-02,2023,1,0,0
Mississippi,2023-01-09,2023,2,0,0
Mississippi,2023-01-16,2023,3,0,0
Mississippi,2023-01-23,2023,4,0,0
Mississippi,2023-01-30,2023,5,0,0
Mississippi,2023-02-06,2023,6,0,0
Mississippi,2023-02-13,2023,7,0,0
Mississippi,2023-02-20,2023,8,0,0
Mississippi,2023-02-27,2023,9,0,0
Mississippi,2023-03-06,2023,10,0,0
Mississippi,2023-03-13,2023,11,0,0
Mississippi,2023-03-20,2023,12,0,0
Mississippi,2023-03-27,2023,13,0,0
Mississippi,2023-04-03,2023,14,0,0
Mississippi,2023-04-10,2023,15,0,0
Mississippi,2023-04-17,2023,16,0,0
Mississippi,2023-04-24,2023,17,0,0
Mississippi,2023-05-01,2023,18,0,0
Mississippi,2023-05-08,2023,19,0,0
Mississippi,2023-05-15,2023,20,0,0
Mississippi,2023-05-22,2023,21,0,0
Mississippi,2023-05-29,2023,22,0,0
Mississippi,2023-06-05,2023,23,0,0
Mississippi,2023-06-12,2023,24,0,0
Mississippi,2023-06-19,2023,25,0,0
Mississippi,2023-06-26,2023,26,0,0
Mississippi,2023-07-03,2023,27,0,0
Mississippi,2023-07-10,2023,28,0,0
Mississippi,2023-07-17,2023,29,0,0
Mississippi,2023-07-24,2023,30,0,0
Mississippi,2023-07-31,2023,31,0,0
Mississippi,2023-08-07,2023,32,0,0
Mississippi,2023-08-14,2023,33,0,0
Mississippi,2023-08-21,2023,34,0,0
Mississippi,2023-08-28,2023,35,0,0
Mississippi,2023-09-04,2023,36,0,0
Mississippi,2023-09-11,2023,37,0,0
Mississippi,2023-09-18,2023,38,0,0
Mississippi,2023-09-25,2023,39,0,0
Mississippi,2023-10-02,2023,40,0,0
Mississippi,2023-10-09,2023,41,0,0
Mississippi,2023-10-16,2023,42,0,0
Mississippi,2023-10-23,2023,43,0,0
Mississippi,2023-10-30,2023,44,0,0
Mississippi,2023-11-06,2023,45,0,0
Mississippi,2023-11-13,2023,46,0,0
Mississippi,2023-11-20,2023,47,0,0
Mississippi,2023-11-27,2023,48,0,0
Mississippi,2023-12-04,2023,49,0,0
Mississippi,2023-12-11,2023,50,0,0
Mississippi,2023-12-18,2023,51,0,0
Mississippi,2023-12-25,2023,52,0,0
Mississippi,2024-01-08,2024,1,0,0
Mississippi,2024-01-15,2024,2,0,0
Mississippi,2024-01-22,2024,3,0,0
Mississippi,2024-01-29,2024,4,0,0
Mississippi,2024-02-05,2024,5,0,0
Mississippi,2024-02-12,2024,6,0,0
Mississippi,2024-02-19,2024,7,0,0
Mississippi,2024-02-26,2024,8,0,0
Mississippi,2024-03-04,2024,9,0,0
Mississippi,2024-03-11,2024,10,0,0
Mississippi,2024-03-18,2024,11,0,0
Mississippi,2024-03-25,2024,12,0,0
Mississippi,2024-04-01,2024,13,0,0
Mississippi,2024-04-08,2024,14,0,0
Mississippi,2024-04-15,2024,15,0,0
Mississippi,2024-04-22,2024,16,0,0
Mississippi,2024-04-29,2024,17,0,0
Mississippi,2024-05-06,2024,18,0,0
Mississippi,2024-05-13,2024,19,0,0
Mississippi,2024-05-20,2024,20,0,0
Mississippi,2024-05-27,2024,21,0,0
Mississippi,2024-06-03,2024,22,0,0
Mississippi,2024-06-10,2024,23,0,0
Mississippi,2024-06-17,2024,24,0,0
Mississippi,2024-06-24,2024,25,0,0
Mississippi,2024-07-01,2024,26,0,0
Mississippi,2024-07-08,2024,27,0,0
Mississippi,2024-07-15,2024,28,0,0
Mississippi,2024-07-22,2024,29,0,0
Mississippi,2024-07-29,2024,30,0,0
Mississippi,2024-08-05,2024,31,0,0
Mississippi,2024-08-12,2024,32,0,0
Mississippi,2024-08-19,2024,33,0,0
Mississippi,2024-08-26,2024,34,0,0
Mississippi,2024-09-02,2024,35,0,0
Mississippi,2024-09-09,2024,36,0,0
Mississippi,2024-09-16,2024,37,0,0
Mississippi,2024-09-23,2024,38,0,0
Mississippi,2024-09-30,2024,39,0,0
Mississippi,2024-10-07,2024,40,0,0
Mississippi,2024-10-14,2024,41,0,0
Mississippi,2024-10-21,2024,42,0,0
Mississippi,2024-10-28,2024,43,0,0
Mississippi,2024-11-04,2024,44,0,0
Mississippi,2024-11-11,2024,45,0,0
Mississippi,2024-11-18,2024,46,0,0
Mississippi,2024-11-25,2024,47,0,0
Mississippi,2024-12-02,2024,48,0,0
Mississippi,2024-12-09,2024,49,0,0
Mississippi,2024-12-16,2024,50,0,0
Mississippi,2024-12-23,2024,51,0,0
Mississippi,2024-12-30,2024,52,0,0
Mississippi,2025-01-06,2025,1,0,0
Mississippi,2025-01-13,2025,2,0,0
Mississippi,2025-01-20,2025,3,0,0
Mississippi,2025-01-27,2025,4,0,0
Mississippi,2025-02-03,2025,5,0,0
Mississippi,2025-02-10,2025,6,0,0
Mississippi,2025-02-17,2025,7,0,0
Mississippi,2025-02-24,2025,8,0,0
Mississippi,2025-03-03,2025,9,0,0
Mississippi,2025-03-10,2025,10,0,0
Mississippi,2025-03-17,2025,11,0,0
Mississippi,2025-03-24,2025,12,0,0
Mississippi,2025-03-31,2025,13,0,0
Mississippi,2025-04-07,2025,14,0,0
Mississippi,2025-04-14,2025,15,0,0
Mississippi,2025-04-21,2025,16,0,0
Mississippi,2025-04-28,2025,17,0,0
Mississippi,2025-05-05,2025,18,0,0
Mississippi,2025-05-12,2025,19,0,0
Mississippi,2025-05-19,2025,20,0,0
Mississippi,2025-05-26,2025,21,0,0
Mississippi,2025-06-02,2025,22,0,0
Mississippi,2025-06-09,2025,23,0,0
Mississippi,2025-06-16,2025,24,0,0
Mississippi,2025-06-23,2025,25,0,0
Mississippi,2025-06-30,2025,26,0,0
Mississippi,2025-07-07,2025,27,0,0
Mississippi,2025-07-14,2025,28,0,0
Mississippi,2025-07-21,2025,29,0,0
Mississippi,2025-07-28,2025,30,0,0
Mississippi,2025-08-04,2025,31,0,0
Mississippi,2025-08-11,2025,32,0,0
Mississippi,2025-08-18,2025,33,0,0
Mississippi,2025-08-25,2025,34,0,0
Mississippi,2025-09-01,2025,35,0,0
Mississippi,2025-09-08,2025,36,0,0
Mississippi,2025-09-15,2025,37,0,0
Mississippi,2025-09-22,2025,38,0,0
Mississippi,2025-09-29,2025,39,0,0
Mississippi,2025-10-06,2025,40,0,0
Mississippi,2025-10-13,2025,41,0,0
Mississippi,2025-10-20,2025,42,0,0
Mississippi,2025-10-27,2025,43,0,0
Mississippi,2025-11-03,2025,44,0,0
Mississippi,2025-11-10,2025,45,0,0
Mississippi,2025-11-17,2025,46,0,0
Mississippi,2025-11-24,2025,47,0,0
Mississippi,2025-12-01,2025,48,0,0
Mississippi,2025-12-08,2025,49,0,0
Mississippi,2025-12-15,2025,50,0,0
Mississippi,2025-12-22,2025,51,0,0
Mississippi,2025-12-29,2025,52,0,0
Mississippi,2026-01-05,2026,1,0,0
Mississippi,2026-01-12,2026,2,0,0
Mississippi,2026-01-19,2026,3,0,0
Mississippi,2026-01-26,2026,4,0,0
Mississippi,2026-02-02,2026,5,0,0
Mississippi,2026-02-09,2026,6,0,0
Mississippi,2026-02-16,2026,7,0,0
Mississippi,2026-02-23,2026,8,0,0
Mississippi,2026-03-02,2026,9,0,0
Mississippi,2026-03-09,2026,10,0,0
Mississippi,2026-03-16,2026,11,0,0
Mississippi,2026-03-23,2026,12,0,0
Mississippi,2026-03-30,2026,13,0,0
Mississippi,2026-04-06,2026,14,0,0
Mississippi,2026-04-13,2026,15,0,0
Mississippi,2026-04-20,2026,16,0,0
Mississippi,2026-04-27,2026,17,0,0
Mississippi,2026-05-04,2026,18,0,0
Mississippi,2026-05-11,2026,19,0,0
Mississippi,2026-05-18,2026,20,0,0
Mississippi,2026-05-25,2026,21,0,0
Mississippi,2026-06-01,2026,22,0,0
Mississippi,2026-06-08,2026,23,0,0
Mississippi,2026-06-15,2026,24,0,0
Mississippi,2026-06-22,2026,25,0,0
Mississippi,2026-06-29,2026,26,0,0
Mississippi,2026-07-06,2026,27,0,0
Mississippi,2026-07-13,2026,28,0,0
Mississippi,2026-07-20,2026,29,0,0
Mississippi,2026-07-27,2026,30,0,0
Mississippi,2026-08-03,2026,31,0,0
Mississippi,2026-08-10,2026,32,0,0
Mississippi,2026-08-17,2026,33,0,0
Mississippi,2026-08-24,2026,34,0,0
Mississippi,2026-08-31,2026,35,0,0
Mississippi,NA,2025,53,0,0
Missouri,2022-01-03,2022,1,0,0
Missouri,2022-01-10,2022,2,0,0
Missouri,2022-01-17,2022,3,0,0
Missouri,2022-01-24,2022,4,0,0
Missouri,2022-01-31,2022,5,0,0
Missouri,2022-02-07,2022,6,0,0
Missouri,2022-02-14,2022,7,0,0
Missouri,2022-02-21,2022,8,0,0
Missouri,2022-02-28,2022,9,0,0
Missouri,2022-03-07,2022,10,0,0
Missouri,2022-03-14,2022,11,0,0
Missouri,2022-03-21,2022,12,0,0
Missouri,2022-03-28,2022,13,0,0
Missouri,2022-04-04,2022,14,0,0
Missouri,2022-04-11,2022,15,0,0
Missouri,2022-04-18,2022,16,0,0
Missouri,2022-04-25,2022,17,0,0
Missouri,2022-05-02,2022,18,0,0
Missouri,2022-05-09,2022,19,0,0
Missouri,2022-05-16,2022,20,0,0
Missouri,2022-05-23,2022,21,0,0
Missouri,2022-05-30,2022,22,0,0
Missouri,2022-06-06,2022,23,0,0
Missouri,2022-06-13,2022,24,0,0
Missouri,2022-06-20,2022,25,0,0
Missouri,2022-06-27,2022,26,0,0
Missouri,2022-07-04,2022,27,0,0
Missouri,2022-07-11,2022,28,0,0
Missouri,2022-07-18,2022,29,0,0
Missouri,2022-07-25,2022,30,0,0
Missouri,2022-08-01,2022,31,0,0
Missouri,2022-08-08,2022,32,0,0
Missouri,2022-08-15,2022,33,0,0
Missouri,2022-08-22,2022,34,0,0
Missouri,2022-08-29,2022,35,0,0
Missouri,2022-09-05,2022,36,0,0
Missouri,2022-09-12,2022,37,0,0
Missouri,2022-09-19,2022,38,0,0
Missouri,2022-09-26,2022,39,0,0
Missouri,2022-10-03,2022,40,0,0
Missouri,2022-10-10,2022,41,0,0
Missouri,2022-10-17,2022,42,0,0
Missouri,2022-10-24,2022,43,0,0
Missouri,2022-10-31,2022,44,0,0
Missouri,2022-11-07,2022,45,0,0
Missouri,2022-11-14,2022,46,0,0
Missouri,2022-11-21,2022,47,0,0
Missouri,2022-11-28,2022,48,0,0
Missouri,2022-12-05,2022,49,0,0
Missouri,2022-12-12,2022,50,0,0
Missouri,2022-12-19,2022,51,0,0
Missouri,2022-12-26,2022,52,0,0
Missouri,2023-01-02,2023,1,0,0
Missouri,2023-01-09,2023,2,0,0
Missouri,2023-01-16,2023,3,0,0
Missouri,2023-01-23,2023,4,0,0
Missouri,2023-01-30,2023,5,0,0
Missouri,2023-02-06,2023,6,0,0
Missouri,2023-02-13,2023,7,0,0
Missouri,2023-02-20,2023,8,0,0
Missouri,2023-02-27,2023,9,0,0
Missouri,2023-03-06,2023,10,0,0
Missouri,2023-03-13,2023,11,0,0
Missouri,2023-03-20,2023,12,0,0
Missouri,2023-03-27,2023,13,0,0
Missouri,2023-04-03,2023,14,0,0
Missouri,2023-04-10,2023,15,0,0
Missouri,2023-04-17,2023,16,0,0
Missouri,2023-04-24,2023,17,0,0
Missouri,2023-05-01,2023,18,0,0
Missouri,2023-05-08,2023,19,0,0
Missouri,2023-05-15,2023,20,0,0
Missouri,2023-05-22,2023,21,0,0
Missouri,2023-05-29,2023,22,0,0
Missouri,2023-06-05,2023,23,0,0
Missouri,2023-06-12,2023,24,0,0
Missouri,2023-06-19,2023,25,0,0
Missouri,2023-06-26,2023,26,0,0
Missouri,2023-07-03,2023,27,0,0
Missouri,2023-07-10,2023,28,0,0
Missouri,2023-07-17,2023,29,0,0
Missouri,2023-07-24,2023,30,0,0
Missouri,2023-07-31,2023,31,0,0
Missouri,2023-08-07,2023,32,1,1
Missouri,2023-08-14,2023,33,0,1
Missouri,2023-08-21,2023,34,0,1
Missouri,2023-08-28,2023,35,0,1
Missouri,2023-09-04,2023,36,0,1
Missouri,2023-09-11,2023,37,0,1
Missouri,2023-09-18,2023,38,0,1
Missouri,2023-09-25,2023,39,0,1
Missouri,2023-10-02,2023,40,0,1
Missouri,2023-10-09,2023,41,0,1
Missouri,2023-10-16,2023,42,0,1
Missouri,2023-10-23,2023,43,0,1
Missouri,2023-10-30,2023,44,0,1
Missouri,2023-11-06,2023,45,0,1
Missouri,2023-11-13,2023,46,0,1
Missouri,2023-11-20,2023,47,0,1
Missouri,2023-11-27,2023,48,0,1
Missouri,2023-12-04,2023,49,0,1
Missouri,2023-12-11,2023,50,0,1
Missouri,2023-12-18,2023,51,0,1
Missouri,2023-12-25,2023,52,0,1
Missouri,2024-01-08,2024,1,1,1
Missouri,2024-01-15,2024,2,0,1
Missouri,2024-01-22,2024,3,0,1
Missouri,2024-01-29,2024,4,0,1
Missouri,2024-02-05,2024,5,0,1
Missouri,2024-02-12,2024,6,0,1
Missouri,2024-02-19,2024,7,0,1
Missouri,2024-02-26,2024,8,0,1
Missouri,2024-03-04,2024,9,0,1
Missouri,2024-03-11,2024,10,0,1
Missouri,2024-03-18,2024,11,0,1
Missouri,2024-03-25,2024,12,0,1
Missouri,2024-04-01,2024,13,0,1
Missouri,2024-04-08,2024,14,0,1
Missouri,2024-04-15,2024,15,0,1
Missouri,2024-04-22,2024,16,0,1
Missouri,2024-04-29,2024,17,0,1
Missouri,2024-05-06,2024,18,0,1
Missouri,2024-05-13,2024,19,0,1
Missouri,2024-05-20,2024,20,0,1
Missouri,2024-05-27,2024,21,0,1
Missouri,2024-06-03,2024,22,0,1
Missouri,2024-06-10,2024,23,0,1
Missouri,2024-06-17,2024,24,0,1
Missouri,2024-06-24,2024,25,0,1
Missouri,2024-07-01,2024,26,0,1
Missouri,2024-07-08,2024,27,0,1
Missouri,2024-07-15,2024,28,0,1
Missouri,2024-07-22,2024,29,0,1
Missouri,2024-07-29,2024,30,0,1
Missouri,2024-08-05,2024,31,0,1
Missouri,2024-08-12,2024,32,0,1
Missouri,2024-08-19,2024,33,0,1
Missouri,2024-08-26,2024,34,0,1
Missouri,2024-09-02,2024,35,0,1
Missouri,2024-09-09,2024,36,0,1
Missouri,2024-09-16,2024,37,0,1
Missouri,2024-09-23,2024,38,0,1
Missouri,2024-09-30,2024,39,0,1
Missouri,2024-10-07,2024,40,0,1
Missouri,2024-10-14,2024,41,0,1
Missouri,2024-10-21,2024,42,0,1
Missouri,2024-10-28,2024,43,0,1
Missouri,2024-11-04,2024,44,0,1
Missouri,2024-11-11,2024,45,0,1
Missouri,2024-11-18,2024,46,0,1
Missouri,2024-11-25,2024,47,0,1
Missouri,2024-12-02,2024,48,0,1
Missouri,2024-12-09,2024,49,0,1
Missouri,2024-12-16,2024,50,0,1
Missouri,2024-12-23,2024,51,0,1
Missouri,2024-12-30,2024,52,0,1
Missouri,2025-01-06,2025,1,1,1
Missouri,2025-01-13,2025,2,0,1
Missouri,2025-01-20,2025,3,0,1
Missouri,2025-01-27,2025,4,0,0
Missouri,2025-02-03,2025,5,0,0
Missouri,2025-02-10,2025,6,0,0
Missouri,2025-02-17,2025,7,0,0
Missouri,2025-02-24,2025,8,0,0
Missouri,2025-03-03,2025,9,0,0
Missouri,2025-03-10,2025,10,0,0
Missouri,2025-03-17,2025,11,0,0
Missouri,2025-03-24,2025,12,0,0
Missouri,2025-03-31,2025,13,0,0
Missouri,2025-04-07,2025,14,0,0
Missouri,2025-04-14,2025,15,0,0
Missouri,2025-04-21,2025,16,0,0
Missouri,2025-04-28,2025,17,0,0
Missouri,2025-05-05,2025,18,0,0
Missouri,2025-05-12,2025,19,0,0
Missouri,2025-05-19,2025,20,0,0
Missouri,2025-05-26,2025,21,0,0
Missouri,2025-06-02,2025,22,0,0
Missouri,2025-06-09,2025,23,0,0
Missouri,2025-06-16,2025,24,0,0
Missouri,2025-06-23,2025,25,0,0
Missouri,2025-06-30,2025,26,0,0
Missouri,2025-07-07,2025,27,0,0
Missouri,2025-07-14,2025,28,0,0
Missouri,2025-07-21,2025,29,0,0
Missouri,2025-07-28,2025,30,0,0
Missouri,2025-08-04,2025,31,0,0
Missouri,2025-08-11,2025,32,0,0
Missouri,2025-08-18,2025,33,0,0
Missouri,2025-08-25,2025,34,0,0
Missouri,2025-09-01,2025,35,0,0
Missouri,2025-09-08,2025,36,0,0
Missouri,2025-09-15,2025,37,0,0
Missouri,2025-09-22,2025,38,0,0
Missouri,2025-09-29,2025,39,0,0
Missouri,2025-10-06,2025,40,0,0
Missouri,2025-10-13,2025,41,0,0
Missouri,2025-10-20,2025,42,0,0
Missouri,2025-10-27,2025,43,0,0
Missouri,2025-11-03,2025,44,0,0
Missouri,2025-11-10,2025,45,0,0
Missouri,2025-11-17,2025,46,0,0
Missouri,2025-11-24,2025,47,0,0
Missouri,2025-12-01,2025,48,0,0
Missouri,2025-12-08,2025,49,0,0
Missouri,2025-12-15,2025,50,0,0
Missouri,2025-12-22,2025,51,0,0
Missouri,2025-12-29,2025,52,0,0
Missouri,2026-01-05,2026,1,0,0
Missouri,2026-01-12,2026,2,0,0
Missouri,2026-01-19,2026,3,0,0
Missouri,2026-01-26,2026,4,0,0
Missouri,2026-02-02,2026,5,0,0
Missouri,2026-02-09,2026,6,0,0
Missouri,2026-02-16,2026,7,0,0
Missouri,2026-02-23,2026,8,0,0
Missouri,2026-03-02,2026,9,0,0
Missouri,2026-03-09,2026,10,0,0
Missouri,2026-03-16,2026,11,0,0
Missouri,2026-03-23,2026,12,0,0
Missouri,2026-03-30,2026,13,0,0
Missouri,2026-04-06,2026,14,0,0
Missouri,2026-04-13,2026,15,0,0
Missouri,2026-04-20,2026,16,0,0
Missouri,2026-04-27,2026,17,0,0
Missouri,2026-05-04,2026,18,0,0
Missouri,2026-05-11,2026,19,0,0
Missouri,2026-05-18,2026,20,0,0
Missouri,2026-05-25,2026,21,0,0
Missouri,2026-06-01,2026,22,0,0
Missouri,2026-06-08,2026,23,0,0
Missouri,2026-06-15,2026,24,0,0
Missouri,2026-06-22,2026,25,0,0
Missouri,2026-06-29,2026,26,12,12
Missouri,2026-07-06,2026,27,0,0
Missouri,2026-07-13,2026,28,0,0
Missouri,2026-07-20,2026,29,0,0
Missouri,2026-07-27,2026,30,0,0
Missouri,2026-08-03,2026,31,0,0
Missouri,2026-08-10,2026,32,0,0
Missouri,2026-08-17,2026,33,0,0
Missouri,2026-08-24,2026,34,0,0
Missouri,2026-08-31,2026,35,0,0
Missouri,NA,2025,53,0,0
Montana,2022-01-03,2022,1,0,0
Montana,2022-01-10,2022,2,0,0
Montana,2022-01-17,2022,3,0,0
Montana,2022-01-24,2022,4,0,0
Montana,2022-01-31,2022,5,0,0
Montana,2022-02-07,2022,6,0,0
Montana,2022-02-14,2022,7,0,0
Montana,2022-02-21,2022,8,0,0
Montana,2022-02-28,2022,9,0,0
Montana,2022-03-07,2022,10,0,0
Montana,2022-03-14,2022,11,0,0
Montana,2022-03-21,2022,12,0,0
Montana,2022-03-28,2022,13,0,0
Montana,2022-04-04,2022,14,0,0
Montana,2022-04-11,2022,15,0,0
Montana,2022-04-18,2022,16,0,0
Montana,2022-04-25,2022,17,0,0
Montana,2022-05-02,2022,18,0,0
Montana,2022-05-09,2022,19,0,0
Montana,2022-05-16,2022,20,0,0
Montana,2022-05-23,2022,21,0,0
Montana,2022-05-30,2022,22,0,0
Montana,2022-06-06,2022,23,0,0
Montana,2022-06-13,2022,24,0,0
Montana,2022-06-20,2022,25,0,0
Montana,2022-06-27,2022,26,0,0
Montana,2022-07-04,2022,27,0,0
Montana,2022-07-11,2022,28,0,0
Montana,2022-07-18,2022,29,0,0
Montana,2022-07-25,2022,30,0,0
Montana,2022-08-01,2022,31,0,0
Montana,2022-08-08,2022,32,0,0
Montana,2022-08-15,2022,33,0,0
Montana,2022-08-22,2022,34,0,0
Montana,2022-08-29,2022,35,0,0
Montana,2022-09-05,2022,36,0,0
Montana,2022-09-12,2022,37,0,0
Montana,2022-09-19,2022,38,0,0
Montana,2022-09-26,2022,39,0,0
Montana,2022-10-03,2022,40,0,0
Montana,2022-10-10,2022,41,0,0
Montana,2022-10-17,2022,42,0,0
Montana,2022-10-24,2022,43,0,0
Montana,2022-10-31,2022,44,0,0
Montana,2022-11-07,2022,45,0,0
Montana,2022-11-14,2022,46,0,0
Montana,2022-11-21,2022,47,0,0
Montana,2022-11-28,2022,48,0,0
Montana,2022-12-05,2022,49,0,0
Montana,2022-12-12,2022,50,0,0
Montana,2022-12-19,2022,51,0,0
Montana,2022-12-26,2022,52,0,0
Montana,2023-01-02,2023,1,0,0
Montana,2023-01-09,2023,2,0,0
Montana,2023-01-16,2023,3,0,0
Montana,2023-01-23,2023,4,0,0
Montana,2023-01-30,2023,5,0,0
Montana,2023-02-06,2023,6,0,0
Montana,2023-02-13,2023,7,0,0
Montana,2023-02-20,2023,8,0,0
Montana,2023-02-27,2023,9,0,0
Montana,2023-03-06,2023,10,0,0
Montana,2023-03-13,2023,11,0,0
Montana,2023-03-20,2023,12,0,0
Montana,2023-03-27,2023,13,0,0
Montana,2023-04-03,2023,14,0,0
Montana,2023-04-10,2023,15,0,0
Montana,2023-04-17,2023,16,0,0
Montana,2023-04-24,2023,17,0,0
Montana,2023-05-01,2023,18,0,0
Montana,2023-05-08,2023,19,0,0
Montana,2023-05-15,2023,20,0,0
Montana,2023-05-22,2023,21,0,0
Montana,2023-05-29,2023,22,0,0
Montana,2023-06-05,2023,23,0,0
Montana,2023-06-12,2023,24,0,0
Montana,2023-06-19,2023,25,0,0
Montana,2023-06-26,2023,26,0,0
Montana,2023-07-03,2023,27,0,0
Montana,2023-07-10,2023,28,0,0
Montana,2023-07-17,2023,29,0,0
Montana,2023-07-24,2023,30,0,0
Montana,2023-07-31,2023,31,0,0
Montana,2023-08-07,2023,32,0,0
Montana,2023-08-14,2023,33,0,0
Montana,2023-08-21,2023,34,0,0
Montana,2023-08-28,2023,35,0,0
Montana,2023-09-04,2023,36,0,0
Montana,2023-09-11,2023,37,0,0
Montana,2023-09-18,2023,38,0,0
Montana,2023-09-25,2023,39,0,0
Montana,2023-10-02,2023,40,0,0
Montana,2023-10-09,2023,41,0,0
Montana,2023-10-16,2023,42,0,0
Montana,2023-10-23,2023,43,0,0
Montana,2023-10-30,2023,44,0,0
Montana,2023-11-06,2023,45,0,0
Montana,2023-11-13,2023,46,0,0
Montana,2023-11-20,2023,47,0,0
Montana,2023-11-27,2023,48,0,0
Montana,2023-12-04,2023,49,0,0
Montana,2023-12-11,2023,50,0,0
Montana,2023-12-18,2023,51,0,0
Montana,2023-12-25,2023,52,0,0
Montana,2024-01-08,2024,1,0,0
Montana,2024-01-15,2024,2,0,0
Montana,2024-01-22,2024,3,0,0
Montana,2024-01-29,2024,4,0,0
Montana,2024-02-05,2024,5,0,0
Montana,2024-02-12,2024,6,0,0
Montana,2024-02-19,2024,7,0,0
Montana,2024-02-26,2024,8,0,0
Montana,2024-03-04,2024,9,0,0
Montana,2024-03-11,2024,10,0,0
Montana,2024-03-18,2024,11,0,0
Montana,2024-03-25,2024,12,0,0
Montana,2024-04-01,2024,13,0,0
Montana,2024-04-08,2024,14,0,0
Montana,2024-04-15,2024,15,0,0
Montana,2024-04-22,2024,16,0,0
Montana,2024-04-29,2024,17,0,0
Montana,2024-05-06,2024,18,0,0
Montana,2024-05-13,2024,19,0,0
Montana,2024-05-20,2024,20,0,0
Montana,2024-05-27,2024,21,0,0
Montana,2024-06-03,2024,22,0,0
Montana,2024-06-10,2024,23,0,0
Montana,2024-06-17,2024,24,0,0
Montana,2024-06-24,2024,25,0,0
Montana,2024-07-01,2024,26,0,0
Montana,2024-07-08,2024,27,0,0
Montana,2024-07-15,2024,28,0,0
Montana,2024-07-22,2024,29,0,0
Montana,2024-07-29,2024,30,0,0
Montana,2024-08-05,2024,31,0,0
Montana,2024-08-12,2024,32,0,0
Montana,2024-08-19,2024,33,0,0
Montana,2024-08-26,2024,34,0,0
Montana,2024-09-02,2024,35,0,0
Montana,2024-09-09,2024,36,0,0
Montana,2024-09-16,2024,37,0,0
Montana,2024-09-23,2024,38,0,0
Montana,2024-09-30,2024,39,0,0
Montana,2024-10-07,2024,40,0,0
Montana,2024-10-14,2024,41,0,0
Montana,2024-10-21,2024,42,0,0
Montana,2024-10-28,2024,43,0,0
Montana,2024-11-04,2024,44,0,0
Montana,2024-11-11,2024,45,0,0
Montana,2024-11-18,2024,46,0,0
Montana,2024-11-25,2024,47,0,0
Montana,2024-12-02,2024,48,0,0
Montana,2024-12-09,2024,49,0,0
Montana,2024-12-16,2024,50,0,0
Montana,2024-12-23,2024,51,0,0
Montana,2024-12-30,2024,52,0,0
Montana,2025-01-06,2025,1,0,0
Montana,2025-01-13,2025,2,0,0
Montana,2025-01-20,2025,3,0,0
Montana,2025-01-27,2025,4,0,0
Montana,2025-02-03,2025,5,0,0
Montana,2025-02-10,2025,6,0,0
Montana,2025-02-17,2025,7,0,0
Montana,2025-02-24,2025,8,0,0
Montana,2025-03-03,2025,9,0,0
Montana,2025-03-10,2025,10,0,0
Montana,2025-03-17,2025,11,0,0
Montana,2025-03-24,2025,12,0,0
Montana,2025-03-31,2025,13,0,0
Montana,2025-04-07,2025,14,0,0
Montana,2025-04-14,2025,15,0,0
Montana,2025-04-21,2025,16,0,0
Montana,2025-04-28,2025,17,5,5
Montana,2025-05-05,2025,18,0,5
Montana,2025-05-12,2025,19,0,5
Montana,2025-05-19,2025,20,0,5
Montana,2025-05-26,2025,21,0,5
Montana,2025-06-02,2025,22,0,5
Montana,2025-06-09,2025,23,2,7
Montana,2025-06-16,2025,24,0,7
Montana,2025-06-23,2025,25,0,7
Montana,2025-06-30,2025,26,0,7
Montana,2025-07-07,2025,27,0,7
Montana,2025-07-14,2025,28,0,7
Montana,2025-07-21,2025,29,0,7
Montana,2025-07-28,2025,30,0,7
Montana,2025-08-04,2025,31,0,7
Montana,2025-08-11,2025,32,0,7
Montana,2025-08-18,2025,33,0,7
Montana,2025-08-25,2025,34,0,7
Montana,2025-09-01,2025,35,0,7
Montana,2025-09-08,2025,36,0,7
Montana,2025-09-15,2025,37,0,7
Montana,2025-09-22,2025,38,0,7
Montana,2025-09-29,2025,39,0,7
Montana,2025-10-06,2025,40,0,7
Montana,2025-10-13,2025,41,0,7
Montana,2025-10-20,2025,42,0,7
Montana,2025-10-27,2025,43,0,7
Montana,2025-11-03,2025,44,0,7
Montana,2025-11-10,2025,45,0,7
Montana,2025-11-17,2025,46,0,7
Montana,2025-11-24,2025,47,0,7
Montana,2025-12-01,2025,48,0,7
Montana,2025-12-08,2025,49,0,7
Montana,2025-12-15,2025,50,0,7
Montana,2025-12-22,2025,51,0,7
Montana,2025-12-29,2025,52,0,7
Montana,2026-01-05,2026,1,7,7
Montana,2026-01-12,2026,2,0,7
Montana,2026-01-19,2026,3,0,7
Montana,2026-01-26,2026,4,0,7
Montana,2026-02-02,2026,5,0,7
Montana,2026-02-09,2026,6,0,7
Montana,2026-02-16,2026,7,0,7
Montana,2026-02-23,2026,8,0,7
Montana,2026-03-02,2026,9,0,7
Montana,2026-03-09,2026,10,0,7
Montana,2026-03-16,2026,11,0,7
Montana,2026-03-23,2026,12,0,7
Montana,2026-03-30,2026,13,0,7
Montana,2026-04-06,2026,14,0,7
Montana,2026-04-13,2026,15,0,7
Montana,2026-04-20,2026,16,0,6
Montana,2026-04-27,2026,17,0,5
Montana,2026-05-04,2026,18,0,5
Montana,2026-05-11,2026,19,0,5
Montana,2026-05-18,2026,20,0,5
Montana,2026-05-25,2026,21,0,5
Montana,2026-06-01,2026,22,0,4
Montana,2026-06-08,2026,23,0,4
Montana,2026-06-15,2026,24,0,4
Montana,2026-06-22,2026,25,0,4
Montana,2026-06-29,2026,26,0,4
Montana,2026-07-06,2026,27,0,4
Montana,2026-07-13,2026,28,0,4
Montana,2026-07-20,2026,29,0,3
Montana,2026-07-27,2026,30,0,3
Montana,2026-08-03,2026,31,0,3
Montana,2026-08-10,2026,32,0,3
Montana,2026-08-17,2026,33,0,3
Montana,2026-08-24,2026,34,0,3
Montana,2026-08-31,2026,35,0,3
Montana,NA,2025,53,0,7
Nebraska,2022-01-03,2022,1,0,0
Nebraska,2022-01-10,2022,2,0,0
Nebraska,2022-01-17,2022,3,0,0
Nebraska,2022-01-24,2022,4,0,0
Nebraska,2022-01-31,2022,5,0,0
Nebraska,2022-02-07,2022,6,0,0
Nebraska,2022-02-14,2022,7,0,0
Nebraska,2022-02-21,2022,8,0,0
Nebraska,2022-02-28,2022,9,0,0
Nebraska,2022-03-07,2022,10,0,0
Nebraska,2022-03-14,2022,11,0,0
Nebraska,2022-03-21,2022,12,0,0
Nebraska,2022-03-28,2022,13,0,0
Nebraska,2022-04-04,2022,14,0,0
Nebraska,2022-04-11,2022,15,0,0
Nebraska,2022-04-18,2022,16,0,0
Nebraska,2022-04-25,2022,17,0,0
Nebraska,2022-05-02,2022,18,0,0
Nebraska,2022-05-09,2022,19,0,0
Nebraska,2022-05-16,2022,20,0,0
Nebraska,2022-05-23,2022,21,0,0
Nebraska,2022-05-30,2022,22,0,0
Nebraska,2022-06-06,2022,23,0,0
Nebraska,2022-06-13,2022,24,0,0
Nebraska,2022-06-20,2022,25,0,0
Nebraska,2022-06-27,2022,26,0,0
Nebraska,2022-07-04,2022,27,0,0
Nebraska,2022-07-11,2022,28,0,0
Nebraska,2022-07-18,2022,29,0,0
Nebraska,2022-07-25,2022,30,0,0
Nebraska,2022-08-01,2022,31,0,0
Nebraska,2022-08-08,2022,32,0,0
Nebraska,2022-08-15,2022,33,0,0
Nebraska,2022-08-22,2022,34,0,0
Nebraska,2022-08-29,2022,35,0,0
Nebraska,2022-09-05,2022,36,0,0
Nebraska,2022-09-12,2022,37,0,0
Nebraska,2022-09-19,2022,38,0,0
Nebraska,2022-09-26,2022,39,0,0
Nebraska,2022-10-03,2022,40,0,0
Nebraska,2022-10-10,2022,41,0,0
Nebraska,2022-10-17,2022,42,0,0
Nebraska,2022-10-24,2022,43,0,0
Nebraska,2022-10-31,2022,44,0,0
Nebraska,2022-11-07,2022,45,0,0
Nebraska,2022-11-14,2022,46,0,0
Nebraska,2022-11-21,2022,47,0,0
Nebraska,2022-11-28,2022,48,0,0
Nebraska,2022-12-05,2022,49,0,0
Nebraska,2022-12-12,2022,50,0,0
Nebraska,2022-12-19,2022,51,0,0
Nebraska,2022-12-26,2022,52,0,0
Nebraska,2023-01-02,2023,1,0,0
Nebraska,2023-01-09,2023,2,0,0
Nebraska,2023-01-16,2023,3,0,0
Nebraska,2023-01-23,2023,4,0,0
Nebraska,2023-01-30,2023,5,0,0
Nebraska,2023-02-06,2023,6,0,0
Nebraska,2023-02-13,2023,7,0,0
Nebraska,2023-02-20,2023,8,0,0
Nebraska,2023-02-27,2023,9,0,0
Nebraska,2023-03-06,2023,10,0,0
Nebraska,2023-03-13,2023,11,0,0
Nebraska,2023-03-20,2023,12,0,0
Nebraska,2023-03-27,2023,13,0,0
Nebraska,2023-04-03,2023,14,0,0
Nebraska,2023-04-10,2023,15,0,0
Nebraska,2023-04-17,2023,16,0,0
Nebraska,2023-04-24,2023,17,0,0
Nebraska,2023-05-01,2023,18,0,0
Nebraska,2023-05-08,2023,19,0,0
Nebraska,2023-05-15,2023,20,0,0
Nebraska,2023-05-22,2023,21,0,0
Nebraska,2023-05-29,2023,22,0,0
Nebraska,2023-06-05,2023,23,0,0
Nebraska,2023-06-12,2023,24,0,0
Nebraska,2023-06-19,2023,25,0,0
Nebraska,2023-06-26,2023,26,0,0
Nebraska,2023-07-03,2023,27,0,0
Nebraska,2023-07-10,2023,28,0,0
Nebraska,2023-07-17,2023,29,0,0
Nebraska,2023-07-24,2023,30,0,0
Nebraska,2023-07-31,2023,31,0,0
Nebraska,2023-08-07,2023,32,0,0
Nebraska,2023-08-14,2023,33,0,0
Nebraska,2023-08-21,2023,34,0,0
Nebraska,2023-08-28,2023,35,0,0
Nebraska,2023-09-04,2023,36,0,0
Nebraska,2023-09-11,2023,37,0,0
Nebraska,2023-09-18,2023,38,0,0
Nebraska,2023-09-25,2023,39,0,0
Nebraska,2023-10-02,2023,40,0,0
Nebraska,2023-10-09,2023,41,0,0
Nebraska,2023-10-16,2023,42,0,0
Nebraska,2023-10-23,2023,43,0,0
Nebraska,2023-10-30,2023,44,0,0
Nebraska,2023-11-06,2023,45,0,0
Nebraska,2023-11-13,2023,46,0,0
Nebraska,2023-11-20,2023,47,0,0
Nebraska,2023-11-27,2023,48,0,0
Nebraska,2023-12-04,2023,49,0,0
Nebraska,2023-12-11,2023,50,0,0
Nebraska,2023-12-18,2023,51,0,0
Nebraska,2023-12-25,2023,52,0,0
Nebraska,2024-01-08,2024,1,0,0
Nebraska,2024-01-15,2024,2,0,0
Nebraska,2024-01-22,2024,3,0,0
Nebraska,2024-01-29,2024,4,0,0
Nebraska,2024-02-05,2024,5,0,0
Nebraska,2024-02-12,2024,6,0,0
Nebraska,2024-02-19,2024,7,0,0
Nebraska,2024-02-26,2024,8,0,0
Nebraska,2024-03-04,2024,9,0,0
Nebraska,2024-03-11,2024,10,0,0
Nebraska,2024-03-18,2024,11,0,0
Nebraska,2024-03-25,2024,12,0,0
Nebraska,2024-04-01,2024,13,0,0
Nebraska,2024-04-08,2024,14,0,0
Nebraska,2024-04-15,2024,15,0,0
Nebraska,2024-04-22,2024,16,0,0
Nebraska,2024-04-29,2024,17,0,0
Nebraska,2024-05-06,2024,18,0,0
Nebraska,2024-05-13,2024,19,0,0
Nebraska,2024-05-20,2024,20,0,0
Nebraska,2024-05-27,2024,21,0,0
Nebraska,2024-06-03,2024,22,0,0
Nebraska,2024-06-10,2024,23,0,0
Nebraska,2024-06-17,2024,24,0,0
Nebraska,2024-06-24,2024,25,0,0
Nebraska,2024-07-01,2024,26,0,0
Nebraska,2024-07-08,2024,27,0,0
Nebraska,2024-07-15,2024,28,0,0
Nebraska,2024-07-22,2024,29,0,0
Nebraska,2024-07-29,2024,30,0,0
Nebraska,2024-08-05,2024,31,0,0
Nebraska,2024-08-12,2024,32,0,0
Nebraska,2024-08-19,2024,33,0,0
Nebraska,2024-08-26,2024,34,0,0
Nebraska,2024-09-02,2024,35,0,0
Nebraska,2024-09-09,2024,36,0,0
Nebraska,2024-09-16,2024,37,0,0
Nebraska,2024-09-23,2024,38,0,0
Nebraska,2024-09-30,2024,39,0,0
Nebraska,2024-10-07,2024,40,0,0
Nebraska,2024-10-14,2024,41,0,0
Nebraska,2024-10-21,2024,42,0,0
Nebraska,2024-10-28,2024,43,0,0
Nebraska,2024-11-04,2024,44,0,0
Nebraska,2024-11-11,2024,45,0,0
Nebraska,2024-11-18,2024,46,0,0
Nebraska,2024-11-25,2024,47,0,0
Nebraska,2024-12-02,2024,48,0,0
Nebraska,2024-12-09,2024,49,0,0
Nebraska,2024-12-16,2024,50,0,0
Nebraska,2024-12-23,2024,51,0,0
Nebraska,2024-12-30,2024,52,0,0
Nebraska,2025-01-06,2025,1,0,0
Nebraska,2025-01-13,2025,2,0,0
Nebraska,2025-01-20,2025,3,0,0
Nebraska,2025-01-27,2025,4,0,0
Nebraska,2025-02-03,2025,5,0,0
Nebraska,2025-02-10,2025,6,0,0
Nebraska,2025-02-17,2025,7,0,0
Nebraska,2025-02-24,2025,8,0,0
Nebraska,2025-03-03,2025,9,0,0
Nebraska,2025-03-10,2025,10,0,0
Nebraska,2025-03-17,2025,11,0,0
Nebraska,2025-03-24,2025,12,0,0
Nebraska,2025-03-31,2025,13,0,0
Nebraska,2025-04-07,2025,14,0,0
Nebraska,2025-04-14,2025,15,0,0
Nebraska,2025-04-21,2025,16,0,0
Nebraska,2025-04-28,2025,17,0,0
Nebraska,2025-05-05,2025,18,0,0
Nebraska,2025-05-12,2025,19,0,0
Nebraska,2025-05-19,2025,20,0,0
Nebraska,2025-05-26,2025,21,0,0
Nebraska,2025-06-02,2025,22,0,0
Nebraska,2025-06-09,2025,23,1,1
Nebraska,2025-06-16,2025,24,0,1
Nebraska,2025-06-23,2025,25,0,1
Nebraska,2025-06-30,2025,26,0,1
Nebraska,2025-07-07,2025,27,0,1
Nebraska,2025-07-14,2025,28,0,1
Nebraska,2025-07-21,2025,29,0,1
Nebraska,2025-07-28,2025,30,0,1
Nebraska,2025-08-04,2025,31,0,1
Nebraska,2025-08-11,2025,32,0,1
Nebraska,2025-08-18,2025,33,0,1
Nebraska,2025-08-25,2025,34,0,1
Nebraska,2025-09-01,2025,35,0,1
Nebraska,2025-09-08,2025,36,0,1
Nebraska,2025-09-15,2025,37,0,1
Nebraska,2025-09-22,2025,38,0,1
Nebraska,2025-09-29,2025,39,0,1
Nebraska,2025-10-06,2025,40,0,1
Nebraska,2025-10-13,2025,41,0,1
Nebraska,2025-10-20,2025,42,0,1
Nebraska,2025-10-27,2025,43,0,1
Nebraska,2025-11-03,2025,44,0,1
Nebraska,2025-11-10,2025,45,0,1
Nebraska,2025-11-17,2025,46,0,1
Nebraska,2025-11-24,2025,47,0,1
Nebraska,2025-12-01,2025,48,0,1
Nebraska,2025-12-08,2025,49,0,1
Nebraska,2025-12-15,2025,50,0,1
Nebraska,2025-12-22,2025,51,0,1
Nebraska,2025-12-29,2025,52,0,1
Nebraska,2026-01-05,2026,1,1,1
Nebraska,2026-01-12,2026,2,0,1
Nebraska,2026-01-19,2026,3,0,1
Nebraska,2026-01-26,2026,4,0,1
Nebraska,2026-02-02,2026,5,0,1
Nebraska,2026-02-09,2026,6,0,1
Nebraska,2026-02-16,2026,7,0,1
Nebraska,2026-02-23,2026,8,0,1
Nebraska,2026-03-02,2026,9,0,1
Nebraska,2026-03-09,2026,10,0,1
Nebraska,2026-03-16,2026,11,0,1
Nebraska,2026-03-23,2026,12,0,1
Nebraska,2026-03-30,2026,13,0,1
Nebraska,2026-04-06,2026,14,0,1
Nebraska,2026-04-13,2026,15,0,1
Nebraska,2026-04-20,2026,16,0,1
Nebraska,2026-04-27,2026,17,0,1
Nebraska,2026-05-04,2026,18,0,1
Nebraska,2026-05-11,2026,19,0,1
Nebraska,2026-05-18,2026,20,0,1
Nebraska,2026-05-25,2026,21,0,1
Nebraska,2026-06-01,2026,22,0,1
Nebraska,2026-06-08,2026,23,0,1
Nebraska,2026-06-15,2026,24,0,1
Nebraska,2026-06-22,2026,25,0,1
Nebraska,2026-06-29,2026,26,0,1
Nebraska,2026-07-06,2026,27,0,1
Nebraska,2026-07-13,2026,28,0,1
Nebraska,2026-07-20,2026,29,0,1
Nebraska,2026-07-27,2026,30,0,1
Nebraska,2026-08-03,2026,31,0,1
Nebraska,2026-08-10,2026,32,0,1
Nebraska,2026-08-17,2026,33,0,1
Nebraska,2026-08-24,2026,34,0,1
Nebraska,2026-08-31,2026,35,0,1
Nebraska,NA,2025,53,0,1
Nevada,2022-01-03,2022,1,0,0
Nevada,2022-01-10,2022,2,0,0
Nevada,2022-01-17,2022,3,0,0
Nevada,2022-01-24,2022,4,0,0
Nevada,2022-01-31,2022,5,0,0
Nevada,2022-02-07,2022,6,0,0
Nevada,2022-02-14,2022,7,0,0
Nevada,2022-02-21,2022,8,0,0
Nevada,2022-02-28,2022,9,0,0
Nevada,2022-03-07,2022,10,0,0
Nevada,2022-03-14,2022,11,0,0
Nevada,2022-03-21,2022,12,0,0
Nevada,2022-03-28,2022,13,0,0
Nevada,2022-04-04,2022,14,0,0
Nevada,2022-04-11,2022,15,0,0
Nevada,2022-04-18,2022,16,0,0
Nevada,2022-04-25,2022,17,0,0
Nevada,2022-05-02,2022,18,0,0
Nevada,2022-05-09,2022,19,0,0
Nevada,2022-05-16,2022,20,0,0
Nevada,2022-05-23,2022,21,0,0
Nevada,2022-05-30,2022,22,0,0
Nevada,2022-06-06,2022,23,0,0
Nevada,2022-06-13,2022,24,0,0
Nevada,2022-06-20,2022,25,0,0
Nevada,2022-06-27,2022,26,0,0
Nevada,2022-07-04,2022,27,0,0
Nevada,2022-07-11,2022,28,0,0
Nevada,2022-07-18,2022,29,0,0
Nevada,2022-07-25,2022,30,0,0
Nevada,2022-08-01,2022,31,0,0
Nevada,2022-08-08,2022,32,0,0
Nevada,2022-08-15,2022,33,0,0
Nevada,2022-08-22,2022,34,0,0
Nevada,2022-08-29,2022,35,0,0
Nevada,2022-09-05,2022,36,0,0
Nevada,2022-09-12,2022,37,0,0
Nevada,2022-09-19,2022,38,0,0
Nevada,2022-09-26,2022,39,0,0
Nevada,2022-10-03,2022,40,0,0
Nevada,2022-10-10,2022,41,0,0
Nevada,2022-10-17,2022,42,0,0
Nevada,2022-10-24,2022,43,0,0
Nevada,2022-10-31,2022,44,0,0
Nevada,2022-11-07,2022,45,0,0
Nevada,2022-11-14,2022,46,0,0
Nevada,2022-11-21,2022,47,0,0
Nevada,2022-11-28,2022,48,1,1
Nevada,2022-12-05,2022,49,0,1
Nevada,2022-12-12,2022,50,0,1
Nevada,2022-12-19,2022,51,0,1
Nevada,2022-12-26,2022,52,0,1
Nevada,2023-01-02,2023,1,1,1
Nevada,2023-01-09,2023,2,0,1
Nevada,2023-01-16,2023,3,0,0
Nevada,2023-01-23,2023,4,0,0
Nevada,2023-01-30,2023,5,0,0
Nevada,2023-02-06,2023,6,0,0
Nevada,2023-02-13,2023,7,0,0
Nevada,2023-02-20,2023,8,0,0
Nevada,2023-02-27,2023,9,0,0
Nevada,2023-03-06,2023,10,0,0
Nevada,2023-03-13,2023,11,0,0
Nevada,2023-03-20,2023,12,0,0
Nevada,2023-03-27,2023,13,0,0
Nevada,2023-04-03,2023,14,0,0
Nevada,2023-04-10,2023,15,0,0
Nevada,2023-04-17,2023,16,0,0
Nevada,2023-04-24,2023,17,0,0
Nevada,2023-05-01,2023,18,0,0
Nevada,2023-05-08,2023,19,0,0
Nevada,2023-05-15,2023,20,0,0
Nevada,2023-05-22,2023,21,0,0
Nevada,2023-05-29,2023,22,0,0
Nevada,2023-06-05,2023,23,0,0
Nevada,2023-06-12,2023,24,0,0
Nevada,2023-06-19,2023,25,0,0
Nevada,2023-06-26,2023,26,0,0
Nevada,2023-07-03,2023,27,0,0
Nevada,2023-07-10,2023,28,0,0
Nevada,2023-07-17,2023,29,0,0
Nevada,2023-07-24,2023,30,0,0
Nevada,2023-07-31,2023,31,0,0
Nevada,2023-08-07,2023,32,0,0
Nevada,2023-08-14,2023,33,0,0
Nevada,2023-08-21,2023,34,0,0
Nevada,2023-08-28,2023,35,0,0
Nevada,2023-09-04,2023,36,0,0
Nevada,2023-09-11,2023,37,0,0
Nevada,2023-09-18,2023,38,0,0
Nevada,2023-09-25,2023,39,0,0
Nevada,2023-10-02,2023,40,0,0
Nevada,2023-10-09,2023,41,0,0
Nevada,2023-10-16,2023,42,0,0
Nevada,2023-10-23,2023,43,0,0
Nevada,2023-10-30,2023,44,0,0
Nevada,2023-11-06,2023,45,0,0
Nevada,2023-11-13,2023,46,0,0
Nevada,2023-11-20,2023,47,0,0
Nevada,2023-11-27,2023,48,0,0
Nevada,2023-12-04,2023,49,0,0
Nevada,2023-12-11,2023,50,0,0
Nevada,2023-12-18,2023,51,0,0
Nevada,2023-12-25,2023,52,0,0
Nevada,2024-01-08,2024,1,0,0
Nevada,2024-01-15,2024,2,0,0
Nevada,2024-01-22,2024,3,0,0
Nevada,2024-01-29,2024,4,0,0
Nevada,2024-02-05,2024,5,0,0
Nevada,2024-02-12,2024,6,0,0
Nevada,2024-02-19,2024,7,0,0
Nevada,2024-02-26,2024,8,0,0
Nevada,2024-03-04,2024,9,0,0
Nevada,2024-03-11,2024,10,0,0
Nevada,2024-03-18,2024,11,0,0
Nevada,2024-03-25,2024,12,0,0
Nevada,2024-04-01,2024,13,0,0
Nevada,2024-04-08,2024,14,0,0
Nevada,2024-04-15,2024,15,0,0
Nevada,2024-04-22,2024,16,0,0
Nevada,2024-04-29,2024,17,0,0
Nevada,2024-05-06,2024,18,0,0
Nevada,2024-05-13,2024,19,0,0
Nevada,2024-05-20,2024,20,0,0
Nevada,2024-05-27,2024,21,0,0
Nevada,2024-06-03,2024,22,0,0
Nevada,2024-06-10,2024,23,0,0
Nevada,2024-06-17,2024,24,0,0
Nevada,2024-06-24,2024,25,0,0
Nevada,2024-07-01,2024,26,0,0
Nevada,2024-07-08,2024,27,0,0
Nevada,2024-07-15,2024,28,0,0
Nevada,2024-07-22,2024,29,0,0
Nevada,2024-07-29,2024,30,0,0
Nevada,2024-08-05,2024,31,0,0
Nevada,2024-08-12,2024,32,0,0
Nevada,2024-08-19,2024,33,0,0
Nevada,2024-08-26,2024,34,0,0
Nevada,2024-09-02,2024,35,0,0
Nevada,2024-09-09,2024,36,0,0
Nevada,2024-09-16,2024,37,0,0
Nevada,2024-09-23,2024,38,0,0
Nevada,2024-09-30,2024,39,0,0
Nevada,2024-10-07,2024,40,0,0
Nevada,2024-10-14,2024,41,0,0
Nevada,2024-10-21,2024,42,0,0
Nevada,2024-10-28,2024,43,0,0
Nevada,2024-11-04,2024,44,0,0
Nevada,2024-11-11,2024,45,0,0
Nevada,2024-11-18,2024,46,0,0
Nevada,2024-11-25,2024,47,0,0
Nevada,2024-12-02,2024,48,0,0
Nevada,2024-12-09,2024,49,0,0
Nevada,2024-12-16,2024,50,0,0
Nevada,2024-12-23,2024,51,0,0
Nevada,2024-12-30,2024,52,0,0
Nevada,2025-01-06,2025,1,0,0
Nevada,2025-01-13,2025,2,0,0
Nevada,2025-01-20,2025,3,0,0
Nevada,2025-01-27,2025,4,0,0
Nevada,2025-02-03,2025,5,0,0
Nevada,2025-02-10,2025,6,0,0
Nevada,2025-02-17,2025,7,0,0
Nevada,2025-02-24,2025,8,0,0
Nevada,2025-03-03,2025,9,0,0
Nevada,2025-03-10,2025,10,0,0
Nevada,2025-03-17,2025,11,0,0
Nevada,2025-03-24,2025,12,0,0
Nevada,2025-03-31,2025,13,0,0
Nevada,2025-04-07,2025,14,0,0
Nevada,2025-04-14,2025,15,0,0
Nevada,2025-04-21,2025,16,0,0
Nevada,2025-04-28,2025,17,0,0
Nevada,2025-05-05,2025,18,0,0
Nevada,2025-05-12,2025,19,0,0
Nevada,2025-05-19,2025,20,0,0
Nevada,2025-05-26,2025,21,0,0
Nevada,2025-06-02,2025,22,0,0
Nevada,2025-06-09,2025,23,0,0
Nevada,2025-06-16,2025,24,0,0
Nevada,2025-06-23,2025,25,0,0
Nevada,2025-06-30,2025,26,0,0
Nevada,2025-07-07,2025,27,0,0
Nevada,2025-07-14,2025,28,0,0
Nevada,2025-07-21,2025,29,0,0
Nevada,2025-07-28,2025,30,0,0
Nevada,2025-08-04,2025,31,0,0
Nevada,2025-08-11,2025,32,0,0
Nevada,2025-08-18,2025,33,0,0
Nevada,2025-08-25,2025,34,0,0
Nevada,2025-09-01,2025,35,0,0
Nevada,2025-09-08,2025,36,0,0
Nevada,2025-09-15,2025,37,0,0
Nevada,2025-09-22,2025,38,0,0
Nevada,2025-09-29,2025,39,0,0
Nevada,2025-10-06,2025,40,0,0
Nevada,2025-10-13,2025,41,0,0
Nevada,2025-10-20,2025,42,0,0
Nevada,2025-10-27,2025,43,0,0
Nevada,2025-11-03,2025,44,0,0
Nevada,2025-11-10,2025,45,0,0
Nevada,2025-11-17,2025,46,0,0
Nevada,2025-11-24,2025,47,0,0
Nevada,2025-12-01,2025,48,0,0
Nevada,2025-12-08,2025,49,0,0
Nevada,2025-12-15,2025,50,1,1
Nevada,2025-12-22,2025,51,0,1
Nevada,2025-12-29,2025,52,0,1
Nevada,2026-01-05,2026,1,2,2
Nevada,2026-01-12,2026,2,0,2
Nevada,2026-01-19,2026,3,0,2
Nevada,2026-01-26,2026,4,0,2
Nevada,2026-02-02,2026,5,0,2
Nevada,2026-02-09,2026,6,0,2
Nevada,2026-02-16,2026,7,0,2
Nevada,2026-02-23,2026,8,0,2
Nevada,2026-03-02,2026,9,0,2
Nevada,2026-03-09,2026,10,0,2
Nevada,2026-03-16,2026,11,0,2
Nevada,2026-03-23,2026,12,0,2
Nevada,2026-03-30,2026,13,0,2
Nevada,2026-04-06,2026,14,0,2
Nevada,2026-04-13,2026,15,0,2
Nevada,2026-04-20,2026,16,0,2
Nevada,2026-04-27,2026,17,0,2
Nevada,2026-05-04,2026,18,0,2
Nevada,2026-05-11,2026,19,0,2
Nevada,2026-05-18,2026,20,0,2
Nevada,2026-05-25,2026,21,0,2
Nevada,2026-06-01,2026,22,0,2
Nevada,2026-06-08,2026,23,0,2
Nevada,2026-06-15,2026,24,0,2
Nevada,2026-06-22,2026,25,0,2
Nevada,2026-06-29,2026,26,0,2
Nevada,2026-07-06,2026,27,0,2
Nevada,2026-07-13,2026,28,0,2
Nevada,2026-07-20,2026,29,0,2
Nevada,2026-07-27,2026,30,0,1
Nevada,2026-08-03,2026,31,0,1
Nevada,2026-08-10,2026,32,0,1
Nevada,2026-08-17,2026,33,0,1
Nevada,2026-08-24,2026,34,0,1
Nevada,2026-08-31,2026,35,0,1
Nevada,NA,2025,53,1,2
New Hampshire,2022-01-03,2022,1,0,0
New Hampshire,2022-01-10,2022,2,0,0
New Hampshire,2022-01-17,2022,3,0,0
New Hampshire,2022-01-24,2022,4,0,0
New Hampshire,2022-01-31,2022,5,0,0
New Hampshire,2022-02-07,2022,6,0,0
New Hampshire,2022-02-14,2022,7,0,0
New Hampshire,2022-02-21,2022,8,0,0
New Hampshire,2022-02-28,2022,9,0,0
New Hampshire,2022-03-07,2022,10,0,0
New Hampshire,2022-03-14,2022,11,0,0
New Hampshire,2022-03-21,2022,12,0,0
New Hampshire,2022-03-28,2022,13,0,0
New Hampshire,2022-04-04,2022,14,0,0
New Hampshire,2022-04-11,2022,15,0,0
New Hampshire,2022-04-18,2022,16,0,0
New Hampshire,2022-04-25,2022,17,0,0
New Hampshire,2022-05-02,2022,18,0,0
New Hampshire,2022-05-09,2022,19,0,0
New Hampshire,2022-05-16,2022,20,0,0
New Hampshire,2022-05-23,2022,21,0,0
New Hampshire,2022-05-30,2022,22,0,0
New Hampshire,2022-06-06,2022,23,0,0
New Hampshire,2022-06-13,2022,24,0,0
New Hampshire,2022-06-20,2022,25,0,0
New Hampshire,2022-06-27,2022,26,0,0
New Hampshire,2022-07-04,2022,27,0,0
New Hampshire,2022-07-11,2022,28,0,0
New Hampshire,2022-07-18,2022,29,0,0
New Hampshire,2022-07-25,2022,30,0,0
New Hampshire,2022-08-01,2022,31,0,0
New Hampshire,2022-08-08,2022,32,0,0
New Hampshire,2022-08-15,2022,33,0,0
New Hampshire,2022-08-22,2022,34,0,0
New Hampshire,2022-08-29,2022,35,0,0
New Hampshire,2022-09-05,2022,36,0,0
New Hampshire,2022-09-12,2022,37,0,0
New Hampshire,2022-09-19,2022,38,0,0
New Hampshire,2022-09-26,2022,39,0,0
New Hampshire,2022-10-03,2022,40,0,0
New Hampshire,2022-10-10,2022,41,0,0
New Hampshire,2022-10-17,2022,42,0,0
New Hampshire,2022-10-24,2022,43,0,0
New Hampshire,2022-10-31,2022,44,0,0
New Hampshire,2022-11-07,2022,45,0,0
New Hampshire,2022-11-14,2022,46,0,0
New Hampshire,2022-11-21,2022,47,0,0
New Hampshire,2022-11-28,2022,48,0,0
New Hampshire,2022-12-05,2022,49,0,0
New Hampshire,2022-12-12,2022,50,0,0
New Hampshire,2022-12-19,2022,51,0,0
New Hampshire,2022-12-26,2022,52,0,0
New Hampshire,2023-01-02,2023,1,0,0
New Hampshire,2023-01-09,2023,2,0,0
New Hampshire,2023-01-16,2023,3,0,0
New Hampshire,2023-01-23,2023,4,0,0
New Hampshire,2023-01-30,2023,5,0,0
New Hampshire,2023-02-06,2023,6,0,0
New Hampshire,2023-02-13,2023,7,0,0
New Hampshire,2023-02-20,2023,8,0,0
New Hampshire,2023-02-27,2023,9,0,0
New Hampshire,2023-03-06,2023,10,0,0
New Hampshire,2023-03-13,2023,11,0,0
New Hampshire,2023-03-20,2023,12,0,0
New Hampshire,2023-03-27,2023,13,0,0
New Hampshire,2023-04-03,2023,14,0,0
New Hampshire,2023-04-10,2023,15,0,0
New Hampshire,2023-04-17,2023,16,0,0
New Hampshire,2023-04-24,2023,17,0,0
New Hampshire,2023-05-01,2023,18,0,0
New Hampshire,2023-05-08,2023,19,0,0
New Hampshire,2023-05-15,2023,20,0,0
New Hampshire,2023-05-22,2023,21,0,0
New Hampshire,2023-05-29,2023,22,0,0
New Hampshire,2023-06-05,2023,23,0,0
New Hampshire,2023-06-12,2023,24,0,0
New Hampshire,2023-06-19,2023,25,0,0
New Hampshire,2023-06-26,2023,26,0,0
New Hampshire,2023-07-03,2023,27,0,0
New Hampshire,2023-07-10,2023,28,0,0
New Hampshire,2023-07-17,2023,29,0,0
New Hampshire,2023-07-24,2023,30,0,0
New Hampshire,2023-07-31,2023,31,0,0
New Hampshire,2023-08-07,2023,32,0,0
New Hampshire,2023-08-14,2023,33,0,0
New Hampshire,2023-08-21,2023,34,0,0
New Hampshire,2023-08-28,2023,35,0,0
New Hampshire,2023-09-04,2023,36,0,0
New Hampshire,2023-09-11,2023,37,0,0
New Hampshire,2023-09-18,2023,38,0,0
New Hampshire,2023-09-25,2023,39,0,0
New Hampshire,2023-10-02,2023,40,0,0
New Hampshire,2023-10-09,2023,41,0,0
New Hampshire,2023-10-16,2023,42,0,0
New Hampshire,2023-10-23,2023,43,0,0
New Hampshire,2023-10-30,2023,44,0,0
New Hampshire,2023-11-06,2023,45,0,0
New Hampshire,2023-11-13,2023,46,0,0
New Hampshire,2023-11-20,2023,47,0,0
New Hampshire,2023-11-27,2023,48,0,0
New Hampshire,2023-12-04,2023,49,0,0
New Hampshire,2023-12-11,2023,50,0,0
New Hampshire,2023-12-18,2023,51,0,0
New Hampshire,2023-12-25,2023,52,0,0
New Hampshire,2024-01-08,2024,1,0,0
New Hampshire,2024-01-15,2024,2,0,0
New Hampshire,2024-01-22,2024,3,0,0
New Hampshire,2024-01-29,2024,4,0,0
New Hampshire,2024-02-05,2024,5,0,0
New Hampshire,2024-02-12,2024,6,0,0
New Hampshire,2024-02-19,2024,7,0,0
New Hampshire,2024-02-26,2024,8,0,0
New Hampshire,2024-03-04,2024,9,0,0
New Hampshire,2024-03-11,2024,10,0,0
New Hampshire,2024-03-18,2024,11,0,0
New Hampshire,2024-03-25,2024,12,0,0
New Hampshire,2024-04-01,2024,13,0,0
New Hampshire,2024-04-08,2024,14,0,0
New Hampshire,2024-04-15,2024,15,0,0
New Hampshire,2024-04-22,2024,16,0,0
New Hampshire,2024-04-29,2024,17,0,0
New Hampshire,2024-05-06,2024,18,0,0
New Hampshire,2024-05-13,2024,19,0,0
New Hampshire,2024-05-20,2024,20,0,0
New Hampshire,2024-05-27,2024,21,0,0
New Hampshire,2024-06-03,2024,22,0,0
New Hampshire,2024-06-10,2024,23,0,0
New Hampshire,2024-06-17,2024,24,0,0
New Hampshire,2024-06-24,2024,25,0,0
New Hampshire,2024-07-01,2024,26,1,1
New Hampshire,2024-07-08,2024,27,0,1
New Hampshire,2024-07-15,2024,28,0,1
New Hampshire,2024-07-22,2024,29,0,1
New Hampshire,2024-07-29,2024,30,0,1
New Hampshire,2024-08-05,2024,31,0,1
New Hampshire,2024-08-12,2024,32,0,1
New Hampshire,2024-08-19,2024,33,0,1
New Hampshire,2024-08-26,2024,34,0,1
New Hampshire,2024-09-02,2024,35,0,1
New Hampshire,2024-09-09,2024,36,0,1
New Hampshire,2024-09-16,2024,37,0,1
New Hampshire,2024-09-23,2024,38,0,1
New Hampshire,2024-09-30,2024,39,0,1
New Hampshire,2024-10-07,2024,40,0,1
New Hampshire,2024-10-14,2024,41,0,1
New Hampshire,2024-10-21,2024,42,0,1
New Hampshire,2024-10-28,2024,43,0,1
New Hampshire,2024-11-04,2024,44,0,1
New Hampshire,2024-11-11,2024,45,0,1
New Hampshire,2024-11-18,2024,46,0,1
New Hampshire,2024-11-25,2024,47,0,1
New Hampshire,2024-12-02,2024,48,0,1
New Hampshire,2024-12-09,2024,49,0,1
New Hampshire,2024-12-16,2024,50,0,1
New Hampshire,2024-12-23,2024,51,0,1
New Hampshire,2024-12-30,2024,52,0,1
New Hampshire,2025-01-06,2025,1,1,1
New Hampshire,2025-01-13,2025,2,0,1
New Hampshire,2025-01-20,2025,3,0,1
New Hampshire,2025-01-27,2025,4,0,1
New Hampshire,2025-02-03,2025,5,0,1
New Hampshire,2025-02-10,2025,6,0,1
New Hampshire,2025-02-17,2025,7,0,1
New Hampshire,2025-02-24,2025,8,0,1
New Hampshire,2025-03-03,2025,9,0,1
New Hampshire,2025-03-10,2025,10,0,1
New Hampshire,2025-03-17,2025,11,0,1
New Hampshire,2025-03-24,2025,12,0,1
New Hampshire,2025-03-31,2025,13,0,1
New Hampshire,2025-04-07,2025,14,0,1
New Hampshire,2025-04-14,2025,15,0,1
New Hampshire,2025-04-21,2025,16,0,1
New Hampshire,2025-04-28,2025,17,0,1
New Hampshire,2025-05-05,2025,18,0,1
New Hampshire,2025-05-12,2025,19,0,1
New Hampshire,2025-05-19,2025,20,0,1
New Hampshire,2025-05-26,2025,21,0,1
New Hampshire,2025-06-02,2025,22,0,1
New Hampshire,2025-06-09,2025,23,0,1
New Hampshire,2025-06-16,2025,24,0,1
New Hampshire,2025-06-23,2025,25,0,1
New Hampshire,2025-06-30,2025,26,0,1
New Hampshire,2025-07-07,2025,27,0,1
New Hampshire,2025-07-14,2025,28,0,1
New Hampshire,2025-07-21,2025,29,0,0
New Hampshire,2025-07-28,2025,30,0,0
New Hampshire,2025-08-04,2025,31,0,0
New Hampshire,2025-08-11,2025,32,0,0
New Hampshire,2025-08-18,2025,33,0,0
New Hampshire,2025-08-25,2025,34,0,0
New Hampshire,2025-09-01,2025,35,0,0
New Hampshire,2025-09-08,2025,36,0,0
New Hampshire,2025-09-15,2025,37,0,0
New Hampshire,2025-09-22,2025,38,0,0
New Hampshire,2025-09-29,2025,39,0,0
New Hampshire,2025-10-06,2025,40,0,0
New Hampshire,2025-10-13,2025,41,0,0
New Hampshire,2025-10-20,2025,42,0,0
New Hampshire,2025-10-27,2025,43,0,0
New Hampshire,2025-11-03,2025,44,0,0
New Hampshire,2025-11-10,2025,45,0,0
New Hampshire,2025-11-17,2025,46,0,0
New Hampshire,2025-11-24,2025,47,0,0
New Hampshire,2025-12-01,2025,48,0,0
New Hampshire,2025-12-08,2025,49,0,0
New Hampshire,2025-12-15,2025,50,0,0
New Hampshire,2025-12-22,2025,51,0,0
New Hampshire,2025-12-29,2025,52,0,0
New Hampshire,2026-01-05,2026,1,0,0
New Hampshire,2026-01-12,2026,2,0,0
New Hampshire,2026-01-19,2026,3,0,0
New Hampshire,2026-01-26,2026,4,0,0
New Hampshire,2026-02-02,2026,5,0,0
New Hampshire,2026-02-09,2026,6,0,0
New Hampshire,2026-02-16,2026,7,0,0
New Hampshire,2026-02-23,2026,8,0,0
New Hampshire,2026-03-02,2026,9,0,0
New Hampshire,2026-03-09,2026,10,0,0
New Hampshire,2026-03-16,2026,11,0,0
New Hampshire,2026-03-23,2026,12,0,0
New Hampshire,2026-03-30,2026,13,0,0
New Hampshire,2026-04-06,2026,14,0,0
New Hampshire,2026-04-13,2026,15,0,0
New Hampshire,2026-04-20,2026,16,0,0
New Hampshire,2026-04-27,2026,17,0,0
New Hampshire,2026-05-04,2026,18,0,0
New Hampshire,2026-05-11,2026,19,0,0
New Hampshire,2026-05-18,2026,20,0,0
New Hampshire,2026-05-25,2026,21,0,0
New Hampshire,2026-06-01,2026,22,0,0
New Hampshire,2026-06-08,2026,23,0,0
New Hampshire,2026-06-15,2026,24,0,0
New Hampshire,2026-06-22,2026,25,0,0
New Hampshire,2026-06-29,2026,26,0,0
New Hampshire,2026-07-06,2026,27,0,0
New Hampshire,2026-07-13,2026,28,0,0
New Hampshire,2026-07-20,2026,29,0,0
New Hampshire,2026-07-27,2026,30,0,0
New Hampshire,2026-08-03,2026,31,0,0
New Hampshire,2026-08-10,2026,32,0,0
New Hampshire,2026-08-17,2026,33,0,0
New Hampshire,2026-08-24,2026,34,0,0
New Hampshire,2026-08-31,2026,35,0,0
New Hampshire,NA,2025,53,0,0
New Jersey,2022-01-03,2022,1,0,0
New Jersey,2022-01-10,2022,2,0,0
New Jersey,2022-01-17,2022,3,0,0
New Jersey,2022-01-24,2022,4,0,0
New Jersey,2022-01-31,2022,5,0,0
New Jersey,2022-02-07,2022,6,0,0
New Jersey,2022-02-14,2022,7,0,0
New Jersey,2022-02-21,2022,8,0,0
New Jersey,2022-02-28,2022,9,0,0
New Jersey,2022-03-07,2022,10,0,0
New Jersey,2022-03-14,2022,11,0,0
New Jersey,2022-03-21,2022,12,0,0
New Jersey,2022-03-28,2022,13,0,0
New Jersey,2022-04-04,2022,14,0,0
New Jersey,2022-04-11,2022,15,0,0
New Jersey,2022-04-18,2022,16,0,0
New Jersey,2022-04-25,2022,17,0,0
New Jersey,2022-05-02,2022,18,1,1
New Jersey,2022-05-09,2022,19,0,1
New Jersey,2022-05-16,2022,20,0,1
New Jersey,2022-05-23,2022,21,0,1
New Jersey,2022-05-30,2022,22,0,1
New Jersey,2022-06-06,2022,23,0,1
New Jersey,2022-06-13,2022,24,0,1
New Jersey,2022-06-20,2022,25,0,1
New Jersey,2022-06-27,2022,26,0,1
New Jersey,2022-07-04,2022,27,0,1
New Jersey,2022-07-11,2022,28,0,1
New Jersey,2022-07-18,2022,29,0,1
New Jersey,2022-07-25,2022,30,0,1
New Jersey,2022-08-01,2022,31,0,1
New Jersey,2022-08-08,2022,32,0,1
New Jersey,2022-08-15,2022,33,0,1
New Jersey,2022-08-22,2022,34,0,1
New Jersey,2022-08-29,2022,35,0,1
New Jersey,2022-09-05,2022,36,0,1
New Jersey,2022-09-12,2022,37,0,1
New Jersey,2022-09-19,2022,38,0,1
New Jersey,2022-09-26,2022,39,0,1
New Jersey,2022-10-03,2022,40,0,1
New Jersey,2022-10-10,2022,41,0,0
New Jersey,2022-10-17,2022,42,0,0
New Jersey,2022-10-24,2022,43,0,0
New Jersey,2022-10-31,2022,44,0,0
New Jersey,2022-11-07,2022,45,0,0
New Jersey,2022-11-14,2022,46,0,0
New Jersey,2022-11-21,2022,47,0,0
New Jersey,2022-11-28,2022,48,0,0
New Jersey,2022-12-05,2022,49,0,0
New Jersey,2022-12-12,2022,50,0,0
New Jersey,2022-12-19,2022,51,0,0
New Jersey,2022-12-26,2022,52,0,0
New Jersey,2023-01-02,2023,1,0,0
New Jersey,2023-01-09,2023,2,0,0
New Jersey,2023-01-16,2023,3,0,0
New Jersey,2023-01-23,2023,4,0,0
New Jersey,2023-01-30,2023,5,0,0
New Jersey,2023-02-06,2023,6,0,0
New Jersey,2023-02-13,2023,7,0,0
New Jersey,2023-02-20,2023,8,0,0
New Jersey,2023-02-27,2023,9,0,0
New Jersey,2023-03-06,2023,10,0,0
New Jersey,2023-03-13,2023,11,0,0
New Jersey,2023-03-20,2023,12,0,0
New Jersey,2023-03-27,2023,13,0,0
New Jersey,2023-04-03,2023,14,0,0
New Jersey,2023-04-10,2023,15,0,0
New Jersey,2023-04-17,2023,16,0,0
New Jersey,2023-04-24,2023,17,0,0
New Jersey,2023-05-01,2023,18,0,0
New Jersey,2023-05-08,2023,19,0,0
New Jersey,2023-05-15,2023,20,0,0
New Jersey,2023-05-22,2023,21,0,0
New Jersey,2023-05-29,2023,22,0,0
New Jersey,2023-06-05,2023,23,0,0
New Jersey,2023-06-12,2023,24,0,0
New Jersey,2023-06-19,2023,25,0,0
New Jersey,2023-06-26,2023,26,0,0
New Jersey,2023-07-03,2023,27,0,0
New Jersey,2023-07-10,2023,28,1,1
New Jersey,2023-07-17,2023,29,0,1
New Jersey,2023-07-24,2023,30,0,1
New Jersey,2023-07-31,2023,31,0,1
New Jersey,2023-08-07,2023,32,0,1
New Jersey,2023-08-14,2023,33,0,1
New Jersey,2023-08-21,2023,34,0,1
New Jersey,2023-08-28,2023,35,0,1
New Jersey,2023-09-04,2023,36,0,1
New Jersey,2023-09-11,2023,37,0,1
New Jersey,2023-09-18,2023,38,0,1
New Jersey,2023-09-25,2023,39,0,1
New Jersey,2023-10-02,2023,40,0,1
New Jersey,2023-10-09,2023,41,0,1
New Jersey,2023-10-16,2023,42,0,1
New Jersey,2023-10-23,2023,43,0,1
New Jersey,2023-10-30,2023,44,0,1
New Jersey,2023-11-06,2023,45,0,1
New Jersey,2023-11-13,2023,46,0,1
New Jersey,2023-11-20,2023,47,0,1
New Jersey,2023-11-27,2023,48,0,1
New Jersey,2023-12-04,2023,49,0,1
New Jersey,2023-12-11,2023,50,0,1
New Jersey,2023-12-18,2023,51,0,1
New Jersey,2023-12-25,2023,52,0,1
New Jersey,2024-01-08,2024,1,1,1
New Jersey,2024-01-15,2024,2,0,1
New Jersey,2024-01-22,2024,3,0,1
New Jersey,2024-01-29,2024,4,0,1
New Jersey,2024-02-05,2024,5,0,1
New Jersey,2024-02-12,2024,6,0,1
New Jersey,2024-02-19,2024,7,0,1
New Jersey,2024-02-26,2024,8,0,1
New Jersey,2024-03-04,2024,9,1,2
New Jersey,2024-03-11,2024,10,0,1
New Jersey,2024-03-18,2024,11,0,1
New Jersey,2024-03-25,2024,12,0,1
New Jersey,2024-04-01,2024,13,0,1
New Jersey,2024-04-08,2024,14,0,1
New Jersey,2024-04-15,2024,15,0,1
New Jersey,2024-04-22,2024,16,0,1
New Jersey,2024-04-29,2024,17,0,1
New Jersey,2024-05-06,2024,18,0,1
New Jersey,2024-05-13,2024,19,0,1
New Jersey,2024-05-20,2024,20,0,1
New Jersey,2024-05-27,2024,21,0,1
New Jersey,2024-06-03,2024,22,0,1
New Jersey,2024-06-10,2024,23,0,1
New Jersey,2024-06-17,2024,24,0,1
New Jersey,2024-06-24,2024,25,0,1
New Jersey,2024-07-01,2024,26,0,1
New Jersey,2024-07-08,2024,27,0,1
New Jersey,2024-07-15,2024,28,0,1
New Jersey,2024-07-22,2024,29,0,1
New Jersey,2024-07-29,2024,30,0,1
New Jersey,2024-08-05,2024,31,0,1
New Jersey,2024-08-12,2024,32,0,1
New Jersey,2024-08-19,2024,33,0,1
New Jersey,2024-08-26,2024,34,0,1
New Jersey,2024-09-02,2024,35,0,1
New Jersey,2024-09-09,2024,36,0,1
New Jersey,2024-09-16,2024,37,0,1
New Jersey,2024-09-23,2024,38,0,1
New Jersey,2024-09-30,2024,39,0,1
New Jersey,2024-10-07,2024,40,1,2
New Jersey,2024-10-14,2024,41,0,2
New Jersey,2024-10-21,2024,42,0,2
New Jersey,2024-10-28,2024,43,0,2
New Jersey,2024-11-04,2024,44,0,2
New Jersey,2024-11-11,2024,45,0,2
New Jersey,2024-11-18,2024,46,0,2
New Jersey,2024-11-25,2024,47,0,2
New Jersey,2024-12-02,2024,48,0,2
New Jersey,2024-12-09,2024,49,0,2
New Jersey,2024-12-16,2024,50,0,2
New Jersey,2024-12-23,2024,51,0,2
New Jersey,2024-12-30,2024,52,0,2
New Jersey,2025-01-06,2025,1,2,2
New Jersey,2025-01-13,2025,2,0,1
New Jersey,2025-01-20,2025,3,0,1
New Jersey,2025-01-27,2025,4,2,3
New Jersey,2025-02-03,2025,5,0,3
New Jersey,2025-02-10,2025,6,0,3
New Jersey,2025-02-17,2025,7,0,3
New Jersey,2025-02-24,2025,8,0,3
New Jersey,2025-03-03,2025,9,0,3
New Jersey,2025-03-10,2025,10,0,3
New Jersey,2025-03-17,2025,11,0,3
New Jersey,2025-03-24,2025,12,0,3
New Jersey,2025-03-31,2025,13,0,3
New Jersey,2025-04-07,2025,14,0,3
New Jersey,2025-04-14,2025,15,0,3
New Jersey,2025-04-21,2025,16,0,3
New Jersey,2025-04-28,2025,17,0,3
New Jersey,2025-05-05,2025,18,0,3
New Jersey,2025-05-12,2025,19,0,3
New Jersey,2025-05-19,2025,20,0,3
New Jersey,2025-05-26,2025,21,0,3
New Jersey,2025-06-02,2025,22,0,3
New Jersey,2025-06-09,2025,23,0,3
New Jersey,2025-06-16,2025,24,0,3
New Jersey,2025-06-23,2025,25,0,3
New Jersey,2025-06-30,2025,26,0,3
New Jersey,2025-07-07,2025,27,0,3
New Jersey,2025-07-14,2025,28,0,3
New Jersey,2025-07-21,2025,29,0,3
New Jersey,2025-07-28,2025,30,0,3
New Jersey,2025-08-04,2025,31,0,3
New Jersey,2025-08-11,2025,32,0,3
New Jersey,2025-08-18,2025,33,0,3
New Jersey,2025-08-25,2025,34,0,3
New Jersey,2025-09-01,2025,35,0,3
New Jersey,2025-09-08,2025,36,0,3
New Jersey,2025-09-15,2025,37,0,3
New Jersey,2025-09-22,2025,38,0,3
New Jersey,2025-09-29,2025,39,0,3
New Jersey,2025-10-06,2025,40,0,3
New Jersey,2025-10-13,2025,41,0,3
New Jersey,2025-10-20,2025,42,0,3
New Jersey,2025-10-27,2025,43,0,3
New Jersey,2025-11-03,2025,44,0,3
New Jersey,2025-11-10,2025,45,0,3
New Jersey,2025-11-17,2025,46,0,3
New Jersey,2025-11-24,2025,47,0,3
New Jersey,2025-12-01,2025,48,0,3
New Jersey,2025-12-08,2025,49,0,3
New Jersey,2025-12-15,2025,50,0,3
New Jersey,2025-12-22,2025,51,0,3
New Jersey,2025-12-29,2025,52,0,3
New Jersey,2026-01-05,2026,1,3,3
New Jersey,2026-01-12,2026,2,0,3
New Jersey,2026-01-19,2026,3,0,3
New Jersey,2026-01-26,2026,4,0,3
New Jersey,2026-02-02,2026,5,0,3
New Jersey,2026-02-09,2026,6,0,3
New Jersey,2026-02-16,2026,7,0,2
New Jersey,2026-02-23,2026,8,0,2
New Jersey,2026-03-02,2026,9,0,2
New Jersey,2026-03-09,2026,10,0,2
New Jersey,2026-03-16,2026,11,0,2
New Jersey,2026-03-23,2026,12,0,2
New Jersey,2026-03-30,2026,13,0,2
New Jersey,2026-04-06,2026,14,0,2
New Jersey,2026-04-13,2026,15,0,2
New Jersey,2026-04-20,2026,16,0,2
New Jersey,2026-04-27,2026,17,0,2
New Jersey,2026-05-04,2026,18,0,2
New Jersey,2026-05-11,2026,19,0,2
New Jersey,2026-05-18,2026,20,0,2
New Jersey,2026-05-25,2026,21,0,2
New Jersey,2026-06-01,2026,22,0,2
New Jersey,2026-06-08,2026,23,0,2
New Jersey,2026-06-15,2026,24,0,2
New Jersey,2026-06-22,2026,25,0,2
New Jersey,2026-06-29,2026,26,0,2
New Jersey,2026-07-06,2026,27,0,2
New Jersey,2026-07-13,2026,28,0,2
New Jersey,2026-07-20,2026,29,0,2
New Jersey,2026-07-27,2026,30,0,2
New Jersey,2026-08-03,2026,31,0,2
New Jersey,2026-08-10,2026,32,0,2
New Jersey,2026-08-17,2026,33,0,2
New Jersey,2026-08-24,2026,34,0,2
New Jersey,2026-08-31,2026,35,0,1
New Jersey,NA,2025,53,0,3
New Mexico,2022-01-03,2022,1,1,1
New Mexico,2022-01-10,2022,2,0,1
New Mexico,2022-01-17,2022,3,0,1
New Mexico,2022-01-24,2022,4,0,1
New Mexico,2022-01-31,2022,5,0,1
New Mexico,2022-02-07,2022,6,0,1
New Mexico,2022-02-14,2022,7,0,1
New Mexico,2022-02-21,2022,8,0,1
New Mexico,2022-02-28,2022,9,0,1
New Mexico,2022-03-07,2022,10,0,1
New Mexico,2022-03-14,2022,11,0,1
New Mexico,2022-03-21,2022,12,0,1
New Mexico,2022-03-28,2022,13,0,1
New Mexico,2022-04-04,2022,14,0,1
New Mexico,2022-04-11,2022,15,0,1
New Mexico,2022-04-18,2022,16,0,1
New Mexico,2022-04-25,2022,17,0,1
New Mexico,2022-05-02,2022,18,0,1
New Mexico,2022-05-09,2022,19,0,1
New Mexico,2022-05-16,2022,20,0,1
New Mexico,2022-05-23,2022,21,0,1
New Mexico,2022-05-30,2022,22,0,1
New Mexico,2022-06-06,2022,23,0,1
New Mexico,2022-06-13,2022,24,0,1
New Mexico,2022-06-20,2022,25,0,1
New Mexico,2022-06-27,2022,26,0,1
New Mexico,2022-07-04,2022,27,0,1
New Mexico,2022-07-11,2022,28,0,1
New Mexico,2022-07-18,2022,29,0,1
New Mexico,2022-07-25,2022,30,0,1
New Mexico,2022-08-01,2022,31,0,1
New Mexico,2022-08-08,2022,32,0,1
New Mexico,2022-08-15,2022,33,0,1
New Mexico,2022-08-22,2022,34,0,1
New Mexico,2022-08-29,2022,35,0,1
New Mexico,2022-09-05,2022,36,0,1
New Mexico,2022-09-12,2022,37,0,1
New Mexico,2022-09-19,2022,38,0,0
New Mexico,2022-09-26,2022,39,0,0
New Mexico,2022-10-03,2022,40,0,0
New Mexico,2022-10-10,2022,41,0,0
New Mexico,2022-10-17,2022,42,0,0
New Mexico,2022-10-24,2022,43,0,0
New Mexico,2022-10-31,2022,44,0,0
New Mexico,2022-11-07,2022,45,0,0
New Mexico,2022-11-14,2022,46,0,0
New Mexico,2022-11-21,2022,47,0,0
New Mexico,2022-11-28,2022,48,0,0
New Mexico,2022-12-05,2022,49,0,0
New Mexico,2022-12-12,2022,50,0,0
New Mexico,2022-12-19,2022,51,0,0
New Mexico,2022-12-26,2022,52,0,0
New Mexico,2023-01-02,2023,1,0,0
New Mexico,2023-01-09,2023,2,0,0
New Mexico,2023-01-16,2023,3,0,0
New Mexico,2023-01-23,2023,4,0,0
New Mexico,2023-01-30,2023,5,0,0
New Mexico,2023-02-06,2023,6,0,0
New Mexico,2023-02-13,2023,7,0,0
New Mexico,2023-02-20,2023,8,0,0
New Mexico,2023-02-27,2023,9,0,0
New Mexico,2023-03-06,2023,10,0,0
New Mexico,2023-03-13,2023,11,0,0
New Mexico,2023-03-20,2023,12,0,0
New Mexico,2023-03-27,2023,13,0,0
New Mexico,2023-04-03,2023,14,0,0
New Mexico,2023-04-10,2023,15,0,0
New Mexico,2023-04-17,2023,16,0,0
New Mexico,2023-04-24,2023,17,0,0
New Mexico,2023-05-01,2023,18,0,0
New Mexico,2023-05-08,2023,19,0,0
New Mexico,2023-05-15,2023,20,0,0
New Mexico,2023-05-22,2023,21,0,0
New Mexico,2023-05-29,2023,22,0,0
New Mexico,2023-06-05,2023,23,0,0
New Mexico,2023-06-12,2023,24,0,0
New Mexico,2023-06-19,2023,25,0,0
New Mexico,2023-06-26,2023,26,0,0
New Mexico,2023-07-03,2023,27,0,0
New Mexico,2023-07-10,2023,28,0,0
New Mexico,2023-07-17,2023,29,0,0
New Mexico,2023-07-24,2023,30,0,0
New Mexico,2023-07-31,2023,31,0,0
New Mexico,2023-08-07,2023,32,0,0
New Mexico,2023-08-14,2023,33,0,0
New Mexico,2023-08-21,2023,34,0,0
New Mexico,2023-08-28,2023,35,0,0
New Mexico,2023-09-04,2023,36,0,0
New Mexico,2023-09-11,2023,37,0,0
New Mexico,2023-09-18,2023,38,0,0
New Mexico,2023-09-25,2023,39,0,0
New Mexico,2023-10-02,2023,40,0,0
New Mexico,2023-10-09,2023,41,0,0
New Mexico,2023-10-16,2023,42,0,0
New Mexico,2023-10-23,2023,43,0,0
New Mexico,2023-10-30,2023,44,0,0
New Mexico,2023-11-06,2023,45,0,0
New Mexico,2023-11-13,2023,46,0,0
New Mexico,2023-11-20,2023,47,0,0
New Mexico,2023-11-27,2023,48,0,0
New Mexico,2023-12-04,2023,49,0,0
New Mexico,2023-12-11,2023,50,0,0
New Mexico,2023-12-18,2023,51,0,0
New Mexico,2023-12-25,2023,52,0,0
New Mexico,2024-01-08,2024,1,0,0
New Mexico,2024-01-15,2024,2,0,0
New Mexico,2024-01-22,2024,3,0,0
New Mexico,2024-01-29,2024,4,0,0
New Mexico,2024-02-05,2024,5,0,0
New Mexico,2024-02-12,2024,6,0,0
New Mexico,2024-02-19,2024,7,0,0
New Mexico,2024-02-26,2024,8,0,0
New Mexico,2024-03-04,2024,9,0,0
New Mexico,2024-03-11,2024,10,0,0
New Mexico,2024-03-18,2024,11,0,0
New Mexico,2024-03-25,2024,12,0,0
New Mexico,2024-04-01,2024,13,0,0
New Mexico,2024-04-08,2024,14,0,0
New Mexico,2024-04-15,2024,15,0,0
New Mexico,2024-04-22,2024,16,0,0
New Mexico,2024-04-29,2024,17,0,0
New Mexico,2024-05-06,2024,18,0,0
New Mexico,2024-05-13,2024,19,0,0
New Mexico,2024-05-20,2024,20,0,0
New Mexico,2024-05-27,2024,21,0,0
New Mexico,2024-06-03,2024,22,2,2
New Mexico,2024-06-10,2024,23,0,2
New Mexico,2024-06-17,2024,24,0,2
New Mexico,2024-06-24,2024,25,0,2
New Mexico,2024-07-01,2024,26,0,2
New Mexico,2024-07-08,2024,27,0,2
New Mexico,2024-07-15,2024,28,0,2
New Mexico,2024-07-22,2024,29,0,2
New Mexico,2024-07-29,2024,30,0,2
New Mexico,2024-08-05,2024,31,0,2
New Mexico,2024-08-12,2024,32,0,2
New Mexico,2024-08-19,2024,33,0,2
New Mexico,2024-08-26,2024,34,0,2
New Mexico,2024-09-02,2024,35,0,2
New Mexico,2024-09-09,2024,36,0,2
New Mexico,2024-09-16,2024,37,0,2
New Mexico,2024-09-23,2024,38,0,2
New Mexico,2024-09-30,2024,39,0,2
New Mexico,2024-10-07,2024,40,0,2
New Mexico,2024-10-14,2024,41,0,2
New Mexico,2024-10-21,2024,42,0,2
New Mexico,2024-10-28,2024,43,0,2
New Mexico,2024-11-04,2024,44,0,2
New Mexico,2024-11-11,2024,45,0,2
New Mexico,2024-11-18,2024,46,0,2
New Mexico,2024-11-25,2024,47,0,2
New Mexico,2024-12-02,2024,48,0,2
New Mexico,2024-12-09,2024,49,0,2
New Mexico,2024-12-16,2024,50,0,2
New Mexico,2024-12-23,2024,51,0,2
New Mexico,2024-12-30,2024,52,0,2
New Mexico,2025-01-06,2025,1,2,2
New Mexico,2025-01-13,2025,2,0,2
New Mexico,2025-01-20,2025,3,0,2
New Mexico,2025-01-27,2025,4,0,2
New Mexico,2025-02-03,2025,5,0,2
New Mexico,2025-02-10,2025,6,0,2
New Mexico,2025-02-17,2025,7,0,2
New Mexico,2025-02-24,2025,8,0,2
New Mexico,2025-03-03,2025,9,0,2
New Mexico,2025-03-10,2025,10,7,9
New Mexico,2025-03-17,2025,11,0,9
New Mexico,2025-03-24,2025,12,0,9
New Mexico,2025-03-31,2025,13,0,9
New Mexico,2025-04-07,2025,14,0,9
New Mexico,2025-04-14,2025,15,0,9
New Mexico,2025-04-21,2025,16,1,10
New Mexico,2025-04-28,2025,17,0,10
New Mexico,2025-05-05,2025,18,0,10
New Mexico,2025-05-12,2025,19,0,10
New Mexico,2025-05-19,2025,20,0,10
New Mexico,2025-05-26,2025,21,0,10
New Mexico,2025-06-02,2025,22,0,9
New Mexico,2025-06-09,2025,23,1,10
New Mexico,2025-06-16,2025,24,0,10
New Mexico,2025-06-23,2025,25,0,10
New Mexico,2025-06-30,2025,26,3,13
New Mexico,2025-07-07,2025,27,0,13
New Mexico,2025-07-14,2025,28,0,13
New Mexico,2025-07-21,2025,29,0,13
New Mexico,2025-07-28,2025,30,1,14
New Mexico,2025-08-04,2025,31,0,14
New Mexico,2025-08-11,2025,32,0,14
New Mexico,2025-08-18,2025,33,0,14
New Mexico,2025-08-25,2025,34,0,14
New Mexico,2025-09-01,2025,35,0,14
New Mexico,2025-09-08,2025,36,0,14
New Mexico,2025-09-15,2025,37,0,14
New Mexico,2025-09-22,2025,38,0,14
New Mexico,2025-09-29,2025,39,0,14
New Mexico,2025-10-06,2025,40,0,14
New Mexico,2025-10-13,2025,41,0,14
New Mexico,2025-10-20,2025,42,0,14
New Mexico,2025-10-27,2025,43,0,14
New Mexico,2025-11-03,2025,44,0,14
New Mexico,2025-11-10,2025,45,0,14
New Mexico,2025-11-17,2025,46,0,14
New Mexico,2025-11-24,2025,47,0,14
New Mexico,2025-12-01,2025,48,0,14
New Mexico,2025-12-08,2025,49,0,14
New Mexico,2025-12-15,2025,50,0,14
New Mexico,2025-12-22,2025,51,0,14
New Mexico,2025-12-29,2025,52,0,14
New Mexico,2026-01-05,2026,1,14,14
New Mexico,2026-01-12,2026,2,0,14
New Mexico,2026-01-19,2026,3,0,14
New Mexico,2026-01-26,2026,4,0,14
New Mexico,2026-02-02,2026,5,0,14
New Mexico,2026-02-09,2026,6,0,14
New Mexico,2026-02-16,2026,7,0,14
New Mexico,2026-02-23,2026,8,0,14
New Mexico,2026-03-02,2026,9,0,14
New Mexico,2026-03-09,2026,10,0,14
New Mexico,2026-03-16,2026,11,0,14
New Mexico,2026-03-23,2026,12,0,14
New Mexico,2026-03-30,2026,13,0,14
New Mexico,2026-04-06,2026,14,0,14
New Mexico,2026-04-13,2026,15,0,14
New Mexico,2026-04-20,2026,16,0,14
New Mexico,2026-04-27,2026,17,0,14
New Mexico,2026-05-04,2026,18,0,14
New Mexico,2026-05-11,2026,19,0,14
New Mexico,2026-05-18,2026,20,0,14
New Mexico,2026-05-25,2026,21,0,14
New Mexico,2026-06-01,2026,22,0,14
New Mexico,2026-06-08,2026,23,0,14
New Mexico,2026-06-15,2026,24,0,14
New Mexico,2026-06-22,2026,25,0,8
New Mexico,2026-06-29,2026,26,0,8
New Mexico,2026-07-06,2026,27,0,8
New Mexico,2026-07-13,2026,28,0,8
New Mexico,2026-07-20,2026,29,0,7
New Mexico,2026-07-27,2026,30,0,7
New Mexico,2026-08-03,2026,31,0,7
New Mexico,2026-08-10,2026,32,0,7
New Mexico,2026-08-17,2026,33,0,7
New Mexico,2026-08-24,2026,34,0,7
New Mexico,2026-08-31,2026,35,0,7
New Mexico,NA,2025,53,0,14
New York,2022-01-03,2022,1,0,0
New York,2022-01-10,2022,2,0,0
New York,2022-01-17,2022,3,0,0
New York,2022-01-24,2022,4,0,0
New York,2022-01-31,2022,5,0,0
New York,2022-02-07,2022,6,0,0
New York,2022-02-14,2022,7,0,0
New York,2022-02-21,2022,8,0,0
New York,2022-02-28,2022,9,0,0
New York,2022-03-07,2022,10,0,0
New York,2022-03-14,2022,11,0,0
New York,2022-03-21,2022,12,0,0
New York,2022-03-28,2022,13,0,0
New York,2022-04-04,2022,14,0,0
New York,2022-04-11,2022,15,0,0
New York,2022-04-18,2022,16,0,0
New York,2022-04-25,2022,17,0,0
New York,2022-05-02,2022,18,0,0
New York,2022-05-09,2022,19,0,0
New York,2022-05-16,2022,20,0,0
New York,2022-05-23,2022,21,0,0
New York,2022-05-30,2022,22,0,0
New York,2022-06-06,2022,23,0,0
New York,2022-06-13,2022,24,0,0
New York,2022-06-20,2022,25,0,0
New York,2022-06-27,2022,26,0,0
New York,2022-07-04,2022,27,0,0
New York,2022-07-11,2022,28,0,0
New York,2022-07-18,2022,29,0,0
New York,2022-07-25,2022,30,0,0
New York,2022-08-01,2022,31,0,0
New York,2022-08-08,2022,32,0,0
New York,2022-08-15,2022,33,0,0
New York,2022-08-22,2022,34,0,0
New York,2022-08-29,2022,35,0,0
New York,2022-09-05,2022,36,0,0
New York,2022-09-12,2022,37,0,0
New York,2022-09-19,2022,38,0,0
New York,2022-09-26,2022,39,0,0
New York,2022-10-03,2022,40,0,0
New York,2022-10-10,2022,41,0,0
New York,2022-10-17,2022,42,0,0
New York,2022-10-24,2022,43,0,0
New York,2022-10-31,2022,44,0,0
New York,2022-11-07,2022,45,0,0
New York,2022-11-14,2022,46,0,0
New York,2022-11-21,2022,47,0,0
New York,2022-11-28,2022,48,0,0
New York,2022-12-05,2022,49,0,0
New York,2022-12-12,2022,50,0,0
New York,2022-12-19,2022,51,0,0
New York,2022-12-26,2022,52,0,0
New York,2023-01-02,2023,1,0,0
New York,2023-01-09,2023,2,0,0
New York,2023-01-16,2023,3,0,0
New York,2023-01-23,2023,4,0,0
New York,2023-01-30,2023,5,0,0
New York,2023-02-06,2023,6,0,0
New York,2023-02-13,2023,7,0,0
New York,2023-02-20,2023,8,0,0
New York,2023-02-27,2023,9,0,0
New York,2023-03-06,2023,10,0,0
New York,2023-03-13,2023,11,0,0
New York,2023-03-20,2023,12,0,0
New York,2023-03-27,2023,13,0,0
New York,2023-04-03,2023,14,0,0
New York,2023-04-10,2023,15,0,0
New York,2023-04-17,2023,16,0,0
New York,2023-04-24,2023,17,0,0
New York,2023-05-01,2023,18,0,0
New York,2023-05-08,2023,19,0,0
New York,2023-05-15,2023,20,0,0
New York,2023-05-22,2023,21,0,0
New York,2023-05-29,2023,22,0,0
New York,2023-06-05,2023,23,0,0
New York,2023-06-12,2023,24,0,0
New York,2023-06-19,2023,25,0,0
New York,2023-06-26,2023,26,0,0
New York,2023-07-03,2023,27,0,0
New York,2023-07-10,2023,28,0,0
New York,2023-07-17,2023,29,0,0
New York,2023-07-24,2023,30,0,0
New York,2023-07-31,2023,31,0,0
New York,2023-08-07,2023,32,0,0
New York,2023-08-14,2023,33,0,0
New York,2023-08-21,2023,34,0,0
New York,2023-08-28,2023,35,0,0
New York,2023-09-04,2023,36,0,0
New York,2023-09-11,2023,37,0,0
New York,2023-09-18,2023,38,0,0
New York,2023-09-25,2023,39,0,0
New York,2023-10-02,2023,40,0,0
New York,2023-10-09,2023,41,0,0
New York,2023-10-16,2023,42,0,0
New York,2023-10-23,2023,43,0,0
New York,2023-10-30,2023,44,0,0
New York,2023-11-06,2023,45,0,0
New York,2023-11-13,2023,46,0,0
New York,2023-11-20,2023,47,0,0
New York,2023-11-27,2023,48,0,0
New York,2023-12-04,2023,49,0,0
New York,2023-12-11,2023,50,0,0
New York,2023-12-18,2023,51,0,0
New York,2023-12-25,2023,52,0,0
New York,2024-01-08,2024,1,0,0
New York,2024-01-15,2024,2,0,0
New York,2024-01-22,2024,3,0,0
New York,2024-01-29,2024,4,0,0
New York,2024-02-05,2024,5,0,0
New York,2024-02-12,2024,6,0,0
New York,2024-02-19,2024,7,0,0
New York,2024-02-26,2024,8,0,0
New York,2024-03-04,2024,9,0,0
New York,2024-03-11,2024,10,0,0
New York,2024-03-18,2024,11,0,0
New York,2024-03-25,2024,12,0,0
New York,2024-04-01,2024,13,0,0
New York,2024-04-08,2024,14,1,1
New York,2024-04-15,2024,15,0,1
New York,2024-04-22,2024,16,0,1
New York,2024-04-29,2024,17,0,1
New York,2024-05-06,2024,18,0,1
New York,2024-05-13,2024,19,0,1
New York,2024-05-20,2024,20,0,1
New York,2024-05-27,2024,21,0,1
New York,2024-06-03,2024,22,0,1
New York,2024-06-10,2024,23,0,1
New York,2024-06-17,2024,24,0,1
New York,2024-06-24,2024,25,0,1
New York,2024-07-01,2024,26,0,1
New York,2024-07-08,2024,27,0,1
New York,2024-07-15,2024,28,0,1
New York,2024-07-22,2024,29,0,1
New York,2024-07-29,2024,30,0,1
New York,2024-08-05,2024,31,0,1
New York,2024-08-12,2024,32,0,1
New York,2024-08-19,2024,33,0,1
New York,2024-08-26,2024,34,0,1
New York,2024-09-02,2024,35,0,1
New York,2024-09-09,2024,36,0,1
New York,2024-09-16,2024,37,0,1
New York,2024-09-23,2024,38,0,1
New York,2024-09-30,2024,39,0,1
New York,2024-10-07,2024,40,0,1
New York,2024-10-14,2024,41,0,1
New York,2024-10-21,2024,42,0,1
New York,2024-10-28,2024,43,0,1
New York,2024-11-04,2024,44,0,1
New York,2024-11-11,2024,45,0,1
New York,2024-11-18,2024,46,0,1
New York,2024-11-25,2024,47,0,1
New York,2024-12-02,2024,48,0,1
New York,2024-12-09,2024,49,0,1
New York,2024-12-16,2024,50,0,1
New York,2024-12-23,2024,51,0,1
New York,2024-12-30,2024,52,0,1
New York,2025-01-06,2025,1,1,1
New York,2025-01-13,2025,2,0,1
New York,2025-01-20,2025,3,0,1
New York,2025-01-27,2025,4,0,1
New York,2025-02-03,2025,5,0,1
New York,2025-02-10,2025,6,0,1
New York,2025-02-17,2025,7,0,1
New York,2025-02-24,2025,8,0,1
New York,2025-03-03,2025,9,0,1
New York,2025-03-10,2025,10,0,1
New York,2025-03-17,2025,11,0,1
New York,2025-03-24,2025,12,0,1
New York,2025-03-31,2025,13,0,1
New York,2025-04-07,2025,14,0,1
New York,2025-04-14,2025,15,0,1
New York,2025-04-21,2025,16,0,1
New York,2025-04-28,2025,17,0,1
New York,2025-05-05,2025,18,0,1
New York,2025-05-12,2025,19,0,1
New York,2025-05-19,2025,20,0,1
New York,2025-05-26,2025,21,0,1
New York,2025-06-02,2025,22,2,3
New York,2025-06-09,2025,23,0,3
New York,2025-06-16,2025,24,0,3
New York,2025-06-23,2025,25,0,3
New York,2025-06-30,2025,26,0,3
New York,2025-07-07,2025,27,0,3
New York,2025-07-14,2025,28,0,3
New York,2025-07-21,2025,29,0,3
New York,2025-07-28,2025,30,0,3
New York,2025-08-04,2025,31,0,3
New York,2025-08-11,2025,32,0,3
New York,2025-08-18,2025,33,0,3
New York,2025-08-25,2025,34,0,3
New York,2025-09-01,2025,35,0,3
New York,2025-09-08,2025,36,0,3
New York,2025-09-15,2025,37,0,3
New York,2025-09-22,2025,38,0,3
New York,2025-09-29,2025,39,0,3
New York,2025-10-06,2025,40,0,3
New York,2025-10-13,2025,41,0,3
New York,2025-10-20,2025,42,0,3
New York,2025-10-27,2025,43,0,3
New York,2025-11-03,2025,44,0,3
New York,2025-11-10,2025,45,0,3
New York,2025-11-17,2025,46,0,3
New York,2025-11-24,2025,47,0,3
New York,2025-12-01,2025,48,0,3
New York,2025-12-08,2025,49,5,8
New York,2025-12-15,2025,50,0,8
New York,2025-12-22,2025,51,0,8
New York,2025-12-29,2025,52,2,10
New York,2026-01-05,2026,1,10,10
New York,2026-01-12,2026,2,0,10
New York,2026-01-19,2026,3,0,10
New York,2026-01-26,2026,4,0,10
New York,2026-02-02,2026,5,0,10
New York,2026-02-09,2026,6,0,10
New York,2026-02-16,2026,7,0,10
New York,2026-02-23,2026,8,0,10
New York,2026-03-02,2026,9,0,10
New York,2026-03-09,2026,10,0,10
New York,2026-03-16,2026,11,0,10
New York,2026-03-23,2026,12,0,10
New York,2026-03-30,2026,13,0,10
New York,2026-04-06,2026,14,0,10
New York,2026-04-13,2026,15,0,10
New York,2026-04-20,2026,16,0,10
New York,2026-04-27,2026,17,0,10
New York,2026-05-04,2026,18,0,10
New York,2026-05-11,2026,19,0,10
New York,2026-05-18,2026,20,0,10
New York,2026-05-25,2026,21,0,8
New York,2026-06-01,2026,22,0,8
New York,2026-06-08,2026,23,0,8
New York,2026-06-15,2026,24,0,8
New York,2026-06-22,2026,25,0,8
New York,2026-06-29,2026,26,0,8
New York,2026-07-06,2026,27,0,8
New York,2026-07-13,2026,28,0,8
New York,2026-07-20,2026,29,0,8
New York,2026-07-27,2026,30,0,8
New York,2026-08-03,2026,31,0,8
New York,2026-08-10,2026,32,0,8
New York,2026-08-17,2026,33,0,8
New York,2026-08-24,2026,34,0,8
New York,2026-08-31,2026,35,0,8
New York,NA,2025,53,0,10
New York City,2022-01-03,2022,1,0,0
New York City,2022-01-10,2022,2,0,0
New York City,2022-01-17,2022,3,0,0
New York City,2022-01-24,2022,4,0,0
New York City,2022-01-31,2022,5,0,0
New York City,2022-02-07,2022,6,0,0
New York City,2022-02-14,2022,7,0,0
New York City,2022-02-21,2022,8,0,0
New York City,2022-02-28,2022,9,0,0
New York City,2022-03-07,2022,10,0,0
New York City,2022-03-14,2022,11,0,0
New York City,2022-03-21,2022,12,0,0
New York City,2022-03-28,2022,13,0,0
New York City,2022-04-04,2022,14,0,0
New York City,2022-04-11,2022,15,0,0
New York City,2022-04-18,2022,16,0,0
New York City,2022-04-25,2022,17,0,0
New York City,2022-05-02,2022,18,0,0
New York City,2022-05-09,2022,19,0,0
New York City,2022-05-16,2022,20,0,0
New York City,2022-05-23,2022,21,0,0
New York City,2022-05-30,2022,22,0,0
New York City,2022-06-06,2022,23,0,0
New York City,2022-06-13,2022,24,0,0
New York City,2022-06-20,2022,25,0,0
New York City,2022-06-27,2022,26,0,0
New York City,2022-07-04,2022,27,0,0
New York City,2022-07-11,2022,28,0,0
New York City,2022-07-18,2022,29,0,0
New York City,2022-07-25,2022,30,0,0
New York City,2022-08-01,2022,31,0,0
New York City,2022-08-08,2022,32,0,0
New York City,2022-08-15,2022,33,0,0
New York City,2022-08-22,2022,34,0,0
New York City,2022-08-29,2022,35,0,0
New York City,2022-09-05,2022,36,0,0
New York City,2022-09-12,2022,37,0,0
New York City,2022-09-19,2022,38,0,0
New York City,2022-09-26,2022,39,0,0
New York City,2022-10-03,2022,40,0,0
New York City,2022-10-10,2022,41,0,0
New York City,2022-10-17,2022,42,0,0
New York City,2022-10-24,2022,43,0,0
New York City,2022-10-31,2022,44,0,0
New York City,2022-11-07,2022,45,0,0
New York City,2022-11-14,2022,46,0,0
New York City,2022-11-21,2022,47,0,0
New York City,2022-11-28,2022,48,0,0
New York City,2022-12-05,2022,49,0,0
New York City,2022-12-12,2022,50,0,0
New York City,2022-12-19,2022,51,0,0
New York City,2022-12-26,2022,52,0,0
New York City,2023-01-02,2023,1,0,0
New York City,2023-01-09,2023,2,0,0
New York City,2023-01-16,2023,3,0,0
New York City,2023-01-23,2023,4,0,0
New York City,2023-01-30,2023,5,0,0
New York City,2023-02-06,2023,6,0,0
New York City,2023-02-13,2023,7,0,0
New York City,2023-02-20,2023,8,0,0
New York City,2023-02-27,2023,9,0,0
New York City,2023-03-06,2023,10,0,0
New York City,2023-03-13,2023,11,0,0
New York City,2023-03-20,2023,12,0,0
New York City,2023-03-27,2023,13,0,0
New York City,2023-04-03,2023,14,0,0
New York City,2023-04-10,2023,15,0,0
New York City,2023-04-17,2023,16,0,0
New York City,2023-04-24,2023,17,0,0
New York City,2023-05-01,2023,18,0,0
New York City,2023-05-08,2023,19,0,0
New York City,2023-05-15,2023,20,0,0
New York City,2023-05-22,2023,21,0,0
New York City,2023-05-29,2023,22,0,0
New York City,2023-06-05,2023,23,0,0
New York City,2023-06-12,2023,24,0,0
New York City,2023-06-19,2023,25,0,0
New York City,2023-06-26,2023,26,0,0
New York City,2023-07-03,2023,27,0,0
New York City,2023-07-10,2023,28,0,0
New York City,2023-07-17,2023,29,0,0
New York City,2023-07-24,2023,30,0,0
New York City,2023-07-31,2023,31,0,0
New York City,2023-08-07,2023,32,0,0
New York City,2023-08-14,2023,33,0,0
New York City,2023-08-21,2023,34,0,0
New York City,2023-08-28,2023,35,0,0
New York City,2023-09-04,2023,36,0,0
New York City,2023-09-11,2023,37,0,0
New York City,2023-09-18,2023,38,0,0
New York City,2023-09-25,2023,39,0,0
New York City,2023-10-02,2023,40,0,0
New York City,2023-10-09,2023,41,0,0
New York City,2023-10-16,2023,42,0,0
New York City,2023-10-23,2023,43,0,0
New York City,2023-10-30,2023,44,0,0
New York City,2023-11-06,2023,45,0,0
New York City,2023-11-13,2023,46,0,0
New York City,2023-11-20,2023,47,0,0
New York City,2023-11-27,2023,48,0,0
New York City,2023-12-04,2023,49,0,0
New York City,2023-12-11,2023,50,0,0
New York City,2023-12-18,2023,51,0,0
New York City,2023-12-25,2023,52,0,0
New York City,2024-01-08,2024,1,1,1
New York City,2024-01-15,2024,2,0,1
New York City,2024-01-22,2024,3,0,1
New York City,2024-01-29,2024,4,0,1
New York City,2024-02-05,2024,5,0,1
New York City,2024-02-12,2024,6,0,1
New York City,2024-02-19,2024,7,0,1
New York City,2024-02-26,2024,8,0,1
New York City,2024-03-04,2024,9,0,1
New York City,2024-03-11,2024,10,0,1
New York City,2024-03-18,2024,11,0,1
New York City,2024-03-25,2024,12,0,1
New York City,2024-04-01,2024,13,0,1
New York City,2024-04-08,2024,14,0,1
New York City,2024-04-15,2024,15,0,1
New York City,2024-04-22,2024,16,1,2
New York City,2024-04-29,2024,17,0,2
New York City,2024-05-06,2024,18,0,2
New York City,2024-05-13,2024,19,0,2
New York City,2024-05-20,2024,20,0,2
New York City,2024-05-27,2024,21,1,3
New York City,2024-06-03,2024,22,0,3
New York City,2024-06-10,2024,23,0,3
New York City,2024-06-17,2024,24,1,4
New York City,2024-06-24,2024,25,0,4
New York City,2024-07-01,2024,26,0,4
New York City,2024-07-08,2024,27,0,4
New York City,2024-07-15,2024,28,0,4
New York City,2024-07-22,2024,29,0,4
New York City,2024-07-29,2024,30,0,4
New York City,2024-08-05,2024,31,0,4
New York City,2024-08-12,2024,32,0,4
New York City,2024-08-19,2024,33,0,4
New York City,2024-08-26,2024,34,0,4
New York City,2024-09-02,2024,35,0,4
New York City,2024-09-09,2024,36,0,4
New York City,2024-09-16,2024,37,0,4
New York City,2024-09-23,2024,38,0,4
New York City,2024-09-30,2024,39,0,4
New York City,2024-10-07,2024,40,0,4
New York City,2024-10-14,2024,41,0,4
New York City,2024-10-21,2024,42,0,4
New York City,2024-10-28,2024,43,0,4
New York City,2024-11-04,2024,44,0,4
New York City,2024-11-11,2024,45,0,4
New York City,2024-11-18,2024,46,0,4
New York City,2024-11-25,2024,47,0,4
New York City,2024-12-02,2024,48,0,4
New York City,2024-12-09,2024,49,0,4
New York City,2024-12-16,2024,50,0,4
New York City,2024-12-23,2024,51,0,4
New York City,2024-12-30,2024,52,0,4
New York City,2025-01-06,2025,1,4,4
New York City,2025-01-13,2025,2,0,4
New York City,2025-01-20,2025,3,0,4
New York City,2025-01-27,2025,4,0,4
New York City,2025-02-03,2025,5,0,4
New York City,2025-02-10,2025,6,0,4
New York City,2025-02-17,2025,7,0,4
New York City,2025-02-24,2025,8,0,4
New York City,2025-03-03,2025,9,0,4
New York City,2025-03-10,2025,10,0,4
New York City,2025-03-17,2025,11,0,4
New York City,2025-03-24,2025,12,0,4
New York City,2025-03-31,2025,13,0,3
New York City,2025-04-07,2025,14,0,3
New York City,2025-04-14,2025,15,0,3
New York City,2025-04-21,2025,16,0,3
New York City,2025-04-28,2025,17,0,3
New York City,2025-05-05,2025,18,0,3
New York City,2025-05-12,2025,19,0,3
New York City,2025-05-19,2025,20,0,3
New York City,2025-05-26,2025,21,0,3
New York City,2025-06-02,2025,22,0,3
New York City,2025-06-09,2025,23,2,5
New York City,2025-06-16,2025,24,0,5
New York City,2025-06-23,2025,25,0,5
New York City,2025-06-30,2025,26,0,5
New York City,2025-07-07,2025,27,0,5
New York City,2025-07-14,2025,28,0,5
New York City,2025-07-21,2025,29,0,4
New York City,2025-07-28,2025,30,0,4
New York City,2025-08-04,2025,31,0,4
New York City,2025-08-11,2025,32,0,4
New York City,2025-08-18,2025,33,0,4
New York City,2025-08-25,2025,34,0,4
New York City,2025-09-01,2025,35,0,4
New York City,2025-09-08,2025,36,0,4
New York City,2025-09-15,2025,37,0,4
New York City,2025-09-22,2025,38,2,6
New York City,2025-09-29,2025,39,0,6
New York City,2025-10-06,2025,40,0,6
New York City,2025-10-13,2025,41,0,6
New York City,2025-10-20,2025,42,0,6
New York City,2025-10-27,2025,43,0,6
New York City,2025-11-03,2025,44,0,6
New York City,2025-11-10,2025,45,0,6
New York City,2025-11-17,2025,46,0,6
New York City,2025-11-24,2025,47,0,6
New York City,2025-12-01,2025,48,0,6
New York City,2025-12-08,2025,49,0,6
New York City,2025-12-15,2025,50,0,6
New York City,2025-12-22,2025,51,0,6
New York City,2025-12-29,2025,52,0,6
New York City,2026-01-05,2026,1,6,6
New York City,2026-01-12,2026,2,0,6
New York City,2026-01-19,2026,3,0,6
New York City,2026-01-26,2026,4,0,6
New York City,2026-02-02,2026,5,0,6
New York City,2026-02-09,2026,6,0,6
New York City,2026-02-16,2026,7,0,6
New York City,2026-02-23,2026,8,0,6
New York City,2026-03-02,2026,9,0,6
New York City,2026-03-09,2026,10,0,6
New York City,2026-03-16,2026,11,0,6
New York City,2026-03-23,2026,12,0,6
New York City,2026-03-30,2026,13,0,6
New York City,2026-04-06,2026,14,0,6
New York City,2026-04-13,2026,15,0,6
New York City,2026-04-20,2026,16,0,6
New York City,2026-04-27,2026,17,0,6
New York City,2026-05-04,2026,18,0,6
New York City,2026-05-11,2026,19,0,6
New York City,2026-05-18,2026,20,0,5
New York City,2026-05-25,2026,21,0,5
New York City,2026-06-01,2026,22,0,5
New York City,2026-06-08,2026,23,0,5
New York City,2026-06-15,2026,24,0,5
New York City,2026-06-22,2026,25,0,5
New York City,2026-06-29,2026,26,0,5
New York City,2026-07-06,2026,27,0,5
New York City,2026-07-13,2026,28,0,5
New York City,2026-07-20,2026,29,0,5
New York City,2026-07-27,2026,30,0,5
New York City,2026-08-03,2026,31,0,5
New York City,2026-08-10,2026,32,0,5
New York City,2026-08-17,2026,33,0,5
New York City,2026-08-24,2026,34,0,5
New York City,2026-08-31,2026,35,0,5
New York City,NA,2025,53,0,6
North Carolina,2022-01-03,2022,1,0,0
North Carolina,2022-01-10,2022,2,0,0
North Carolina,2022-01-17,2022,3,0,0
North Carolina,2022-01-24,2022,4,0,0
North Carolina,2022-01-31,2022,5,0,0
North Carolina,2022-02-07,2022,6,0,0
North Carolina,2022-02-14,2022,7,0,0
North Carolina,2022-02-21,2022,8,0,0
North Carolina,2022-02-28,2022,9,0,0
North Carolina,2022-03-07,2022,10,0,0
North Carolina,2022-03-14,2022,11,0,0
North Carolina,2022-03-21,2022,12,0,0
North Carolina,2022-03-28,2022,13,0,0
North Carolina,2022-04-04,2022,14,0,0
North Carolina,2022-04-11,2022,15,0,0
North Carolina,2022-04-18,2022,16,0,0
North Carolina,2022-04-25,2022,17,0,0
North Carolina,2022-05-02,2022,18,0,0
North Carolina,2022-05-09,2022,19,0,0
North Carolina,2022-05-16,2022,20,0,0
North Carolina,2022-05-23,2022,21,0,0
North Carolina,2022-05-30,2022,22,0,0
North Carolina,2022-06-06,2022,23,0,0
North Carolina,2022-06-13,2022,24,0,0
North Carolina,2022-06-20,2022,25,0,0
North Carolina,2022-06-27,2022,26,0,0
North Carolina,2022-07-04,2022,27,0,0
North Carolina,2022-07-11,2022,28,0,0
North Carolina,2022-07-18,2022,29,0,0
North Carolina,2022-07-25,2022,30,0,0
North Carolina,2022-08-01,2022,31,0,0
North Carolina,2022-08-08,2022,32,0,0
North Carolina,2022-08-15,2022,33,0,0
North Carolina,2022-08-22,2022,34,0,0
North Carolina,2022-08-29,2022,35,0,0
North Carolina,2022-09-05,2022,36,0,0
North Carolina,2022-09-12,2022,37,0,0
North Carolina,2022-09-19,2022,38,0,0
North Carolina,2022-09-26,2022,39,0,0
North Carolina,2022-10-03,2022,40,0,0
North Carolina,2022-10-10,2022,41,0,0
North Carolina,2022-10-17,2022,42,0,0
North Carolina,2022-10-24,2022,43,0,0
North Carolina,2022-10-31,2022,44,0,0
North Carolina,2022-11-07,2022,45,0,0
North Carolina,2022-11-14,2022,46,0,0
North Carolina,2022-11-21,2022,47,0,0
North Carolina,2022-11-28,2022,48,0,0
North Carolina,2022-12-05,2022,49,0,0
North Carolina,2022-12-12,2022,50,0,0
North Carolina,2022-12-19,2022,51,0,0
North Carolina,2022-12-26,2022,52,0,0
North Carolina,2023-01-02,2023,1,0,0
North Carolina,2023-01-09,2023,2,0,0
North Carolina,2023-01-16,2023,3,0,0
North Carolina,2023-01-23,2023,4,0,0
North Carolina,2023-01-30,2023,5,0,0
North Carolina,2023-02-06,2023,6,0,0
North Carolina,2023-02-13,2023,7,0,0
North Carolina,2023-02-20,2023,8,0,0
North Carolina,2023-02-27,2023,9,0,0
North Carolina,2023-03-06,2023,10,0,0
North Carolina,2023-03-13,2023,11,0,0
North Carolina,2023-03-20,2023,12,0,0
North Carolina,2023-03-27,2023,13,0,0
North Carolina,2023-04-03,2023,14,0,0
North Carolina,2023-04-10,2023,15,0,0
North Carolina,2023-04-17,2023,16,0,0
North Carolina,2023-04-24,2023,17,0,0
North Carolina,2023-05-01,2023,18,0,0
North Carolina,2023-05-08,2023,19,0,0
North Carolina,2023-05-15,2023,20,0,0
North Carolina,2023-05-22,2023,21,0,0
North Carolina,2023-05-29,2023,22,0,0
North Carolina,2023-06-05,2023,23,0,0
North Carolina,2023-06-12,2023,24,0,0
North Carolina,2023-06-19,2023,25,0,0
North Carolina,2023-06-26,2023,26,0,0
North Carolina,2023-07-03,2023,27,0,0
North Carolina,2023-07-10,2023,28,0,0
North Carolina,2023-07-17,2023,29,0,0
North Carolina,2023-07-24,2023,30,0,0
North Carolina,2023-07-31,2023,31,0,0
North Carolina,2023-08-07,2023,32,0,0
North Carolina,2023-08-14,2023,33,0,0
North Carolina,2023-08-21,2023,34,0,0
North Carolina,2023-08-28,2023,35,0,0
North Carolina,2023-09-04,2023,36,0,0
North Carolina,2023-09-11,2023,37,0,0
North Carolina,2023-09-18,2023,38,0,0
North Carolina,2023-09-25,2023,39,0,0
North Carolina,2023-10-02,2023,40,0,0
North Carolina,2023-10-09,2023,41,0,0
North Carolina,2023-10-16,2023,42,0,0
North Carolina,2023-10-23,2023,43,0,0
North Carolina,2023-10-30,2023,44,0,0
North Carolina,2023-11-06,2023,45,0,0
North Carolina,2023-11-13,2023,46,0,0
North Carolina,2023-11-20,2023,47,0,0
North Carolina,2023-11-27,2023,48,0,0
North Carolina,2023-12-04,2023,49,0,0
North Carolina,2023-12-11,2023,50,0,0
North Carolina,2023-12-18,2023,51,0,0
North Carolina,2023-12-25,2023,52,0,0
North Carolina,2024-01-08,2024,1,0,0
North Carolina,2024-01-15,2024,2,0,0
North Carolina,2024-01-22,2024,3,0,0
North Carolina,2024-01-29,2024,4,0,0
North Carolina,2024-02-05,2024,5,0,0
North Carolina,2024-02-12,2024,6,0,0
North Carolina,2024-02-19,2024,7,0,0
North Carolina,2024-02-26,2024,8,0,0
North Carolina,2024-03-04,2024,9,0,0
North Carolina,2024-03-11,2024,10,0,0
North Carolina,2024-03-18,2024,11,0,0
North Carolina,2024-03-25,2024,12,0,0
North Carolina,2024-04-01,2024,13,0,0
North Carolina,2024-04-08,2024,14,0,0
North Carolina,2024-04-15,2024,15,0,0
North Carolina,2024-04-22,2024,16,0,0
North Carolina,2024-04-29,2024,17,0,0
North Carolina,2024-05-06,2024,18,0,0
North Carolina,2024-05-13,2024,19,0,0
North Carolina,2024-05-20,2024,20,0,0
North Carolina,2024-05-27,2024,21,0,0
North Carolina,2024-06-03,2024,22,0,0
North Carolina,2024-06-10,2024,23,0,0
North Carolina,2024-06-17,2024,24,0,0
North Carolina,2024-06-24,2024,25,0,0
North Carolina,2024-07-01,2024,26,0,0
North Carolina,2024-07-08,2024,27,0,0
North Carolina,2024-07-15,2024,28,0,0
North Carolina,2024-07-22,2024,29,0,0
North Carolina,2024-07-29,2024,30,0,0
North Carolina,2024-08-05,2024,31,0,0
North Carolina,2024-08-12,2024,32,0,0
North Carolina,2024-08-19,2024,33,0,0
North Carolina,2024-08-26,2024,34,0,0
North Carolina,2024-09-02,2024,35,0,0
North Carolina,2024-09-09,2024,36,0,0
North Carolina,2024-09-16,2024,37,0,0
North Carolina,2024-09-23,2024,38,0,0
North Carolina,2024-09-30,2024,39,0,0
North Carolina,2024-10-07,2024,40,0,0
North Carolina,2024-10-14,2024,41,1,1
North Carolina,2024-10-21,2024,42,0,1
North Carolina,2024-10-28,2024,43,0,1
North Carolina,2024-11-04,2024,44,0,1
North Carolina,2024-11-11,2024,45,0,1
North Carolina,2024-11-18,2024,46,0,1
North Carolina,2024-11-25,2024,47,0,1
North Carolina,2024-12-02,2024,48,0,1
North Carolina,2024-12-09,2024,49,0,1
North Carolina,2024-12-16,2024,50,0,1
North Carolina,2024-12-23,2024,51,0,1
North Carolina,2024-12-30,2024,52,0,1
North Carolina,2025-01-06,2025,1,1,1
North Carolina,2025-01-13,2025,2,0,1
North Carolina,2025-01-20,2025,3,0,1
North Carolina,2025-01-27,2025,4,0,1
North Carolina,2025-02-03,2025,5,0,1
North Carolina,2025-02-10,2025,6,0,1
North Carolina,2025-02-17,2025,7,0,1
North Carolina,2025-02-24,2025,8,0,1
North Carolina,2025-03-03,2025,9,0,1
North Carolina,2025-03-10,2025,10,0,1
North Carolina,2025-03-17,2025,11,0,1
North Carolina,2025-03-24,2025,12,0,1
North Carolina,2025-03-31,2025,13,0,1
North Carolina,2025-04-07,2025,14,0,1
North Carolina,2025-04-14,2025,15,0,1
North Carolina,2025-04-21,2025,16,0,1
North Carolina,2025-04-28,2025,17,0,1
North Carolina,2025-05-05,2025,18,0,1
North Carolina,2025-05-12,2025,19,0,1
North Carolina,2025-05-19,2025,20,0,1
North Carolina,2025-05-26,2025,21,0,1
North Carolina,2025-06-02,2025,22,0,1
North Carolina,2025-06-09,2025,23,0,1
North Carolina,2025-06-16,2025,24,0,1
North Carolina,2025-06-23,2025,25,0,1
North Carolina,2025-06-30,2025,26,0,1
North Carolina,2025-07-07,2025,27,0,1
North Carolina,2025-07-14,2025,28,0,1
North Carolina,2025-07-21,2025,29,0,1
North Carolina,2025-07-28,2025,30,0,1
North Carolina,2025-08-04,2025,31,0,1
North Carolina,2025-08-11,2025,32,0,1
North Carolina,2025-08-18,2025,33,0,1
North Carolina,2025-08-25,2025,34,0,1
North Carolina,2025-09-01,2025,35,0,1
North Carolina,2025-09-08,2025,36,0,0
North Carolina,2025-09-15,2025,37,0,0
North Carolina,2025-09-22,2025,38,0,0
North Carolina,2025-09-29,2025,39,0,0
North Carolina,2025-10-06,2025,40,0,0
North Carolina,2025-10-13,2025,41,0,0
North Carolina,2025-10-20,2025,42,0,0
North Carolina,2025-10-27,2025,43,0,0
North Carolina,2025-11-03,2025,44,0,0
North Carolina,2025-11-10,2025,45,0,0
North Carolina,2025-11-17,2025,46,0,0
North Carolina,2025-11-24,2025,47,0,0
North Carolina,2025-12-01,2025,48,0,0
North Carolina,2025-12-08,2025,49,0,0
North Carolina,2025-12-15,2025,50,0,0
North Carolina,2025-12-22,2025,51,0,0
North Carolina,2025-12-29,2025,52,0,0
North Carolina,2026-01-05,2026,1,0,0
North Carolina,2026-01-12,2026,2,0,0
North Carolina,2026-01-19,2026,3,3,3
North Carolina,2026-01-26,2026,4,0,3
North Carolina,2026-02-02,2026,5,1,4
North Carolina,2026-02-09,2026,6,0,4
North Carolina,2026-02-16,2026,7,0,4
North Carolina,2026-02-23,2026,8,0,4
North Carolina,2026-03-02,2026,9,0,4
North Carolina,2026-03-09,2026,10,0,4
North Carolina,2026-03-16,2026,11,1,5
North Carolina,2026-03-23,2026,12,0,5
North Carolina,2026-03-30,2026,13,0,5
North Carolina,2026-04-06,2026,14,1,6
North Carolina,2026-04-13,2026,15,0,6
North Carolina,2026-04-20,2026,16,0,6
North Carolina,2026-04-27,2026,17,0,6
North Carolina,2026-05-04,2026,18,0,6
North Carolina,2026-05-11,2026,19,0,6
North Carolina,2026-05-18,2026,20,0,6
North Carolina,2026-05-25,2026,21,0,6
North Carolina,2026-06-01,2026,22,0,6
North Carolina,2026-06-08,2026,23,0,6
North Carolina,2026-06-15,2026,24,0,6
North Carolina,2026-06-22,2026,25,0,6
North Carolina,2026-06-29,2026,26,0,6
North Carolina,2026-07-06,2026,27,0,6
North Carolina,2026-07-13,2026,28,0,6
North Carolina,2026-07-20,2026,29,0,6
North Carolina,2026-07-27,2026,30,0,6
North Carolina,2026-08-03,2026,31,0,6
North Carolina,2026-08-10,2026,32,0,6
North Carolina,2026-08-17,2026,33,0,6
North Carolina,2026-08-24,2026,34,0,6
North Carolina,2026-08-31,2026,35,0,6
North Carolina,NA,2025,53,0,0
North Dakota,2022-01-03,2022,1,0,0
North Dakota,2022-01-10,2022,2,0,0
North Dakota,2022-01-17,2022,3,0,0
North Dakota,2022-01-24,2022,4,0,0
North Dakota,2022-01-31,2022,5,0,0
North Dakota,2022-02-07,2022,6,0,0
North Dakota,2022-02-14,2022,7,0,0
North Dakota,2022-02-21,2022,8,0,0
North Dakota,2022-02-28,2022,9,0,0
North Dakota,2022-03-07,2022,10,0,0
North Dakota,2022-03-14,2022,11,0,0
North Dakota,2022-03-21,2022,12,0,0
North Dakota,2022-03-28,2022,13,0,0
North Dakota,2022-04-04,2022,14,0,0
North Dakota,2022-04-11,2022,15,0,0
North Dakota,2022-04-18,2022,16,0,0
North Dakota,2022-04-25,2022,17,0,0
North Dakota,2022-05-02,2022,18,0,0
North Dakota,2022-05-09,2022,19,0,0
North Dakota,2022-05-16,2022,20,0,0
North Dakota,2022-05-23,2022,21,0,0
North Dakota,2022-05-30,2022,22,0,0
North Dakota,2022-06-06,2022,23,0,0
North Dakota,2022-06-13,2022,24,0,0
North Dakota,2022-06-20,2022,25,0,0
North Dakota,2022-06-27,2022,26,0,0
North Dakota,2022-07-04,2022,27,0,0
North Dakota,2022-07-11,2022,28,0,0
North Dakota,2022-07-18,2022,29,0,0
North Dakota,2022-07-25,2022,30,0,0
North Dakota,2022-08-01,2022,31,0,0
North Dakota,2022-08-08,2022,32,0,0
North Dakota,2022-08-15,2022,33,0,0
North Dakota,2022-08-22,2022,34,0,0
North Dakota,2022-08-29,2022,35,0,0
North Dakota,2022-09-05,2022,36,0,0
North Dakota,2022-09-12,2022,37,0,0
North Dakota,2022-09-19,2022,38,0,0
North Dakota,2022-09-26,2022,39,0,0
North Dakota,2022-10-03,2022,40,0,0
North Dakota,2022-10-10,2022,41,0,0
North Dakota,2022-10-17,2022,42,0,0
North Dakota,2022-10-24,2022,43,0,0
North Dakota,2022-10-31,2022,44,0,0
North Dakota,2022-11-07,2022,45,0,0
North Dakota,2022-11-14,2022,46,0,0
North Dakota,2022-11-21,2022,47,0,0
North Dakota,2022-11-28,2022,48,0,0
North Dakota,2022-12-05,2022,49,0,0
North Dakota,2022-12-12,2022,50,0,0
North Dakota,2022-12-19,2022,51,0,0
North Dakota,2022-12-26,2022,52,0,0
North Dakota,2023-01-02,2023,1,0,0
North Dakota,2023-01-09,2023,2,0,0
North Dakota,2023-01-16,2023,3,0,0
North Dakota,2023-01-23,2023,4,0,0
North Dakota,2023-01-30,2023,5,0,0
North Dakota,2023-02-06,2023,6,0,0
North Dakota,2023-02-13,2023,7,0,0
North Dakota,2023-02-20,2023,8,0,0
North Dakota,2023-02-27,2023,9,0,0
North Dakota,2023-03-06,2023,10,0,0
North Dakota,2023-03-13,2023,11,0,0
North Dakota,2023-03-20,2023,12,0,0
North Dakota,2023-03-27,2023,13,0,0
North Dakota,2023-04-03,2023,14,0,0
North Dakota,2023-04-10,2023,15,0,0
North Dakota,2023-04-17,2023,16,0,0
North Dakota,2023-04-24,2023,17,0,0
North Dakota,2023-05-01,2023,18,0,0
North Dakota,2023-05-08,2023,19,0,0
North Dakota,2023-05-15,2023,20,0,0
North Dakota,2023-05-22,2023,21,0,0
North Dakota,2023-05-29,2023,22,0,0
North Dakota,2023-06-05,2023,23,0,0
North Dakota,2023-06-12,2023,24,0,0
North Dakota,2023-06-19,2023,25,0,0
North Dakota,2023-06-26,2023,26,0,0
North Dakota,2023-07-03,2023,27,0,0
North Dakota,2023-07-10,2023,28,0,0
North Dakota,2023-07-17,2023,29,0,0
North Dakota,2023-07-24,2023,30,0,0
North Dakota,2023-07-31,2023,31,0,0
North Dakota,2023-08-07,2023,32,0,0
North Dakota,2023-08-14,2023,33,0,0
North Dakota,2023-08-21,2023,34,0,0
North Dakota,2023-08-28,2023,35,0,0
North Dakota,2023-09-04,2023,36,0,0
North Dakota,2023-09-11,2023,37,0,0
North Dakota,2023-09-18,2023,38,0,0
North Dakota,2023-09-25,2023,39,0,0
North Dakota,2023-10-02,2023,40,0,0
North Dakota,2023-10-09,2023,41,0,0
North Dakota,2023-10-16,2023,42,0,0
North Dakota,2023-10-23,2023,43,0,0
North Dakota,2023-10-30,2023,44,0,0
North Dakota,2023-11-06,2023,45,0,0
North Dakota,2023-11-13,2023,46,0,0
North Dakota,2023-11-20,2023,47,0,0
North Dakota,2023-11-27,2023,48,0,0
North Dakota,2023-12-04,2023,49,0,0
North Dakota,2023-12-11,2023,50,0,0
North Dakota,2023-12-18,2023,51,0,0
North Dakota,2023-12-25,2023,52,0,0
North Dakota,2024-01-08,2024,1,0,0
North Dakota,2024-01-15,2024,2,0,0
North Dakota,2024-01-22,2024,3,0,0
North Dakota,2024-01-29,2024,4,0,0
North Dakota,2024-02-05,2024,5,0,0
North Dakota,2024-02-12,2024,6,0,0
North Dakota,2024-02-19,2024,7,0,0
North Dakota,2024-02-26,2024,8,0,0
North Dakota,2024-03-04,2024,9,0,0
North Dakota,2024-03-11,2024,10,0,0
North Dakota,2024-03-18,2024,11,0,0
North Dakota,2024-03-25,2024,12,0,0
North Dakota,2024-04-01,2024,13,0,0
North Dakota,2024-04-08,2024,14,0,0
North Dakota,2024-04-15,2024,15,0,0
North Dakota,2024-04-22,2024,16,0,0
North Dakota,2024-04-29,2024,17,0,0
North Dakota,2024-05-06,2024,18,0,0
North Dakota,2024-05-13,2024,19,0,0
North Dakota,2024-05-20,2024,20,0,0
North Dakota,2024-05-27,2024,21,0,0
North Dakota,2024-06-03,2024,22,0,0
North Dakota,2024-06-10,2024,23,0,0
North Dakota,2024-06-17,2024,24,0,0
North Dakota,2024-06-24,2024,25,0,0
North Dakota,2024-07-01,2024,26,0,0
North Dakota,2024-07-08,2024,27,0,0
North Dakota,2024-07-15,2024,28,0,0
North Dakota,2024-07-22,2024,29,0,0
North Dakota,2024-07-29,2024,30,0,0
North Dakota,2024-08-05,2024,31,0,0
North Dakota,2024-08-12,2024,32,0,0
North Dakota,2024-08-19,2024,33,0,0
North Dakota,2024-08-26,2024,34,0,0
North Dakota,2024-09-02,2024,35,0,0
North Dakota,2024-09-09,2024,36,0,0
North Dakota,2024-09-16,2024,37,0,0
North Dakota,2024-09-23,2024,38,0,0
North Dakota,2024-09-30,2024,39,0,0
North Dakota,2024-10-07,2024,40,0,0
North Dakota,2024-10-14,2024,41,0,0
North Dakota,2024-10-21,2024,42,0,0
North Dakota,2024-10-28,2024,43,0,0
North Dakota,2024-11-04,2024,44,0,0
North Dakota,2024-11-11,2024,45,0,0
North Dakota,2024-11-18,2024,46,0,0
North Dakota,2024-11-25,2024,47,0,0
North Dakota,2024-12-02,2024,48,0,0
North Dakota,2024-12-09,2024,49,0,0
North Dakota,2024-12-16,2024,50,0,0
North Dakota,2024-12-23,2024,51,0,0
North Dakota,2024-12-30,2024,52,0,0
North Dakota,2025-01-06,2025,1,0,0
North Dakota,2025-01-13,2025,2,0,0
North Dakota,2025-01-20,2025,3,0,0
North Dakota,2025-01-27,2025,4,0,0
North Dakota,2025-02-03,2025,5,0,0
North Dakota,2025-02-10,2025,6,0,0
North Dakota,2025-02-17,2025,7,0,0
North Dakota,2025-02-24,2025,8,0,0
North Dakota,2025-03-03,2025,9,0,0
North Dakota,2025-03-10,2025,10,0,0
North Dakota,2025-03-17,2025,11,0,0
North Dakota,2025-03-24,2025,12,0,0
North Dakota,2025-03-31,2025,13,0,0
North Dakota,2025-04-07,2025,14,0,0
North Dakota,2025-04-14,2025,15,0,0
North Dakota,2025-04-21,2025,16,0,0
North Dakota,2025-04-28,2025,17,0,0
North Dakota,2025-05-05,2025,18,0,0
North Dakota,2025-05-12,2025,19,5,5
North Dakota,2025-05-19,2025,20,0,5
North Dakota,2025-05-26,2025,21,1,6
North Dakota,2025-06-02,2025,22,4,10
North Dakota,2025-06-09,2025,23,0,10
North Dakota,2025-06-16,2025,24,0,10
North Dakota,2025-06-23,2025,25,0,10
North Dakota,2025-06-30,2025,26,0,10
North Dakota,2025-07-07,2025,27,0,10
North Dakota,2025-07-14,2025,28,0,10
North Dakota,2025-07-21,2025,29,0,10
North Dakota,2025-07-28,2025,30,0,10
North Dakota,2025-08-04,2025,31,0,10
North Dakota,2025-08-11,2025,32,0,10
North Dakota,2025-08-18,2025,33,0,10
North Dakota,2025-08-25,2025,34,0,10
North Dakota,2025-09-01,2025,35,0,10
North Dakota,2025-09-08,2025,36,0,10
North Dakota,2025-09-15,2025,37,0,10
North Dakota,2025-09-22,2025,38,0,10
North Dakota,2025-09-29,2025,39,0,10
North Dakota,2025-10-06,2025,40,0,10
North Dakota,2025-10-13,2025,41,0,10
North Dakota,2025-10-20,2025,42,0,10
North Dakota,2025-10-27,2025,43,0,10
North Dakota,2025-11-03,2025,44,0,10
North Dakota,2025-11-10,2025,45,0,10
North Dakota,2025-11-17,2025,46,0,10
North Dakota,2025-11-24,2025,47,0,10
North Dakota,2025-12-01,2025,48,0,10
North Dakota,2025-12-08,2025,49,0,10
North Dakota,2025-12-15,2025,50,0,10
North Dakota,2025-12-22,2025,51,0,10
North Dakota,2025-12-29,2025,52,0,10
North Dakota,2026-01-05,2026,1,10,10
North Dakota,2026-01-12,2026,2,0,10
North Dakota,2026-01-19,2026,3,0,10
North Dakota,2026-01-26,2026,4,0,10
North Dakota,2026-02-02,2026,5,0,10
North Dakota,2026-02-09,2026,6,0,10
North Dakota,2026-02-16,2026,7,0,10
North Dakota,2026-02-23,2026,8,0,10
North Dakota,2026-03-02,2026,9,0,10
North Dakota,2026-03-09,2026,10,0,10
North Dakota,2026-03-16,2026,11,0,10
North Dakota,2026-03-23,2026,12,0,10
North Dakota,2026-03-30,2026,13,0,10
North Dakota,2026-04-06,2026,14,0,10
North Dakota,2026-04-13,2026,15,0,10
North Dakota,2026-04-20,2026,16,0,10
North Dakota,2026-04-27,2026,17,0,10
North Dakota,2026-05-04,2026,18,0,10
North Dakota,2026-05-11,2026,19,0,9
North Dakota,2026-05-18,2026,20,0,9
North Dakota,2026-05-25,2026,21,0,9
North Dakota,2026-06-01,2026,22,0,4
North Dakota,2026-06-08,2026,23,0,4
North Dakota,2026-06-15,2026,24,0,4
North Dakota,2026-06-22,2026,25,0,4
North Dakota,2026-06-29,2026,26,0,4
North Dakota,2026-07-06,2026,27,0,4
North Dakota,2026-07-13,2026,28,0,4
North Dakota,2026-07-20,2026,29,0,4
North Dakota,2026-07-27,2026,30,0,4
North Dakota,2026-08-03,2026,31,0,4
North Dakota,2026-08-10,2026,32,0,4
North Dakota,2026-08-17,2026,33,0,4
North Dakota,2026-08-24,2026,34,0,4
North Dakota,2026-08-31,2026,35,0,4
North Dakota,NA,2025,53,0,10
Ohio,2022-01-03,2022,1,0,0
Ohio,2022-01-10,2022,2,0,0
Ohio,2022-01-17,2022,3,0,0
Ohio,2022-01-24,2022,4,0,0
Ohio,2022-01-31,2022,5,0,0
Ohio,2022-02-07,2022,6,0,0
Ohio,2022-02-14,2022,7,0,0
Ohio,2022-02-21,2022,8,0,0
Ohio,2022-02-28,2022,9,0,0
Ohio,2022-03-07,2022,10,0,0
Ohio,2022-03-14,2022,11,0,0
Ohio,2022-03-21,2022,12,0,0
Ohio,2022-03-28,2022,13,0,0
Ohio,2022-04-04,2022,14,0,0
Ohio,2022-04-11,2022,15,0,0
Ohio,2022-04-18,2022,16,0,0
Ohio,2022-04-25,2022,17,0,0
Ohio,2022-05-02,2022,18,0,0
Ohio,2022-05-09,2022,19,0,0
Ohio,2022-05-16,2022,20,0,0
Ohio,2022-05-23,2022,21,0,0
Ohio,2022-05-30,2022,22,0,0
Ohio,2022-06-06,2022,23,0,0
Ohio,2022-06-13,2022,24,0,0
Ohio,2022-06-20,2022,25,1,1
Ohio,2022-06-27,2022,26,0,1
Ohio,2022-07-04,2022,27,0,1
Ohio,2022-07-11,2022,28,0,1
Ohio,2022-07-18,2022,29,0,1
Ohio,2022-07-25,2022,30,0,1
Ohio,2022-08-01,2022,31,0,1
Ohio,2022-08-08,2022,32,0,1
Ohio,2022-08-15,2022,33,0,1
Ohio,2022-08-22,2022,34,0,1
Ohio,2022-08-29,2022,35,0,1
Ohio,2022-09-05,2022,36,0,1
Ohio,2022-09-12,2022,37,0,1
Ohio,2022-09-19,2022,38,0,1
Ohio,2022-09-26,2022,39,0,1
Ohio,2022-10-03,2022,40,0,1
Ohio,2022-10-10,2022,41,0,1
Ohio,2022-10-17,2022,42,0,1
Ohio,2022-10-24,2022,43,0,1
Ohio,2022-10-31,2022,44,0,1
Ohio,2022-11-07,2022,45,0,1
Ohio,2022-11-14,2022,46,9,10
Ohio,2022-11-21,2022,47,1,11
Ohio,2022-11-28,2022,48,0,11
Ohio,2022-12-05,2022,49,14,25
Ohio,2022-12-12,2022,50,0,24
Ohio,2022-12-19,2022,51,0,24
Ohio,2022-12-26,2022,52,0,24
Ohio,2023-01-02,2023,1,24,24
Ohio,2023-01-09,2023,2,0,24
Ohio,2023-01-16,2023,3,0,24
Ohio,2023-01-23,2023,4,0,24
Ohio,2023-01-30,2023,5,0,24
Ohio,2023-02-06,2023,6,0,0
Ohio,2023-02-13,2023,7,24,24
Ohio,2023-02-20,2023,8,0,24
Ohio,2023-02-27,2023,9,0,24
Ohio,2023-03-06,2023,10,0,24
Ohio,2023-03-13,2023,11,0,24
Ohio,2023-03-20,2023,12,0,24
Ohio,2023-03-27,2023,13,0,24
Ohio,2023-04-03,2023,14,0,24
Ohio,2023-04-10,2023,15,0,24
Ohio,2023-04-17,2023,16,0,24
Ohio,2023-04-24,2023,17,0,24
Ohio,2023-05-01,2023,18,0,24
Ohio,2023-05-08,2023,19,0,24
Ohio,2023-05-15,2023,20,0,24
Ohio,2023-05-22,2023,21,0,24
Ohio,2023-05-29,2023,22,0,24
Ohio,2023-06-05,2023,23,0,24
Ohio,2023-06-12,2023,24,0,24
Ohio,2023-06-19,2023,25,0,24
Ohio,2023-06-26,2023,26,0,24
Ohio,2023-07-03,2023,27,0,24
Ohio,2023-07-10,2023,28,0,24
Ohio,2023-07-17,2023,29,0,24
Ohio,2023-07-24,2023,30,0,24
Ohio,2023-07-31,2023,31,0,24
Ohio,2023-08-07,2023,32,0,24
Ohio,2023-08-14,2023,33,0,24
Ohio,2023-08-21,2023,34,0,24
Ohio,2023-08-28,2023,35,0,24
Ohio,2023-09-04,2023,36,0,24
Ohio,2023-09-11,2023,37,0,24
Ohio,2023-09-18,2023,38,0,24
Ohio,2023-09-25,2023,39,0,24
Ohio,2023-10-02,2023,40,0,24
Ohio,2023-10-09,2023,41,0,24
Ohio,2023-10-16,2023,42,0,24
Ohio,2023-10-23,2023,43,0,24
Ohio,2023-10-30,2023,44,0,24
Ohio,2023-11-06,2023,45,0,24
Ohio,2023-11-13,2023,46,0,24
Ohio,2023-11-20,2023,47,0,24
Ohio,2023-11-27,2023,48,0,24
Ohio,2023-12-04,2023,49,0,17
Ohio,2023-12-11,2023,50,0,13
Ohio,2023-12-18,2023,51,0,3
Ohio,2023-12-25,2023,52,0,3
Ohio,2024-01-08,2024,1,3,3
Ohio,2024-01-15,2024,2,0,3
Ohio,2024-01-22,2024,3,0,1
Ohio,2024-01-29,2024,4,0,1
Ohio,2024-02-05,2024,5,0,1
Ohio,2024-02-12,2024,6,0,1
Ohio,2024-02-19,2024,7,1,2
Ohio,2024-02-26,2024,8,0,2
Ohio,2024-03-04,2024,9,1,3
Ohio,2024-03-11,2024,10,0,3
Ohio,2024-03-18,2024,11,0,3
Ohio,2024-03-25,2024,12,0,3
Ohio,2024-04-01,2024,13,0,3
Ohio,2024-04-08,2024,14,0,3
Ohio,2024-04-15,2024,15,0,3
Ohio,2024-04-22,2024,16,0,3
Ohio,2024-04-29,2024,17,0,3
Ohio,2024-05-06,2024,18,0,3
Ohio,2024-05-13,2024,19,0,3
Ohio,2024-05-20,2024,20,0,3
Ohio,2024-05-27,2024,21,0,3
Ohio,2024-06-03,2024,22,0,3
Ohio,2024-06-10,2024,23,0,3
Ohio,2024-06-17,2024,24,0,3
Ohio,2024-06-24,2024,25,0,3
Ohio,2024-07-01,2024,26,0,3
Ohio,2024-07-08,2024,27,0,3
Ohio,2024-07-15,2024,28,0,3
Ohio,2024-07-22,2024,29,0,3
Ohio,2024-07-29,2024,30,0,3
Ohio,2024-08-05,2024,31,0,3
Ohio,2024-08-12,2024,32,0,3
Ohio,2024-08-19,2024,33,0,3
Ohio,2024-08-26,2024,34,0,3
Ohio,2024-09-02,2024,35,0,3
Ohio,2024-09-09,2024,36,0,3
Ohio,2024-09-16,2024,37,0,3
Ohio,2024-09-23,2024,38,0,3
Ohio,2024-09-30,2024,39,0,3
Ohio,2024-10-07,2024,40,0,3
Ohio,2024-10-14,2024,41,0,3
Ohio,2024-10-21,2024,42,0,3
Ohio,2024-10-28,2024,43,0,3
Ohio,2024-11-04,2024,44,0,3
Ohio,2024-11-11,2024,45,0,3
Ohio,2024-11-18,2024,46,0,3
Ohio,2024-11-25,2024,47,0,3
Ohio,2024-12-02,2024,48,0,3
Ohio,2024-12-09,2024,49,0,3
Ohio,2024-12-16,2024,50,0,3
Ohio,2024-12-23,2024,51,0,3
Ohio,2024-12-30,2024,52,0,3
Ohio,2025-01-06,2025,1,3,3
Ohio,2025-01-13,2025,2,0,3
Ohio,2025-01-20,2025,3,0,3
Ohio,2025-01-27,2025,4,0,3
Ohio,2025-02-03,2025,5,0,3
Ohio,2025-02-10,2025,6,0,3
Ohio,2025-02-17,2025,7,0,3
Ohio,2025-02-24,2025,8,0,3
Ohio,2025-03-03,2025,9,0,2
Ohio,2025-03-10,2025,10,0,2
Ohio,2025-03-17,2025,11,0,2
Ohio,2025-03-24,2025,12,0,2
Ohio,2025-03-31,2025,13,3,5
Ohio,2025-04-07,2025,14,0,5
Ohio,2025-04-14,2025,15,2,7
Ohio,2025-04-21,2025,16,0,7
Ohio,2025-04-28,2025,17,5,12
Ohio,2025-05-05,2025,18,0,12
Ohio,2025-05-12,2025,19,0,12
Ohio,2025-05-19,2025,20,0,12
Ohio,2025-05-26,2025,21,0,12
Ohio,2025-06-02,2025,22,0,12
Ohio,2025-06-09,2025,23,0,12
Ohio,2025-06-16,2025,24,0,12
Ohio,2025-06-23,2025,25,0,12
Ohio,2025-06-30,2025,26,0,12
Ohio,2025-07-07,2025,27,0,12
Ohio,2025-07-14,2025,28,0,12
Ohio,2025-07-21,2025,29,0,12
Ohio,2025-07-28,2025,30,0,12
Ohio,2025-08-04,2025,31,0,12
Ohio,2025-08-11,2025,32,0,12
Ohio,2025-08-18,2025,33,0,12
Ohio,2025-08-25,2025,34,0,12
Ohio,2025-09-01,2025,35,0,12
Ohio,2025-09-08,2025,36,0,12
Ohio,2025-09-15,2025,37,0,12
Ohio,2025-09-22,2025,38,0,12
Ohio,2025-09-29,2025,39,0,12
Ohio,2025-10-06,2025,40,0,12
Ohio,2025-10-13,2025,41,0,12
Ohio,2025-10-20,2025,42,0,12
Ohio,2025-10-27,2025,43,0,12
Ohio,2025-11-03,2025,44,0,12
Ohio,2025-11-10,2025,45,0,12
Ohio,2025-11-17,2025,46,0,12
Ohio,2025-11-24,2025,47,0,12
Ohio,2025-12-01,2025,48,0,12
Ohio,2025-12-08,2025,49,0,12
Ohio,2025-12-15,2025,50,0,12
Ohio,2025-12-22,2025,51,0,12
Ohio,2025-12-29,2025,52,0,12
Ohio,2026-01-05,2026,1,12,12
Ohio,2026-01-12,2026,2,0,12
Ohio,2026-01-19,2026,3,0,12
Ohio,2026-01-26,2026,4,0,12
Ohio,2026-02-02,2026,5,0,12
Ohio,2026-02-09,2026,6,0,12
Ohio,2026-02-16,2026,7,0,12
Ohio,2026-02-23,2026,8,0,12
Ohio,2026-03-02,2026,9,0,12
Ohio,2026-03-09,2026,10,0,12
Ohio,2026-03-16,2026,11,0,12
Ohio,2026-03-23,2026,12,0,11
Ohio,2026-03-30,2026,13,0,11
Ohio,2026-04-06,2026,14,0,11
Ohio,2026-04-13,2026,15,0,11
Ohio,2026-04-20,2026,16,0,4
Ohio,2026-04-27,2026,17,0,4
Ohio,2026-05-04,2026,18,0,4
Ohio,2026-05-11,2026,19,0,4
Ohio,2026-05-18,2026,20,0,4
Ohio,2026-05-25,2026,21,0,4
Ohio,2026-06-01,2026,22,0,4
Ohio,2026-06-08,2026,23,0,4
Ohio,2026-06-15,2026,24,0,4
Ohio,2026-06-22,2026,25,0,4
Ohio,2026-06-29,2026,26,0,4
Ohio,2026-07-06,2026,27,0,4
Ohio,2026-07-13,2026,28,0,4
Ohio,2026-07-20,2026,29,0,4
Ohio,2026-07-27,2026,30,0,4
Ohio,2026-08-03,2026,31,0,4
Ohio,2026-08-10,2026,32,20,24
Ohio,2026-08-17,2026,33,5,29
Ohio,2026-08-24,2026,34,0,29
Ohio,2026-08-31,2026,35,0,29
Ohio,NA,2025,53,0,12
Oklahoma,2022-01-03,2022,1,0,0
Oklahoma,2022-01-10,2022,2,0,0
Oklahoma,2022-01-17,2022,3,0,0
Oklahoma,2022-01-24,2022,4,0,0
Oklahoma,2022-01-31,2022,5,0,0
Oklahoma,2022-02-07,2022,6,0,0
Oklahoma,2022-02-14,2022,7,0,0
Oklahoma,2022-02-21,2022,8,0,0
Oklahoma,2022-02-28,2022,9,0,0
Oklahoma,2022-03-07,2022,10,0,0
Oklahoma,2022-03-14,2022,11,0,0
Oklahoma,2022-03-21,2022,12,0,0
Oklahoma,2022-03-28,2022,13,0,0
Oklahoma,2022-04-04,2022,14,0,0
Oklahoma,2022-04-11,2022,15,0,0
Oklahoma,2022-04-18,2022,16,0,0
Oklahoma,2022-04-25,2022,17,0,0
Oklahoma,2022-05-02,2022,18,0,0
Oklahoma,2022-05-09,2022,19,0,0
Oklahoma,2022-05-16,2022,20,0,0
Oklahoma,2022-05-23,2022,21,0,0
Oklahoma,2022-05-30,2022,22,0,0
Oklahoma,2022-06-06,2022,23,0,0
Oklahoma,2022-06-13,2022,24,0,0
Oklahoma,2022-06-20,2022,25,0,0
Oklahoma,2022-06-27,2022,26,0,0
Oklahoma,2022-07-04,2022,27,0,0
Oklahoma,2022-07-11,2022,28,0,0
Oklahoma,2022-07-18,2022,29,0,0
Oklahoma,2022-07-25,2022,30,0,0
Oklahoma,2022-08-01,2022,31,0,0
Oklahoma,2022-08-08,2022,32,0,0
Oklahoma,2022-08-15,2022,33,0,0
Oklahoma,2022-08-22,2022,34,0,0
Oklahoma,2022-08-29,2022,35,0,0
Oklahoma,2022-09-05,2022,36,0,0
Oklahoma,2022-09-12,2022,37,0,0
Oklahoma,2022-09-19,2022,38,0,0
Oklahoma,2022-09-26,2022,39,0,0
Oklahoma,2022-10-03,2022,40,0,0
Oklahoma,2022-10-10,2022,41,0,0
Oklahoma,2022-10-17,2022,42,0,0
Oklahoma,2022-10-24,2022,43,0,0
Oklahoma,2022-10-31,2022,44,0,0
Oklahoma,2022-11-07,2022,45,0,0
Oklahoma,2022-11-14,2022,46,1,1
Oklahoma,2022-11-21,2022,47,0,1
Oklahoma,2022-11-28,2022,48,0,0
Oklahoma,2022-12-05,2022,49,0,0
Oklahoma,2022-12-12,2022,50,0,0
Oklahoma,2022-12-19,2022,51,0,0
Oklahoma,2022-12-26,2022,52,0,0
Oklahoma,2023-01-02,2023,1,0,0
Oklahoma,2023-01-09,2023,2,0,0
Oklahoma,2023-01-16,2023,3,0,0
Oklahoma,2023-01-23,2023,4,0,0
Oklahoma,2023-01-30,2023,5,0,0
Oklahoma,2023-02-06,2023,6,0,0
Oklahoma,2023-02-13,2023,7,0,0
Oklahoma,2023-02-20,2023,8,0,0
Oklahoma,2023-02-27,2023,9,0,0
Oklahoma,2023-03-06,2023,10,0,0
Oklahoma,2023-03-13,2023,11,0,0
Oklahoma,2023-03-20,2023,12,0,0
Oklahoma,2023-03-27,2023,13,0,0
Oklahoma,2023-04-03,2023,14,0,0
Oklahoma,2023-04-10,2023,15,0,0
Oklahoma,2023-04-17,2023,16,0,0
Oklahoma,2023-04-24,2023,17,0,0
Oklahoma,2023-05-01,2023,18,0,0
Oklahoma,2023-05-08,2023,19,0,0
Oklahoma,2023-05-15,2023,20,0,0
Oklahoma,2023-05-22,2023,21,0,0
Oklahoma,2023-05-29,2023,22,0,0
Oklahoma,2023-06-05,2023,23,0,0
Oklahoma,2023-06-12,2023,24,0,0
Oklahoma,2023-06-19,2023,25,0,0
Oklahoma,2023-06-26,2023,26,0,0
Oklahoma,2023-07-03,2023,27,0,0
Oklahoma,2023-07-10,2023,28,0,0
Oklahoma,2023-07-17,2023,29,0,0
Oklahoma,2023-07-24,2023,30,0,0
Oklahoma,2023-07-31,2023,31,0,0
Oklahoma,2023-08-07,2023,32,0,0
Oklahoma,2023-08-14,2023,33,0,0
Oklahoma,2023-08-21,2023,34,0,0
Oklahoma,2023-08-28,2023,35,0,0
Oklahoma,2023-09-04,2023,36,0,0
Oklahoma,2023-09-11,2023,37,0,0
Oklahoma,2023-09-18,2023,38,0,0
Oklahoma,2023-09-25,2023,39,0,0
Oklahoma,2023-10-02,2023,40,0,0
Oklahoma,2023-10-09,2023,41,0,0
Oklahoma,2023-10-16,2023,42,1,1
Oklahoma,2023-10-23,2023,43,0,1
Oklahoma,2023-10-30,2023,44,0,0
Oklahoma,2023-11-06,2023,45,0,0
Oklahoma,2023-11-13,2023,46,0,0
Oklahoma,2023-11-20,2023,47,0,0
Oklahoma,2023-11-27,2023,48,0,0
Oklahoma,2023-12-04,2023,49,0,0
Oklahoma,2023-12-11,2023,50,0,0
Oklahoma,2023-12-18,2023,51,0,0
Oklahoma,2023-12-25,2023,52,0,0
Oklahoma,2024-01-08,2024,1,0,0
Oklahoma,2024-01-15,2024,2,0,0
Oklahoma,2024-01-22,2024,3,0,0
Oklahoma,2024-01-29,2024,4,0,0
Oklahoma,2024-02-05,2024,5,0,0
Oklahoma,2024-02-12,2024,6,0,0
Oklahoma,2024-02-19,2024,7,0,0
Oklahoma,2024-02-26,2024,8,0,0
Oklahoma,2024-03-04,2024,9,0,0
Oklahoma,2024-03-11,2024,10,0,0
Oklahoma,2024-03-18,2024,11,0,0
Oklahoma,2024-03-25,2024,12,0,0
Oklahoma,2024-04-01,2024,13,0,0
Oklahoma,2024-04-08,2024,14,0,0
Oklahoma,2024-04-15,2024,15,0,0
Oklahoma,2024-04-22,2024,16,0,0
Oklahoma,2024-04-29,2024,17,0,0
Oklahoma,2024-05-06,2024,18,0,0
Oklahoma,2024-05-13,2024,19,0,0
Oklahoma,2024-05-20,2024,20,0,0
Oklahoma,2024-05-27,2024,21,0,0
Oklahoma,2024-06-03,2024,22,0,0
Oklahoma,2024-06-10,2024,23,0,0
Oklahoma,2024-06-17,2024,24,0,0
Oklahoma,2024-06-24,2024,25,0,0
Oklahoma,2024-07-01,2024,26,0,0
Oklahoma,2024-07-08,2024,27,0,0
Oklahoma,2024-07-15,2024,28,0,0
Oklahoma,2024-07-22,2024,29,0,0
Oklahoma,2024-07-29,2024,30,1,1
Oklahoma,2024-08-05,2024,31,0,1
Oklahoma,2024-08-12,2024,32,0,1
Oklahoma,2024-08-19,2024,33,0,1
Oklahoma,2024-08-26,2024,34,0,1
Oklahoma,2024-09-02,2024,35,0,1
Oklahoma,2024-09-09,2024,36,0,1
Oklahoma,2024-09-16,2024,37,0,1
Oklahoma,2024-09-23,2024,38,0,1
Oklahoma,2024-09-30,2024,39,0,1
Oklahoma,2024-10-07,2024,40,0,1
Oklahoma,2024-10-14,2024,41,0,1
Oklahoma,2024-10-21,2024,42,0,1
Oklahoma,2024-10-28,2024,43,0,1
Oklahoma,2024-11-04,2024,44,0,1
Oklahoma,2024-11-11,2024,45,0,1
Oklahoma,2024-11-18,2024,46,0,1
Oklahoma,2024-11-25,2024,47,0,1
Oklahoma,2024-12-02,2024,48,0,1
Oklahoma,2024-12-09,2024,49,0,1
Oklahoma,2024-12-16,2024,50,0,1
Oklahoma,2024-12-23,2024,51,0,1
Oklahoma,2024-12-30,2024,52,0,1
Oklahoma,2025-01-06,2025,1,1,1
Oklahoma,2025-01-13,2025,2,0,1
Oklahoma,2025-01-20,2025,3,0,1
Oklahoma,2025-01-27,2025,4,0,1
Oklahoma,2025-02-03,2025,5,0,1
Oklahoma,2025-02-10,2025,6,0,1
Oklahoma,2025-02-17,2025,7,0,1
Oklahoma,2025-02-24,2025,8,0,1
Oklahoma,2025-03-03,2025,9,0,1
Oklahoma,2025-03-10,2025,10,0,1
Oklahoma,2025-03-17,2025,11,0,1
Oklahoma,2025-03-24,2025,12,0,1
Oklahoma,2025-03-31,2025,13,3,4
Oklahoma,2025-04-07,2025,14,0,4
Oklahoma,2025-04-14,2025,15,0,4
Oklahoma,2025-04-21,2025,16,0,4
Oklahoma,2025-04-28,2025,17,0,4
Oklahoma,2025-05-05,2025,18,0,4
Oklahoma,2025-05-12,2025,19,0,4
Oklahoma,2025-05-19,2025,20,0,4
Oklahoma,2025-05-26,2025,21,0,4
Oklahoma,2025-06-02,2025,22,0,4
Oklahoma,2025-06-09,2025,23,0,4
Oklahoma,2025-06-16,2025,24,0,4
Oklahoma,2025-06-23,2025,25,0,4
Oklahoma,2025-06-30,2025,26,0,4
Oklahoma,2025-07-07,2025,27,0,4
Oklahoma,2025-07-14,2025,28,0,4
Oklahoma,2025-07-21,2025,29,0,4
Oklahoma,2025-07-28,2025,30,0,4
Oklahoma,2025-08-04,2025,31,0,4
Oklahoma,2025-08-11,2025,32,0,4
Oklahoma,2025-08-18,2025,33,0,4
Oklahoma,2025-08-25,2025,34,0,4
Oklahoma,2025-09-01,2025,35,0,4
Oklahoma,2025-09-08,2025,36,0,4
Oklahoma,2025-09-15,2025,37,0,4
Oklahoma,2025-09-22,2025,38,0,4
Oklahoma,2025-09-29,2025,39,0,4
Oklahoma,2025-10-06,2025,40,0,4
Oklahoma,2025-10-13,2025,41,0,4
Oklahoma,2025-10-20,2025,42,0,4
Oklahoma,2025-10-27,2025,43,0,4
Oklahoma,2025-11-03,2025,44,0,4
Oklahoma,2025-11-10,2025,45,0,4
Oklahoma,2025-11-17,2025,46,0,4
Oklahoma,2025-11-24,2025,47,0,4
Oklahoma,2025-12-01,2025,48,0,4
Oklahoma,2025-12-08,2025,49,0,4
Oklahoma,2025-12-15,2025,50,0,4
Oklahoma,2025-12-22,2025,51,0,4
Oklahoma,2025-12-29,2025,52,0,4
Oklahoma,2026-01-05,2026,1,4,4
Oklahoma,2026-01-12,2026,2,0,4
Oklahoma,2026-01-19,2026,3,0,4
Oklahoma,2026-01-26,2026,4,0,4
Oklahoma,2026-02-02,2026,5,1,5
Oklahoma,2026-02-09,2026,6,0,5
Oklahoma,2026-02-16,2026,7,1,6
Oklahoma,2026-02-23,2026,8,0,6
Oklahoma,2026-03-02,2026,9,0,6
Oklahoma,2026-03-09,2026,10,0,6
Oklahoma,2026-03-16,2026,11,0,6
Oklahoma,2026-03-23,2026,12,0,3
Oklahoma,2026-03-30,2026,13,0,3
Oklahoma,2026-04-06,2026,14,0,3
Oklahoma,2026-04-13,2026,15,0,3
Oklahoma,2026-04-20,2026,16,0,3
Oklahoma,2026-04-27,2026,17,0,3
Oklahoma,2026-05-04,2026,18,0,3
Oklahoma,2026-05-11,2026,19,0,3
Oklahoma,2026-05-18,2026,20,0,3
Oklahoma,2026-05-25,2026,21,0,3
Oklahoma,2026-06-01,2026,22,0,3
Oklahoma,2026-06-08,2026,23,0,2
Oklahoma,2026-06-15,2026,24,0,1
Oklahoma,2026-06-22,2026,25,0,1
Oklahoma,2026-06-29,2026,26,0,1
Oklahoma,2026-07-06,2026,27,0,1
Oklahoma,2026-07-13,2026,28,0,1
Oklahoma,2026-07-20,2026,29,0,1
Oklahoma,2026-07-27,2026,30,0,1
Oklahoma,2026-08-03,2026,31,0,1
Oklahoma,2026-08-10,2026,32,0,1
Oklahoma,2026-08-17,2026,33,0,1
Oklahoma,2026-08-24,2026,34,0,1
Oklahoma,2026-08-31,2026,35,0,1
Oklahoma,NA,2025,53,0,4
Oregon,2022-01-03,2022,1,0,0
Oregon,2022-01-10,2022,2,0,0
Oregon,2022-01-17,2022,3,0,0
Oregon,2022-01-24,2022,4,0,0
Oregon,2022-01-31,2022,5,0,0
Oregon,2022-02-07,2022,6,0,0
Oregon,2022-02-14,2022,7,0,0
Oregon,2022-02-21,2022,8,0,0
Oregon,2022-02-28,2022,9,0,0
Oregon,2022-03-07,2022,10,0,0
Oregon,2022-03-14,2022,11,0,0
Oregon,2022-03-21,2022,12,0,0
Oregon,2022-03-28,2022,13,0,0
Oregon,2022-04-04,2022,14,0,0
Oregon,2022-04-11,2022,15,0,0
Oregon,2022-04-18,2022,16,0,0
Oregon,2022-04-25,2022,17,0,0
Oregon,2022-05-02,2022,18,0,0
Oregon,2022-05-09,2022,19,0,0
Oregon,2022-05-16,2022,20,0,0
Oregon,2022-05-23,2022,21,0,0
Oregon,2022-05-30,2022,22,0,0
Oregon,2022-06-06,2022,23,0,0
Oregon,2022-06-13,2022,24,0,0
Oregon,2022-06-20,2022,25,0,0
Oregon,2022-06-27,2022,26,0,0
Oregon,2022-07-04,2022,27,0,0
Oregon,2022-07-11,2022,28,0,0
Oregon,2022-07-18,2022,29,0,0
Oregon,2022-07-25,2022,30,0,0
Oregon,2022-08-01,2022,31,0,0
Oregon,2022-08-08,2022,32,0,0
Oregon,2022-08-15,2022,33,0,0
Oregon,2022-08-22,2022,34,0,0
Oregon,2022-08-29,2022,35,0,0
Oregon,2022-09-05,2022,36,0,0
Oregon,2022-09-12,2022,37,0,0
Oregon,2022-09-19,2022,38,0,0
Oregon,2022-09-26,2022,39,0,0
Oregon,2022-10-03,2022,40,0,0
Oregon,2022-10-10,2022,41,0,0
Oregon,2022-10-17,2022,42,0,0
Oregon,2022-10-24,2022,43,0,0
Oregon,2022-10-31,2022,44,0,0
Oregon,2022-11-07,2022,45,0,0
Oregon,2022-11-14,2022,46,0,0
Oregon,2022-11-21,2022,47,0,0
Oregon,2022-11-28,2022,48,0,0
Oregon,2022-12-05,2022,49,0,0
Oregon,2022-12-12,2022,50,0,0
Oregon,2022-12-19,2022,51,0,0
Oregon,2022-12-26,2022,52,0,0
Oregon,2023-01-02,2023,1,0,0
Oregon,2023-01-09,2023,2,0,0
Oregon,2023-01-16,2023,3,0,0
Oregon,2023-01-23,2023,4,0,0
Oregon,2023-01-30,2023,5,0,0
Oregon,2023-02-06,2023,6,0,0
Oregon,2023-02-13,2023,7,0,0
Oregon,2023-02-20,2023,8,0,0
Oregon,2023-02-27,2023,9,0,0
Oregon,2023-03-06,2023,10,0,0
Oregon,2023-03-13,2023,11,0,0
Oregon,2023-03-20,2023,12,0,0
Oregon,2023-03-27,2023,13,1,1
Oregon,2023-04-03,2023,14,0,1
Oregon,2023-04-10,2023,15,0,1
Oregon,2023-04-17,2023,16,0,1
Oregon,2023-04-24,2023,17,0,1
Oregon,2023-05-01,2023,18,0,1
Oregon,2023-05-08,2023,19,0,1
Oregon,2023-05-15,2023,20,0,1
Oregon,2023-05-22,2023,21,0,1
Oregon,2023-05-29,2023,22,0,1
Oregon,2023-06-05,2023,23,0,1
Oregon,2023-06-12,2023,24,0,1
Oregon,2023-06-19,2023,25,0,1
Oregon,2023-06-26,2023,26,0,1
Oregon,2023-07-03,2023,27,0,1
Oregon,2023-07-10,2023,28,0,1
Oregon,2023-07-17,2023,29,0,1
Oregon,2023-07-24,2023,30,0,1
Oregon,2023-07-31,2023,31,0,1
Oregon,2023-08-07,2023,32,0,1
Oregon,2023-08-14,2023,33,0,1
Oregon,2023-08-21,2023,34,0,1
Oregon,2023-08-28,2023,35,0,1
Oregon,2023-09-04,2023,36,0,1
Oregon,2023-09-11,2023,37,0,1
Oregon,2023-09-18,2023,38,0,1
Oregon,2023-09-25,2023,39,0,1
Oregon,2023-10-02,2023,40,0,1
Oregon,2023-10-09,2023,41,0,1
Oregon,2023-10-16,2023,42,0,1
Oregon,2023-10-23,2023,43,0,1
Oregon,2023-10-30,2023,44,0,1
Oregon,2023-11-06,2023,45,0,1
Oregon,2023-11-13,2023,46,0,1
Oregon,2023-11-20,2023,47,0,1
Oregon,2023-11-27,2023,48,0,1
Oregon,2023-12-04,2023,49,0,1
Oregon,2023-12-11,2023,50,0,1
Oregon,2023-12-18,2023,51,0,1
Oregon,2023-12-25,2023,52,0,1
Oregon,2024-01-08,2024,1,1,1
Oregon,2024-01-15,2024,2,0,1
Oregon,2024-01-22,2024,3,0,1
Oregon,2024-01-29,2024,4,0,1
Oregon,2024-02-05,2024,5,0,1
Oregon,2024-02-12,2024,6,0,1
Oregon,2024-02-19,2024,7,0,1
Oregon,2024-02-26,2024,8,0,1
Oregon,2024-03-04,2024,9,0,1
Oregon,2024-03-11,2024,10,0,1
Oregon,2024-03-18,2024,11,0,1
Oregon,2024-03-25,2024,12,0,1
Oregon,2024-04-01,2024,13,0,0
Oregon,2024-04-08,2024,14,0,0
Oregon,2024-04-15,2024,15,0,0
Oregon,2024-04-22,2024,16,0,0
Oregon,2024-04-29,2024,17,0,0
Oregon,2024-05-06,2024,18,0,0
Oregon,2024-05-13,2024,19,0,0
Oregon,2024-05-20,2024,20,0,0
Oregon,2024-05-27,2024,21,0,0
Oregon,2024-06-03,2024,22,0,0
Oregon,2024-06-10,2024,23,0,0
Oregon,2024-06-17,2024,24,0,0
Oregon,2024-06-24,2024,25,3,3
Oregon,2024-07-01,2024,26,0,3
Oregon,2024-07-08,2024,27,0,3
Oregon,2024-07-15,2024,28,0,3
Oregon,2024-07-22,2024,29,3,6
Oregon,2024-07-29,2024,30,1,7
Oregon,2024-08-05,2024,31,1,8
Oregon,2024-08-12,2024,32,1,9
Oregon,2024-08-19,2024,33,0,9
Oregon,2024-08-26,2024,34,0,9
Oregon,2024-09-02,2024,35,0,9
Oregon,2024-09-09,2024,36,0,9
Oregon,2024-09-16,2024,37,0,9
Oregon,2024-09-23,2024,38,0,9
Oregon,2024-09-30,2024,39,0,9
Oregon,2024-10-07,2024,40,0,9
Oregon,2024-10-14,2024,41,0,9
Oregon,2024-10-21,2024,42,0,9
Oregon,2024-10-28,2024,43,0,9
Oregon,2024-11-04,2024,44,0,9
Oregon,2024-11-11,2024,45,0,9
Oregon,2024-11-18,2024,46,0,9
Oregon,2024-11-25,2024,47,0,9
Oregon,2024-12-02,2024,48,0,9
Oregon,2024-12-09,2024,49,0,9
Oregon,2024-12-16,2024,50,0,9
Oregon,2024-12-23,2024,51,0,9
Oregon,2024-12-30,2024,52,0,9
Oregon,2025-01-06,2025,1,9,9
Oregon,2025-01-13,2025,2,1,10
Oregon,2025-01-20,2025,3,0,10
Oregon,2025-01-27,2025,4,0,10
Oregon,2025-02-03,2025,5,0,10
Oregon,2025-02-10,2025,6,0,10
Oregon,2025-02-17,2025,7,0,10
Oregon,2025-02-24,2025,8,0,10
Oregon,2025-03-03,2025,9,0,10
Oregon,2025-03-10,2025,10,0,10
Oregon,2025-03-17,2025,11,0,10
Oregon,2025-03-24,2025,12,0,10
Oregon,2025-03-31,2025,13,0,10
Oregon,2025-04-07,2025,14,0,10
Oregon,2025-04-14,2025,15,0,10
Oregon,2025-04-21,2025,16,0,10
Oregon,2025-04-28,2025,17,0,10
Oregon,2025-05-05,2025,18,0,10
Oregon,2025-05-12,2025,19,0,10
Oregon,2025-05-19,2025,20,0,10
Oregon,2025-05-26,2025,21,0,10
Oregon,2025-06-02,2025,22,0,10
Oregon,2025-06-09,2025,23,0,10
Oregon,2025-06-16,2025,24,0,10
Oregon,2025-06-23,2025,25,0,10
Oregon,2025-06-30,2025,26,0,10
Oregon,2025-07-07,2025,27,0,10
Oregon,2025-07-14,2025,28,0,10
Oregon,2025-07-21,2025,29,0,10
Oregon,2025-07-28,2025,30,0,6
Oregon,2025-08-04,2025,31,0,6
Oregon,2025-08-11,2025,32,0,3
Oregon,2025-08-18,2025,33,0,3
Oregon,2025-08-25,2025,34,0,1
Oregon,2025-09-01,2025,35,0,1
Oregon,2025-09-08,2025,36,0,1
Oregon,2025-09-15,2025,37,0,1
Oregon,2025-09-22,2025,38,0,1
Oregon,2025-09-29,2025,39,0,1
Oregon,2025-10-06,2025,40,0,1
Oregon,2025-10-13,2025,41,0,1
Oregon,2025-10-20,2025,42,0,1
Oregon,2025-10-27,2025,43,0,1
Oregon,2025-11-03,2025,44,0,1
Oregon,2025-11-10,2025,45,0,1
Oregon,2025-11-17,2025,46,0,1
Oregon,2025-11-24,2025,47,0,1
Oregon,2025-12-01,2025,48,0,1
Oregon,2025-12-08,2025,49,0,1
Oregon,2025-12-15,2025,50,0,1
Oregon,2025-12-22,2025,51,0,1
Oregon,2025-12-29,2025,52,0,1
Oregon,2026-01-05,2026,1,1,1
Oregon,2026-01-12,2026,2,3,4
Oregon,2026-01-19,2026,3,0,4
Oregon,2026-01-26,2026,4,0,4
Oregon,2026-02-02,2026,5,0,4
Oregon,2026-02-09,2026,6,0,4
Oregon,2026-02-16,2026,7,0,4
Oregon,2026-02-23,2026,8,0,4
Oregon,2026-03-02,2026,9,0,4
Oregon,2026-03-09,2026,10,0,4
Oregon,2026-03-16,2026,11,1,5
Oregon,2026-03-23,2026,12,0,5
Oregon,2026-03-30,2026,13,0,5
Oregon,2026-04-06,2026,14,0,5
Oregon,2026-04-13,2026,15,0,5
Oregon,2026-04-20,2026,16,2,7
Oregon,2026-04-27,2026,17,0,7
Oregon,2026-05-04,2026,18,0,7
Oregon,2026-05-11,2026,19,0,7
Oregon,2026-05-18,2026,20,0,7
Oregon,2026-05-25,2026,21,0,7
Oregon,2026-06-01,2026,22,0,7
Oregon,2026-06-08,2026,23,0,7
Oregon,2026-06-15,2026,24,0,7
Oregon,2026-06-22,2026,25,0,7
Oregon,2026-06-29,2026,26,0,7
Oregon,2026-07-06,2026,27,0,7
Oregon,2026-07-13,2026,28,0,7
Oregon,2026-07-20,2026,29,0,7
Oregon,2026-07-27,2026,30,0,7
Oregon,2026-08-03,2026,31,0,7
Oregon,2026-08-10,2026,32,0,7
Oregon,2026-08-17,2026,33,0,7
Oregon,2026-08-24,2026,34,0,7
Oregon,2026-08-31,2026,35,1,8
Oregon,NA,2025,53,0,1
Pennsylvania,2022-01-03,2022,1,1,1
Pennsylvania,2022-01-10,2022,2,0,1
Pennsylvania,2022-01-17,2022,3,0,1
Pennsylvania,2022-01-24,2022,4,0,1
Pennsylvania,2022-01-31,2022,5,0,1
Pennsylvania,2022-02-07,2022,6,0,1
Pennsylvania,2022-02-14,2022,7,0,1
Pennsylvania,2022-02-21,2022,8,0,1
Pennsylvania,2022-02-28,2022,9,0,1
Pennsylvania,2022-03-07,2022,10,0,1
Pennsylvania,2022-03-14,2022,11,0,1
Pennsylvania,2022-03-21,2022,12,0,1
Pennsylvania,2022-03-28,2022,13,0,0
Pennsylvania,2022-04-04,2022,14,0,0
Pennsylvania,2022-04-11,2022,15,0,0
Pennsylvania,2022-04-18,2022,16,0,0
Pennsylvania,2022-04-25,2022,17,0,0
Pennsylvania,2022-05-02,2022,18,0,0
Pennsylvania,2022-05-09,2022,19,0,0
Pennsylvania,2022-05-16,2022,20,0,0
Pennsylvania,2022-05-23,2022,21,0,0
Pennsylvania,2022-05-30,2022,22,0,0
Pennsylvania,2022-06-06,2022,23,0,0
Pennsylvania,2022-06-13,2022,24,1,1
Pennsylvania,2022-06-20,2022,25,0,1
Pennsylvania,2022-06-27,2022,26,0,1
Pennsylvania,2022-07-04,2022,27,0,1
Pennsylvania,2022-07-11,2022,28,0,0
Pennsylvania,2022-07-18,2022,29,0,0
Pennsylvania,2022-07-25,2022,30,0,0
Pennsylvania,2022-08-01,2022,31,0,0
Pennsylvania,2022-08-08,2022,32,0,0
Pennsylvania,2022-08-15,2022,33,0,0
Pennsylvania,2022-08-22,2022,34,0,0
Pennsylvania,2022-08-29,2022,35,0,0
Pennsylvania,2022-09-05,2022,36,0,0
Pennsylvania,2022-09-12,2022,37,0,0
Pennsylvania,2022-09-19,2022,38,0,0
Pennsylvania,2022-09-26,2022,39,0,0
Pennsylvania,2022-10-03,2022,40,0,0
Pennsylvania,2022-10-10,2022,41,0,0
Pennsylvania,2022-10-17,2022,42,0,0
Pennsylvania,2022-10-24,2022,43,0,0
Pennsylvania,2022-10-31,2022,44,0,0
Pennsylvania,2022-11-07,2022,45,0,0
Pennsylvania,2022-11-14,2022,46,0,0
Pennsylvania,2022-11-21,2022,47,0,0
Pennsylvania,2022-11-28,2022,48,0,0
Pennsylvania,2022-12-05,2022,49,0,0
Pennsylvania,2022-12-12,2022,50,0,0
Pennsylvania,2022-12-19,2022,51,0,0
Pennsylvania,2022-12-26,2022,52,0,0
Pennsylvania,2023-01-02,2023,1,0,0
Pennsylvania,2023-01-09,2023,2,0,0
Pennsylvania,2023-01-16,2023,3,0,0
Pennsylvania,2023-01-23,2023,4,0,0
Pennsylvania,2023-01-30,2023,5,0,0
Pennsylvania,2023-02-06,2023,6,0,0
Pennsylvania,2023-02-13,2023,7,0,0
Pennsylvania,2023-02-20,2023,8,0,0
Pennsylvania,2023-02-27,2023,9,0,0
Pennsylvania,2023-03-06,2023,10,0,0
Pennsylvania,2023-03-13,2023,11,0,0
Pennsylvania,2023-03-20,2023,12,0,0
Pennsylvania,2023-03-27,2023,13,0,0
Pennsylvania,2023-04-03,2023,14,0,0
Pennsylvania,2023-04-10,2023,15,0,0
Pennsylvania,2023-04-17,2023,16,0,0
Pennsylvania,2023-04-24,2023,17,0,0
Pennsylvania,2023-05-01,2023,18,0,0
Pennsylvania,2023-05-08,2023,19,0,0
Pennsylvania,2023-05-15,2023,20,0,0
Pennsylvania,2023-05-22,2023,21,0,0
Pennsylvania,2023-05-29,2023,22,0,0
Pennsylvania,2023-06-05,2023,23,0,0
Pennsylvania,2023-06-12,2023,24,0,0
Pennsylvania,2023-06-19,2023,25,0,0
Pennsylvania,2023-06-26,2023,26,0,0
Pennsylvania,2023-07-03,2023,27,0,0
Pennsylvania,2023-07-10,2023,28,0,0
Pennsylvania,2023-07-17,2023,29,0,0
Pennsylvania,2023-07-24,2023,30,0,0
Pennsylvania,2023-07-31,2023,31,0,0
Pennsylvania,2023-08-07,2023,32,0,0
Pennsylvania,2023-08-14,2023,33,1,1
Pennsylvania,2023-08-21,2023,34,0,1
Pennsylvania,2023-08-28,2023,35,0,1
Pennsylvania,2023-09-04,2023,36,0,1
Pennsylvania,2023-09-11,2023,37,0,1
Pennsylvania,2023-09-18,2023,38,0,1
Pennsylvania,2023-09-25,2023,39,0,1
Pennsylvania,2023-10-02,2023,40,0,1
Pennsylvania,2023-10-09,2023,41,0,1
Pennsylvania,2023-10-16,2023,42,0,1
Pennsylvania,2023-10-23,2023,43,0,1
Pennsylvania,2023-10-30,2023,44,0,1
Pennsylvania,2023-11-06,2023,45,0,1
Pennsylvania,2023-11-13,2023,46,0,1
Pennsylvania,2023-11-20,2023,47,0,1
Pennsylvania,2023-11-27,2023,48,0,1
Pennsylvania,2023-12-04,2023,49,0,1
Pennsylvania,2023-12-11,2023,50,0,1
Pennsylvania,2023-12-18,2023,51,0,1
Pennsylvania,2023-12-25,2023,52,1,2
Pennsylvania,2024-01-08,2024,1,4,4
Pennsylvania,2024-01-15,2024,2,1,5
Pennsylvania,2024-01-22,2024,3,0,5
Pennsylvania,2024-01-29,2024,4,0,5
Pennsylvania,2024-02-05,2024,5,0,5
Pennsylvania,2024-02-12,2024,6,0,5
Pennsylvania,2024-02-19,2024,7,0,5
Pennsylvania,2024-02-26,2024,8,0,5
Pennsylvania,2024-03-04,2024,9,0,5
Pennsylvania,2024-03-11,2024,10,0,5
Pennsylvania,2024-03-18,2024,11,0,5
Pennsylvania,2024-03-25,2024,12,0,5
Pennsylvania,2024-04-01,2024,13,0,5
Pennsylvania,2024-04-08,2024,14,0,5
Pennsylvania,2024-04-15,2024,15,0,5
Pennsylvania,2024-04-22,2024,16,0,5
Pennsylvania,2024-04-29,2024,17,0,5
Pennsylvania,2024-05-06,2024,18,0,5
Pennsylvania,2024-05-13,2024,19,0,5
Pennsylvania,2024-05-20,2024,20,0,5
Pennsylvania,2024-05-27,2024,21,1,6
Pennsylvania,2024-06-03,2024,22,0,6
Pennsylvania,2024-06-10,2024,23,0,5
Pennsylvania,2024-06-17,2024,24,0,5
Pennsylvania,2024-06-24,2024,25,0,5
Pennsylvania,2024-07-01,2024,26,0,5
Pennsylvania,2024-07-08,2024,27,0,5
Pennsylvania,2024-07-15,2024,28,0,5
Pennsylvania,2024-07-22,2024,29,0,5
Pennsylvania,2024-07-29,2024,30,0,5
Pennsylvania,2024-08-05,2024,31,0,5
Pennsylvania,2024-08-12,2024,32,0,5
Pennsylvania,2024-08-19,2024,33,0,5
Pennsylvania,2024-08-26,2024,34,0,5
Pennsylvania,2024-09-02,2024,35,0,5
Pennsylvania,2024-09-09,2024,36,0,5
Pennsylvania,2024-09-16,2024,37,0,5
Pennsylvania,2024-09-23,2024,38,0,5
Pennsylvania,2024-09-30,2024,39,0,5
Pennsylvania,2024-10-07,2024,40,0,5
Pennsylvania,2024-10-14,2024,41,0,5
Pennsylvania,2024-10-21,2024,42,0,5
Pennsylvania,2024-10-28,2024,43,0,5
Pennsylvania,2024-11-04,2024,44,0,5
Pennsylvania,2024-11-11,2024,45,0,5
Pennsylvania,2024-11-18,2024,46,0,5
Pennsylvania,2024-11-25,2024,47,0,5
Pennsylvania,2024-12-02,2024,48,0,5
Pennsylvania,2024-12-09,2024,49,0,5
Pennsylvania,2024-12-16,2024,50,0,5
Pennsylvania,2024-12-23,2024,51,0,5
Pennsylvania,2024-12-30,2024,52,0,5
Pennsylvania,2025-01-06,2025,1,2,2
Pennsylvania,2025-01-13,2025,2,0,2
Pennsylvania,2025-01-20,2025,3,0,2
Pennsylvania,2025-01-27,2025,4,0,2
Pennsylvania,2025-02-03,2025,5,0,2
Pennsylvania,2025-02-10,2025,6,0,2
Pennsylvania,2025-02-17,2025,7,0,2
Pennsylvania,2025-02-24,2025,8,0,2
Pennsylvania,2025-03-03,2025,9,0,2
Pennsylvania,2025-03-10,2025,10,0,2
Pennsylvania,2025-03-17,2025,11,0,2
Pennsylvania,2025-03-24,2025,12,0,2
Pennsylvania,2025-03-31,2025,13,0,2
Pennsylvania,2025-04-07,2025,14,0,2
Pennsylvania,2025-04-14,2025,15,0,2
Pennsylvania,2025-04-21,2025,16,0,2
Pennsylvania,2025-04-28,2025,17,2,4
Pennsylvania,2025-05-05,2025,18,1,5
Pennsylvania,2025-05-12,2025,19,0,5
Pennsylvania,2025-05-19,2025,20,0,5
Pennsylvania,2025-05-26,2025,21,0,5
Pennsylvania,2025-06-02,2025,22,0,5
Pennsylvania,2025-06-09,2025,23,0,5
Pennsylvania,2025-06-16,2025,24,0,5
Pennsylvania,2025-06-23,2025,25,0,5
Pennsylvania,2025-06-30,2025,26,0,5
Pennsylvania,2025-07-07,2025,27,0,5
Pennsylvania,2025-07-14,2025,28,0,5
Pennsylvania,2025-07-21,2025,29,0,5
Pennsylvania,2025-07-28,2025,30,0,5
Pennsylvania,2025-08-04,2025,31,0,5
Pennsylvania,2025-08-11,2025,32,0,5
Pennsylvania,2025-08-18,2025,33,0,5
Pennsylvania,2025-08-25,2025,34,0,5
Pennsylvania,2025-09-01,2025,35,0,5
Pennsylvania,2025-09-08,2025,36,0,5
Pennsylvania,2025-09-15,2025,37,0,5
Pennsylvania,2025-09-22,2025,38,0,5
Pennsylvania,2025-09-29,2025,39,0,5
Pennsylvania,2025-10-06,2025,40,0,5
Pennsylvania,2025-10-13,2025,41,0,5
Pennsylvania,2025-10-20,2025,42,0,5
Pennsylvania,2025-10-27,2025,43,0,5
Pennsylvania,2025-11-03,2025,44,0,5
Pennsylvania,2025-11-10,2025,45,0,5
Pennsylvania,2025-11-17,2025,46,0,5
Pennsylvania,2025-11-24,2025,47,0,5
Pennsylvania,2025-12-01,2025,48,0,5
Pennsylvania,2025-12-08,2025,49,0,5
Pennsylvania,2025-12-15,2025,50,0,5
Pennsylvania,2025-12-22,2025,51,0,5
Pennsylvania,2025-12-29,2025,52,0,5
Pennsylvania,2026-01-05,2026,1,5,5
Pennsylvania,2026-01-12,2026,2,0,5
Pennsylvania,2026-01-19,2026,3,0,5
Pennsylvania,2026-01-26,2026,4,0,5
Pennsylvania,2026-02-02,2026,5,0,5
Pennsylvania,2026-02-09,2026,6,0,5
Pennsylvania,2026-02-16,2026,7,1,6
Pennsylvania,2026-02-23,2026,8,0,6
Pennsylvania,2026-03-02,2026,9,0,6
Pennsylvania,2026-03-09,2026,10,0,6
Pennsylvania,2026-03-16,2026,11,0,6
Pennsylvania,2026-03-23,2026,12,0,6
Pennsylvania,2026-03-30,2026,13,0,6
Pennsylvania,2026-04-06,2026,14,0,6
Pennsylvania,2026-04-13,2026,15,0,5
Pennsylvania,2026-04-20,2026,16,0,5
Pennsylvania,2026-04-27,2026,17,0,5
Pennsylvania,2026-05-04,2026,18,0,5
Pennsylvania,2026-05-11,2026,19,3,8
Pennsylvania,2026-05-18,2026,20,0,8
Pennsylvania,2026-05-25,2026,21,0,8
Pennsylvania,2026-06-01,2026,22,0,8
Pennsylvania,2026-06-08,2026,23,13,21
Pennsylvania,2026-06-15,2026,24,0,21
Pennsylvania,2026-06-22,2026,25,0,21
Pennsylvania,2026-06-29,2026,26,0,21
Pennsylvania,2026-07-06,2026,27,0,21
Pennsylvania,2026-07-13,2026,28,0,21
Pennsylvania,2026-07-20,2026,29,0,21
Pennsylvania,2026-07-27,2026,30,10,31
Pennsylvania,2026-08-03,2026,31,9,40
Pennsylvania,2026-08-10,2026,32,19,59
Pennsylvania,2026-08-17,2026,33,0,59
Pennsylvania,2026-08-24,2026,34,22,81
Pennsylvania,2026-08-31,2026,35,4,85
Pennsylvania,NA,2025,53,0,5
Rhode Island,2022-01-03,2022,1,0,0
Rhode Island,2022-01-10,2022,2,0,0
Rhode Island,2022-01-17,2022,3,0,0
Rhode Island,2022-01-24,2022,4,0,0
Rhode Island,2022-01-31,2022,5,0,0
Rhode Island,2022-02-07,2022,6,0,0
Rhode Island,2022-02-14,2022,7,0,0
Rhode Island,2022-02-21,2022,8,0,0
Rhode Island,2022-02-28,2022,9,0,0
Rhode Island,2022-03-07,2022,10,0,0
Rhode Island,2022-03-14,2022,11,0,0
Rhode Island,2022-03-21,2022,12,0,0
Rhode Island,2022-03-28,2022,13,0,0
Rhode Island,2022-04-04,2022,14,0,0
Rhode Island,2022-04-11,2022,15,0,0
Rhode Island,2022-04-18,2022,16,0,0
Rhode Island,2022-04-25,2022,17,0,0
Rhode Island,2022-05-02,2022,18,0,0
Rhode Island,2022-05-09,2022,19,0,0
Rhode Island,2022-05-16,2022,20,0,0
Rhode Island,2022-05-23,2022,21,0,0
Rhode Island,2022-05-30,2022,22,0,0
Rhode Island,2022-06-06,2022,23,0,0
Rhode Island,2022-06-13,2022,24,0,0
Rhode Island,2022-06-20,2022,25,0,0
Rhode Island,2022-06-27,2022,26,0,0
Rhode Island,2022-07-04,2022,27,0,0
Rhode Island,2022-07-11,2022,28,0,0
Rhode Island,2022-07-18,2022,29,0,0
Rhode Island,2022-07-25,2022,30,0,0
Rhode Island,2022-08-01,2022,31,0,0
Rhode Island,2022-08-08,2022,32,0,0
Rhode Island,2022-08-15,2022,33,0,0
Rhode Island,2022-08-22,2022,34,0,0
Rhode Island,2022-08-29,2022,35,0,0
Rhode Island,2022-09-05,2022,36,0,0
Rhode Island,2022-09-12,2022,37,0,0
Rhode Island,2022-09-19,2022,38,0,0
Rhode Island,2022-09-26,2022,39,0,0
Rhode Island,2022-10-03,2022,40,0,0
Rhode Island,2022-10-10,2022,41,0,0
Rhode Island,2022-10-17,2022,42,0,0
Rhode Island,2022-10-24,2022,43,0,0
Rhode Island,2022-10-31,2022,44,0,0
Rhode Island,2022-11-07,2022,45,0,0
Rhode Island,2022-11-14,2022,46,0,0
Rhode Island,2022-11-21,2022,47,0,0
Rhode Island,2022-11-28,2022,48,0,0
Rhode Island,2022-12-05,2022,49,0,0
Rhode Island,2022-12-12,2022,50,0,0
Rhode Island,2022-12-19,2022,51,0,0
Rhode Island,2022-12-26,2022,52,0,0
Rhode Island,2023-01-02,2023,1,0,0
Rhode Island,2023-01-09,2023,2,0,0
Rhode Island,2023-01-16,2023,3,0,0
Rhode Island,2023-01-23,2023,4,0,0
Rhode Island,2023-01-30,2023,5,0,0
Rhode Island,2023-02-06,2023,6,0,0
Rhode Island,2023-02-13,2023,7,0,0
Rhode Island,2023-02-20,2023,8,0,0
Rhode Island,2023-02-27,2023,9,0,0
Rhode Island,2023-03-06,2023,10,0,0
Rhode Island,2023-03-13,2023,11,0,0
Rhode Island,2023-03-20,2023,12,0,0
Rhode Island,2023-03-27,2023,13,0,0
Rhode Island,2023-04-03,2023,14,0,0
Rhode Island,2023-04-10,2023,15,0,0
Rhode Island,2023-04-17,2023,16,0,0
Rhode Island,2023-04-24,2023,17,0,0
Rhode Island,2023-05-01,2023,18,0,0
Rhode Island,2023-05-08,2023,19,0,0
Rhode Island,2023-05-15,2023,20,0,0
Rhode Island,2023-05-22,2023,21,0,0
Rhode Island,2023-05-29,2023,22,0,0
Rhode Island,2023-06-05,2023,23,0,0
Rhode Island,2023-06-12,2023,24,0,0
Rhode Island,2023-06-19,2023,25,0,0
Rhode Island,2023-06-26,2023,26,0,0
Rhode Island,2023-07-03,2023,27,0,0
Rhode Island,2023-07-10,2023,28,0,0
Rhode Island,2023-07-17,2023,29,0,0
Rhode Island,2023-07-24,2023,30,0,0
Rhode Island,2023-07-31,2023,31,0,0
Rhode Island,2023-08-07,2023,32,0,0
Rhode Island,2023-08-14,2023,33,0,0
Rhode Island,2023-08-21,2023,34,0,0
Rhode Island,2023-08-28,2023,35,0,0
Rhode Island,2023-09-04,2023,36,0,0
Rhode Island,2023-09-11,2023,37,0,0
Rhode Island,2023-09-18,2023,38,0,0
Rhode Island,2023-09-25,2023,39,0,0
Rhode Island,2023-10-02,2023,40,0,0
Rhode Island,2023-10-09,2023,41,0,0
Rhode Island,2023-10-16,2023,42,0,0
Rhode Island,2023-10-23,2023,43,0,0
Rhode Island,2023-10-30,2023,44,0,0
Rhode Island,2023-11-06,2023,45,0,0
Rhode Island,2023-11-13,2023,46,0,0
Rhode Island,2023-11-20,2023,47,0,0
Rhode Island,2023-11-27,2023,48,0,0
Rhode Island,2023-12-04,2023,49,0,0
Rhode Island,2023-12-11,2023,50,0,0
Rhode Island,2023-12-18,2023,51,0,0
Rhode Island,2023-12-25,2023,52,0,0
Rhode Island,2024-01-08,2024,1,0,0
Rhode Island,2024-01-15,2024,2,0,0
Rhode Island,2024-01-22,2024,3,0,0
Rhode Island,2024-01-29,2024,4,0,0
Rhode Island,2024-02-05,2024,5,0,0
Rhode Island,2024-02-12,2024,6,0,0
Rhode Island,2024-02-19,2024,7,0,0
Rhode Island,2024-02-26,2024,8,0,0
Rhode Island,2024-03-04,2024,9,0,0
Rhode Island,2024-03-11,2024,10,0,0
Rhode Island,2024-03-18,2024,11,0,0
Rhode Island,2024-03-25,2024,12,0,0
Rhode Island,2024-04-01,2024,13,0,0
Rhode Island,2024-04-08,2024,14,0,0
Rhode Island,2024-04-15,2024,15,0,0
Rhode Island,2024-04-22,2024,16,0,0
Rhode Island,2024-04-29,2024,17,0,0
Rhode Island,2024-05-06,2024,18,0,0
Rhode Island,2024-05-13,2024,19,0,0
Rhode Island,2024-05-20,2024,20,0,0
Rhode Island,2024-05-27,2024,21,0,0
Rhode Island,2024-06-03,2024,22,0,0
Rhode Island,2024-06-10,2024,23,0,0
Rhode Island,2024-06-17,2024,24,0,0
Rhode Island,2024-06-24,2024,25,0,0
Rhode Island,2024-07-01,2024,26,0,0
Rhode Island,2024-07-08,2024,27,0,0
Rhode Island,2024-07-15,2024,28,0,0
Rhode Island,2024-07-22,2024,29,0,0
Rhode Island,2024-07-29,2024,30,0,0
Rhode Island,2024-08-05,2024,31,0,0
Rhode Island,2024-08-12,2024,32,0,0
Rhode Island,2024-08-19,2024,33,0,0
Rhode Island,2024-08-26,2024,34,0,0
Rhode Island,2024-09-02,2024,35,0,0
Rhode Island,2024-09-09,2024,36,0,0
Rhode Island,2024-09-16,2024,37,0,0
Rhode Island,2024-09-23,2024,38,0,0
Rhode Island,2024-09-30,2024,39,0,0
Rhode Island,2024-10-07,2024,40,0,0
Rhode Island,2024-10-14,2024,41,0,0
Rhode Island,2024-10-21,2024,42,0,0
Rhode Island,2024-10-28,2024,43,0,0
Rhode Island,2024-11-04,2024,44,0,0
Rhode Island,2024-11-11,2024,45,0,0
Rhode Island,2024-11-18,2024,46,0,0
Rhode Island,2024-11-25,2024,47,0,0
Rhode Island,2024-12-02,2024,48,0,0
Rhode Island,2024-12-09,2024,49,0,0
Rhode Island,2024-12-16,2024,50,0,0
Rhode Island,2024-12-23,2024,51,0,0
Rhode Island,2024-12-30,2024,52,0,0
Rhode Island,2025-01-06,2025,1,0,0
Rhode Island,2025-01-13,2025,2,0,0
Rhode Island,2025-01-20,2025,3,0,0
Rhode Island,2025-01-27,2025,4,0,0
Rhode Island,2025-02-03,2025,5,0,0
Rhode Island,2025-02-10,2025,6,0,0
Rhode Island,2025-02-17,2025,7,0,0
Rhode Island,2025-02-24,2025,8,0,0
Rhode Island,2025-03-03,2025,9,0,0
Rhode Island,2025-03-10,2025,10,0,0
Rhode Island,2025-03-17,2025,11,0,0
Rhode Island,2025-03-24,2025,12,0,0
Rhode Island,2025-03-31,2025,13,0,0
Rhode Island,2025-04-07,2025,14,0,0
Rhode Island,2025-04-14,2025,15,0,0
Rhode Island,2025-04-21,2025,16,0,0
Rhode Island,2025-04-28,2025,17,0,0
Rhode Island,2025-05-05,2025,18,0,0
Rhode Island,2025-05-12,2025,19,0,0
Rhode Island,2025-05-19,2025,20,0,0
Rhode Island,2025-05-26,2025,21,0,0
Rhode Island,2025-06-02,2025,22,0,0
Rhode Island,2025-06-09,2025,23,0,0
Rhode Island,2025-06-16,2025,24,0,0
Rhode Island,2025-06-23,2025,25,0,0
Rhode Island,2025-06-30,2025,26,0,0
Rhode Island,2025-07-07,2025,27,0,0
Rhode Island,2025-07-14,2025,28,0,0
Rhode Island,2025-07-21,2025,29,0,0
Rhode Island,2025-07-28,2025,30,0,0
Rhode Island,2025-08-04,2025,31,0,0
Rhode Island,2025-08-11,2025,32,0,0
Rhode Island,2025-08-18,2025,33,0,0
Rhode Island,2025-08-25,2025,34,0,0
Rhode Island,2025-09-01,2025,35,0,0
Rhode Island,2025-09-08,2025,36,0,0
Rhode Island,2025-09-15,2025,37,0,0
Rhode Island,2025-09-22,2025,38,0,0
Rhode Island,2025-09-29,2025,39,0,0
Rhode Island,2025-10-06,2025,40,0,0
Rhode Island,2025-10-13,2025,41,0,0
Rhode Island,2025-10-20,2025,42,0,0
Rhode Island,2025-10-27,2025,43,0,0
Rhode Island,2025-11-03,2025,44,0,0
Rhode Island,2025-11-10,2025,45,0,0
Rhode Island,2025-11-17,2025,46,0,0
Rhode Island,2025-11-24,2025,47,0,0
Rhode Island,2025-12-01,2025,48,0,0
Rhode Island,2025-12-08,2025,49,0,0
Rhode Island,2025-12-15,2025,50,0,0
Rhode Island,2025-12-22,2025,51,0,0
Rhode Island,2025-12-29,2025,52,0,0
Rhode Island,2026-01-05,2026,1,0,0
Rhode Island,2026-01-12,2026,2,0,0
Rhode Island,2026-01-19,2026,3,0,0
Rhode Island,2026-01-26,2026,4,0,0
Rhode Island,2026-02-02,2026,5,0,0
Rhode Island,2026-02-09,2026,6,0,0
Rhode Island,2026-02-16,2026,7,0,0
Rhode Island,2026-02-23,2026,8,0,0
Rhode Island,2026-03-02,2026,9,0,0
Rhode Island,2026-03-09,2026,10,0,0
Rhode Island,2026-03-16,2026,11,0,0
Rhode Island,2026-03-23,2026,12,0,0
Rhode Island,2026-03-30,2026,13,0,0
Rhode Island,2026-04-06,2026,14,0,0
Rhode Island,2026-04-13,2026,15,0,0
Rhode Island,2026-04-20,2026,16,1,1
Rhode Island,2026-04-27,2026,17,0,1
Rhode Island,2026-05-04,2026,18,0,1
Rhode Island,2026-05-11,2026,19,0,1
Rhode Island,2026-05-18,2026,20,0,1
Rhode Island,2026-05-25,2026,21,0,1
Rhode Island,2026-06-01,2026,22,0,1
Rhode Island,2026-06-08,2026,23,0,1
Rhode Island,2026-06-15,2026,24,0,1
Rhode Island,2026-06-22,2026,25,0,1
Rhode Island,2026-06-29,2026,26,0,1
Rhode Island,2026-07-06,2026,27,0,1
Rhode Island,2026-07-13,2026,28,0,1
Rhode Island,2026-07-20,2026,29,0,1
Rhode Island,2026-07-27,2026,30,0,1
Rhode Island,2026-08-03,2026,31,0,1
Rhode Island,2026-08-10,2026,32,0,1
Rhode Island,2026-08-17,2026,33,0,1
Rhode Island,2026-08-24,2026,34,0,1
Rhode Island,2026-08-31,2026,35,0,1
Rhode Island,NA,2025,53,0,0
South Carolina,2022-01-03,2022,1,0,0
South Carolina,2022-01-10,2022,2,0,0
South Carolina,2022-01-17,2022,3,0,0
South Carolina,2022-01-24,2022,4,0,0
South Carolina,2022-01-31,2022,5,0,0
South Carolina,2022-02-07,2022,6,0,0
South Carolina,2022-02-14,2022,7,0,0
South Carolina,2022-02-21,2022,8,0,0
South Carolina,2022-02-28,2022,9,0,0
South Carolina,2022-03-07,2022,10,0,0
South Carolina,2022-03-14,2022,11,0,0
South Carolina,2022-03-21,2022,12,0,0
South Carolina,2022-03-28,2022,13,0,0
South Carolina,2022-04-04,2022,14,0,0
South Carolina,2022-04-11,2022,15,0,0
South Carolina,2022-04-18,2022,16,1,1
South Carolina,2022-04-25,2022,17,0,1
South Carolina,2022-05-02,2022,18,0,1
South Carolina,2022-05-09,2022,19,0,1
South Carolina,2022-05-16,2022,20,0,1
South Carolina,2022-05-23,2022,21,0,1
South Carolina,2022-05-30,2022,22,0,1
South Carolina,2022-06-06,2022,23,0,1
South Carolina,2022-06-13,2022,24,0,1
South Carolina,2022-06-20,2022,25,0,1
South Carolina,2022-06-27,2022,26,0,1
South Carolina,2022-07-04,2022,27,0,1
South Carolina,2022-07-11,2022,28,0,1
South Carolina,2022-07-18,2022,29,0,1
South Carolina,2022-07-25,2022,30,0,1
South Carolina,2022-08-01,2022,31,0,1
South Carolina,2022-08-08,2022,32,0,1
South Carolina,2022-08-15,2022,33,0,1
South Carolina,2022-08-22,2022,34,0,1
South Carolina,2022-08-29,2022,35,0,1
South Carolina,2022-09-05,2022,36,0,1
South Carolina,2022-09-12,2022,37,0,1
South Carolina,2022-09-19,2022,38,0,1
South Carolina,2022-09-26,2022,39,0,1
South Carolina,2022-10-03,2022,40,0,1
South Carolina,2022-10-10,2022,41,0,1
South Carolina,2022-10-17,2022,42,0,1
South Carolina,2022-10-24,2022,43,0,1
South Carolina,2022-10-31,2022,44,0,1
South Carolina,2022-11-07,2022,45,0,1
South Carolina,2022-11-14,2022,46,0,1
South Carolina,2022-11-21,2022,47,0,1
South Carolina,2022-11-28,2022,48,0,1
South Carolina,2022-12-05,2022,49,0,1
South Carolina,2022-12-12,2022,50,0,1
South Carolina,2022-12-19,2022,51,0,1
South Carolina,2022-12-26,2022,52,0,1
South Carolina,2023-01-02,2023,1,1,1
South Carolina,2023-01-09,2023,2,0,1
South Carolina,2023-01-16,2023,3,0,1
South Carolina,2023-01-23,2023,4,0,1
South Carolina,2023-01-30,2023,5,0,1
South Carolina,2023-02-06,2023,6,0,0
South Carolina,2023-02-13,2023,7,0,0
South Carolina,2023-02-20,2023,8,0,0
South Carolina,2023-02-27,2023,9,0,0
South Carolina,2023-03-06,2023,10,0,0
South Carolina,2023-03-13,2023,11,0,0
South Carolina,2023-03-20,2023,12,0,0
South Carolina,2023-03-27,2023,13,0,0
South Carolina,2023-04-03,2023,14,0,0
South Carolina,2023-04-10,2023,15,0,0
South Carolina,2023-04-17,2023,16,0,0
South Carolina,2023-04-24,2023,17,0,0
South Carolina,2023-05-01,2023,18,0,0
South Carolina,2023-05-08,2023,19,0,0
South Carolina,2023-05-15,2023,20,0,0
South Carolina,2023-05-22,2023,21,0,0
South Carolina,2023-05-29,2023,22,0,0
South Carolina,2023-06-05,2023,23,0,0
South Carolina,2023-06-12,2023,24,0,0
South Carolina,2023-06-19,2023,25,0,0
South Carolina,2023-06-26,2023,26,0,0
South Carolina,2023-07-03,2023,27,0,0
South Carolina,2023-07-10,2023,28,0,0
South Carolina,2023-07-17,2023,29,0,0
South Carolina,2023-07-24,2023,30,0,0
South Carolina,2023-07-31,2023,31,0,0
South Carolina,2023-08-07,2023,32,0,0
South Carolina,2023-08-14,2023,33,0,0
South Carolina,2023-08-21,2023,34,0,0
South Carolina,2023-08-28,2023,35,0,0
South Carolina,2023-09-04,2023,36,0,0
South Carolina,2023-09-11,2023,37,0,0
South Carolina,2023-09-18,2023,38,0,0
South Carolina,2023-09-25,2023,39,0,0
South Carolina,2023-10-02,2023,40,0,0
South Carolina,2023-10-09,2023,41,0,0
South Carolina,2023-10-16,2023,42,0,0
South Carolina,2023-10-23,2023,43,0,0
South Carolina,2023-10-30,2023,44,0,0
South Carolina,2023-11-06,2023,45,0,0
South Carolina,2023-11-13,2023,46,0,0
South Carolina,2023-11-20,2023,47,0,0
South Carolina,2023-11-27,2023,48,0,0
South Carolina,2023-12-04,2023,49,0,0
South Carolina,2023-12-11,2023,50,0,0
South Carolina,2023-12-18,2023,51,0,0
South Carolina,2023-12-25,2023,52,0,0
South Carolina,2024-01-08,2024,1,0,0
South Carolina,2024-01-15,2024,2,0,0
South Carolina,2024-01-22,2024,3,0,0
South Carolina,2024-01-29,2024,4,0,0
South Carolina,2024-02-05,2024,5,0,0
South Carolina,2024-02-12,2024,6,0,0
South Carolina,2024-02-19,2024,7,0,0
South Carolina,2024-02-26,2024,8,0,0
South Carolina,2024-03-04,2024,9,0,0
South Carolina,2024-03-11,2024,10,0,0
South Carolina,2024-03-18,2024,11,0,0
South Carolina,2024-03-25,2024,12,0,0
South Carolina,2024-04-01,2024,13,0,0
South Carolina,2024-04-08,2024,14,0,0
South Carolina,2024-04-15,2024,15,0,0
South Carolina,2024-04-22,2024,16,0,0
South Carolina,2024-04-29,2024,17,0,0
South Carolina,2024-05-06,2024,18,0,0
South Carolina,2024-05-13,2024,19,0,0
South Carolina,2024-05-20,2024,20,0,0
South Carolina,2024-05-27,2024,21,0,0
South Carolina,2024-06-03,2024,22,0,0
South Carolina,2024-06-10,2024,23,0,0
South Carolina,2024-06-17,2024,24,0,0
South Carolina,2024-06-24,2024,25,0,0
South Carolina,2024-07-01,2024,26,0,0
South Carolina,2024-07-08,2024,27,0,0
South Carolina,2024-07-15,2024,28,0,0
South Carolina,2024-07-22,2024,29,0,0
South Carolina,2024-07-29,2024,30,0,0
South Carolina,2024-08-05,2024,31,0,0
South Carolina,2024-08-12,2024,32,0,0
South Carolina,2024-08-19,2024,33,0,0
South Carolina,2024-08-26,2024,34,0,0
South Carolina,2024-09-02,2024,35,0,0
South Carolina,2024-09-09,2024,36,0,0
South Carolina,2024-09-16,2024,37,0,0
South Carolina,2024-09-23,2024,38,0,0
South Carolina,2024-09-30,2024,39,0,0
South Carolina,2024-10-07,2024,40,0,0
South Carolina,2024-10-14,2024,41,0,0
South Carolina,2024-10-21,2024,42,0,0
South Carolina,2024-10-28,2024,43,1,1
South Carolina,2024-11-04,2024,44,0,1
South Carolina,2024-11-11,2024,45,0,1
South Carolina,2024-11-18,2024,46,0,1
South Carolina,2024-11-25,2024,47,0,1
South Carolina,2024-12-02,2024,48,0,1
South Carolina,2024-12-09,2024,49,0,1
South Carolina,2024-12-16,2024,50,0,1
South Carolina,2024-12-23,2024,51,0,1
South Carolina,2024-12-30,2024,52,0,1
South Carolina,2025-01-06,2025,1,1,1
South Carolina,2025-01-13,2025,2,0,1
South Carolina,2025-01-20,2025,3,0,1
South Carolina,2025-01-27,2025,4,0,1
South Carolina,2025-02-03,2025,5,0,1
South Carolina,2025-02-10,2025,6,0,1
South Carolina,2025-02-17,2025,7,0,1
South Carolina,2025-02-24,2025,8,0,1
South Carolina,2025-03-03,2025,9,0,1
South Carolina,2025-03-10,2025,10,0,1
South Carolina,2025-03-17,2025,11,0,1
South Carolina,2025-03-24,2025,12,0,1
South Carolina,2025-03-31,2025,13,0,1
South Carolina,2025-04-07,2025,14,0,1
South Carolina,2025-04-14,2025,15,0,1
South Carolina,2025-04-21,2025,16,0,1
South Carolina,2025-04-28,2025,17,0,1
South Carolina,2025-05-05,2025,18,0,1
South Carolina,2025-05-12,2025,19,0,1
South Carolina,2025-05-19,2025,20,0,1
South Carolina,2025-05-26,2025,21,0,1
South Carolina,2025-06-02,2025,22,0,1
South Carolina,2025-06-09,2025,23,0,1
South Carolina,2025-06-16,2025,24,0,1
South Carolina,2025-06-23,2025,25,0,1
South Carolina,2025-06-30,2025,26,0,1
South Carolina,2025-07-07,2025,27,0,1
South Carolina,2025-07-14,2025,28,0,1
South Carolina,2025-07-21,2025,29,0,1
South Carolina,2025-07-28,2025,30,0,1
South Carolina,2025-08-04,2025,31,1,2
South Carolina,2025-08-11,2025,32,0,2
South Carolina,2025-08-18,2025,33,0,2
South Carolina,2025-08-25,2025,34,0,2
South Carolina,2025-09-01,2025,35,0,2
South Carolina,2025-09-08,2025,36,0,2
South Carolina,2025-09-15,2025,37,0,2
South Carolina,2025-09-22,2025,38,0,2
South Carolina,2025-09-29,2025,39,0,2
South Carolina,2025-10-06,2025,40,0,2
South Carolina,2025-10-13,2025,41,3,5
South Carolina,2025-10-20,2025,42,0,5
South Carolina,2025-10-27,2025,43,8,13
South Carolina,2025-11-03,2025,44,4,17
South Carolina,2025-11-10,2025,45,0,17
South Carolina,2025-11-17,2025,46,0,17
South Carolina,2025-11-24,2025,47,0,17
South Carolina,2025-12-01,2025,48,0,17
South Carolina,2025-12-08,2025,49,0,17
South Carolina,2025-12-15,2025,50,4,21
South Carolina,2025-12-22,2025,51,0,21
South Carolina,2025-12-29,2025,52,0,21
South Carolina,2026-01-05,2026,1,24,24
South Carolina,2026-01-12,2026,2,100,124
South Carolina,2026-01-19,2026,3,45,169
South Carolina,2026-01-26,2026,4,17,186
South Carolina,2026-02-02,2026,5,24,210
South Carolina,2026-02-09,2026,6,1,211
South Carolina,2026-02-16,2026,7,0,211
South Carolina,2026-02-23,2026,8,0,211
South Carolina,2026-03-02,2026,9,0,211
South Carolina,2026-03-09,2026,10,0,211
South Carolina,2026-03-16,2026,11,0,211
South Carolina,2026-03-23,2026,12,0,211
South Carolina,2026-03-30,2026,13,0,211
South Carolina,2026-04-06,2026,14,0,211
South Carolina,2026-04-13,2026,15,0,211
South Carolina,2026-04-20,2026,16,0,211
South Carolina,2026-04-27,2026,17,0,211
South Carolina,2026-05-04,2026,18,0,211
South Carolina,2026-05-11,2026,19,0,211
South Carolina,2026-05-18,2026,20,0,211
South Carolina,2026-05-25,2026,21,0,211
South Carolina,2026-06-01,2026,22,1,212
South Carolina,2026-06-08,2026,23,2,214
South Carolina,2026-06-15,2026,24,0,214
South Carolina,2026-06-22,2026,25,0,214
South Carolina,2026-06-29,2026,26,0,214
South Carolina,2026-07-06,2026,27,0,214
South Carolina,2026-07-13,2026,28,0,214
South Carolina,2026-07-20,2026,29,0,214
South Carolina,2026-07-27,2026,30,0,214
South Carolina,2026-08-03,2026,31,0,214
South Carolina,2026-08-10,2026,32,0,214
South Carolina,2026-08-17,2026,33,0,214
South Carolina,2026-08-24,2026,34,0,214
South Carolina,2026-08-31,2026,35,0,214
South Carolina,NA,2025,53,0,21
South Dakota,2022-01-03,2022,1,0,0
South Dakota,2022-01-10,2022,2,0,0
South Dakota,2022-01-17,2022,3,0,0
South Dakota,2022-01-24,2022,4,0,0
South Dakota,2022-01-31,2022,5,0,0
South Dakota,2022-02-07,2022,6,0,0
South Dakota,2022-02-14,2022,7,0,0
South Dakota,2022-02-21,2022,8,0,0
South Dakota,2022-02-28,2022,9,0,0
South Dakota,2022-03-07,2022,10,0,0
South Dakota,2022-03-14,2022,11,0,0
South Dakota,2022-03-21,2022,12,0,0
South Dakota,2022-03-28,2022,13,0,0
South Dakota,2022-04-04,2022,14,0,0
South Dakota,2022-04-11,2022,15,0,0
South Dakota,2022-04-18,2022,16,0,0
South Dakota,2022-04-25,2022,17,0,0
South Dakota,2022-05-02,2022,18,0,0
South Dakota,2022-05-09,2022,19,0,0
South Dakota,2022-05-16,2022,20,0,0
South Dakota,2022-05-23,2022,21,0,0
South Dakota,2022-05-30,2022,22,0,0
South Dakota,2022-06-06,2022,23,0,0
South Dakota,2022-06-13,2022,24,0,0
South Dakota,2022-06-20,2022,25,0,0
South Dakota,2022-06-27,2022,26,0,0
South Dakota,2022-07-04,2022,27,0,0
South Dakota,2022-07-11,2022,28,0,0
South Dakota,2022-07-18,2022,29,0,0
South Dakota,2022-07-25,2022,30,0,0
South Dakota,2022-08-01,2022,31,0,0
South Dakota,2022-08-08,2022,32,0,0
South Dakota,2022-08-15,2022,33,0,0
South Dakota,2022-08-22,2022,34,0,0
South Dakota,2022-08-29,2022,35,0,0
South Dakota,2022-09-05,2022,36,0,0
South Dakota,2022-09-12,2022,37,0,0
South Dakota,2022-09-19,2022,38,0,0
South Dakota,2022-09-26,2022,39,0,0
South Dakota,2022-10-03,2022,40,0,0
South Dakota,2022-10-10,2022,41,0,0
South Dakota,2022-10-17,2022,42,0,0
South Dakota,2022-10-24,2022,43,0,0
South Dakota,2022-10-31,2022,44,0,0
South Dakota,2022-11-07,2022,45,0,0
South Dakota,2022-11-14,2022,46,0,0
South Dakota,2022-11-21,2022,47,0,0
South Dakota,2022-11-28,2022,48,0,0
South Dakota,2022-12-05,2022,49,0,0
South Dakota,2022-12-12,2022,50,0,0
South Dakota,2022-12-19,2022,51,0,0
South Dakota,2022-12-26,2022,52,0,0
South Dakota,2023-01-02,2023,1,0,0
South Dakota,2023-01-09,2023,2,0,0
South Dakota,2023-01-16,2023,3,0,0
South Dakota,2023-01-23,2023,4,0,0
South Dakota,2023-01-30,2023,5,0,0
South Dakota,2023-02-06,2023,6,0,0
South Dakota,2023-02-13,2023,7,0,0
South Dakota,2023-02-20,2023,8,0,0
South Dakota,2023-02-27,2023,9,0,0
South Dakota,2023-03-06,2023,10,0,0
South Dakota,2023-03-13,2023,11,0,0
South Dakota,2023-03-20,2023,12,0,0
South Dakota,2023-03-27,2023,13,0,0
South Dakota,2023-04-03,2023,14,0,0
South Dakota,2023-04-10,2023,15,0,0
South Dakota,2023-04-17,2023,16,0,0
South Dakota,2023-04-24,2023,17,0,0
South Dakota,2023-05-01,2023,18,0,0
South Dakota,2023-05-08,2023,19,0,0
South Dakota,2023-05-15,2023,20,0,0
South Dakota,2023-05-22,2023,21,0,0
South Dakota,2023-05-29,2023,22,0,0
South Dakota,2023-06-05,2023,23,0,0
South Dakota,2023-06-12,2023,24,0,0
South Dakota,2023-06-19,2023,25,0,0
South Dakota,2023-06-26,2023,26,0,0
South Dakota,2023-07-03,2023,27,0,0
South Dakota,2023-07-10,2023,28,0,0
South Dakota,2023-07-17,2023,29,0,0
South Dakota,2023-07-24,2023,30,0,0
South Dakota,2023-07-31,2023,31,0,0
South Dakota,2023-08-07,2023,32,0,0
South Dakota,2023-08-14,2023,33,0,0
South Dakota,2023-08-21,2023,34,0,0
South Dakota,2023-08-28,2023,35,0,0
South Dakota,2023-09-04,2023,36,0,0
South Dakota,2023-09-11,2023,37,0,0
South Dakota,2023-09-18,2023,38,0,0
South Dakota,2023-09-25,2023,39,0,0
South Dakota,2023-10-02,2023,40,0,0
South Dakota,2023-10-09,2023,41,0,0
South Dakota,2023-10-16,2023,42,0,0
South Dakota,2023-10-23,2023,43,0,0
South Dakota,2023-10-30,2023,44,0,0
South Dakota,2023-11-06,2023,45,0,0
South Dakota,2023-11-13,2023,46,0,0
South Dakota,2023-11-20,2023,47,0,0
South Dakota,2023-11-27,2023,48,0,0
South Dakota,2023-12-04,2023,49,0,0
South Dakota,2023-12-11,2023,50,0,0
South Dakota,2023-12-18,2023,51,0,0
South Dakota,2023-12-25,2023,52,0,0
South Dakota,2024-01-08,2024,1,0,0
South Dakota,2024-01-15,2024,2,0,0
South Dakota,2024-01-22,2024,3,0,0
South Dakota,2024-01-29,2024,4,0,0
South Dakota,2024-02-05,2024,5,0,0
South Dakota,2024-02-12,2024,6,0,0
South Dakota,2024-02-19,2024,7,0,0
South Dakota,2024-02-26,2024,8,0,0
South Dakota,2024-03-04,2024,9,0,0
South Dakota,2024-03-11,2024,10,0,0
South Dakota,2024-03-18,2024,11,0,0
South Dakota,2024-03-25,2024,12,0,0
South Dakota,2024-04-01,2024,13,0,0
South Dakota,2024-04-08,2024,14,0,0
South Dakota,2024-04-15,2024,15,0,0
South Dakota,2024-04-22,2024,16,0,0
South Dakota,2024-04-29,2024,17,0,0
South Dakota,2024-05-06,2024,18,0,0
South Dakota,2024-05-13,2024,19,0,0
South Dakota,2024-05-20,2024,20,0,0
South Dakota,2024-05-27,2024,21,0,0
South Dakota,2024-06-03,2024,22,0,0
South Dakota,2024-06-10,2024,23,0,0
South Dakota,2024-06-17,2024,24,0,0
South Dakota,2024-06-24,2024,25,0,0
South Dakota,2024-07-01,2024,26,0,0
South Dakota,2024-07-08,2024,27,0,0
South Dakota,2024-07-15,2024,28,0,0
South Dakota,2024-07-22,2024,29,0,0
South Dakota,2024-07-29,2024,30,0,0
South Dakota,2024-08-05,2024,31,1,1
South Dakota,2024-08-12,2024,32,0,1
South Dakota,2024-08-19,2024,33,0,1
South Dakota,2024-08-26,2024,34,0,1
South Dakota,2024-09-02,2024,35,0,1
South Dakota,2024-09-09,2024,36,0,1
South Dakota,2024-09-16,2024,37,0,1
South Dakota,2024-09-23,2024,38,0,1
South Dakota,2024-09-30,2024,39,0,1
South Dakota,2024-10-07,2024,40,0,1
South Dakota,2024-10-14,2024,41,0,1
South Dakota,2024-10-21,2024,42,0,1
South Dakota,2024-10-28,2024,43,0,1
South Dakota,2024-11-04,2024,44,0,1
South Dakota,2024-11-11,2024,45,0,1
South Dakota,2024-11-18,2024,46,0,1
South Dakota,2024-11-25,2024,47,0,1
South Dakota,2024-12-02,2024,48,0,1
South Dakota,2024-12-09,2024,49,0,1
South Dakota,2024-12-16,2024,50,0,1
South Dakota,2024-12-23,2024,51,0,1
South Dakota,2024-12-30,2024,52,0,1
South Dakota,2025-01-06,2025,1,1,1
South Dakota,2025-01-13,2025,2,0,1
South Dakota,2025-01-20,2025,3,0,1
South Dakota,2025-01-27,2025,4,0,1
South Dakota,2025-02-03,2025,5,0,1
South Dakota,2025-02-10,2025,6,0,1
South Dakota,2025-02-17,2025,7,0,1
South Dakota,2025-02-24,2025,8,0,1
South Dakota,2025-03-03,2025,9,0,1
South Dakota,2025-03-10,2025,10,0,1
South Dakota,2025-03-17,2025,11,0,1
South Dakota,2025-03-24,2025,12,0,1
South Dakota,2025-03-31,2025,13,0,1
South Dakota,2025-04-07,2025,14,0,1
South Dakota,2025-04-14,2025,15,0,1
South Dakota,2025-04-21,2025,16,0,1
South Dakota,2025-04-28,2025,17,0,1
South Dakota,2025-05-05,2025,18,0,1
South Dakota,2025-05-12,2025,19,0,1
South Dakota,2025-05-19,2025,20,0,1
South Dakota,2025-05-26,2025,21,0,1
South Dakota,2025-06-02,2025,22,0,1
South Dakota,2025-06-09,2025,23,0,1
South Dakota,2025-06-16,2025,24,0,1
South Dakota,2025-06-23,2025,25,0,1
South Dakota,2025-06-30,2025,26,0,1
South Dakota,2025-07-07,2025,27,0,1
South Dakota,2025-07-14,2025,28,0,1
South Dakota,2025-07-21,2025,29,0,1
South Dakota,2025-07-28,2025,30,0,1
South Dakota,2025-08-04,2025,31,4,5
South Dakota,2025-08-11,2025,32,0,5
South Dakota,2025-08-18,2025,33,0,5
South Dakota,2025-08-25,2025,34,0,5
South Dakota,2025-09-01,2025,35,0,5
South Dakota,2025-09-08,2025,36,0,5
South Dakota,2025-09-15,2025,37,0,5
South Dakota,2025-09-22,2025,38,1,6
South Dakota,2025-09-29,2025,39,0,6
South Dakota,2025-10-06,2025,40,0,6
South Dakota,2025-10-13,2025,41,0,6
South Dakota,2025-10-20,2025,42,0,6
South Dakota,2025-10-27,2025,43,0,6
South Dakota,2025-11-03,2025,44,0,6
South Dakota,2025-11-10,2025,45,0,6
South Dakota,2025-11-17,2025,46,0,6
South Dakota,2025-11-24,2025,47,0,6
South Dakota,2025-12-01,2025,48,0,6
South Dakota,2025-12-08,2025,49,0,6
South Dakota,2025-12-15,2025,50,0,6
South Dakota,2025-12-22,2025,51,0,6
South Dakota,2025-12-29,2025,52,1,7
South Dakota,2026-01-05,2026,1,7,7
South Dakota,2026-01-12,2026,2,0,7
South Dakota,2026-01-19,2026,3,0,7
South Dakota,2026-01-26,2026,4,0,7
South Dakota,2026-02-02,2026,5,0,7
South Dakota,2026-02-09,2026,6,0,7
South Dakota,2026-02-16,2026,7,3,10
South Dakota,2026-02-23,2026,8,0,10
South Dakota,2026-03-02,2026,9,0,10
South Dakota,2026-03-09,2026,10,0,10
South Dakota,2026-03-16,2026,11,0,10
South Dakota,2026-03-23,2026,12,0,10
South Dakota,2026-03-30,2026,13,1,11
South Dakota,2026-04-06,2026,14,0,11
South Dakota,2026-04-13,2026,15,0,11
South Dakota,2026-04-20,2026,16,0,11
South Dakota,2026-04-27,2026,17,0,11
South Dakota,2026-05-04,2026,18,0,11
South Dakota,2026-05-11,2026,19,0,11
South Dakota,2026-05-18,2026,20,0,11
South Dakota,2026-05-25,2026,21,0,11
South Dakota,2026-06-01,2026,22,0,11
South Dakota,2026-06-08,2026,23,0,11
South Dakota,2026-06-15,2026,24,0,11
South Dakota,2026-06-22,2026,25,0,11
South Dakota,2026-06-29,2026,26,0,7
South Dakota,2026-07-06,2026,27,0,7
South Dakota,2026-07-13,2026,28,0,7
South Dakota,2026-07-20,2026,29,0,7
South Dakota,2026-07-27,2026,30,0,7
South Dakota,2026-08-03,2026,31,0,7
South Dakota,2026-08-10,2026,32,0,7
South Dakota,2026-08-17,2026,33,0,7
South Dakota,2026-08-24,2026,34,0,7
South Dakota,2026-08-31,2026,35,0,7
South Dakota,NA,2025,53,0,7
Tennessee,2022-01-03,2022,1,0,0
Tennessee,2022-01-10,2022,2,0,0
Tennessee,2022-01-17,2022,3,0,0
Tennessee,2022-01-24,2022,4,0,0
Tennessee,2022-01-31,2022,5,0,0
Tennessee,2022-02-07,2022,6,0,0
Tennessee,2022-02-14,2022,7,0,0
Tennessee,2022-02-21,2022,8,0,0
Tennessee,2022-02-28,2022,9,0,0
Tennessee,2022-03-07,2022,10,0,0
Tennessee,2022-03-14,2022,11,0,0
Tennessee,2022-03-21,2022,12,0,0
Tennessee,2022-03-28,2022,13,0,0
Tennessee,2022-04-04,2022,14,0,0
Tennessee,2022-04-11,2022,15,0,0
Tennessee,2022-04-18,2022,16,0,0
Tennessee,2022-04-25,2022,17,0,0
Tennessee,2022-05-02,2022,18,0,0
Tennessee,2022-05-09,2022,19,0,0
Tennessee,2022-05-16,2022,20,0,0
Tennessee,2022-05-23,2022,21,0,0
Tennessee,2022-05-30,2022,22,0,0
Tennessee,2022-06-06,2022,23,0,0
Tennessee,2022-06-13,2022,24,0,0
Tennessee,2022-06-20,2022,25,0,0
Tennessee,2022-06-27,2022,26,0,0
Tennessee,2022-07-04,2022,27,0,0
Tennessee,2022-07-11,2022,28,0,0
Tennessee,2022-07-18,2022,29,0,0
Tennessee,2022-07-25,2022,30,0,0
Tennessee,2022-08-01,2022,31,0,0
Tennessee,2022-08-08,2022,32,0,0
Tennessee,2022-08-15,2022,33,0,0
Tennessee,2022-08-22,2022,34,0,0
Tennessee,2022-08-29,2022,35,0,0
Tennessee,2022-09-05,2022,36,0,0
Tennessee,2022-09-12,2022,37,0,0
Tennessee,2022-09-19,2022,38,0,0
Tennessee,2022-09-26,2022,39,0,0
Tennessee,2022-10-03,2022,40,0,0
Tennessee,2022-10-10,2022,41,0,0
Tennessee,2022-10-17,2022,42,0,0
Tennessee,2022-10-24,2022,43,0,0
Tennessee,2022-10-31,2022,44,0,0
Tennessee,2022-11-07,2022,45,0,0
Tennessee,2022-11-14,2022,46,0,0
Tennessee,2022-11-21,2022,47,0,0
Tennessee,2022-11-28,2022,48,0,0
Tennessee,2022-12-05,2022,49,0,0
Tennessee,2022-12-12,2022,50,0,0
Tennessee,2022-12-19,2022,51,0,0
Tennessee,2022-12-26,2022,52,0,0
Tennessee,2023-01-02,2023,1,0,0
Tennessee,2023-01-09,2023,2,0,0
Tennessee,2023-01-16,2023,3,0,0
Tennessee,2023-01-23,2023,4,0,0
Tennessee,2023-01-30,2023,5,0,0
Tennessee,2023-02-06,2023,6,0,0
Tennessee,2023-02-13,2023,7,0,0
Tennessee,2023-02-20,2023,8,0,0
Tennessee,2023-02-27,2023,9,0,0
Tennessee,2023-03-06,2023,10,0,0
Tennessee,2023-03-13,2023,11,0,0
Tennessee,2023-03-20,2023,12,0,0
Tennessee,2023-03-27,2023,13,0,0
Tennessee,2023-04-03,2023,14,0,0
Tennessee,2023-04-10,2023,15,0,0
Tennessee,2023-04-17,2023,16,0,0
Tennessee,2023-04-24,2023,17,0,0
Tennessee,2023-05-01,2023,18,0,0
Tennessee,2023-05-08,2023,19,0,0
Tennessee,2023-05-15,2023,20,0,0
Tennessee,2023-05-22,2023,21,0,0
Tennessee,2023-05-29,2023,22,0,0
Tennessee,2023-06-05,2023,23,0,0
Tennessee,2023-06-12,2023,24,0,0
Tennessee,2023-06-19,2023,25,0,0
Tennessee,2023-06-26,2023,26,0,0
Tennessee,2023-07-03,2023,27,0,0
Tennessee,2023-07-10,2023,28,0,0
Tennessee,2023-07-17,2023,29,0,0
Tennessee,2023-07-24,2023,30,0,0
Tennessee,2023-07-31,2023,31,0,0
Tennessee,2023-08-07,2023,32,0,0
Tennessee,2023-08-14,2023,33,0,0
Tennessee,2023-08-21,2023,34,0,0
Tennessee,2023-08-28,2023,35,0,0
Tennessee,2023-09-04,2023,36,0,0
Tennessee,2023-09-11,2023,37,0,0
Tennessee,2023-09-18,2023,38,0,0
Tennessee,2023-09-25,2023,39,0,0
Tennessee,2023-10-02,2023,40,0,0
Tennessee,2023-10-09,2023,41,0,0
Tennessee,2023-10-16,2023,42,0,0
Tennessee,2023-10-23,2023,43,0,0
Tennessee,2023-10-30,2023,44,0,0
Tennessee,2023-11-06,2023,45,0,0
Tennessee,2023-11-13,2023,46,0,0
Tennessee,2023-11-20,2023,47,0,0
Tennessee,2023-11-27,2023,48,0,0
Tennessee,2023-12-04,2023,49,0,0
Tennessee,2023-12-11,2023,50,0,0
Tennessee,2023-12-18,2023,51,0,0
Tennessee,2023-12-25,2023,52,0,0
Tennessee,2024-01-08,2024,1,0,0
Tennessee,2024-01-15,2024,2,0,0
Tennessee,2024-01-22,2024,3,0,0
Tennessee,2024-01-29,2024,4,0,0
Tennessee,2024-02-05,2024,5,0,0
Tennessee,2024-02-12,2024,6,0,0
Tennessee,2024-02-19,2024,7,0,0
Tennessee,2024-02-26,2024,8,0,0
Tennessee,2024-03-04,2024,9,0,0
Tennessee,2024-03-11,2024,10,0,0
Tennessee,2024-03-18,2024,11,0,0
Tennessee,2024-03-25,2024,12,0,0
Tennessee,2024-04-01,2024,13,0,0
Tennessee,2024-04-08,2024,14,0,0
Tennessee,2024-04-15,2024,15,0,0
Tennessee,2024-04-22,2024,16,0,0
Tennessee,2024-04-29,2024,17,0,0
Tennessee,2024-05-06,2024,18,0,0
Tennessee,2024-05-13,2024,19,0,0
Tennessee,2024-05-20,2024,20,0,0
Tennessee,2024-05-27,2024,21,0,0
Tennessee,2024-06-03,2024,22,0,0
Tennessee,2024-06-10,2024,23,0,0
Tennessee,2024-06-17,2024,24,0,0
Tennessee,2024-06-24,2024,25,0,0
Tennessee,2024-07-01,2024,26,0,0
Tennessee,2024-07-08,2024,27,0,0
Tennessee,2024-07-15,2024,28,0,0
Tennessee,2024-07-22,2024,29,0,0
Tennessee,2024-07-29,2024,30,0,0
Tennessee,2024-08-05,2024,31,0,0
Tennessee,2024-08-12,2024,32,0,0
Tennessee,2024-08-19,2024,33,0,0
Tennessee,2024-08-26,2024,34,0,0
Tennessee,2024-09-02,2024,35,0,0
Tennessee,2024-09-09,2024,36,0,0
Tennessee,2024-09-16,2024,37,0,0
Tennessee,2024-09-23,2024,38,1,1
Tennessee,2024-09-30,2024,39,0,1
Tennessee,2024-10-07,2024,40,0,1
Tennessee,2024-10-14,2024,41,0,1
Tennessee,2024-10-21,2024,42,1,2
Tennessee,2024-10-28,2024,43,0,2
Tennessee,2024-11-04,2024,44,0,2
Tennessee,2024-11-11,2024,45,0,2
Tennessee,2024-11-18,2024,46,0,2
Tennessee,2024-11-25,2024,47,0,2
Tennessee,2024-12-02,2024,48,0,2
Tennessee,2024-12-09,2024,49,0,2
Tennessee,2024-12-16,2024,50,0,2
Tennessee,2024-12-23,2024,51,0,2
Tennessee,2024-12-30,2024,52,0,2
Tennessee,2025-01-06,2025,1,2,2
Tennessee,2025-01-13,2025,2,0,2
Tennessee,2025-01-20,2025,3,0,2
Tennessee,2025-01-27,2025,4,0,2
Tennessee,2025-02-03,2025,5,0,2
Tennessee,2025-02-10,2025,6,0,2
Tennessee,2025-02-17,2025,7,0,2
Tennessee,2025-02-24,2025,8,0,2
Tennessee,2025-03-03,2025,9,0,2
Tennessee,2025-03-10,2025,10,0,2
Tennessee,2025-03-17,2025,11,0,2
Tennessee,2025-03-24,2025,12,0,2
Tennessee,2025-03-31,2025,13,0,2
Tennessee,2025-04-07,2025,14,0,2
Tennessee,2025-04-14,2025,15,1,3
Tennessee,2025-04-21,2025,16,0,3
Tennessee,2025-04-28,2025,17,0,3
Tennessee,2025-05-05,2025,18,0,3
Tennessee,2025-05-12,2025,19,0,3
Tennessee,2025-05-19,2025,20,0,3
Tennessee,2025-05-26,2025,21,0,3
Tennessee,2025-06-02,2025,22,0,3
Tennessee,2025-06-09,2025,23,0,3
Tennessee,2025-06-16,2025,24,0,3
Tennessee,2025-06-23,2025,25,0,3
Tennessee,2025-06-30,2025,26,0,3
Tennessee,2025-07-07,2025,27,0,3
Tennessee,2025-07-14,2025,28,0,3
Tennessee,2025-07-21,2025,29,0,3
Tennessee,2025-07-28,2025,30,0,3
Tennessee,2025-08-04,2025,31,0,3
Tennessee,2025-08-11,2025,32,0,3
Tennessee,2025-08-18,2025,33,0,3
Tennessee,2025-08-25,2025,34,0,3
Tennessee,2025-09-01,2025,35,0,3
Tennessee,2025-09-08,2025,36,0,3
Tennessee,2025-09-15,2025,37,0,3
Tennessee,2025-09-22,2025,38,0,3
Tennessee,2025-09-29,2025,39,0,3
Tennessee,2025-10-06,2025,40,0,3
Tennessee,2025-10-13,2025,41,0,3
Tennessee,2025-10-20,2025,42,0,3
Tennessee,2025-10-27,2025,43,0,3
Tennessee,2025-11-03,2025,44,0,3
Tennessee,2025-11-10,2025,45,0,3
Tennessee,2025-11-17,2025,46,0,3
Tennessee,2025-11-24,2025,47,0,3
Tennessee,2025-12-01,2025,48,0,3
Tennessee,2025-12-08,2025,49,0,3
Tennessee,2025-12-15,2025,50,0,3
Tennessee,2025-12-22,2025,51,0,3
Tennessee,2025-12-29,2025,52,0,3
Tennessee,2026-01-05,2026,1,3,3
Tennessee,2026-01-12,2026,2,0,3
Tennessee,2026-01-19,2026,3,0,3
Tennessee,2026-01-26,2026,4,0,3
Tennessee,2026-02-02,2026,5,0,3
Tennessee,2026-02-09,2026,6,0,3
Tennessee,2026-02-16,2026,7,0,3
Tennessee,2026-02-23,2026,8,0,3
Tennessee,2026-03-02,2026,9,0,3
Tennessee,2026-03-09,2026,10,0,3
Tennessee,2026-03-16,2026,11,0,3
Tennessee,2026-03-23,2026,12,0,3
Tennessee,2026-03-30,2026,13,0,3
Tennessee,2026-04-06,2026,14,0,3
Tennessee,2026-04-13,2026,15,0,3
Tennessee,2026-04-20,2026,16,0,1
Tennessee,2026-04-27,2026,17,0,1
Tennessee,2026-05-04,2026,18,0,1
Tennessee,2026-05-11,2026,19,0,1
Tennessee,2026-05-18,2026,20,0,1
Tennessee,2026-05-25,2026,21,0,1
Tennessee,2026-06-01,2026,22,0,1
Tennessee,2026-06-08,2026,23,0,1
Tennessee,2026-06-15,2026,24,0,1
Tennessee,2026-06-22,2026,25,0,1
Tennessee,2026-06-29,2026,26,0,1
Tennessee,2026-07-06,2026,27,0,1
Tennessee,2026-07-13,2026,28,0,1
Tennessee,2026-07-20,2026,29,1,2
Tennessee,2026-07-27,2026,30,1,3
Tennessee,2026-08-03,2026,31,0,3
Tennessee,2026-08-10,2026,32,0,3
Tennessee,2026-08-17,2026,33,0,3
Tennessee,2026-08-24,2026,34,0,3
Tennessee,2026-08-31,2026,35,0,3
Tennessee,NA,2025,53,0,3
Texas,2022-01-03,2022,1,0,0
Texas,2022-01-10,2022,2,0,0
Texas,2022-01-17,2022,3,0,0
Texas,2022-01-24,2022,4,0,0
Texas,2022-01-31,2022,5,0,0
Texas,2022-02-07,2022,6,0,0
Texas,2022-02-14,2022,7,0,0
Texas,2022-02-21,2022,8,0,0
Texas,2022-02-28,2022,9,0,0
Texas,2022-03-07,2022,10,0,0
Texas,2022-03-14,2022,11,0,0
Texas,2022-03-21,2022,12,0,0
Texas,2022-03-28,2022,13,0,0
Texas,2022-04-04,2022,14,0,0
Texas,2022-04-11,2022,15,0,0
Texas,2022-04-18,2022,16,0,0
Texas,2022-04-25,2022,17,0,0
Texas,2022-05-02,2022,18,0,0
Texas,2022-05-09,2022,19,0,0
Texas,2022-05-16,2022,20,0,0
Texas,2022-05-23,2022,21,0,0
Texas,2022-05-30,2022,22,0,0
Texas,2022-06-06,2022,23,0,0
Texas,2022-06-13,2022,24,0,0
Texas,2022-06-20,2022,25,0,0
Texas,2022-06-27,2022,26,0,0
Texas,2022-07-04,2022,27,0,0
Texas,2022-07-11,2022,28,0,0
Texas,2022-07-18,2022,29,0,0
Texas,2022-07-25,2022,30,0,0
Texas,2022-08-01,2022,31,0,0
Texas,2022-08-08,2022,32,0,0
Texas,2022-08-15,2022,33,0,0
Texas,2022-08-22,2022,34,0,0
Texas,2022-08-29,2022,35,0,0
Texas,2022-09-05,2022,36,0,0
Texas,2022-09-12,2022,37,0,0
Texas,2022-09-19,2022,38,0,0
Texas,2022-09-26,2022,39,0,0
Texas,2022-10-03,2022,40,0,0
Texas,2022-10-10,2022,41,0,0
Texas,2022-10-17,2022,42,0,0
Texas,2022-10-24,2022,43,0,0
Texas,2022-10-31,2022,44,0,0
Texas,2022-11-07,2022,45,0,0
Texas,2022-11-14,2022,46,0,0
Texas,2022-11-21,2022,47,0,0
Texas,2022-11-28,2022,48,0,0
Texas,2022-12-05,2022,49,0,0
Texas,2022-12-12,2022,50,0,0
Texas,2022-12-19,2022,51,0,0
Texas,2022-12-26,2022,52,0,0
Texas,2023-01-02,2023,1,0,0
Texas,2023-01-09,2023,2,0,0
Texas,2023-01-16,2023,3,0,0
Texas,2023-01-23,2023,4,0,0
Texas,2023-01-30,2023,5,0,0
Texas,2023-02-06,2023,6,0,0
Texas,2023-02-13,2023,7,0,0
Texas,2023-02-20,2023,8,0,0
Texas,2023-02-27,2023,9,0,0
Texas,2023-03-06,2023,10,0,0
Texas,2023-03-13,2023,11,0,0
Texas,2023-03-20,2023,12,0,0
Texas,2023-03-27,2023,13,0,0
Texas,2023-04-03,2023,14,0,0
Texas,2023-04-10,2023,15,0,0
Texas,2023-04-17,2023,16,0,0
Texas,2023-04-24,2023,17,0,0
Texas,2023-05-01,2023,18,0,0
Texas,2023-05-08,2023,19,0,0
Texas,2023-05-15,2023,20,0,0
Texas,2023-05-22,2023,21,0,0
Texas,2023-05-29,2023,22,0,0
Texas,2023-06-05,2023,23,0,0
Texas,2023-06-12,2023,24,0,0
Texas,2023-06-19,2023,25,0,0
Texas,2023-06-26,2023,26,0,0
Texas,2023-07-03,2023,27,0,0
Texas,2023-07-10,2023,28,0,0
Texas,2023-07-17,2023,29,0,0
Texas,2023-07-24,2023,30,0,0
Texas,2023-07-31,2023,31,1,1
Texas,2023-08-07,2023,32,0,1
Texas,2023-08-14,2023,33,0,1
Texas,2023-08-21,2023,34,0,1
Texas,2023-08-28,2023,35,0,1
Texas,2023-09-04,2023,36,0,1
Texas,2023-09-11,2023,37,0,1
Texas,2023-09-18,2023,38,0,1
Texas,2023-09-25,2023,39,0,1
Texas,2023-10-02,2023,40,0,1
Texas,2023-10-09,2023,41,0,1
Texas,2023-10-16,2023,42,0,1
Texas,2023-10-23,2023,43,0,1
Texas,2023-10-30,2023,44,0,1
Texas,2023-11-06,2023,45,1,2
Texas,2023-11-13,2023,46,0,2
Texas,2023-11-20,2023,47,0,2
Texas,2023-11-27,2023,48,0,2
Texas,2023-12-04,2023,49,0,2
Texas,2023-12-11,2023,50,0,2
Texas,2023-12-18,2023,51,0,2
Texas,2023-12-25,2023,52,0,2
Texas,2024-01-08,2024,1,2,2
Texas,2024-01-15,2024,2,0,2
Texas,2024-01-22,2024,3,0,2
Texas,2024-01-29,2024,4,0,2
Texas,2024-02-05,2024,5,0,2
Texas,2024-02-12,2024,6,0,2
Texas,2024-02-19,2024,7,0,2
Texas,2024-02-26,2024,8,0,2
Texas,2024-03-04,2024,9,0,2
Texas,2024-03-11,2024,10,0,2
Texas,2024-03-18,2024,11,0,2
Texas,2024-03-25,2024,12,0,2
Texas,2024-04-01,2024,13,0,2
Texas,2024-04-08,2024,14,0,2
Texas,2024-04-15,2024,15,0,2
Texas,2024-04-22,2024,16,0,2
Texas,2024-04-29,2024,17,0,2
Texas,2024-05-06,2024,18,0,2
Texas,2024-05-13,2024,19,0,2
Texas,2024-05-20,2024,20,0,2
Texas,2024-05-27,2024,21,0,2
Texas,2024-06-03,2024,22,0,2
Texas,2024-06-10,2024,23,0,2
Texas,2024-06-17,2024,24,0,2
Texas,2024-06-24,2024,25,0,2
Texas,2024-07-01,2024,26,0,2
Texas,2024-07-08,2024,27,0,2
Texas,2024-07-15,2024,28,0,2
Texas,2024-07-22,2024,29,0,2
Texas,2024-07-29,2024,30,0,2
Texas,2024-08-05,2024,31,0,2
Texas,2024-08-12,2024,32,0,2
Texas,2024-08-19,2024,33,0,2
Texas,2024-08-26,2024,34,0,2
Texas,2024-09-02,2024,35,0,1
Texas,2024-09-09,2024,36,0,1
Texas,2024-09-16,2024,37,0,1
Texas,2024-09-23,2024,38,0,1
Texas,2024-09-30,2024,39,0,1
Texas,2024-10-07,2024,40,0,0
Texas,2024-10-14,2024,41,0,0
Texas,2024-10-21,2024,42,0,0
Texas,2024-10-28,2024,43,0,0
Texas,2024-11-04,2024,44,0,0
Texas,2024-11-11,2024,45,0,0
Texas,2024-11-18,2024,46,0,0
Texas,2024-11-25,2024,47,0,0
Texas,2024-12-02,2024,48,0,0
Texas,2024-12-09,2024,49,0,0
Texas,2024-12-16,2024,50,0,0
Texas,2024-12-23,2024,51,0,0
Texas,2024-12-30,2024,52,0,0
Texas,2025-01-06,2025,1,0,0
Texas,2025-01-13,2025,2,0,0
Texas,2025-01-20,2025,3,0,0
Texas,2025-01-27,2025,4,0,0
Texas,2025-02-03,2025,5,0,0
Texas,2025-02-10,2025,6,0,0
Texas,2025-02-17,2025,7,0,0
Texas,2025-02-24,2025,8,11,11
Texas,2025-03-03,2025,9,6,17
Texas,2025-03-10,2025,10,2,19
Texas,2025-03-17,2025,11,12,31
Texas,2025-03-24,2025,12,0,31
Texas,2025-03-31,2025,13,6,37
Texas,2025-04-07,2025,14,11,48
Texas,2025-04-14,2025,15,23,71
Texas,2025-04-21,2025,16,0,71
Texas,2025-04-28,2025,17,2,73
Texas,2025-05-05,2025,18,0,73
Texas,2025-05-12,2025,19,0,73
Texas,2025-05-19,2025,20,3,76
Texas,2025-05-26,2025,21,4,80
Texas,2025-06-02,2025,22,8,88
Texas,2025-06-09,2025,23,0,88
Texas,2025-06-16,2025,24,2,90
Texas,2025-06-23,2025,25,3,93
Texas,2025-06-30,2025,26,0,93
Texas,2025-07-07,2025,27,3,96
Texas,2025-07-14,2025,28,0,96
Texas,2025-07-21,2025,29,1,97
Texas,2025-07-28,2025,30,1,98
Texas,2025-08-04,2025,31,0,98
Texas,2025-08-11,2025,32,0,98
Texas,2025-08-18,2025,33,0,98
Texas,2025-08-25,2025,34,0,98
Texas,2025-09-01,2025,35,0,98
Texas,2025-09-08,2025,36,1,99
Texas,2025-09-15,2025,37,0,99
Texas,2025-09-22,2025,38,0,99
Texas,2025-09-29,2025,39,0,99
Texas,2025-10-06,2025,40,0,99
Texas,2025-10-13,2025,41,3,102
Texas,2025-10-20,2025,42,0,102
Texas,2025-10-27,2025,43,0,102
Texas,2025-11-03,2025,44,0,102
Texas,2025-11-10,2025,45,0,102
Texas,2025-11-17,2025,46,0,102
Texas,2025-11-24,2025,47,0,102
Texas,2025-12-01,2025,48,0,102
Texas,2025-12-08,2025,49,0,102
Texas,2025-12-15,2025,50,0,102
Texas,2025-12-22,2025,51,0,102
Texas,2025-12-29,2025,52,0,102
Texas,2026-01-05,2026,1,102,102
Texas,2026-01-12,2026,2,0,102
Texas,2026-01-19,2026,3,0,102
Texas,2026-01-26,2026,4,0,102
Texas,2026-02-02,2026,5,0,102
Texas,2026-02-09,2026,6,0,102
Texas,2026-02-16,2026,7,0,102
Texas,2026-02-23,2026,8,0,102
Texas,2026-03-02,2026,9,0,102
Texas,2026-03-09,2026,10,0,102
Texas,2026-03-16,2026,11,0,102
Texas,2026-03-23,2026,12,0,102
Texas,2026-03-30,2026,13,0,102
Texas,2026-04-06,2026,14,0,102
Texas,2026-04-13,2026,15,0,71
Texas,2026-04-20,2026,16,0,71
Texas,2026-04-27,2026,17,0,71
Texas,2026-05-04,2026,18,0,25
Texas,2026-05-11,2026,19,0,19
Texas,2026-05-18,2026,20,0,19
Texas,2026-05-25,2026,21,0,19
Texas,2026-06-01,2026,22,0,19
Texas,2026-06-08,2026,23,0,19
Texas,2026-06-15,2026,24,0,19
Texas,2026-06-22,2026,25,0,16
Texas,2026-06-29,2026,26,0,16
Texas,2026-07-06,2026,27,0,16
Texas,2026-07-13,2026,28,0,16
Texas,2026-07-20,2026,29,0,16
Texas,2026-07-27,2026,30,0,16
Texas,2026-08-03,2026,31,0,16
Texas,2026-08-10,2026,32,0,16
Texas,2026-08-17,2026,33,0,16
Texas,2026-08-24,2026,34,0,16
Texas,2026-08-31,2026,35,0,16
Texas,NA,2025,53,0,102
Utah,2022-01-03,2022,1,0,0
Utah,2022-01-10,2022,2,0,0
Utah,2022-01-17,2022,3,0,0
Utah,2022-01-24,2022,4,0,0
Utah,2022-01-31,2022,5,0,0
Utah,2022-02-07,2022,6,0,0
Utah,2022-02-14,2022,7,0,0
Utah,2022-02-21,2022,8,0,0
Utah,2022-02-28,2022,9,0,0
Utah,2022-03-07,2022,10,0,0
Utah,2022-03-14,2022,11,0,0
Utah,2022-03-21,2022,12,0,0
Utah,2022-03-28,2022,13,0,0
Utah,2022-04-04,2022,14,0,0
Utah,2022-04-11,2022,15,0,0
Utah,2022-04-18,2022,16,0,0
Utah,2022-04-25,2022,17,0,0
Utah,2022-05-02,2022,18,0,0
Utah,2022-05-09,2022,19,0,0
Utah,2022-05-16,2022,20,0,0
Utah,2022-05-23,2022,21,0,0
Utah,2022-05-30,2022,22,0,0
Utah,2022-06-06,2022,23,0,0
Utah,2022-06-13,2022,24,0,0
Utah,2022-06-20,2022,25,0,0
Utah,2022-06-27,2022,26,0,0
Utah,2022-07-04,2022,27,0,0
Utah,2022-07-11,2022,28,0,0
Utah,2022-07-18,2022,29,0,0
Utah,2022-07-25,2022,30,0,0
Utah,2022-08-01,2022,31,0,0
Utah,2022-08-08,2022,32,0,0
Utah,2022-08-15,2022,33,0,0
Utah,2022-08-22,2022,34,0,0
Utah,2022-08-29,2022,35,0,0
Utah,2022-09-05,2022,36,0,0
Utah,2022-09-12,2022,37,0,0
Utah,2022-09-19,2022,38,0,0
Utah,2022-09-26,2022,39,0,0
Utah,2022-10-03,2022,40,0,0
Utah,2022-10-10,2022,41,0,0
Utah,2022-10-17,2022,42,0,0
Utah,2022-10-24,2022,43,0,0
Utah,2022-10-31,2022,44,0,0
Utah,2022-11-07,2022,45,0,0
Utah,2022-11-14,2022,46,0,0
Utah,2022-11-21,2022,47,0,0
Utah,2022-11-28,2022,48,0,0
Utah,2022-12-05,2022,49,0,0
Utah,2022-12-12,2022,50,0,0
Utah,2022-12-19,2022,51,0,0
Utah,2022-12-26,2022,52,0,0
Utah,2023-01-02,2023,1,0,0
Utah,2023-01-09,2023,2,0,0
Utah,2023-01-16,2023,3,0,0
Utah,2023-01-23,2023,4,0,0
Utah,2023-01-30,2023,5,0,0
Utah,2023-02-06,2023,6,0,0
Utah,2023-02-13,2023,7,0,0
Utah,2023-02-20,2023,8,0,0
Utah,2023-02-27,2023,9,0,0
Utah,2023-03-06,2023,10,0,0
Utah,2023-03-13,2023,11,0,0
Utah,2023-03-20,2023,12,1,1
Utah,2023-03-27,2023,13,0,1
Utah,2023-04-03,2023,14,0,1
Utah,2023-04-10,2023,15,0,1
Utah,2023-04-17,2023,16,0,1
Utah,2023-04-24,2023,17,0,1
Utah,2023-05-01,2023,18,0,1
Utah,2023-05-08,2023,19,0,1
Utah,2023-05-15,2023,20,0,1
Utah,2023-05-22,2023,21,0,1
Utah,2023-05-29,2023,22,0,1
Utah,2023-06-05,2023,23,0,1
Utah,2023-06-12,2023,24,0,1
Utah,2023-06-19,2023,25,0,1
Utah,2023-06-26,2023,26,0,1
Utah,2023-07-03,2023,27,0,1
Utah,2023-07-10,2023,28,0,1
Utah,2023-07-17,2023,29,0,1
Utah,2023-07-24,2023,30,0,1
Utah,2023-07-31,2023,31,0,1
Utah,2023-08-07,2023,32,0,1
Utah,2023-08-14,2023,33,0,1
Utah,2023-08-21,2023,34,0,1
Utah,2023-08-28,2023,35,0,1
Utah,2023-09-04,2023,36,0,1
Utah,2023-09-11,2023,37,0,1
Utah,2023-09-18,2023,38,0,1
Utah,2023-09-25,2023,39,0,1
Utah,2023-10-02,2023,40,0,1
Utah,2023-10-09,2023,41,0,1
Utah,2023-10-16,2023,42,0,1
Utah,2023-10-23,2023,43,0,1
Utah,2023-10-30,2023,44,0,1
Utah,2023-11-06,2023,45,0,1
Utah,2023-11-13,2023,46,0,1
Utah,2023-11-20,2023,47,0,1
Utah,2023-11-27,2023,48,0,1
Utah,2023-12-04,2023,49,0,1
Utah,2023-12-11,2023,50,0,1
Utah,2023-12-18,2023,51,0,1
Utah,2023-12-25,2023,52,0,1
Utah,2024-01-08,2024,1,1,1
Utah,2024-01-15,2024,2,0,1
Utah,2024-01-22,2024,3,0,1
Utah,2024-01-29,2024,4,0,1
Utah,2024-02-05,2024,5,0,1
Utah,2024-02-12,2024,6,0,1
Utah,2024-02-19,2024,7,0,1
Utah,2024-02-26,2024,8,0,1
Utah,2024-03-04,2024,9,0,1
Utah,2024-03-11,2024,10,0,1
Utah,2024-03-18,2024,11,0,1
Utah,2024-03-25,2024,12,0,0
Utah,2024-04-01,2024,13,0,0
Utah,2024-04-08,2024,14,0,0
Utah,2024-04-15,2024,15,0,0
Utah,2024-04-22,2024,16,0,0
Utah,2024-04-29,2024,17,0,0
Utah,2024-05-06,2024,18,0,0
Utah,2024-05-13,2024,19,0,0
Utah,2024-05-20,2024,20,0,0
Utah,2024-05-27,2024,21,0,0
Utah,2024-06-03,2024,22,0,0
Utah,2024-06-10,2024,23,0,0
Utah,2024-06-17,2024,24,0,0
Utah,2024-06-24,2024,25,0,0
Utah,2024-07-01,2024,26,0,0
Utah,2024-07-08,2024,27,0,0
Utah,2024-07-15,2024,28,0,0
Utah,2024-07-22,2024,29,0,0
Utah,2024-07-29,2024,30,0,0
Utah,2024-08-05,2024,31,0,0
Utah,2024-08-12,2024,32,0,0
Utah,2024-08-19,2024,33,0,0
Utah,2024-08-26,2024,34,0,0
Utah,2024-09-02,2024,35,0,0
Utah,2024-09-09,2024,36,0,0
Utah,2024-09-16,2024,37,0,0
Utah,2024-09-23,2024,38,0,0
Utah,2024-09-30,2024,39,0,0
Utah,2024-10-07,2024,40,0,0
Utah,2024-10-14,2024,41,0,0
Utah,2024-10-21,2024,42,0,0
Utah,2024-10-28,2024,43,0,0
Utah,2024-11-04,2024,44,0,0
Utah,2024-11-11,2024,45,0,0
Utah,2024-11-18,2024,46,0,0
Utah,2024-11-25,2024,47,0,0
Utah,2024-12-02,2024,48,0,0
Utah,2024-12-09,2024,49,0,0
Utah,2024-12-16,2024,50,0,0
Utah,2024-12-23,2024,51,0,0
Utah,2024-12-30,2024,52,0,0
Utah,2025-01-06,2025,1,0,0
Utah,2025-01-13,2025,2,0,0
Utah,2025-01-20,2025,3,0,0
Utah,2025-01-27,2025,4,0,0
Utah,2025-02-03,2025,5,0,0
Utah,2025-02-10,2025,6,0,0
Utah,2025-02-17,2025,7,0,0
Utah,2025-02-24,2025,8,0,0
Utah,2025-03-03,2025,9,0,0
Utah,2025-03-10,2025,10,0,0
Utah,2025-03-17,2025,11,0,0
Utah,2025-03-24,2025,12,0,0
Utah,2025-03-31,2025,13,0,0
Utah,2025-04-07,2025,14,0,0
Utah,2025-04-14,2025,15,0,0
Utah,2025-04-21,2025,16,0,0
Utah,2025-04-28,2025,17,0,0
Utah,2025-05-05,2025,18,0,0
Utah,2025-05-12,2025,19,0,0
Utah,2025-05-19,2025,20,0,0
Utah,2025-05-26,2025,21,0,0
Utah,2025-06-02,2025,22,0,0
Utah,2025-06-09,2025,23,0,0
Utah,2025-06-16,2025,24,0,0
Utah,2025-06-23,2025,25,0,0
Utah,2025-06-30,2025,26,0,0
Utah,2025-07-07,2025,27,4,4
Utah,2025-07-14,2025,28,0,4
Utah,2025-07-21,2025,29,0,4
Utah,2025-07-28,2025,30,2,6
Utah,2025-08-04,2025,31,0,6
Utah,2025-08-11,2025,32,0,6
Utah,2025-08-18,2025,33,0,6
Utah,2025-08-25,2025,34,0,6
Utah,2025-09-01,2025,35,0,6
Utah,2025-09-08,2025,36,0,6
Utah,2025-09-15,2025,37,1,7
Utah,2025-09-22,2025,38,0,7
Utah,2025-09-29,2025,39,2,9
Utah,2025-10-06,2025,40,0,9
Utah,2025-10-13,2025,41,4,13
Utah,2025-10-20,2025,42,0,13
Utah,2025-10-27,2025,43,1,14
Utah,2025-11-03,2025,44,0,14
Utah,2025-11-10,2025,45,0,14
Utah,2025-11-17,2025,46,0,14
Utah,2025-11-24,2025,47,0,14
Utah,2025-12-01,2025,48,0,14
Utah,2025-12-08,2025,49,0,14
Utah,2025-12-15,2025,50,0,14
Utah,2025-12-22,2025,51,0,14
Utah,2025-12-29,2025,52,2,16
Utah,2026-01-05,2026,1,28,28
Utah,2026-01-12,2026,2,0,28
Utah,2026-01-19,2026,3,3,31
Utah,2026-01-26,2026,4,0,31
Utah,2026-02-02,2026,5,0,31
Utah,2026-02-09,2026,6,0,31
Utah,2026-02-16,2026,7,0,31
Utah,2026-02-23,2026,8,0,31
Utah,2026-03-02,2026,9,11,42
Utah,2026-03-09,2026,10,3,45
Utah,2026-03-16,2026,11,0,45
Utah,2026-03-23,2026,12,0,45
Utah,2026-03-30,2026,13,0,45
Utah,2026-04-06,2026,14,0,45
Utah,2026-04-13,2026,15,10,55
Utah,2026-04-20,2026,16,2,57
Utah,2026-04-27,2026,17,0,57
Utah,2026-05-04,2026,18,0,57
Utah,2026-05-11,2026,19,1,58
Utah,2026-05-18,2026,20,0,58
Utah,2026-05-25,2026,21,0,58
Utah,2026-06-01,2026,22,0,58
Utah,2026-06-08,2026,23,0,58
Utah,2026-06-15,2026,24,0,58
Utah,2026-06-22,2026,25,0,58
Utah,2026-06-29,2026,26,0,58
Utah,2026-07-06,2026,27,0,58
Utah,2026-07-13,2026,28,0,58
Utah,2026-07-20,2026,29,0,58
Utah,2026-07-27,2026,30,0,58
Utah,2026-08-03,2026,31,0,58
Utah,2026-08-10,2026,32,0,57
Utah,2026-08-17,2026,33,0,57
Utah,2026-08-24,2026,34,0,57
Utah,2026-08-31,2026,35,0,57
Utah,NA,2025,53,5,21
Vermont,2022-01-03,2022,1,0,0
Vermont,2022-01-10,2022,2,0,0
Vermont,2022-01-17,2022,3,0,0
Vermont,2022-01-24,2022,4,0,0
Vermont,2022-01-31,2022,5,0,0
Vermont,2022-02-07,2022,6,0,0
Vermont,2022-02-14,2022,7,0,0
Vermont,2022-02-21,2022,8,0,0
Vermont,2022-02-28,2022,9,0,0
Vermont,2022-03-07,2022,10,0,0
Vermont,2022-03-14,2022,11,0,0
Vermont,2022-03-21,2022,12,0,0
Vermont,2022-03-28,2022,13,0,0
Vermont,2022-04-04,2022,14,0,0
Vermont,2022-04-11,2022,15,0,0
Vermont,2022-04-18,2022,16,0,0
Vermont,2022-04-25,2022,17,0,0
Vermont,2022-05-02,2022,18,0,0
Vermont,2022-05-09,2022,19,0,0
Vermont,2022-05-16,2022,20,0,0
Vermont,2022-05-23,2022,21,0,0
Vermont,2022-05-30,2022,22,0,0
Vermont,2022-06-06,2022,23,0,0
Vermont,2022-06-13,2022,24,0,0
Vermont,2022-06-20,2022,25,0,0
Vermont,2022-06-27,2022,26,0,0
Vermont,2022-07-04,2022,27,0,0
Vermont,2022-07-11,2022,28,0,0
Vermont,2022-07-18,2022,29,0,0
Vermont,2022-07-25,2022,30,0,0
Vermont,2022-08-01,2022,31,0,0
Vermont,2022-08-08,2022,32,0,0
Vermont,2022-08-15,2022,33,0,0
Vermont,2022-08-22,2022,34,0,0
Vermont,2022-08-29,2022,35,0,0
Vermont,2022-09-05,2022,36,0,0
Vermont,2022-09-12,2022,37,0,0
Vermont,2022-09-19,2022,38,0,0
Vermont,2022-09-26,2022,39,0,0
Vermont,2022-10-03,2022,40,0,0
Vermont,2022-10-10,2022,41,0,0
Vermont,2022-10-17,2022,42,0,0
Vermont,2022-10-24,2022,43,0,0
Vermont,2022-10-31,2022,44,0,0
Vermont,2022-11-07,2022,45,0,0
Vermont,2022-11-14,2022,46,0,0
Vermont,2022-11-21,2022,47,0,0
Vermont,2022-11-28,2022,48,0,0
Vermont,2022-12-05,2022,49,0,0
Vermont,2022-12-12,2022,50,0,0
Vermont,2022-12-19,2022,51,0,0
Vermont,2022-12-26,2022,52,0,0
Vermont,2023-01-02,2023,1,0,0
Vermont,2023-01-09,2023,2,0,0
Vermont,2023-01-16,2023,3,0,0
Vermont,2023-01-23,2023,4,0,0
Vermont,2023-01-30,2023,5,0,0
Vermont,2023-02-06,2023,6,0,0
Vermont,2023-02-13,2023,7,0,0
Vermont,2023-02-20,2023,8,0,0
Vermont,2023-02-27,2023,9,0,0
Vermont,2023-03-06,2023,10,0,0
Vermont,2023-03-13,2023,11,0,0
Vermont,2023-03-20,2023,12,0,0
Vermont,2023-03-27,2023,13,0,0
Vermont,2023-04-03,2023,14,0,0
Vermont,2023-04-10,2023,15,0,0
Vermont,2023-04-17,2023,16,0,0
Vermont,2023-04-24,2023,17,0,0
Vermont,2023-05-01,2023,18,0,0
Vermont,2023-05-08,2023,19,0,0
Vermont,2023-05-15,2023,20,0,0
Vermont,2023-05-22,2023,21,0,0
Vermont,2023-05-29,2023,22,0,0
Vermont,2023-06-05,2023,23,0,0
Vermont,2023-06-12,2023,24,0,0
Vermont,2023-06-19,2023,25,0,0
Vermont,2023-06-26,2023,26,0,0
Vermont,2023-07-03,2023,27,0,0
Vermont,2023-07-10,2023,28,0,0
Vermont,2023-07-17,2023,29,0,0
Vermont,2023-07-24,2023,30,0,0
Vermont,2023-07-31,2023,31,0,0
Vermont,2023-08-07,2023,32,0,0
Vermont,2023-08-14,2023,33,0,0
Vermont,2023-08-21,2023,34,0,0
Vermont,2023-08-28,2023,35,0,0
Vermont,2023-09-04,2023,36,0,0
Vermont,2023-09-11,2023,37,0,0
Vermont,2023-09-18,2023,38,0,0
Vermont,2023-09-25,2023,39,0,0
Vermont,2023-10-02,2023,40,0,0
Vermont,2023-10-09,2023,41,0,0
Vermont,2023-10-16,2023,42,0,0
Vermont,2023-10-23,2023,43,0,0
Vermont,2023-10-30,2023,44,0,0
Vermont,2023-11-06,2023,45,0,0
Vermont,2023-11-13,2023,46,0,0
Vermont,2023-11-20,2023,47,0,0
Vermont,2023-11-27,2023,48,0,0
Vermont,2023-12-04,2023,49,0,0
Vermont,2023-12-11,2023,50,0,0
Vermont,2023-12-18,2023,51,0,0
Vermont,2023-12-25,2023,52,0,0
Vermont,2024-01-08,2024,1,0,0
Vermont,2024-01-15,2024,2,0,0
Vermont,2024-01-22,2024,3,0,0
Vermont,2024-01-29,2024,4,0,0
Vermont,2024-02-05,2024,5,0,0
Vermont,2024-02-12,2024,6,0,0
Vermont,2024-02-19,2024,7,0,0
Vermont,2024-02-26,2024,8,0,0
Vermont,2024-03-04,2024,9,0,0
Vermont,2024-03-11,2024,10,0,0
Vermont,2024-03-18,2024,11,0,0
Vermont,2024-03-25,2024,12,0,0
Vermont,2024-04-01,2024,13,0,0
Vermont,2024-04-08,2024,14,0,0
Vermont,2024-04-15,2024,15,0,0
Vermont,2024-04-22,2024,16,0,0
Vermont,2024-04-29,2024,17,0,0
Vermont,2024-05-06,2024,18,1,1
Vermont,2024-05-13,2024,19,0,1
Vermont,2024-05-20,2024,20,0,1
Vermont,2024-05-27,2024,21,0,1
Vermont,2024-06-03,2024,22,0,1
Vermont,2024-06-10,2024,23,0,1
Vermont,2024-06-17,2024,24,0,1
Vermont,2024-06-24,2024,25,0,1
Vermont,2024-07-01,2024,26,0,1
Vermont,2024-07-08,2024,27,0,1
Vermont,2024-07-15,2024,28,0,1
Vermont,2024-07-22,2024,29,0,1
Vermont,2024-07-29,2024,30,0,1
Vermont,2024-08-05,2024,31,0,1
Vermont,2024-08-12,2024,32,0,1
Vermont,2024-08-19,2024,33,0,1
Vermont,2024-08-26,2024,34,0,1
Vermont,2024-09-02,2024,35,0,1
Vermont,2024-09-09,2024,36,0,1
Vermont,2024-09-16,2024,37,0,1
Vermont,2024-09-23,2024,38,0,1
Vermont,2024-09-30,2024,39,0,1
Vermont,2024-10-07,2024,40,0,1
Vermont,2024-10-14,2024,41,0,1
Vermont,2024-10-21,2024,42,0,1
Vermont,2024-10-28,2024,43,0,1
Vermont,2024-11-04,2024,44,0,1
Vermont,2024-11-11,2024,45,0,1
Vermont,2024-11-18,2024,46,0,1
Vermont,2024-11-25,2024,47,0,1
Vermont,2024-12-02,2024,48,0,1
Vermont,2024-12-09,2024,49,0,1
Vermont,2024-12-16,2024,50,0,1
Vermont,2024-12-23,2024,51,0,1
Vermont,2024-12-30,2024,52,0,1
Vermont,2025-01-06,2025,1,1,1
Vermont,2025-01-13,2025,2,0,1
Vermont,2025-01-20,2025,3,0,1
Vermont,2025-01-27,2025,4,0,1
Vermont,2025-02-03,2025,5,0,1
Vermont,2025-02-10,2025,6,0,1
Vermont,2025-02-17,2025,7,0,1
Vermont,2025-02-24,2025,8,0,1
Vermont,2025-03-03,2025,9,0,1
Vermont,2025-03-10,2025,10,0,1
Vermont,2025-03-17,2025,11,1,2
Vermont,2025-03-24,2025,12,0,2
Vermont,2025-03-31,2025,13,0,2
Vermont,2025-04-07,2025,14,0,2
Vermont,2025-04-14,2025,15,0,2
Vermont,2025-04-21,2025,16,0,2
Vermont,2025-04-28,2025,17,0,2
Vermont,2025-05-05,2025,18,0,2
Vermont,2025-05-12,2025,19,0,2
Vermont,2025-05-19,2025,20,0,2
Vermont,2025-05-26,2025,21,0,2
Vermont,2025-06-02,2025,22,0,2
Vermont,2025-06-09,2025,23,0,2
Vermont,2025-06-16,2025,24,0,2
Vermont,2025-06-23,2025,25,0,2
Vermont,2025-06-30,2025,26,0,2
Vermont,2025-07-07,2025,27,0,2
Vermont,2025-07-14,2025,28,0,1
Vermont,2025-07-21,2025,29,0,1
Vermont,2025-07-28,2025,30,0,1
Vermont,2025-08-04,2025,31,0,1
Vermont,2025-08-11,2025,32,0,1
Vermont,2025-08-18,2025,33,0,1
Vermont,2025-08-25,2025,34,0,1
Vermont,2025-09-01,2025,35,0,1
Vermont,2025-09-08,2025,36,0,1
Vermont,2025-09-15,2025,37,0,1
Vermont,2025-09-22,2025,38,0,1
Vermont,2025-09-29,2025,39,0,1
Vermont,2025-10-06,2025,40,0,1
Vermont,2025-10-13,2025,41,0,1
Vermont,2025-10-20,2025,42,0,1
Vermont,2025-10-27,2025,43,0,1
Vermont,2025-11-03,2025,44,0,1
Vermont,2025-11-10,2025,45,0,1
Vermont,2025-11-17,2025,46,0,1
Vermont,2025-11-24,2025,47,0,1
Vermont,2025-12-01,2025,48,0,1
Vermont,2025-12-08,2025,49,0,1
Vermont,2025-12-15,2025,50,0,1
Vermont,2025-12-22,2025,51,0,1
Vermont,2025-12-29,2025,52,0,1
Vermont,2026-01-05,2026,1,1,1
Vermont,2026-01-12,2026,2,0,1
Vermont,2026-01-19,2026,3,0,1
Vermont,2026-01-26,2026,4,0,1
Vermont,2026-02-02,2026,5,0,1
Vermont,2026-02-09,2026,6,0,1
Vermont,2026-02-16,2026,7,0,1
Vermont,2026-02-23,2026,8,0,1
Vermont,2026-03-02,2026,9,0,1
Vermont,2026-03-09,2026,10,0,1
Vermont,2026-03-16,2026,11,0,1
Vermont,2026-03-23,2026,12,0,1
Vermont,2026-03-30,2026,13,0,1
Vermont,2026-04-06,2026,14,0,1
Vermont,2026-04-13,2026,15,0,1
Vermont,2026-04-20,2026,16,0,1
Vermont,2026-04-27,2026,17,0,1
Vermont,2026-05-04,2026,18,0,1
Vermont,2026-05-11,2026,19,0,1
Vermont,2026-05-18,2026,20,0,1
Vermont,2026-05-25,2026,21,0,1
Vermont,2026-06-01,2026,22,0,1
Vermont,2026-06-08,2026,23,0,1
Vermont,2026-06-15,2026,24,0,1
Vermont,2026-06-22,2026,25,0,1
Vermont,2026-06-29,2026,26,0,1
Vermont,2026-07-06,2026,27,0,1
Vermont,2026-07-13,2026,28,0,1
Vermont,2026-07-20,2026,29,0,1
Vermont,2026-07-27,2026,30,0,1
Vermont,2026-08-03,2026,31,0,1
Vermont,2026-08-10,2026,32,0,1
Vermont,2026-08-17,2026,33,0,1
Vermont,2026-08-24,2026,34,0,1
Vermont,2026-08-31,2026,35,0,1
Vermont,NA,2025,53,0,1
Virginia,2022-01-03,2022,1,2,2
Virginia,2022-01-10,2022,2,0,2
Virginia,2022-01-17,2022,3,4,6
Virginia,2022-01-24,2022,4,0,6
Virginia,2022-01-31,2022,5,0,6
Virginia,2022-02-07,2022,6,0,6
Virginia,2022-02-14,2022,7,0,6
Virginia,2022-02-21,2022,8,0,6
Virginia,2022-02-28,2022,9,0,6
Virginia,2022-03-07,2022,10,0,6
Virginia,2022-03-14,2022,11,0,6
Virginia,2022-03-21,2022,12,0,6
Virginia,2022-03-28,2022,13,0,6
Virginia,2022-04-04,2022,14,0,6
Virginia,2022-04-11,2022,15,0,6
Virginia,2022-04-18,2022,16,0,6
Virginia,2022-04-25,2022,17,0,6
Virginia,2022-05-02,2022,18,0,6
Virginia,2022-05-09,2022,19,0,6
Virginia,2022-05-16,2022,20,0,6
Virginia,2022-05-23,2022,21,0,6
Virginia,2022-05-30,2022,22,2,8
Virginia,2022-06-06,2022,23,0,8
Virginia,2022-06-13,2022,24,0,8
Virginia,2022-06-20,2022,25,0,8
Virginia,2022-06-27,2022,26,0,8
Virginia,2022-07-04,2022,27,0,8
Virginia,2022-07-11,2022,28,0,8
Virginia,2022-07-18,2022,29,0,8
Virginia,2022-07-25,2022,30,0,8
Virginia,2022-08-01,2022,31,0,8
Virginia,2022-08-08,2022,32,0,8
Virginia,2022-08-15,2022,33,0,8
Virginia,2022-08-22,2022,34,0,8
Virginia,2022-08-29,2022,35,0,8
Virginia,2022-09-05,2022,36,0,8
Virginia,2022-09-12,2022,37,0,8
Virginia,2022-09-19,2022,38,0,8
Virginia,2022-09-26,2022,39,0,6
Virginia,2022-10-03,2022,40,0,6
Virginia,2022-10-10,2022,41,0,4
Virginia,2022-10-17,2022,42,0,4
Virginia,2022-10-24,2022,43,0,1
Virginia,2022-10-31,2022,44,0,1
Virginia,2022-11-07,2022,45,0,1
Virginia,2022-11-14,2022,46,0,1
Virginia,2022-11-21,2022,47,0,1
Virginia,2022-11-28,2022,48,0,1
Virginia,2022-12-05,2022,49,0,1
Virginia,2022-12-12,2022,50,0,1
Virginia,2022-12-19,2022,51,0,1
Virginia,2022-12-26,2022,52,0,1
Virginia,2023-01-02,2023,1,1,1
Virginia,2023-01-09,2023,2,0,1
Virginia,2023-01-16,2023,3,0,1
Virginia,2023-01-23,2023,4,0,1
Virginia,2023-01-30,2023,5,0,1
Virginia,2023-02-06,2023,6,0,1
Virginia,2023-02-13,2023,7,0,1
Virginia,2023-02-20,2023,8,0,1
Virginia,2023-02-27,2023,9,0,1
Virginia,2023-03-06,2023,10,0,1
Virginia,2023-03-13,2023,11,0,1
Virginia,2023-03-20,2023,12,0,1
Virginia,2023-03-27,2023,13,0,1
Virginia,2023-04-03,2023,14,0,1
Virginia,2023-04-10,2023,15,0,1
Virginia,2023-04-17,2023,16,0,1
Virginia,2023-04-24,2023,17,0,1
Virginia,2023-05-01,2023,18,0,1
Virginia,2023-05-08,2023,19,0,1
Virginia,2023-05-15,2023,20,0,1
Virginia,2023-05-22,2023,21,0,1
Virginia,2023-05-29,2023,22,0,1
Virginia,2023-06-05,2023,23,0,1
Virginia,2023-06-12,2023,24,0,1
Virginia,2023-06-19,2023,25,0,1
Virginia,2023-06-26,2023,26,0,1
Virginia,2023-07-03,2023,27,0,1
Virginia,2023-07-10,2023,28,0,1
Virginia,2023-07-17,2023,29,0,1
Virginia,2023-07-24,2023,30,0,1
Virginia,2023-07-31,2023,31,0,1
Virginia,2023-08-07,2023,32,0,1
Virginia,2023-08-14,2023,33,0,1
Virginia,2023-08-21,2023,34,0,1
Virginia,2023-08-28,2023,35,0,1
Virginia,2023-09-04,2023,36,0,1
Virginia,2023-09-11,2023,37,0,1
Virginia,2023-09-18,2023,38,0,1
Virginia,2023-09-25,2023,39,0,1
Virginia,2023-10-02,2023,40,0,1
Virginia,2023-10-09,2023,41,0,1
Virginia,2023-10-16,2023,42,0,1
Virginia,2023-10-23,2023,43,0,1
Virginia,2023-10-30,2023,44,0,1
Virginia,2023-11-06,2023,45,0,1
Virginia,2023-11-13,2023,46,0,1
Virginia,2023-11-20,2023,47,0,1
Virginia,2023-11-27,2023,48,0,1
Virginia,2023-12-04,2023,49,0,1
Virginia,2023-12-11,2023,50,0,1
Virginia,2023-12-18,2023,51,0,1
Virginia,2023-12-25,2023,52,0,1
Virginia,2024-01-08,2024,1,1,1
Virginia,2024-01-15,2024,2,0,1
Virginia,2024-01-22,2024,3,0,1
Virginia,2024-01-29,2024,4,0,1
Virginia,2024-02-05,2024,5,0,1
Virginia,2024-02-12,2024,6,0,1
Virginia,2024-02-19,2024,7,0,1
Virginia,2024-02-26,2024,8,0,1
Virginia,2024-03-04,2024,9,0,1
Virginia,2024-03-11,2024,10,0,1
Virginia,2024-03-18,2024,11,0,1
Virginia,2024-03-25,2024,12,0,1
Virginia,2024-04-01,2024,13,0,1
Virginia,2024-04-08,2024,14,0,1
Virginia,2024-04-15,2024,15,0,1
Virginia,2024-04-22,2024,16,0,1
Virginia,2024-04-29,2024,17,0,1
Virginia,2024-05-06,2024,18,0,1
Virginia,2024-05-13,2024,19,0,1
Virginia,2024-05-20,2024,20,0,1
Virginia,2024-05-27,2024,21,0,1
Virginia,2024-06-03,2024,22,0,1
Virginia,2024-06-10,2024,23,0,1
Virginia,2024-06-17,2024,24,0,1
Virginia,2024-06-24,2024,25,0,1
Virginia,2024-07-01,2024,26,0,1
Virginia,2024-07-08,2024,27,0,1
Virginia,2024-07-15,2024,28,0,1
Virginia,2024-07-22,2024,29,0,1
Virginia,2024-07-29,2024,30,0,1
Virginia,2024-08-05,2024,31,0,1
Virginia,2024-08-12,2024,32,0,1
Virginia,2024-08-19,2024,33,0,1
Virginia,2024-08-26,2024,34,0,1
Virginia,2024-09-02,2024,35,0,1
Virginia,2024-09-09,2024,36,0,1
Virginia,2024-09-16,2024,37,0,1
Virginia,2024-09-23,2024,38,0,1
Virginia,2024-09-30,2024,39,0,1
Virginia,2024-10-07,2024,40,0,1
Virginia,2024-10-14,2024,41,0,1
Virginia,2024-10-21,2024,42,0,1
Virginia,2024-10-28,2024,43,0,1
Virginia,2024-11-04,2024,44,0,1
Virginia,2024-11-11,2024,45,0,1
Virginia,2024-11-18,2024,46,0,1
Virginia,2024-11-25,2024,47,0,1
Virginia,2024-12-02,2024,48,0,1
Virginia,2024-12-09,2024,49,0,1
Virginia,2024-12-16,2024,50,0,1
Virginia,2024-12-23,2024,51,0,1
Virginia,2024-12-30,2024,52,0,1
Virginia,2025-01-06,2025,1,1,1
Virginia,2025-01-13,2025,2,0,1
Virginia,2025-01-20,2025,3,0,1
Virginia,2025-01-27,2025,4,0,1
Virginia,2025-02-03,2025,5,0,1
Virginia,2025-02-10,2025,6,0,0
Virginia,2025-02-17,2025,7,0,0
Virginia,2025-02-24,2025,8,0,0
Virginia,2025-03-03,2025,9,0,0
Virginia,2025-03-10,2025,10,0,0
Virginia,2025-03-17,2025,11,0,0
Virginia,2025-03-24,2025,12,0,0
Virginia,2025-03-31,2025,13,0,0
Virginia,2025-04-07,2025,14,0,0
Virginia,2025-04-14,2025,15,0,0
Virginia,2025-04-21,2025,16,0,0
Virginia,2025-04-28,2025,17,0,0
Virginia,2025-05-05,2025,18,0,0
Virginia,2025-05-12,2025,19,1,1
Virginia,2025-05-19,2025,20,0,1
Virginia,2025-05-26,2025,21,0,1
Virginia,2025-06-02,2025,22,0,1
Virginia,2025-06-09,2025,23,1,2
Virginia,2025-06-16,2025,24,0,2
Virginia,2025-06-23,2025,25,0,2
Virginia,2025-06-30,2025,26,0,2
Virginia,2025-07-07,2025,27,0,2
Virginia,2025-07-14,2025,28,0,2
Virginia,2025-07-21,2025,29,0,2
Virginia,2025-07-28,2025,30,0,2
Virginia,2025-08-04,2025,31,0,2
Virginia,2025-08-11,2025,32,0,2
Virginia,2025-08-18,2025,33,0,2
Virginia,2025-08-25,2025,34,0,2
Virginia,2025-09-01,2025,35,0,2
Virginia,2025-09-08,2025,36,0,2
Virginia,2025-09-15,2025,37,0,2
Virginia,2025-09-22,2025,38,0,2
Virginia,2025-09-29,2025,39,0,2
Virginia,2025-10-06,2025,40,0,2
Virginia,2025-10-13,2025,41,0,2
Virginia,2025-10-20,2025,42,0,2
Virginia,2025-10-27,2025,43,0,2
Virginia,2025-11-03,2025,44,0,2
Virginia,2025-11-10,2025,45,0,2
Virginia,2025-11-17,2025,46,0,2
Virginia,2025-11-24,2025,47,0,2
Virginia,2025-12-01,2025,48,0,2
Virginia,2025-12-08,2025,49,0,2
Virginia,2025-12-15,2025,50,0,2
Virginia,2025-12-22,2025,51,0,2
Virginia,2025-12-29,2025,52,0,2
Virginia,2026-01-05,2026,1,2,2
Virginia,2026-01-12,2026,2,0,2
Virginia,2026-01-19,2026,3,0,2
Virginia,2026-01-26,2026,4,0,2
Virginia,2026-02-02,2026,5,0,2
Virginia,2026-02-09,2026,6,1,3
Virginia,2026-02-16,2026,7,0,3
Virginia,2026-02-23,2026,8,0,3
Virginia,2026-03-02,2026,9,0,3
Virginia,2026-03-09,2026,10,0,3
Virginia,2026-03-16,2026,11,1,4
Virginia,2026-03-23,2026,12,1,5
Virginia,2026-03-30,2026,13,0,5
Virginia,2026-04-06,2026,14,0,5
Virginia,2026-04-13,2026,15,0,5
Virginia,2026-04-20,2026,16,0,5
Virginia,2026-04-27,2026,17,0,5
Virginia,2026-05-04,2026,18,0,5
Virginia,2026-05-11,2026,19,0,5
Virginia,2026-05-18,2026,20,12,17
Virginia,2026-05-25,2026,21,5,22
Virginia,2026-06-01,2026,22,11,33
Virginia,2026-06-08,2026,23,0,33
Virginia,2026-06-15,2026,24,0,33
Virginia,2026-06-22,2026,25,0,33
Virginia,2026-06-29,2026,26,0,33
Virginia,2026-07-06,2026,27,0,33
Virginia,2026-07-13,2026,28,0,33
Virginia,2026-07-20,2026,29,0,33
Virginia,2026-07-27,2026,30,0,33
Virginia,2026-08-03,2026,31,0,33
Virginia,2026-08-10,2026,32,0,33
Virginia,2026-08-17,2026,33,0,33
Virginia,2026-08-24,2026,34,0,33
Virginia,2026-08-31,2026,35,0,33
Virginia,NA,2025,53,0,2
Washington,2022-01-03,2022,1,0,0
Washington,2022-01-10,2022,2,0,0
Washington,2022-01-17,2022,3,0,0
Washington,2022-01-24,2022,4,0,0
Washington,2022-01-31,2022,5,0,0
Washington,2022-02-07,2022,6,0,0
Washington,2022-02-14,2022,7,0,0
Washington,2022-02-21,2022,8,0,0
Washington,2022-02-28,2022,9,0,0
Washington,2022-03-07,2022,10,0,0
Washington,2022-03-14,2022,11,0,0
Washington,2022-03-21,2022,12,0,0
Washington,2022-03-28,2022,13,0,0
Washington,2022-04-04,2022,14,0,0
Washington,2022-04-11,2022,15,0,0
Washington,2022-04-18,2022,16,0,0
Washington,2022-04-25,2022,17,0,0
Washington,2022-05-02,2022,18,0,0
Washington,2022-05-09,2022,19,0,0
Washington,2022-05-16,2022,20,0,0
Washington,2022-05-23,2022,21,0,0
Washington,2022-05-30,2022,22,0,0
Washington,2022-06-06,2022,23,0,0
Washington,2022-06-13,2022,24,0,0
Washington,2022-06-20,2022,25,0,0
Washington,2022-06-27,2022,26,0,0
Washington,2022-07-04,2022,27,0,0
Washington,2022-07-11,2022,28,0,0
Washington,2022-07-18,2022,29,0,0
Washington,2022-07-25,2022,30,0,0
Washington,2022-08-01,2022,31,0,0
Washington,2022-08-08,2022,32,0,0
Washington,2022-08-15,2022,33,0,0
Washington,2022-08-22,2022,34,0,0
Washington,2022-08-29,2022,35,0,0
Washington,2022-09-05,2022,36,0,0
Washington,2022-09-12,2022,37,0,0
Washington,2022-09-19,2022,38,0,0
Washington,2022-09-26,2022,39,0,0
Washington,2022-10-03,2022,40,0,0
Washington,2022-10-10,2022,41,0,0
Washington,2022-10-17,2022,42,0,0
Washington,2022-10-24,2022,43,0,0
Washington,2022-10-31,2022,44,0,0
Washington,2022-11-07,2022,45,0,0
Washington,2022-11-14,2022,46,0,0
Washington,2022-11-21,2022,47,0,0
Washington,2022-11-28,2022,48,0,0
Washington,2022-12-05,2022,49,0,0
Washington,2022-12-12,2022,50,0,0
Washington,2022-12-19,2022,51,0,0
Washington,2022-12-26,2022,52,0,0
Washington,2023-01-02,2023,1,0,0
Washington,2023-01-09,2023,2,0,0
Washington,2023-01-16,2023,3,0,0
Washington,2023-01-23,2023,4,0,0
Washington,2023-01-30,2023,5,0,0
Washington,2023-02-06,2023,6,0,0
Washington,2023-02-13,2023,7,0,0
Washington,2023-02-20,2023,8,0,0
Washington,2023-02-27,2023,9,0,0
Washington,2023-03-06,2023,10,0,0
Washington,2023-03-13,2023,11,0,0
Washington,2023-03-20,2023,12,0,0
Washington,2023-03-27,2023,13,0,0
Washington,2023-04-03,2023,14,0,0
Washington,2023-04-10,2023,15,0,0
Washington,2023-04-17,2023,16,0,0
Washington,2023-04-24,2023,17,0,0
Washington,2023-05-01,2023,18,0,0
Washington,2023-05-08,2023,19,0,0
Washington,2023-05-15,2023,20,0,0
Washington,2023-05-22,2023,21,0,0
Washington,2023-05-29,2023,22,0,0
Washington,2023-06-05,2023,23,0,0
Washington,2023-06-12,2023,24,0,0
Washington,2023-06-19,2023,25,0,0
Washington,2023-06-26,2023,26,0,0
Washington,2023-07-03,2023,27,0,0
Washington,2023-07-10,2023,28,1,1
Washington,2023-07-17,2023,29,0,1
Washington,2023-07-24,2023,30,0,1
Washington,2023-07-31,2023,31,0,1
Washington,2023-08-07,2023,32,0,1
Washington,2023-08-14,2023,33,0,1
Washington,2023-08-21,2023,34,0,1
Washington,2023-08-28,2023,35,0,1
Washington,2023-09-04,2023,36,0,1
Washington,2023-09-11,2023,37,0,1
Washington,2023-09-18,2023,38,0,1
Washington,2023-09-25,2023,39,0,1
Washington,2023-10-02,2023,40,0,1
Washington,2023-10-09,2023,41,0,1
Washington,2023-10-16,2023,42,0,1
Washington,2023-10-23,2023,43,0,1
Washington,2023-10-30,2023,44,0,1
Washington,2023-11-06,2023,45,0,1
Washington,2023-11-13,2023,46,0,1
Washington,2023-11-20,2023,47,0,1
Washington,2023-11-27,2023,48,0,1
Washington,2023-12-04,2023,49,0,1
Washington,2023-12-11,2023,50,0,1
Washington,2023-12-18,2023,51,0,1
Washington,2023-12-25,2023,52,0,1
Washington,2024-01-08,2024,1,1,1
Washington,2024-01-15,2024,2,0,1
Washington,2024-01-22,2024,3,0,1
Washington,2024-01-29,2024,4,0,1
Washington,2024-02-05,2024,5,0,1
Washington,2024-02-12,2024,6,0,1
Washington,2024-02-19,2024,7,0,1
Washington,2024-02-26,2024,8,0,1
Washington,2024-03-04,2024,9,0,1
Washington,2024-03-11,2024,10,0,1
Washington,2024-03-18,2024,11,0,1
Washington,2024-03-25,2024,12,0,1
Washington,2024-04-01,2024,13,0,1
Washington,2024-04-08,2024,14,0,1
Washington,2024-04-15,2024,15,0,1
Washington,2024-04-22,2024,16,0,1
Washington,2024-04-29,2024,17,0,1
Washington,2024-05-06,2024,18,0,1
Washington,2024-05-13,2024,19,0,1
Washington,2024-05-20,2024,20,0,1
Washington,2024-05-27,2024,21,0,1
Washington,2024-06-03,2024,22,0,1
Washington,2024-06-10,2024,23,0,0
Washington,2024-06-17,2024,24,0,0
Washington,2024-06-24,2024,25,0,0
Washington,2024-07-01,2024,26,0,0
Washington,2024-07-08,2024,27,0,0
Washington,2024-07-15,2024,28,7,7
Washington,2024-07-22,2024,29,0,7
Washington,2024-07-29,2024,30,0,7
Washington,2024-08-05,2024,31,0,7
Washington,2024-08-12,2024,32,0,7
Washington,2024-08-19,2024,33,0,7
Washington,2024-08-26,2024,34,0,7
Washington,2024-09-02,2024,35,0,7
Washington,2024-09-09,2024,36,0,7
Washington,2024-09-16,2024,37,0,7
Washington,2024-09-23,2024,38,0,7
Washington,2024-09-30,2024,39,0,7
Washington,2024-10-07,2024,40,0,7
Washington,2024-10-14,2024,41,0,7
Washington,2024-10-21,2024,42,0,7
Washington,2024-10-28,2024,43,0,7
Washington,2024-11-04,2024,44,0,7
Washington,2024-11-11,2024,45,0,7
Washington,2024-11-18,2024,46,0,7
Washington,2024-11-25,2024,47,0,7
Washington,2024-12-02,2024,48,0,7
Washington,2024-12-09,2024,49,0,7
Washington,2024-12-16,2024,50,1,8
Washington,2024-12-23,2024,51,0,8
Washington,2024-12-30,2024,52,0,8
Washington,2025-01-06,2025,1,2,2
Washington,2025-01-13,2025,2,0,2
Washington,2025-01-20,2025,3,0,2
Washington,2025-01-27,2025,4,0,2
Washington,2025-02-03,2025,5,0,2
Washington,2025-02-10,2025,6,0,2
Washington,2025-02-17,2025,7,0,2
Washington,2025-02-24,2025,8,0,2
Washington,2025-03-03,2025,9,0,2
Washington,2025-03-10,2025,10,0,2
Washington,2025-03-17,2025,11,0,2
Washington,2025-03-24,2025,12,0,2
Washington,2025-03-31,2025,13,0,2
Washington,2025-04-07,2025,14,0,2
Washington,2025-04-14,2025,15,0,2
Washington,2025-04-21,2025,16,0,2
Washington,2025-04-28,2025,17,0,2
Washington,2025-05-05,2025,18,0,2
Washington,2025-05-12,2025,19,0,2
Washington,2025-05-19,2025,20,0,2
Washington,2025-05-26,2025,21,0,2
Washington,2025-06-02,2025,22,0,2
Washington,2025-06-09,2025,23,0,2
Washington,2025-06-16,2025,24,0,2
Washington,2025-06-23,2025,25,0,2
Washington,2025-06-30,2025,26,0,1
Washington,2025-07-07,2025,27,0,1
Washington,2025-07-14,2025,28,0,0
Washington,2025-07-21,2025,29,0,0
Washington,2025-07-28,2025,30,4,4
Washington,2025-08-04,2025,31,0,4
Washington,2025-08-11,2025,32,1,5
Washington,2025-08-18,2025,33,0,5
Washington,2025-08-25,2025,34,0,5
Washington,2025-09-01,2025,35,0,5
Washington,2025-09-08,2025,36,0,5
Washington,2025-09-15,2025,37,0,5
Washington,2025-09-22,2025,38,0,5
Washington,2025-09-29,2025,39,0,5
Washington,2025-10-06,2025,40,0,5
Washington,2025-10-13,2025,41,0,5
Washington,2025-10-20,2025,42,0,5
Washington,2025-10-27,2025,43,0,5
Washington,2025-11-03,2025,44,0,5
Washington,2025-11-10,2025,45,0,5
Washington,2025-11-17,2025,46,0,5
Washington,2025-11-24,2025,47,0,5
Washington,2025-12-01,2025,48,0,5
Washington,2025-12-08,2025,49,0,5
Washington,2025-12-15,2025,50,0,5
Washington,2025-12-22,2025,51,0,5
Washington,2025-12-29,2025,52,0,5
Washington,2026-01-05,2026,1,5,5
Washington,2026-01-12,2026,2,0,5
Washington,2026-01-19,2026,3,0,5
Washington,2026-01-26,2026,4,0,5
Washington,2026-02-02,2026,5,0,5
Washington,2026-02-09,2026,6,1,6
Washington,2026-02-16,2026,7,2,8
Washington,2026-02-23,2026,8,1,9
Washington,2026-03-02,2026,9,0,9
Washington,2026-03-09,2026,10,0,9
Washington,2026-03-16,2026,11,0,9
Washington,2026-03-23,2026,12,0,9
Washington,2026-03-30,2026,13,0,9
Washington,2026-04-06,2026,14,0,9
Washington,2026-04-13,2026,15,0,9
Washington,2026-04-20,2026,16,0,9
Washington,2026-04-27,2026,17,0,9
Washington,2026-05-04,2026,18,0,9
Washington,2026-05-11,2026,19,0,9
Washington,2026-05-18,2026,20,1,10
Washington,2026-05-25,2026,21,0,10
Washington,2026-06-01,2026,22,0,10
Washington,2026-06-08,2026,23,0,10
Washington,2026-06-15,2026,24,0,10
Washington,2026-06-22,2026,25,0,10
Washington,2026-06-29,2026,26,0,10
Washington,2026-07-06,2026,27,0,10
Washington,2026-07-13,2026,28,0,10
Washington,2026-07-20,2026,29,0,10
Washington,2026-07-27,2026,30,0,10
Washington,2026-08-03,2026,31,0,10
Washington,2026-08-10,2026,32,0,10
Washington,2026-08-17,2026,33,0,10
Washington,2026-08-24,2026,34,0,10
Washington,2026-08-31,2026,35,0,10
Washington,NA,2025,53,0,5
West Virginia,2022-01-03,2022,1,0,0
West Virginia,2022-01-10,2022,2,0,0
West Virginia,2022-01-17,2022,3,0,0
West Virginia,2022-01-24,2022,4,0,0
West Virginia,2022-01-31,2022,5,0,0
West Virginia,2022-02-07,2022,6,0,0
West Virginia,2022-02-14,2022,7,0,0
West Virginia,2022-02-21,2022,8,0,0
West Virginia,2022-02-28,2022,9,0,0
West Virginia,2022-03-07,2022,10,0,0
West Virginia,2022-03-14,2022,11,0,0
West Virginia,2022-03-21,2022,12,0,0
West Virginia,2022-03-28,2022,13,0,0
West Virginia,2022-04-04,2022,14,0,0
West Virginia,2022-04-11,2022,15,0,0
West Virginia,2022-04-18,2022,16,0,0
West Virginia,2022-04-25,2022,17,0,0
West Virginia,2022-05-02,2022,18,0,0
West Virginia,2022-05-09,2022,19,0,0
West Virginia,2022-05-16,2022,20,0,0
West Virginia,2022-05-23,2022,21,0,0
West Virginia,2022-05-30,2022,22,0,0
West Virginia,2022-06-06,2022,23,0,0
West Virginia,2022-06-13,2022,24,0,0
West Virginia,2022-06-20,2022,25,0,0
West Virginia,2022-06-27,2022,26,0,0
West Virginia,2022-07-04,2022,27,0,0
West Virginia,2022-07-11,2022,28,0,0
West Virginia,2022-07-18,2022,29,0,0
West Virginia,2022-07-25,2022,30,0,0
West Virginia,2022-08-01,2022,31,0,0
West Virginia,2022-08-08,2022,32,0,0
West Virginia,2022-08-15,2022,33,0,0
West Virginia,2022-08-22,2022,34,0,0
West Virginia,2022-08-29,2022,35,0,0
West Virginia,2022-09-05,2022,36,0,0
West Virginia,2022-09-12,2022,37,0,0
West Virginia,2022-09-19,2022,38,0,0
West Virginia,2022-09-26,2022,39,0,0
West Virginia,2022-10-03,2022,40,0,0
West Virginia,2022-10-10,2022,41,0,0
West Virginia,2022-10-17,2022,42,0,0
West Virginia,2022-10-24,2022,43,0,0
West Virginia,2022-10-31,2022,44,0,0
West Virginia,2022-11-07,2022,45,0,0
West Virginia,2022-11-14,2022,46,0,0
West Virginia,2022-11-21,2022,47,0,0
West Virginia,2022-11-28,2022,48,0,0
West Virginia,2022-12-05,2022,49,0,0
West Virginia,2022-12-12,2022,50,0,0
West Virginia,2022-12-19,2022,51,0,0
West Virginia,2022-12-26,2022,52,0,0
West Virginia,2023-01-02,2023,1,0,0
West Virginia,2023-01-09,2023,2,0,0
West Virginia,2023-01-16,2023,3,0,0
West Virginia,2023-01-23,2023,4,0,0
West Virginia,2023-01-30,2023,5,0,0
West Virginia,2023-02-06,2023,6,0,0
West Virginia,2023-02-13,2023,7,0,0
West Virginia,2023-02-20,2023,8,0,0
West Virginia,2023-02-27,2023,9,0,0
West Virginia,2023-03-06,2023,10,0,0
West Virginia,2023-03-13,2023,11,0,0
West Virginia,2023-03-20,2023,12,0,0
West Virginia,2023-03-27,2023,13,0,0
West Virginia,2023-04-03,2023,14,0,0
West Virginia,2023-04-10,2023,15,0,0
West Virginia,2023-04-17,2023,16,0,0
West Virginia,2023-04-24,2023,17,0,0
West Virginia,2023-05-01,2023,18,0,0
West Virginia,2023-05-08,2023,19,0,0
West Virginia,2023-05-15,2023,20,0,0
West Virginia,2023-05-22,2023,21,0,0
West Virginia,2023-05-29,2023,22,0,0
West Virginia,2023-06-05,2023,23,0,0
West Virginia,2023-06-12,2023,24,0,0
West Virginia,2023-06-19,2023,25,0,0
West Virginia,2023-06-26,2023,26,0,0
West Virginia,2023-07-03,2023,27,0,0
West Virginia,2023-07-10,2023,28,0,0
West Virginia,2023-07-17,2023,29,0,0
West Virginia,2023-07-24,2023,30,0,0
West Virginia,2023-07-31,2023,31,0,0
West Virginia,2023-08-07,2023,32,0,0
West Virginia,2023-08-14,2023,33,0,0
West Virginia,2023-08-21,2023,34,0,0
West Virginia,2023-08-28,2023,35,0,0
West Virginia,2023-09-04,2023,36,0,0
West Virginia,2023-09-11,2023,37,0,0
West Virginia,2023-09-18,2023,38,0,0
West Virginia,2023-09-25,2023,39,0,0
West Virginia,2023-10-02,2023,40,0,0
West Virginia,2023-10-09,2023,41,0,0
West Virginia,2023-10-16,2023,42,0,0
West Virginia,2023-10-23,2023,43,0,0
West Virginia,2023-10-30,2023,44,0,0
West Virginia,2023-11-06,2023,45,0,0
West Virginia,2023-11-13,2023,46,0,0
West Virginia,2023-11-20,2023,47,0,0
West Virginia,2023-11-27,2023,48,0,0
West Virginia,2023-12-04,2023,49,0,0
West Virginia,2023-12-11,2023,50,0,0
West Virginia,2023-12-18,2023,51,0,0
West Virginia,2023-12-25,2023,52,0,0
West Virginia,2024-01-08,2024,1,0,0
West Virginia,2024-01-15,2024,2,0,0
West Virginia,2024-01-22,2024,3,0,0
West Virginia,2024-01-29,2024,4,0,0
West Virginia,2024-02-05,2024,5,0,0
West Virginia,2024-02-12,2024,6,0,0
West Virginia,2024-02-19,2024,7,0,0
West Virginia,2024-02-26,2024,8,0,0
West Virginia,2024-03-04,2024,9,0,0
West Virginia,2024-03-11,2024,10,0,0
West Virginia,2024-03-18,2024,11,0,0
West Virginia,2024-03-25,2024,12,0,0
West Virginia,2024-04-01,2024,13,0,0
West Virginia,2024-04-08,2024,14,0,0
West Virginia,2024-04-15,2024,15,0,0
West Virginia,2024-04-22,2024,16,0,0
West Virginia,2024-04-29,2024,17,0,0
West Virginia,2024-05-06,2024,18,0,0
West Virginia,2024-05-13,2024,19,0,0
West Virginia,2024-05-20,2024,20,0,0
West Virginia,2024-05-27,2024,21,0,0
West Virginia,2024-06-03,2024,22,0,0
West Virginia,2024-06-10,2024,23,0,0
West Virginia,2024-06-17,2024,24,0,0
West Virginia,2024-06-24,2024,25,0,0
West Virginia,2024-07-01,2024,26,0,0
West Virginia,2024-07-08,2024,27,0,0
West Virginia,2024-07-15,2024,28,0,0
West Virginia,2024-07-22,2024,29,0,0
West Virginia,2024-07-29,2024,30,1,1
West Virginia,2024-08-05,2024,31,0,1
West Virginia,2024-08-12,2024,32,0,1
West Virginia,2024-08-19,2024,33,0,1
West Virginia,2024-08-26,2024,34,0,1
West Virginia,2024-09-02,2024,35,0,1
West Virginia,2024-09-09,2024,36,0,1
West Virginia,2024-09-16,2024,37,0,1
West Virginia,2024-09-23,2024,38,0,1
West Virginia,2024-09-30,2024,39,0,1
West Virginia,2024-10-07,2024,40,0,1
West Virginia,2024-10-14,2024,41,0,1
West Virginia,2024-10-21,2024,42,0,1
West Virginia,2024-10-28,2024,43,0,1
West Virginia,2024-11-04,2024,44,0,1
West Virginia,2024-11-11,2024,45,0,1
West Virginia,2024-11-18,2024,46,0,1
West Virginia,2024-11-25,2024,47,0,1
West Virginia,2024-12-02,2024,48,0,1
West Virginia,2024-12-09,2024,49,0,1
West Virginia,2024-12-16,2024,50,0,1
West Virginia,2024-12-23,2024,51,0,1
West Virginia,2024-12-30,2024,52,0,1
West Virginia,2025-01-06,2025,1,1,1
West Virginia,2025-01-13,2025,2,0,1
West Virginia,2025-01-20,2025,3,0,1
West Virginia,2025-01-27,2025,4,0,1
West Virginia,2025-02-03,2025,5,0,1
West Virginia,2025-02-10,2025,6,0,1
West Virginia,2025-02-17,2025,7,0,1
West Virginia,2025-02-24,2025,8,0,1
West Virginia,2025-03-03,2025,9,0,1
West Virginia,2025-03-10,2025,10,0,1
West Virginia,2025-03-17,2025,11,0,1
West Virginia,2025-03-24,2025,12,0,1
West Virginia,2025-03-31,2025,13,0,1
West Virginia,2025-04-07,2025,14,0,1
West Virginia,2025-04-14,2025,15,0,1
West Virginia,2025-04-21,2025,16,0,1
West Virginia,2025-04-28,2025,17,0,0
West Virginia,2025-05-05,2025,18,0,0
West Virginia,2025-05-12,2025,19,0,0
West Virginia,2025-05-19,2025,20,0,0
West Virginia,2025-05-26,2025,21,0,0
West Virginia,2025-06-02,2025,22,0,0
West Virginia,2025-06-09,2025,23,0,0
West Virginia,2025-06-16,2025,24,0,0
West Virginia,2025-06-23,2025,25,0,0
West Virginia,2025-06-30,2025,26,0,0
West Virginia,2025-07-07,2025,27,0,0
West Virginia,2025-07-14,2025,28,0,0
West Virginia,2025-07-21,2025,29,0,0
West Virginia,2025-07-28,2025,30,0,0
West Virginia,2025-08-04,2025,31,0,0
West Virginia,2025-08-11,2025,32,0,0
West Virginia,2025-08-18,2025,33,0,0
West Virginia,2025-08-25,2025,34,0,0
West Virginia,2025-09-01,2025,35,0,0
West Virginia,2025-09-08,2025,36,0,0
West Virginia,2025-09-15,2025,37,0,0
West Virginia,2025-09-22,2025,38,0,0
West Virginia,2025-09-29,2025,39,0,0
West Virginia,2025-10-06,2025,40,0,0
West Virginia,2025-10-13,2025,41,0,0
West Virginia,2025-10-20,2025,42,0,0
West Virginia,2025-10-27,2025,43,0,0
West Virginia,2025-11-03,2025,44,0,0
West Virginia,2025-11-10,2025,45,0,0
West Virginia,2025-11-17,2025,46,0,0
West Virginia,2025-11-24,2025,47,0,0
West Virginia,2025-12-01,2025,48,0,0
West Virginia,2025-12-08,2025,49,0,0
West Virginia,2025-12-15,2025,50,0,0
West Virginia,2025-12-22,2025,51,0,0
West Virginia,2025-12-29,2025,52,0,0
West Virginia,2026-01-05,2026,1,0,0
West Virginia,2026-01-12,2026,2,0,0
West Virginia,2026-01-19,2026,3,0,0
West Virginia,2026-01-26,2026,4,0,0
West Virginia,2026-02-02,2026,5,0,0
West Virginia,2026-02-09,2026,6,0,0
West Virginia,2026-02-16,2026,7,0,0
West Virginia,2026-02-23,2026,8,0,0
West Virginia,2026-03-02,2026,9,0,0
West Virginia,2026-03-09,2026,10,0,0
West Virginia,2026-03-16,2026,11,0,0
West Virginia,2026-03-23,2026,12,0,0
West Virginia,2026-03-30,2026,13,0,0
West Virginia,2026-04-06,2026,14,0,0
West Virginia,2026-04-13,2026,15,0,0
West Virginia,2026-04-20,2026,16,0,0
West Virginia,2026-04-27,2026,17,0,0
West Virginia,2026-05-04,2026,18,0,0
West Virginia,2026-05-11,2026,19,0,0
West Virginia,2026-05-18,2026,20,0,0
West Virginia,2026-05-25,2026,21,0,0
West Virginia,2026-06-01,2026,22,0,0
West Virginia,2026-06-08,2026,23,0,0
West Virginia,2026-06-15,2026,24,0,0
West Virginia,2026-06-22,2026,25,0,0
West Virginia,2026-06-29,2026,26,0,0
West Virginia,2026-07-06,2026,27,0,0
West Virginia,2026-07-13,2026,28,0,0
West Virginia,2026-07-20,2026,29,0,0
West Virginia,2026-07-27,2026,30,0,0
West Virginia,2026-08-03,2026,31,0,0
West Virginia,2026-08-10,2026,32,0,0
West Virginia,2026-08-17,2026,33,0,0
West Virginia,2026-08-24,2026,34,1,1
West Virginia,2026-08-31,2026,35,0,1
West Virginia,NA,2025,53,0,0
Wisconsin,2022-01-03,2022,1,2,2
Wisconsin,2022-01-10,2022,2,0,2
Wisconsin,2022-01-17,2022,3,0,2
Wisconsin,2022-01-24,2022,4,0,2
Wisconsin,2022-01-31,2022,5,0,2
Wisconsin,2022-02-07,2022,6,0,2
Wisconsin,2022-02-14,2022,7,0,2
Wisconsin,2022-02-21,2022,8,0,2
Wisconsin,2022-02-28,2022,9,0,2
Wisconsin,2022-03-07,2022,10,0,2
Wisconsin,2022-03-14,2022,11,0,2
Wisconsin,2022-03-21,2022,12,0,2
Wisconsin,2022-03-28,2022,13,0,2
Wisconsin,2022-04-04,2022,14,0,2
Wisconsin,2022-04-11,2022,15,0,2
Wisconsin,2022-04-18,2022,16,0,2
Wisconsin,2022-04-25,2022,17,0,2
Wisconsin,2022-05-02,2022,18,0,2
Wisconsin,2022-05-09,2022,19,0,2
Wisconsin,2022-05-16,2022,20,0,2
Wisconsin,2022-05-23,2022,21,0,2
Wisconsin,2022-05-30,2022,22,0,2
Wisconsin,2022-06-06,2022,23,0,2
Wisconsin,2022-06-13,2022,24,0,2
Wisconsin,2022-06-20,2022,25,0,2
Wisconsin,2022-06-27,2022,26,0,2
Wisconsin,2022-07-04,2022,27,0,2
Wisconsin,2022-07-11,2022,28,0,2
Wisconsin,2022-07-18,2022,29,0,2
Wisconsin,2022-07-25,2022,30,0,2
Wisconsin,2022-08-01,2022,31,12,14
Wisconsin,2022-08-08,2022,32,0,14
Wisconsin,2022-08-15,2022,33,0,14
Wisconsin,2022-08-22,2022,34,0,14
Wisconsin,2022-08-29,2022,35,0,14
Wisconsin,2022-09-05,2022,36,0,13
Wisconsin,2022-09-12,2022,37,0,13
Wisconsin,2022-09-19,2022,38,0,13
Wisconsin,2022-09-26,2022,39,0,13
Wisconsin,2022-10-03,2022,40,0,4
Wisconsin,2022-10-10,2022,41,0,0
Wisconsin,2022-10-17,2022,42,0,0
Wisconsin,2022-10-24,2022,43,0,0
Wisconsin,2022-10-31,2022,44,0,0
Wisconsin,2022-11-07,2022,45,0,0
Wisconsin,2022-11-14,2022,46,0,0
Wisconsin,2022-11-21,2022,47,0,0
Wisconsin,2022-11-28,2022,48,0,0
Wisconsin,2022-12-05,2022,49,0,0
Wisconsin,2022-12-12,2022,50,0,0
Wisconsin,2022-12-19,2022,51,0,0
Wisconsin,2022-12-26,2022,52,0,0
Wisconsin,2023-01-02,2023,1,0,0
Wisconsin,2023-01-09,2023,2,0,0
Wisconsin,2023-01-16,2023,3,0,0
Wisconsin,2023-01-23,2023,4,0,0
Wisconsin,2023-01-30,2023,5,0,0
Wisconsin,2023-02-06,2023,6,0,0
Wisconsin,2023-02-13,2023,7,0,0
Wisconsin,2023-02-20,2023,8,0,0
Wisconsin,2023-02-27,2023,9,0,0
Wisconsin,2023-03-06,2023,10,0,0
Wisconsin,2023-03-13,2023,11,0,0
Wisconsin,2023-03-20,2023,12,0,0
Wisconsin,2023-03-27,2023,13,0,0
Wisconsin,2023-04-03,2023,14,0,0
Wisconsin,2023-04-10,2023,15,0,0
Wisconsin,2023-04-17,2023,16,0,0
Wisconsin,2023-04-24,2023,17,0,0
Wisconsin,2023-05-01,2023,18,0,0
Wisconsin,2023-05-08,2023,19,0,0
Wisconsin,2023-05-15,2023,20,0,0
Wisconsin,2023-05-22,2023,21,0,0
Wisconsin,2023-05-29,2023,22,0,0
Wisconsin,2023-06-05,2023,23,0,0
Wisconsin,2023-06-12,2023,24,0,0
Wisconsin,2023-06-19,2023,25,0,0
Wisconsin,2023-06-26,2023,26,0,0
Wisconsin,2023-07-03,2023,27,0,0
Wisconsin,2023-07-10,2023,28,0,0
Wisconsin,2023-07-17,2023,29,0,0
Wisconsin,2023-07-24,2023,30,0,0
Wisconsin,2023-07-31,2023,31,0,0
Wisconsin,2023-08-07,2023,32,0,0
Wisconsin,2023-08-14,2023,33,0,0
Wisconsin,2023-08-21,2023,34,0,0
Wisconsin,2023-08-28,2023,35,0,0
Wisconsin,2023-09-04,2023,36,0,0
Wisconsin,2023-09-11,2023,37,0,0
Wisconsin,2023-09-18,2023,38,0,0
Wisconsin,2023-09-25,2023,39,0,0
Wisconsin,2023-10-02,2023,40,0,0
Wisconsin,2023-10-09,2023,41,0,0
Wisconsin,2023-10-16,2023,42,1,1
Wisconsin,2023-10-23,2023,43,0,1
Wisconsin,2023-10-30,2023,44,0,1
Wisconsin,2023-11-06,2023,45,0,1
Wisconsin,2023-11-13,2023,46,0,1
Wisconsin,2023-11-20,2023,47,0,1
Wisconsin,2023-11-27,2023,48,0,1
Wisconsin,2023-12-04,2023,49,0,1
Wisconsin,2023-12-11,2023,50,0,1
Wisconsin,2023-12-18,2023,51,0,1
Wisconsin,2023-12-25,2023,52,0,1
Wisconsin,2024-01-08,2024,1,1,1
Wisconsin,2024-01-15,2024,2,0,1
Wisconsin,2024-01-22,2024,3,0,1
Wisconsin,2024-01-29,2024,4,0,1
Wisconsin,2024-02-05,2024,5,0,1
Wisconsin,2024-02-12,2024,6,0,1
Wisconsin,2024-02-19,2024,7,0,1
Wisconsin,2024-02-26,2024,8,0,1
Wisconsin,2024-03-04,2024,9,0,1
Wisconsin,2024-03-11,2024,10,0,1
Wisconsin,2024-03-18,2024,11,0,1
Wisconsin,2024-03-25,2024,12,0,1
Wisconsin,2024-04-01,2024,13,0,1
Wisconsin,2024-04-08,2024,14,0,1
Wisconsin,2024-04-15,2024,15,0,1
Wisconsin,2024-04-22,2024,16,0,1
Wisconsin,2024-04-29,2024,17,0,1
Wisconsin,2024-05-06,2024,18,0,1
Wisconsin,2024-05-13,2024,19,0,1
Wisconsin,2024-05-20,2024,20,0,1
Wisconsin,2024-05-27,2024,21,0,1
Wisconsin,2024-06-03,2024,22,0,1
Wisconsin,2024-06-10,2024,23,0,1
Wisconsin,2024-06-17,2024,24,0,1
Wisconsin,2024-06-24,2024,25,0,1
Wisconsin,2024-07-01,2024,26,0,1
Wisconsin,2024-07-08,2024,27,0,1
Wisconsin,2024-07-15,2024,28,0,1
Wisconsin,2024-07-22,2024,29,0,1
Wisconsin,2024-07-29,2024,30,0,1
Wisconsin,2024-08-05,2024,31,0,1
Wisconsin,2024-08-12,2024,32,0,1
Wisconsin,2024-08-19,2024,33,0,1
Wisconsin,2024-08-26,2024,34,0,1
Wisconsin,2024-09-02,2024,35,0,1
Wisconsin,2024-09-09,2024,36,0,1
Wisconsin,2024-09-16,2024,37,0,1
Wisconsin,2024-09-23,2024,38,0,1
Wisconsin,2024-09-30,2024,39,0,1
Wisconsin,2024-10-07,2024,40,0,1
Wisconsin,2024-10-14,2024,41,0,1
Wisconsin,2024-10-21,2024,42,0,1
Wisconsin,2024-10-28,2024,43,0,1
Wisconsin,2024-11-04,2024,44,0,1
Wisconsin,2024-11-11,2024,45,0,1
Wisconsin,2024-11-18,2024,46,0,1
Wisconsin,2024-11-25,2024,47,0,1
Wisconsin,2024-12-02,2024,48,0,1
Wisconsin,2024-12-09,2024,49,0,1
Wisconsin,2024-12-16,2024,50,0,1
Wisconsin,2024-12-23,2024,51,0,1
Wisconsin,2024-12-30,2024,52,0,1
Wisconsin,2025-01-06,2025,1,1,1
Wisconsin,2025-01-13,2025,2,0,1
Wisconsin,2025-01-20,2025,3,0,1
Wisconsin,2025-01-27,2025,4,0,1
Wisconsin,2025-02-03,2025,5,0,1
Wisconsin,2025-02-10,2025,6,0,1
Wisconsin,2025-02-17,2025,7,0,1
Wisconsin,2025-02-24,2025,8,0,1
Wisconsin,2025-03-03,2025,9,0,1
Wisconsin,2025-03-10,2025,10,0,1
Wisconsin,2025-03-17,2025,11,0,1
Wisconsin,2025-03-24,2025,12,0,1
Wisconsin,2025-03-31,2025,13,0,1
Wisconsin,2025-04-07,2025,14,0,1
Wisconsin,2025-04-14,2025,15,0,1
Wisconsin,2025-04-21,2025,16,0,1
Wisconsin,2025-04-28,2025,17,0,1
Wisconsin,2025-05-05,2025,18,0,0
Wisconsin,2025-05-12,2025,19,0,0
Wisconsin,2025-05-19,2025,20,0,0
Wisconsin,2025-05-26,2025,21,0,0
Wisconsin,2025-06-02,2025,22,0,0
Wisconsin,2025-06-09,2025,23,0,0
Wisconsin,2025-06-16,2025,24,0,0
Wisconsin,2025-06-23,2025,25,0,0
Wisconsin,2025-06-30,2025,26,0,0
Wisconsin,2025-07-07,2025,27,0,0
Wisconsin,2025-07-14,2025,28,0,0
Wisconsin,2025-07-21,2025,29,0,0
Wisconsin,2025-07-28,2025,30,0,0
Wisconsin,2025-08-04,2025,31,0,0
Wisconsin,2025-08-11,2025,32,0,0
Wisconsin,2025-08-18,2025,33,7,7
Wisconsin,2025-08-25,2025,34,0,7
Wisconsin,2025-09-01,2025,35,0,7
Wisconsin,2025-09-08,2025,36,0,7
Wisconsin,2025-09-15,2025,37,0,7
Wisconsin,2025-09-22,2025,38,9,16
Wisconsin,2025-09-29,2025,39,0,16
Wisconsin,2025-10-06,2025,40,0,16
Wisconsin,2025-10-13,2025,41,0,16
Wisconsin,2025-10-20,2025,42,0,16
Wisconsin,2025-10-27,2025,43,0,16
Wisconsin,2025-11-03,2025,44,0,16
Wisconsin,2025-11-10,2025,45,0,16
Wisconsin,2025-11-17,2025,46,0,16
Wisconsin,2025-11-24,2025,47,0,16
Wisconsin,2025-12-01,2025,48,0,16
Wisconsin,2025-12-08,2025,49,0,16
Wisconsin,2025-12-15,2025,50,0,16
Wisconsin,2025-12-22,2025,51,0,16
Wisconsin,2025-12-29,2025,52,0,16
Wisconsin,2026-01-05,2026,1,16,16
Wisconsin,2026-01-12,2026,2,0,16
Wisconsin,2026-01-19,2026,3,0,16
Wisconsin,2026-01-26,2026,4,0,16
Wisconsin,2026-02-02,2026,5,0,16
Wisconsin,2026-02-09,2026,6,0,16
Wisconsin,2026-02-16,2026,7,0,16
Wisconsin,2026-02-23,2026,8,0,16
Wisconsin,2026-03-02,2026,9,1,17
Wisconsin,2026-03-09,2026,10,0,17
Wisconsin,2026-03-16,2026,11,0,17
Wisconsin,2026-03-23,2026,12,0,17
Wisconsin,2026-03-30,2026,13,0,17
Wisconsin,2026-04-06,2026,14,0,17
Wisconsin,2026-04-13,2026,15,0,17
Wisconsin,2026-04-20,2026,16,0,17
Wisconsin,2026-04-27,2026,17,0,17
Wisconsin,2026-05-04,2026,18,0,17
Wisconsin,2026-05-11,2026,19,0,17
Wisconsin,2026-05-18,2026,20,0,17
Wisconsin,2026-05-25,2026,21,0,17
Wisconsin,2026-06-01,2026,22,0,17
Wisconsin,2026-06-08,2026,23,0,17
Wisconsin,2026-06-15,2026,24,0,17
Wisconsin,2026-06-22,2026,25,0,17
Wisconsin,2026-06-29,2026,26,0,17
Wisconsin,2026-07-06,2026,27,0,17
Wisconsin,2026-07-13,2026,28,0,17
Wisconsin,2026-07-20,2026,29,0,17
Wisconsin,2026-07-27,2026,30,0,17
Wisconsin,2026-08-03,2026,31,0,17
Wisconsin,2026-08-10,2026,32,0,17
Wisconsin,2026-08-17,2026,33,17,34
Wisconsin,2026-08-24,2026,34,2,36
Wisconsin,2026-08-31,2026,35,21,57
Wisconsin,NA,2025,53,0,16
Wyoming,2022-01-03,2022,1,0,0
Wyoming,2022-01-10,2022,2,0,0
Wyoming,2022-01-17,2022,3,0,0
Wyoming,2022-01-24,2022,4,0,0
Wyoming,2022-01-31,2022,5,0,0
Wyoming,2022-02-07,2022,6,0,0
Wyoming,2022-02-14,2022,7,0,0
Wyoming,2022-02-21,2022,8,0,0
Wyoming,2022-02-28,2022,9,0,0
Wyoming,2022-03-07,2022,10,0,0
Wyoming,2022-03-14,2022,11,0,0
Wyoming,2022-03-21,2022,12,0,0
Wyoming,2022-03-28,2022,13,0,0
Wyoming,2022-04-04,2022,14,0,0
Wyoming,2022-04-11,2022,15,0,0
Wyoming,2022-04-18,2022,16,0,0
Wyoming,2022-04-25,2022,17,0,0
Wyoming,2022-05-02,2022,18,0,0
Wyoming,2022-05-09,2022,19,0,0
Wyoming,2022-05-16,2022,20,0,0
Wyoming,2022-05-23,2022,21,0,0
Wyoming,2022-05-30,2022,22,0,0
Wyoming,2022-06-06,2022,23,0,0
Wyoming,2022-06-13,2022,24,0,0
Wyoming,2022-06-20,2022,25,0,0
Wyoming,2022-06-27,2022,26,0,0
Wyoming,2022-07-04,2022,27,0,0
Wyoming,2022-07-11,2022,28,0,0
Wyoming,2022-07-18,2022,29,0,0
Wyoming,2022-07-25,2022,30,0,0
Wyoming,2022-08-01,2022,31,0,0
Wyoming,2022-08-08,2022,32,0,0
Wyoming,2022-08-15,2022,33,0,0
Wyoming,2022-08-22,2022,34,0,0
Wyoming,2022-08-29,2022,35,0,0
Wyoming,2022-09-05,2022,36,0,0
Wyoming,2022-09-12,2022,37,0,0
Wyoming,2022-09-19,2022,38,0,0
Wyoming,2022-09-26,2022,39,0,0
Wyoming,2022-10-03,2022,40,0,0
Wyoming,2022-10-10,2022,41,0,0
Wyoming,2022-10-17,2022,42,0,0
Wyoming,2022-10-24,2022,43,0,0
Wyoming,2022-10-31,2022,44,0,0
Wyoming,2022-11-07,2022,45,0,0
Wyoming,2022-11-14,2022,46,0,0
Wyoming,2022-11-21,2022,47,0,0
Wyoming,2022-11-28,2022,48,0,0
Wyoming,2022-12-05,2022,49,0,0
Wyoming,2022-12-12,2022,50,0,0
Wyoming,2022-12-19,2022,51,0,0
Wyoming,2022-12-26,2022,52,0,0
Wyoming,2023-01-02,2023,1,0,0
Wyoming,2023-01-09,2023,2,0,0
Wyoming,2023-01-16,2023,3,0,0
Wyoming,2023-01-23,2023,4,0,0
Wyoming,2023-01-30,2023,5,0,0
Wyoming,2023-02-06,2023,6,0,0
Wyoming,2023-02-13,2023,7,0,0
Wyoming,2023-02-20,2023,8,0,0
Wyoming,2023-02-27,2023,9,0,0
Wyoming,2023-03-06,2023,10,0,0
Wyoming,2023-03-13,2023,11,0,0
Wyoming,2023-03-20,2023,12,0,0
Wyoming,2023-03-27,2023,13,0,0
Wyoming,2023-04-03,2023,14,0,0
Wyoming,2023-04-10,2023,15,0,0
Wyoming,2023-04-17,2023,16,0,0
Wyoming,2023-04-24,2023,17,0,0
Wyoming,2023-05-01,2023,18,0,0
Wyoming,2023-05-08,2023,19,0,0
Wyoming,2023-05-15,2023,20,0,0
Wyoming,2023-05-22,2023,21,0,0
Wyoming,2023-05-29,2023,22,0,0
Wyoming,2023-06-05,2023,23,0,0
Wyoming,2023-06-12,2023,24,0,0
Wyoming,2023-06-19,2023,25,0,0
Wyoming,2023-06-26,2023,26,0,0
Wyoming,2023-07-03,2023,27,0,0
Wyoming,2023-07-10,2023,28,0,0
Wyoming,2023-07-17,2023,29,0,0
Wyoming,2023-07-24,2023,30,0,0
Wyoming,2023-07-31,2023,31,0,0
Wyoming,2023-08-07,2023,32,0,0
Wyoming,2023-08-14,2023,33,0,0
Wyoming,2023-08-21,2023,34,0,0
Wyoming,2023-08-28,2023,35,0,0
Wyoming,2023-09-04,2023,36,0,0
Wyoming,2023-09-11,2023,37,0,0
Wyoming,2023-09-18,2023,38,0,0
Wyoming,2023-09-25,2023,39,0,0
Wyoming,2023-10-02,2023,40,0,0
Wyoming,2023-10-09,2023,41,0,0
Wyoming,2023-10-16,2023,42,0,0
Wyoming,2023-10-23,2023,43,0,0
Wyoming,2023-10-30,2023,44,0,0
Wyoming,2023-11-06,2023,45,0,0
Wyoming,2023-11-13,2023,46,0,0
Wyoming,2023-11-20,2023,47,0,0
Wyoming,2023-11-27,2023,48,0,0
Wyoming,2023-12-04,2023,49,0,0
Wyoming,2023-12-11,2023,50,0,0
Wyoming,2023-12-18,2023,51,0,0
Wyoming,2023-12-25,2023,52,0,0
Wyoming,2024-01-08,2024,1,0,0
Wyoming,2024-01-15,2024,2,0,0
Wyoming,2024-01-22,2024,3,0,0
Wyoming,2024-01-29,2024,4,0,0
Wyoming,2024-02-05,2024,5,0,0
Wyoming,2024-02-12,2024,6,0,0
Wyoming,2024-02-19,2024,7,0,0
Wyoming,2024-02-26,2024,8,0,0
Wyoming,2024-03-04,2024,9,0,0
Wyoming,2024-03-11,2024,10,0,0
Wyoming,2024-03-18,2024,11,0,0
Wyoming,2024-03-25,2024,12,0,0
Wyoming,2024-04-01,2024,13,0,0
Wyoming,2024-04-08,2024,14,0,0
Wyoming,2024-04-15,2024,15,0,0
Wyoming,2024-04-22,2024,16,0,0
Wyoming,2024-04-29,2024,17,0,0
Wyoming,2024-05-06,2024,18,0,0
Wyoming,2024-05-13,2024,19,0,0
Wyoming,2024-05-20,2024,20,0,0
Wyoming,2024-05-27,2024,21,0,0
Wyoming,2024-06-03,2024,22,0,0
Wyoming,2024-06-10,2024,23,0,0
Wyoming,2024-06-17,2024,24,0,0
Wyoming,2024-06-24,2024,25,0,0
Wyoming,2024-07-01,2024,26,0,0
Wyoming,2024-07-08,2024,27,0,0
Wyoming,2024-07-15,2024,28,0,0
Wyoming,2024-07-22,2024,29,0,0
Wyoming,2024-07-29,2024,30,0,0
Wyoming,2024-08-05,2024,31,0,0
Wyoming,2024-08-12,2024,32,0,0
Wyoming,2024-08-19,2024,33,0,0
Wyoming,2024-08-26,2024,34,0,0
Wyoming,2024-09-02,2024,35,0,0
Wyoming,2024-09-09,2024,36,0,0
Wyoming,2024-09-16,2024,37,0,0
Wyoming,2024-09-23,2024,38,0,0
Wyoming,2024-09-30,2024,39,0,0
Wyoming,2024-10-07,2024,40,0,0
Wyoming,2024-10-14,2024,41,0,0
Wyoming,2024-10-21,2024,42,0,0
Wyoming,2024-10-28,2024,43,0,0
Wyoming,2024-11-04,2024,44,0,0
Wyoming,2024-11-11,2024,45,0,0
Wyoming,2024-11-18,2024,46,0,0
Wyoming,2024-11-25,2024,47,0,0
Wyoming,2024-12-02,2024,48,0,0
Wyoming,2024-12-09,2024,49,0,0
Wyoming,2024-12-16,2024,50,0,0
Wyoming,2024-12-23,2024,51,0,0
Wyoming,2024-12-30,2024,52,0,0
Wyoming,2025-01-06,2025,1,0,0
Wyoming,2025-01-13,2025,2,0,0
Wyoming,2025-01-20,2025,3,0,0
Wyoming,2025-01-27,2025,4,0,0
Wyoming,2025-02-03,2025,5,0,0
Wyoming,2025-02-10,2025,6,0,0
Wyoming,2025-02-17,2025,7,0,0
Wyoming,2025-02-24,2025,8,0,0
Wyoming,2025-03-03,2025,9,0,0
Wyoming,2025-03-10,2025,10,0,0
Wyoming,2025-03-17,2025,11,0,0
Wyoming,2025-03-24,2025,12,0,0
Wyoming,2025-03-31,2025,13,0,0
Wyoming,2025-04-07,2025,14,0,0
Wyoming,2025-04-14,2025,15,0,0
Wyoming,2025-04-21,2025,16,0,0
Wyoming,2025-04-28,2025,17,0,0
Wyoming,2025-05-05,2025,18,0,0
Wyoming,2025-05-12,2025,19,0,0
Wyoming,2025-05-19,2025,20,0,0
Wyoming,2025-05-26,2025,21,0,0
Wyoming,2025-06-02,2025,22,0,0
Wyoming,2025-06-09,2025,23,0,0
Wyoming,2025-06-16,2025,24,0,0
Wyoming,2025-06-23,2025,25,0,0
Wyoming,2025-06-30,2025,26,0,0
Wyoming,2025-07-07,2025,27,0,0
Wyoming,2025-07-14,2025,28,0,0
Wyoming,2025-07-21,2025,29,0,0
Wyoming,2025-07-28,2025,30,0,0
Wyoming,2025-08-04,2025,31,0,0
Wyoming,2025-08-11,2025,32,0,0
Wyoming,2025-08-18,2025,33,0,0
Wyoming,2025-08-25,2025,34,0,0
Wyoming,2025-09-01,2025,35,0,0
Wyoming,2025-09-08,2025,36,0,0
Wyoming,2025-09-15,2025,37,0,0
Wyoming,2025-09-22,2025,38,0,0
Wyoming,2025-09-29,2025,39,0,0
Wyoming,2025-10-06,2025,40,0,0
Wyoming,2025-10-13,2025,41,0,0
Wyoming,2025-10-20,2025,42,0,0
Wyoming,2025-10-27,2025,43,0,0
Wyoming,2025-11-03,2025,44,0,0
Wyoming,2025-11-10,2025,45,0,0
Wyoming,2025-11-17,2025,46,0,0
Wyoming,2025-11-24,2025,47,0,0
Wyoming,2025-12-01,2025,48,0,0
Wyoming,2025-12-08,2025,49,0,0
Wyoming,2025-12-15,2025,50,0,0
Wyoming,2025-12-22,2025,51,0,0
Wyoming,2025-12-29,2025,52,0,0
Wyoming,2026-01-05,2026,1,0,0
Wyoming,2026-01-12,2026,2,0,0
Wyoming,2026-01-19,2026,3,0,0
Wyoming,2026-01-26,2026,4,0,0
Wyoming,2026-02-02,2026,5,0,0
Wyoming,2026-02-09,2026,6,0,0
Wyoming,2026-02-16,2026,7,0,0
Wyoming,2026-02-23,2026,8,0,0
Wyoming,2026-03-02,2026,9,0,0
Wyoming,2026-03-09,2026,10,0,0
Wyoming,2026-03-16,2026,11,0,0
Wyoming,2026-03-23,2026,12,0,0
Wyoming,2026-03-30,2026,13,0,0
Wyoming,2026-04-06,2026,14,0,0
Wyoming,2026-04-13,2026,15,0,0
Wyoming,2026-04-20,2026,16,0,0
Wyoming,2026-04-27,2026,17,0,0
Wyoming,2026-05-04,2026,18,0,0
Wyoming,2026-05-11,2026,19,0,0
Wyoming,2026-05-18,2026,20,0,0
Wyoming,2026-05-25,2026,21,0,0
Wyoming,2026-06-01,2026,22,0,0
Wyoming,2026-06-08,2026,23,0,0
Wyoming,2026-06-15,2026,24,0,0
Wyoming,2026-06-22,2026,25,0,0
Wyoming,2026-06-29,2026,26,0,0
Wyoming,2026-07-06,2026,27,0,0
Wyoming,2026-07-13,2026,28,0,0
Wyoming,2026-07-20,2026,29,0,0
Wyoming,2026-07-27,2026,30,0,0
Wyoming,2026-08-03,2026,31,4,4
Wyoming,2026-08-10,2026,32,0,4
Wyoming,2026-08-17,2026,33,0,4
Wyoming,2026-08-24,2026,34,0,4
Wyoming,2026-08-31,2026,35,0,4
Wyoming,NA,2025,53,0,0
